1	0.016569243744015694
1	0.016569243744015694
2	0.01887247897684574
3	0.024439161643385887
4	0.027276426553726196
5	0.0284365676343441
6	0.030161892995238304
7	0.0344487763941288
8	0.039614852517843246
9	0.04092779755592346
10	0.04299962520599365
11	0.04353402182459831
12	0.04441877454519272
13	0.047553569078445435
14	0.047693751752376556
15	0.04916670173406601
16	0.049267932772636414
17	0.050064317882061005
18	0.05121045559644699
19	0.052337419241666794
20	0.053671546280384064
21	0.054760221391916275
22	0.059028416872024536
23	0.060122910887002945
24	0.06197483465075493
25	0.062363866716623306
26	0.06261833757162094
27	0.0636267364025116
28	0.06416207551956177
29	0.06426920741796494
30	0.0655849501490593
31	0.06583577394485474
32	0.06786490231752396
33	0.06926519423723221
1	0.016569243744015694
2	0.01887247897684574
3	0.024439161643385887
4	0.027276426553726196
5	0.0284365676343441
1	0.016569243744015694
2	0.01887247897684574
3	0.024439161643385887
4	0.027276426553726196
5	0.0284365676343441
6	0.030161892995238304
7	0.0344487763941288
8	0.039614852517843246
9	0.04092779755592346
10	0.04299962520599365
11	0.04353402182459831
12	0.04441877454519272
13	0.047553569078445435
14	0.047693751752376556
15	0.04916670173406601
16	0.049267932772636414
17	0.050064317882061005
18	0.05121045559644699
19	0.052337419241666794
20	0.053671546280384064
21	0.054760221391916275
22	0.059028416872024536
23	0.060122910887002945
24	0.06197483465075493
25	0.062363866716623306
26	0.06261833757162094
27	0.0636267364025116
28	0.06416207551956177
29	0.06426920741796494
30	0.0655849501490593
31	0.06583577394485474
32	0.06786490231752396
33	0.06926519423723221
34	0.06956499814987183
35	0.06960278749465942
36	0.06975636631250381
37	0.06995784491300583
38	0.07071711122989655
39	0.07085590809583664
40	0.0709715262055397
41	0.07106104493141174
42	0.07159077376127243
43	0.07219266146421432
44	0.07226406782865524
45	0.07231524586677551
46	0.07255706191062927
47	0.07269972562789917
48	0.07276938855648041
49	0.07298627495765686
50	0.07325143367052078
51	0.07351253181695938
52	0.07352196425199509
53	0.07413329184055328
54	0.07416241616010666
55	0.07466408610343933
56	0.07483546435832977
57	0.07497198134660721
58	0.07508745044469833
59	0.07544459402561188
60	0.07589893043041229
61	0.07591038942337036
62	0.07657378911972046
63	0.07697098702192307
64	0.07741262763738632
65	0.0777260884642601
66	0.07775737345218658
67	0.07794202864170074
68	0.07803139090538025
69	0.07841380685567856
70	0.07870889455080032
71	0.07917342334985733
72	0.07934419810771942
73	0.07943365722894669
74	0.07956311106681824
75	0.07959204167127609
76	0.07970128953456879
77	0.08008405566215515
78	0.0801539495587349
79	0.0802166610956192
80	0.0802311822772026
81	0.0803413987159729
82	0.08042234182357788
83	0.08048020303249359
84	0.08063182234764099
85	0.08071140944957733
86	0.08123543858528137
87	0.08133624494075775
88	0.08143170177936554
89	0.08145914226770401
90	0.08151400089263916
91	0.08159606158733368
92	0.08168244361877441
93	0.08177987486124039
94	0.08192747086286545
95	0.08195599913597107
96	0.08206892758607864
97	0.08212272077798843
98	0.08224539458751678
99	0.08231545984745026
100	0.0824718251824379
101	0.08254190534353256
102	0.08269689977169037
103	0.08290623873472214
104	0.08296468108892441
105	0.0832723006606102
106	0.0833042711019516
107	0.08365237712860107
108	0.08370577543973923
109	0.08374886959791183
110	0.08397777378559113
111	0.08405226469039917
112	0.08411407470703125
113	0.08419375866651535
114	0.08426082879304886
115	0.08435545116662979
116	0.0843687653541565
117	0.08443301916122437
118	0.08455295860767365
119	0.08459573239088058
120	0.08461381494998932
121	0.08475704491138458
122	0.08513044565916061
123	0.0851811021566391
124	0.08525396138429642
125	0.08565263450145721
126	0.0857778936624527
127	0.0859815701842308
128	0.08599542826414108
129	0.08612953871488571
130	0.08615795522928238
131	0.08630476146936417
132	0.08632165193557739
133	0.08635695278644562
134	0.08643632382154465
135	0.08652984350919724
136	0.08664344251155853
137	0.08665522187948227
138	0.08672589063644409
139	0.08685542643070221
140	0.08690045028924942
141	0.08707515895366669
142	0.0870993435382843
143	0.08711039274930954
144	0.08714950829744339
145	0.08722513169050217
146	0.08728444576263428
147	0.08749192208051682
148	0.08751268684864044
149	0.08756467700004578
150	0.08759231120347977
151	0.08765473961830139
152	0.08768091350793839
153	0.08778633177280426
154	0.0878823772072792
155	0.08791523426771164
156	0.08795242011547089
157	0.08797471970319748
158	0.08811728656291962
159	0.08817505836486816
160	0.08822843432426453
161	0.08830846846103668
162	0.08837662637233734
163	0.08848246186971664
164	0.08848990499973297
165	0.08850450068712234
166	0.08886764198541641
167	0.08891280740499496
168	0.08896317332983017
169	0.0890125036239624
170	0.08911200612783432
171	0.08914551138877869
172	0.08917413651943207
173	0.08919926732778549
174	0.08929886668920517
175	0.08931927382946014
176	0.08935514092445374
177	0.08936702460050583
178	0.08940659463405609
179	0.08964391052722931
180	0.08982882648706436
181	0.08987942337989807
182	0.09016063064336777
183	0.09018959105014801
184	0.09021789580583572
185	0.09027529507875443
186	0.09042046219110489
187	0.0905551016330719
188	0.09057274460792542
189	0.09062031656503677
190	0.09064530581235886
191	0.09068422019481659
192	0.09084262698888779
193	0.09085480868816376
194	0.09089819341897964
195	0.09095364809036255
196	0.09122204780578613
197	0.09129905700683594
198	0.09136921912431717
199	0.09161432087421417
200	0.0917435809969902
201	0.0918242409825325
202	0.09185053408145905
203	0.09193872660398483
204	0.09197442978620529
205	0.09202945977449417
206	0.09216276556253433
207	0.09219115227460861
208	0.09221542626619339
209	0.09225308895111084
210	0.09226660430431366
211	0.09245286881923676
212	0.09247046709060669
213	0.09247739613056183
214	0.09248242527246475
215	0.0925072580575943
216	0.09251820296049118
217	0.09255349636077881
218	0.09257308393716812
219	0.09259099513292313
220	0.09265457838773727
221	0.09269651025533676
222	0.09279143810272217
223	0.0931997001171112
224	0.09327756613492966
225	0.09340572357177734
226	0.09341074526309967
227	0.09342136979103088
228	0.09364552050828934
229	0.09366307407617569
230	0.09366841614246368
231	0.09371285140514374
232	0.093784399330616
233	0.09395431727170944
234	0.09396053105592728
235	0.09397797286510468
236	0.09404031187295914
237	0.09406417608261108
238	0.09408150613307953
239	0.0941920354962349
240	0.09421002119779587
241	0.09428577870130539
242	0.09430712461471558
243	0.09433119744062424
244	0.09436933696269989
245	0.09451469779014587
246	0.09454210847616196
247	0.09458895027637482
248	0.0946887731552124
249	0.09470418840646744
250	0.09473241865634918
251	0.09484046697616577
252	0.09491535276174545
253	0.09503459930419922
254	0.09513822942972183
255	0.0952174961566925
256	0.09526718407869339
257	0.09529929608106613
258	0.09532052278518677
259	0.0953579694032669
260	0.09539405256509781
261	0.09555061161518097
262	0.09558972716331482
263	0.09573802351951599
264	0.09581825882196426
265	0.0958743691444397
266	0.0959077924489975
267	0.09593549370765686
268	0.09595568478107452
269	0.0960036888718605
270	0.09600788354873657
271	0.09604018181562424
272	0.09608716517686844
273	0.09619719535112381
274	0.09623020887374878
275	0.09626806527376175
276	0.09627678990364075
277	0.0962948277592659
278	0.09631611406803131
279	0.09632748365402222
280	0.09637010097503662
281	0.09645639359951019
282	0.0964696854352951
283	0.09648669511079788
284	0.09658797830343246
285	0.09660553187131882
286	0.09666524827480316
287	0.0967373326420784
288	0.09676691889762878
289	0.09679455310106277
290	0.09686668962240219
291	0.09688181430101395
292	0.09696628153324127
293	0.09708337485790253
294	0.09712792932987213
295	0.09715588390827179
296	0.09718087315559387
297	0.09722717851400375
298	0.09726670384407043
299	0.09731537848711014
300	0.0973626971244812
301	0.09739232063293457
302	0.0974656194448471
303	0.09749965369701385
304	0.0975591391324997
305	0.09757692366838455
306	0.09769656509160995
307	0.09777367860078812
308	0.09779936075210571
309	0.09785692393779755
310	0.09789509326219559
311	0.09793619066476822
312	0.09798784554004669
313	0.09800103306770325
314	0.09801383316516876
315	0.0980265811085701
316	0.09804157167673111
317	0.09807033836841583
318	0.0982930138707161
319	0.09834079444408417
320	0.09835587441921234
321	0.0984514057636261
322	0.0984734371304512
323	0.09848067909479141
324	0.09855323284864426
325	0.09856615960597992
326	0.09856869280338287
327	0.09859532117843628
328	0.09861025214195251
329	0.09866342693567276
330	0.09906717389822006
331	0.09909339994192123
332	0.09909925609827042
333	0.09917537868022919
334	0.09923844039440155
335	0.09929778426885605
336	0.09946953505277634
337	0.0995149090886116
338	0.0999080240726471
339	0.09997967630624771
340	0.09999711811542511
341	0.10000698268413544
342	0.10003979504108429
343	0.10006924718618393
344	0.10008560121059418
345	0.1001061424612999
346	0.10014165192842484
347	0.10016125440597534
348	0.10022977739572525
349	0.10030502080917358
350	0.1003066897392273
351	0.10051680356264114
352	0.1005876287817955
353	0.10062438249588013
354	0.10065189749002457
355	0.10067038983106613
356	0.10072644799947739
357	0.10081055760383606
358	0.10083667933940887
359	0.10085203498601913
360	0.10091640800237656
361	0.10094255954027176
362	0.10104075819253922
363	0.10105127096176147
364	0.10107916593551636
365	0.10110654681921005
366	0.10126249492168427
367	0.10135781764984131
368	0.1013917624950409
369	0.10142146050930023
370	0.10143235325813293
371	0.10151177644729614
372	0.10156269371509552
373	0.10160085558891296
374	0.10167533904314041
375	0.10173588991165161
376	0.1017824113368988
377	0.10183817893266678
378	0.1018528863787651
379	0.10190489888191223
380	0.10204421728849411
381	0.10205648839473724
382	0.10209718346595764
383	0.10210394114255905
384	0.10212872177362442
385	0.1021493673324585
386	0.10215965658426285
387	0.10227486491203308
388	0.10229874402284622
389	0.10231690108776093
390	0.10236499458551407
391	0.10238137096166611
392	0.10243021696805954
393	0.10243725776672363
394	0.10247866064310074
395	0.10249568521976471
396	0.10253530740737915
397	0.10260619223117828
398	0.10264962166547775
399	0.10266262292861938
400	0.10268557816743851
401	0.10275575518608093
402	0.10277550667524338
403	0.1027844026684761
404	0.10282891243696213
405	0.1028590202331543
406	0.1028817817568779
407	0.10294444113969803
408	0.1030019149184227
409	0.10304587334394455
410	0.10309436172246933
411	0.1031365767121315
412	0.10313931107521057
413	0.10316964983940125
414	0.10319433361291885
415	0.10325784981250763
416	0.10327927768230438
417	0.1033119410276413
418	0.10335210710763931
419	0.103474922478199
420	0.10349055379629135
421	0.10353501886129379
422	0.10354349762201309
423	0.10359741002321243
424	0.1036139503121376
425	0.10372066497802734
426	0.10379423201084137
427	0.10386338829994202
428	0.10396842658519745
429	0.1039971262216568
430	0.1040126383304596
431	0.10403704643249512
432	0.1040470153093338
433	0.10413483530282974
434	0.10415306687355042
435	0.10427898168563843
436	0.10442253202199936
437	0.10445533692836761
438	0.10447315126657486
439	0.10450156778097153
440	0.10458599030971527
441	0.10476963222026825
442	0.10479746758937836
443	0.10482088476419449
444	0.10488084703683853
445	0.10494232177734375
446	0.10496430099010468
447	0.10499183088541031
448	0.1049962267279625
449	0.10500118881464005
450	0.1050305888056755
451	0.10504257678985596
452	0.10507004708051682
453	0.10508762300014496
454	0.10512799769639969
455	0.10524415224790573
456	0.10527363419532776
457	0.1054111197590828
458	0.1054135411977768
459	0.10542324930429459
460	0.10544661432504654
461	0.10546670854091644
462	0.10548055917024612
463	0.10550146549940109
464	0.10553007572889328
465	0.10554631054401398
466	0.10555686056613922
467	0.10574913024902344
468	0.105837881565094
469	0.1058473214507103
470	0.10586031526327133
471	0.10588039457798004
472	0.10589209198951721
473	0.10607105493545532
474	0.10607849061489105
475	0.10609789937734604
476	0.10614728182554245
477	0.1061771884560585
478	0.10621152073144913
479	0.10622742772102356
480	0.10624752938747406
481	0.10625354945659637
482	0.10627591609954834
483	0.10634041577577591
484	0.10637052357196808
485	0.10644115507602692
486	0.10660941898822784
487	0.10664527118206024
488	0.10665370523929596
489	0.10667881369590759
490	0.10669796168804169
491	0.10685649514198303
492	0.10686788707971573
493	0.10691692680120468
494	0.10697028785943985
495	0.10698597133159637
496	0.10700616985559464
497	0.10705611854791641
498	0.10707053542137146
499	0.10708202421665192
500	0.10714244097471237
501	0.10716364532709122
502	0.10718916356563568
503	0.10719682276248932
504	0.10724204033613205
505	0.10726097971200943
506	0.10728288441896439
507	0.10730621218681335
508	0.10731007158756256
509	0.10736224800348282
510	0.10739317536354065
511	0.10742386430501938
512	0.10757056623697281
513	0.10763408988714218
514	0.10766766220331192
515	0.1076742634177208
516	0.10769743472337723
517	0.10770242661237717
518	0.10771238803863525
519	0.10774578154087067
520	0.10775405168533325
521	0.10781486332416534
522	0.10786772519350052
523	0.107900470495224
524	0.10790649056434631
525	0.10791623592376709
526	0.10792411863803864
527	0.10794488340616226
528	0.10794965922832489
529	0.10795701295137405
530	0.1079951748251915
531	0.10802718997001648
532	0.10808712989091873
533	0.1080949455499649
534	0.10814809054136276
535	0.1081722229719162
536	0.10819365829229355
537	0.10822997242212296
538	0.10829845070838928
539	0.10830776393413544
540	0.10836123675107956
541	0.10846875607967377
542	0.10848026722669601
543	0.10848798602819443
544	0.1084984615445137
545	0.10850902646780014
546	0.10857295244932175
547	0.10861466079950333
548	0.1086484044790268
549	0.10871634632349014
550	0.10874348878860474
551	0.1087687537074089
552	0.10877448320388794
553	0.10877908021211624
554	0.10883656144142151
555	0.10884375125169754
556	0.10885708779096603
557	0.10887005180120468
558	0.10888584703207016
559	0.10891657322645187
560	0.10894066095352173
561	0.10895400494337082
562	0.10901480913162231
563	0.10903976857662201
564	0.10905865579843521
565	0.10910443216562271
566	0.10916347801685333
567	0.10999147593975067
568	0.11000067740678787
569	0.11000077426433563
570	0.1100301668047905
571	0.11009052395820618
572	0.11011338979005814
573	0.11020980030298233
574	0.11022743582725525
575	0.11023709177970886
576	0.11027317494153976
577	0.110443614423275
578	0.11044998466968536
579	0.11047568172216415
580	0.11050765961408615
581	0.11052060127258301
582	0.11058268696069717
583	0.11062163859605789
584	0.11066509783267975
585	0.11069343984127045
586	0.11073139309883118
587	0.11074479669332504
588	0.1107497289776802
589	0.11077600717544556
590	0.11079826951026917
591	0.11085762083530426
592	0.11086738854646683
593	0.11086969822645187
594	0.11089377850294113
595	0.11093584448099136
596	0.11094964295625687
597	0.1109820231795311
598	0.11104092746973038
599	0.11105555295944214
600	0.1110699251294136
601	0.11109618097543716
602	0.1111363098025322
603	0.11114496737718582
604	0.11118134111166
605	0.11118657141923904
606	0.11124895513057709
607	0.1112581342458725
608	0.1112765446305275
609	0.11132901161909103
610	0.11137112975120544
611	0.11154522001743317
612	0.11157118529081345
613	0.11158546805381775
614	0.111655093729496
615	0.11171623319387436
616	0.11173659563064575
617	0.11176332086324692
618	0.11181871592998505
619	0.11182574927806854
620	0.1118321493268013
621	0.11184320598840714
622	0.11195842921733856
623	0.11196524649858475
624	0.11197862774133682
625	0.11200324445962906
626	0.11205530911684036
627	0.11206651479005814
628	0.1121082678437233
629	0.1121148020029068
630	0.1121625229716301
631	0.112172931432724
632	0.11227543652057648
633	0.1122974306344986
634	0.11231446266174316
635	0.11234740167856216
636	0.11235930770635605
637	0.11237452179193497
638	0.11238403618335724
639	0.11239346861839294
640	0.11239825934171677
641	0.11240902543067932
642	0.11245598644018173
643	0.11248049885034561
644	0.1125122606754303
645	0.1125190407037735
646	0.11253893375396729
647	0.11257065087556839
648	0.11260543018579483
649	0.11260689049959183
650	0.11265234649181366
651	0.11265935748815536
652	0.11266295611858368
653	0.11268250644207001
654	0.11270260810852051
655	0.11271251738071442
656	0.1127251610159874
657	0.11275631189346313
658	0.11278466880321503
659	0.1129196435213089
660	0.11320336908102036
661	0.11320679634809494
662	0.11321432888507843
663	0.11323778331279755
664	0.11325222998857498
665	0.11325685679912567
666	0.11327722668647766
667	0.11328895390033722
668	0.11329146474599838
669	0.11335412412881851
670	0.11337896436452866
671	0.11342023313045502
672	0.11345361918210983
673	0.11346028745174408
674	0.11350594460964203
675	0.11352360993623734
676	0.11352632939815521
677	0.11353267729282379
678	0.11355346441268921
679	0.11356490105390549
680	0.11358015239238739
681	0.11359871178865433
682	0.11361944675445557
683	0.1136227622628212
684	0.11362749338150024
685	0.11365491151809692
686	0.1136833131313324
687	0.1136990413069725
688	0.11373339593410492
689	0.1137508749961853
690	0.11382049322128296
691	0.1138315424323082
692	0.11391434818506241
693	0.11409013718366623
694	0.11409617215394974
695	0.114162378013134
696	0.11431093513965607
697	0.11444374173879623
698	0.11451488733291626
699	0.11454961448907852
700	0.11460285633802414
701	0.11460655182600021
702	0.11462407559156418
703	0.11462678760290146
704	0.1146462932229042
705	0.11465334892272949
706	0.11466233432292938
707	0.11467267572879791
708	0.1147618219256401
709	0.11476641148328781
710	0.11477701365947723
711	0.11480461806058884
712	0.11482058465480804
713	0.11490554362535477
714	0.11491770297288895
715	0.11492276191711426
716	0.1149820014834404
717	0.11499188095331192
718	0.1150156632065773
719	0.1150180771946907
720	0.11502360552549362
721	0.11503928899765015
722	0.11505623161792755
723	0.11506575345993042
724	0.11508658528327942
725	0.11508889496326447
726	0.11510050296783447
727	0.11512359976768494
728	0.11514770239591599
729	0.11516081541776657
730	0.11516859382390976
731	0.11517046391963959
732	0.11520123481750488
733	0.11521252244710922
734	0.11521727591753006
735	0.1152377501130104
736	0.11527001112699509
737	0.11529889702796936
738	0.11533227562904358
739	0.11534808576107025
740	0.11537222564220428
741	0.11538033932447433
742	0.11538602411746979
743	0.11544652283191681
744	0.11546812206506729
745	0.11548218131065369
746	0.11548750102519989
747	0.11549823731184006
748	0.11551341414451599
749	0.11553730070590973
750	0.11554010957479477
751	0.11555898934602737
752	0.11556794494390488
753	0.11561674624681473
754	0.11562087386846542
755	0.11562515795230865
756	0.11571357399225235
757	0.11573036015033722
758	0.1157321035861969
759	0.11576728522777557
760	0.11576898396015167
761	0.11577686667442322
762	0.11581863462924957
763	0.11585221439599991
764	0.11585406959056854
765	0.11586164683103561
766	0.11586441844701767
767	0.11587534844875336
768	0.11589619517326355
769	0.11590401828289032
770	0.11590789258480072
771	0.11591766029596329
772	0.11593466997146606
773	0.1159408688545227
774	0.11596383154392242
775	0.11597097665071487
776	0.11601164191961288
777	0.11605837941169739
778	0.1160687655210495
779	0.1160762682557106
780	0.1160893365740776
781	0.11610089987516403
782	0.11610684543848038
783	0.11611407995223999
784	0.11613359302282333
785	0.11644615978002548
786	0.1164470985531807
787	0.11648581922054291
788	0.11650534719228745
789	0.11653096228837967
790	0.11655394732952118
791	0.11660511791706085
792	0.11665280908346176
793	0.11665833741426468
794	0.11673306673765182
795	0.11674035340547562
796	0.1167687326669693
797	0.11688359081745148
798	0.11690700799226761
799	0.11691082268953323
800	0.11691120266914368
801	0.11692199110984802
802	0.11693153530359268
803	0.11712905764579773
804	0.11716804653406143
805	0.11718074232339859
806	0.11721715331077576
807	0.11722613871097565
808	0.11728883534669876
809	0.11729150265455246
810	0.11729344725608826
811	0.11733108758926392
812	0.11734537780284882
813	0.11735060065984726
814	0.11736179143190384
815	0.117367222905159
816	0.11739934235811234
817	0.11742939800024033
818	0.11746849864721298
819	0.11747955530881882
820	0.11749111115932465
821	0.11750186234712601
822	0.11759617179632187
823	0.117609903216362
824	0.11762049794197083
825	0.11763131618499756
826	0.11766398698091507
827	0.11768121272325516
828	0.1179441511631012
829	0.11796325445175171
830	0.11797545850276947
831	0.11798232793807983
832	0.11800039559602737
833	0.11803065985441208
834	0.1180560514330864
835	0.11808554828166962
836	0.11810539662837982
837	0.11814432591199875
838	0.11817654222249985
839	0.11818370223045349
840	0.11819572746753693
841	0.11820942163467407
842	0.1182253286242485
843	0.11823397129774094
844	0.11824971437454224
845	0.11841064691543579
846	0.11841542273759842
847	0.11844484508037567
848	0.11845381557941437
849	0.11847678571939468
850	0.11847909539937973
851	0.11849094927310944
852	0.11850807070732117
853	0.11858958005905151
854	0.11862297356128693
855	0.11868675798177719
856	0.11869612336158752
857	0.11880725622177124
858	0.11883978545665741
859	0.11884486675262451
860	0.11885702610015869
861	0.1188817247748375
862	0.11890558898448944
863	0.1189274936914444
864	0.11898873001337051
865	0.1190004050731659
866	0.11902566254138947
867	0.11904319375753403
868	0.11912563443183899
869	0.1192510575056076
870	0.11925662308931351
871	0.11926499009132385
872	0.11928381770849228
873	0.11942095309495926
874	0.11943666636943817
875	0.11944587528705597
876	0.1194712221622467
877	0.11948123574256897
878	0.11964578926563263
879	0.11965312063694
880	0.11965439468622208
881	0.11966290324926376
882	0.11969658732414246
883	0.11970339715480804
884	0.11972866952419281
885	0.11973468959331512
886	0.11980662494897842
887	0.11984306573867798
888	0.11985127627849579
889	0.11986018717288971
890	0.1198723092675209
891	0.11993613839149475
892	0.11996070295572281
893	0.11997216939926147
894	0.1199849471449852
895	0.1200278103351593
896	0.12004020065069199
897	0.12004643678665161
898	0.12005506455898285
899	0.12008292973041534
900	0.12010466307401657
901	0.12010879814624786
902	0.12016629427671432
903	0.12018133699893951
904	0.12021119892597198
905	0.12024275958538055
906	0.12025225162506104
907	0.12032150477170944
908	0.12047229707241058
909	0.1204962432384491
910	0.12051600217819214
911	0.12054479867219925
912	0.12056693434715271
913	0.12057692557573318
914	0.12060938775539398
915	0.120637446641922
916	0.12065829336643219
917	0.12065982073545456
918	0.12066645920276642
919	0.12067694216966629
920	0.12071218341588974
921	0.12073760479688644
922	0.12076107412576675
923	0.12078044563531876
924	0.12078778445720673
925	0.12079912424087524
926	0.12083173543214798
927	0.12086056917905807
928	0.12088676542043686
929	0.12092863023281097
930	0.12093460559844971
931	0.12094913423061371
932	0.12095122039318085
933	0.12096909433603287
934	0.12100929766893387
935	0.12101396173238754
936	0.12101835757493973
937	0.12103155255317688
938	0.12105908244848251
939	0.12109313905239105
940	0.12118172645568848
941	0.12124446034431458
942	0.12129063159227371
943	0.12130880355834961
944	0.12138261646032333
945	0.1214991882443428
946	0.12153339385986328
947	0.12157150357961655
948	0.12157794088125229
949	0.1215844675898552
950	0.12159357964992523
951	0.12159609794616699
952	0.12164478749036789
953	0.1216876208782196
954	0.1217174381017685
955	0.12172938138246536
956	0.12180132418870926
957	0.12180774658918381
958	0.12182129174470901
959	0.12182650715112686
960	0.12184800207614899
961	0.12186946719884872
962	0.12187548726797104
963	0.12190033495426178
964	0.12190508842468262
965	0.12194304168224335
966	0.12194543331861496
967	0.12197873741388321
968	0.12198836356401443
969	0.12199775129556656
970	0.12200594693422318
971	0.1220211610198021
972	0.12203624099493027
973	0.1220596432685852
974	0.12206991016864777
975	0.1220727488398552
976	0.12208776921033859
977	0.12212932854890823
978	0.12222085148096085
979	0.12225936353206635
980	0.12229113280773163
981	0.12231089919805527
982	0.12231402099132538
983	0.12235745042562485
984	0.12236528098583221
985	0.12242496758699417
986	0.12244801223278046
987	0.12246572971343994
988	0.12247325479984283
989	0.12249594926834106
990	0.12251591682434082
991	0.12252659350633621
992	0.12253257632255554
993	0.12255461513996124
994	0.12260939925909042
995	0.12261277437210083
996	0.12264232337474823
997	0.1227400153875351
998	0.12283721566200256
999	0.12286271899938583
1000	0.12287164479494095
1001	0.12289583683013916
1002	0.12290521711111069
1003	0.12293293327093124
1004	0.12296079099178314
1005	0.12297026067972183
1006	0.12299986928701401
1007	0.1230008453130722
1008	0.12305571138858795
1009	0.12308067828416824
1010	0.12321209162473679
1011	0.12321609258651733
1012	0.1232202798128128
1013	0.12323015928268433
1014	0.12324922531843185
1015	0.12326110899448395
1016	0.12327149510383606
1017	0.12328257411718369
1018	0.12328875809907913
1019	0.12331104278564453
1020	0.12331900000572205
1021	0.12333168834447861
1022	0.12335573881864548
1023	0.12339134514331818
1024	0.12339238077402115
1025	0.12341485172510147
1026	0.12342127412557602
1027	0.12342298030853271
1028	0.12345661222934723
1029	0.12348121404647827
1030	0.12348583340644836
1031	0.12349196523427963
1032	0.12350019067525864
1033	0.1235068067908287
1034	0.12352705001831055
1035	0.12355788797140121
1036	0.12358482927083969
1037	0.12360396236181259
1038	0.12360821664333344
1039	0.12364345788955688
1040	0.12372636049985886
1041	0.12373707443475723
1042	0.12374849617481232
1043	0.12375862151384354
1044	0.12376754730939865
1045	0.12377364188432693
1046	0.12378241866827011
1047	0.12380219995975494
1048	0.12382993847131729
1049	0.12383584678173065
1050	0.12383893877267838
1051	0.1238478422164917
1052	0.12387329339981079
1053	0.12389015406370163
1054	0.12391185760498047
1055	0.12393131107091904
1056	0.12394135445356369
1057	0.12394197285175323
1058	0.12394673377275467
1059	0.12396011501550674
1060	0.12396812438964844
1061	0.12397003173828125
1062	0.12400204688310623
1063	0.12400586158037186
1064	0.12413676083087921
1065	0.12417779117822647
1066	0.12418387830257416
1067	0.12421607971191406
1068	0.12422271072864532
1069	0.12426777184009552
1070	0.12428592890501022
1071	0.12433334439992905
1072	0.12436848878860474
1073	0.12438258528709412
1074	0.12442624568939209
1075	0.12444385886192322
1076	0.12446320801973343
1077	0.12447696924209595
1078	0.1245536357164383
1079	0.12456481158733368
1080	0.12462678551673889
1081	0.12464001029729843
1082	0.12469910830259323
1083	0.12480536103248596
1084	0.12481950968503952
1085	0.12486154586076736
1086	0.1249241903424263
1087	0.12493155896663666
1088	0.12496883422136307
1089	0.12500478327274323
1090	0.1250465363264084
1091	0.12506693601608276
1092	0.12508054077625275
1093	0.1250932812690735
1094	0.12510709464550018
1095	0.12513841688632965
1096	0.12515945732593536
1097	0.12525011599063873
1098	0.1252821981906891
1099	0.12528908252716064
1100	0.12529605627059937
1101	0.1253049075603485
1102	0.12532372772693634
1103	0.12533307075500488
1104	0.1253623217344284
1105	0.1253824383020401
1106	0.12538520991802216
1107	0.12538866698741913
1108	0.12539872527122498
1109	0.1255538910627365
1110	0.1255958527326584
1111	0.12559759616851807
1112	0.12561829388141632
1113	0.1256755292415619
1114	0.1256774514913559
1115	0.1256808042526245
1116	0.12570467591285706
1117	0.12574617564678192
1118	0.125765860080719
1119	0.12578730285167694
1120	0.1258242279291153
1121	0.12586796283721924
1122	0.12588894367218018
1123	0.12589092552661896
1124	0.12589900195598602
1125	0.1259278804063797
1126	0.12596307694911957
1127	0.12599217891693115
1128	0.12616366147994995
1129	0.12617236375808716
1130	0.12622691690921783
1131	0.12625426054000854
1132	0.126298189163208
1133	0.12630584836006165
1134	0.12631075084209442
1135	0.12632209062576294
1136	0.12632589042186737
1137	0.1263299137353897
1138	0.12634314596652985
1139	0.1263446807861328
1140	0.1263876110315323
1141	0.1263974905014038
1142	0.12640206515789032
1143	0.12643057107925415
1144	0.1264384537935257
1145	0.1264616698026657
1146	0.12647689878940582
1147	0.12650726735591888
1148	0.12654730677604675
1149	0.1265634149312973
1150	0.12658809125423431
1151	0.12660886347293854
1152	0.12662866711616516
1153	0.1266387701034546
1154	0.12664413452148438
1155	0.1266728639602661
1156	0.1266864389181137
1157	0.12669336795806885
1158	0.1267247349023819
1159	0.1267334520816803
1160	0.12675513327121735
1161	0.12677885591983795
1162	0.12683890759944916
1163	0.12684215605258942
1164	0.12684425711631775
1165	0.12685193121433258
1166	0.1268647164106369
1167	0.12687353789806366
1168	0.12688253819942474
1169	0.1269003003835678
1170	0.12690956890583038
1171	0.12692396342754364
1172	0.12693770229816437
1173	0.12694740295410156
1174	0.1269635409116745
1175	0.12702634930610657
1176	0.1270318478345871
1177	0.12703624367713928
1178	0.1270424872636795
1179	0.12704670429229736
1180	0.12709546089172363
1181	0.12711738049983978
1182	0.12711893022060394
1183	0.12712562084197998
1184	0.12713943421840668
1185	0.12716758251190186
1186	0.1272326558828354
1187	0.12723572552204132
1188	0.12726861238479614
1189	0.12727144360542297
1190	0.12729105353355408
1191	0.12730048596858978
1192	0.1273200660943985
1193	0.12735997140407562
1194	0.12738433480262756
1195	0.12738816440105438
1196	0.12739212810993195
1197	0.12740693986415863
1198	0.12741540372371674
1199	0.12743283808231354
1200	0.12743663787841797
1201	0.12747497856616974
1202	0.1274786740541458
1203	0.12749844789505005
1204	0.12753719091415405
1205	0.12758463621139526
1206	0.12760071456432343
1207	0.12763065099716187
1208	0.12763568758964539
1209	0.1276470571756363
1210	0.12765978276729584
1211	0.1276722252368927
1212	0.12769868969917297
1213	0.12772421538829803
1214	0.12776066362857819
1215	0.12780725955963135
1216	0.12783975899219513
1217	0.12786811590194702
1218	0.12788037955760956
1219	0.127889946103096
1220	0.1279715746641159
1221	0.12797611951828003
1222	0.1279878467321396
1223	0.12800709903240204
1224	0.1280316412448883
1225	0.12804065644741058
1226	0.12804929912090302
1227	0.12808719277381897
1228	0.12810547649860382
1229	0.12812857329845428
1230	0.12815992534160614
1231	0.128167986869812
1232	0.12821362912654877
1233	0.12821915745735168
1234	0.12822456657886505
1235	0.12823282182216644
1236	0.12824700772762299
1237	0.12826135754585266
1238	0.12826555967330933
1239	0.12839914858341217
1240	0.1284058541059494
1241	0.12841707468032837
1242	0.1284351646900177
1243	0.12844261527061462
1244	0.12845075130462646
1245	0.12845860421657562
1246	0.12847444415092468
1247	0.12848703563213348
1248	0.12848950922489166
1249	0.12850676476955414
1250	0.12870652973651886
1251	0.12876677513122559
1252	0.12877309322357178
1253	0.12878188490867615
1254	0.12879256904125214
1255	0.12880071997642517
1256	0.12880270183086395
1257	0.12881265580654144
1258	0.12882564961910248
1259	0.12885574996471405
1260	0.1288658231496811
1261	0.12887197732925415
1262	0.12887689471244812
1263	0.1288985162973404
1264	0.12891435623168945
1265	0.1289716362953186
1266	0.1290048062801361
1267	0.1290215253829956
1268	0.1290259212255478
1269	0.12903068959712982
1270	0.12903204560279846
1271	0.1290423721075058
1272	0.12906906008720398
1273	0.12907493114471436
1274	0.1292225867509842
1275	0.1292320191860199
1276	0.12923914194107056
1277	0.1292547732591629
1278	0.12926413118839264
1279	0.12926773726940155
1280	0.12927615642547607
1281	0.1293092668056488
1282	0.12933015823364258
1283	0.12934431433677673
1284	0.129365935921669
1285	0.1293732076883316
1286	0.12938161194324493
1287	0.12938518822193146
1288	0.12940429151058197
1289	0.12940874695777893
1290	0.12949471175670624
1291	0.1294976770877838
1292	0.1295178234577179
1293	0.12952786684036255
1294	0.12956395745277405
1295	0.12957292795181274
1296	0.12957893311977386
1297	0.1295827180147171
1298	0.1296054869890213
1299	0.1296122819185257
1300	0.12962055206298828
1301	0.129637211561203
1302	0.12964609265327454
1303	0.12965385615825653
1304	0.1296711266040802
1305	0.12968072295188904
1306	0.12969717383384705
1307	0.129699245095253
1308	0.12970809638500214
1309	0.12972940504550934
1310	0.1297699362039566
1311	0.12978880107402802
1312	0.12979859113693237
1313	0.12980873882770538
1314	0.12982112169265747
1315	0.1298399120569229
1316	0.12985536456108093
1317	0.1298581212759018
1318	0.12986698746681213
1319	0.12988491356372833
1320	0.12989068031311035
1321	0.12989777326583862
1322	0.12992610037326813
1323	0.13028059899806976
1324	0.13029906153678894
1325	0.13036394119262695
1326	0.13036757707595825
1327	0.1303742527961731
1328	0.13038690388202667
1329	0.13039180636405945
1330	0.13040150701999664
1331	0.13040806353092194
1332	0.13042539358139038
1333	0.13043855130672455
1334	0.13045066595077515
1335	0.13045620918273926
1336	0.1305108666419983
1337	0.1305163949728012
1338	0.13053381443023682
1339	0.13055649399757385
1340	0.13057133555412292
1341	0.13057442009449005
1342	0.13059841096401215
1343	0.13060949742794037
1344	0.1306132823228836
1345	0.13061706721782684
1346	0.13063734769821167
1347	0.13064740598201752
1348	0.13064952194690704
1349	0.13066630065441132
1350	0.13067154586315155
1351	0.13068373501300812
1352	0.1306995004415512
1353	0.13070474565029144
1354	0.1307113766670227
1355	0.13071396946907043
1356	0.13075220584869385
1357	0.13075730204582214
1358	0.1307622790336609
1359	0.13078853487968445
1360	0.13080114126205444
1361	0.13080544769763947
1362	0.13081803917884827
1363	0.13083170354366302
1364	0.1308370679616928
1365	0.13086466491222382
1366	0.1309107393026352
1367	0.13091915845870972
1368	0.13092733919620514
1369	0.13092990219593048
1370	0.13094714283943176
1371	0.1309533715248108
1372	0.13096798956394196
1373	0.13097745180130005
1374	0.13098305463790894
1375	0.13098660111427307
1376	0.13099195063114166
1377	0.1309998333454132
1378	0.1310109794139862
1379	0.1310143917798996
1380	0.1310311257839203
1381	0.13103652000427246
1382	0.1310431808233261
1383	0.13108506798744202
1384	0.1311236321926117
1385	0.13113290071487427
1386	0.13160450756549835
1387	0.13161270320415497
1388	0.13161981105804443
1389	0.131625697016716
1390	0.13163506984710693
1391	0.1316382735967636
1392	0.1316457986831665
1393	0.13166116178035736
1394	0.13166530430316925
1395	0.1316758096218109
1396	0.1316935271024704
1397	0.13169974088668823
1398	0.13170363008975983
1399	0.13173484802246094
1400	0.13174127042293549
1401	0.13174957036972046
1402	0.13175083696842194
1403	0.13176462054252625
1404	0.13176940381526947
1405	0.13177381455898285
1406	0.13178443908691406
1407	0.1317969709634781
1408	0.131807342171669
1409	0.13182394206523895
1410	0.13182857632637024
1411	0.13183289766311646
1412	0.1318437159061432
1413	0.13186651468276978
1414	0.13187061250209808
1415	0.13187776505947113
1416	0.13189779222011566
1417	0.1319047063589096
1418	0.13196127116680145
1419	0.13196992874145508
1420	0.13197356462478638
1421	0.13198257982730865
1422	0.13199187815189362
1423	0.1319953054189682
1424	0.13199976086616516
1425	0.13202343881130219
1426	0.1320284605026245
1427	0.1320362389087677
1428	0.13206109404563904
1429	0.13207463920116425
1430	0.1320786029100418
1431	0.13208338618278503
1432	0.13208627700805664
1433	0.13208869099617004
1434	0.1320941001176834
1435	0.13210511207580566
1436	0.13210918009281158
1437	0.13211947679519653
1438	0.13212484121322632
1439	0.13226264715194702
1440	0.13227178156375885
1441	0.13229849934577942
1442	0.132303386926651
1443	0.1323082000017166
1444	0.13230960071086884
1445	0.13231278955936432
1446	0.1323205977678299
1447	0.132331982254982
1448	0.1323431134223938
1449	0.13235971331596375
1450	0.1323680877685547
1451	0.13240548968315125
1452	0.13241025805473328
1453	0.13243712484836578
1454	0.13254210352897644
1455	0.13255265355110168
1456	0.13257643580436707
1457	0.13257864117622375
1458	0.13258464634418488
1459	0.13259217143058777
1460	0.13260385394096375
1461	0.13261158764362335
1462	0.1326325386762619
1463	0.132639542222023
1464	0.132643461227417
1465	0.13265091180801392
1466	0.13266433775424957
1467	0.13269683718681335
1468	0.13269825279712677
1469	0.1327090710401535
1470	0.1327211558818817
1471	0.13273435831069946
1472	0.13274285197257996
1473	0.1327640265226364
1474	0.13277140259742737
1475	0.13277293741703033
1476	0.1327819675207138
1477	0.13278725743293762
1478	0.13280124962329865
1479	0.132815882563591
1480	0.13283023238182068
1481	0.13283346593379974
1482	0.13286295533180237
1483	0.13288529217243195
1484	0.13288965821266174
1485	0.13289424777030945
1486	0.13290974497795105
1487	0.1329120546579361
1488	0.13292142748832703
1489	0.13292787969112396
1490	0.13293986022472382
1491	0.13294577598571777
1492	0.13295195996761322
1493	0.13295982778072357
1494	0.13298095762729645
1495	0.13298936188220978
1496	0.13303792476654053
1497	0.133051797747612
1498	0.13305358588695526
1499	0.1330786794424057
1500	0.1331007480621338
1501	0.13317033648490906
1502	0.13319405913352966
1503	0.13320456445217133
1504	0.13320870697498322
1505	0.13321764767169952
1506	0.13322658836841583
1507	0.13323599100112915
1508	0.13323906064033508
1509	0.13329210877418518
1510	0.13330717384815216
1511	0.13330908119678497
1512	0.13332653045654297
1513	0.13338065147399902
1514	0.13339249789714813
1515	0.1333952397108078
1516	0.13340166211128235
1517	0.13342159986495972
1518	0.13343565165996552
1519	0.1334545612335205
1520	0.13350504636764526
1521	0.1335122287273407
1522	0.13351815938949585
1523	0.13355858623981476
1524	0.13358859717845917
1525	0.1335984766483307
1526	0.13360391557216644
1527	0.13362592458724976
1528	0.1336325854063034
1529	0.13364823162555695
1530	0.1336943358182907
1531	0.13369843363761902
1532	0.13379861414432526
1533	0.1338212937116623
1534	0.13383366167545319
1535	0.1338358223438263
1536	0.133853480219841
1537	0.13385668396949768
1538	0.1338960975408554
1539	0.1339273899793625
1540	0.13395094871520996
1541	0.1339958757162094
1542	0.13401195406913757
1543	0.134023979306221
1544	0.13403017818927765
1545	0.1340361386537552
1546	0.13406139612197876
1547	0.13409394025802612
1548	0.13410785794258118
1549	0.1341237872838974
1550	0.13416577875614166
1551	0.13416936993598938
1552	0.13419121503829956
1553	0.13420484960079193
1554	0.13421115279197693
1555	0.13421283662319183
1556	0.13422150909900665
1557	0.13422979414463043
1558	0.13423052430152893
1559	0.13424819707870483
1560	0.13425618410110474
1561	0.1342664659023285
1562	0.1342926025390625
1563	0.1343798041343689
1564	0.13440243899822235
1565	0.13444051146507263
1566	0.13444553315639496
1567	0.1344575583934784
1568	0.1344650387763977
1569	0.1344679743051529
1570	0.1345282346010208
1571	0.13459283113479614
1572	0.13460583984851837
1573	0.13461680710315704
1574	0.13461977243423462
1575	0.1346444934606552
1576	0.1346602588891983
1577	0.13469423353672028
1578	0.13470134139060974
1579	0.134708434343338
1580	0.13471484184265137
1581	0.1347309648990631
1582	0.13478775322437286
1583	0.1348019242286682
1584	0.13480544090270996
1585	0.13482967019081116
1586	0.13483388721942902
1587	0.13484342396259308
1588	0.13489358127117157
1589	0.1349494606256485
1590	0.13496625423431396
1591	0.13498227298259735
1592	0.13499890267848969
1593	0.13505728542804718
1594	0.13508407771587372
1595	0.13509128987789154
1596	0.13509391248226166
1597	0.1350979208946228
1598	0.13511225581169128
1599	0.13512954115867615
1600	0.13516250252723694
1601	0.13518978655338287
1602	0.13523904979228973
1603	0.13525161147117615
1604	0.1352764070034027
1605	0.1352934092283249
1606	0.1352965384721756
1607	0.13530485332012177
1608	0.13531607389450073
1609	0.1353294849395752
1610	0.13533607125282288
1611	0.13533902168273926
1612	0.1353570818901062
1613	0.1353585124015808
1614	0.1353738009929657
1615	0.13537916541099548
1616	0.13539691269397736
1617	0.1354094296693802
1618	0.13546733558177948
1619	0.1354706883430481
1620	0.13548192381858826
1621	0.1355353593826294
1622	0.13554319739341736
1623	0.1355486661195755
1624	0.13555292785167694
1625	0.13555864989757538
1626	0.13556119799613953
1627	0.13556338846683502
1628	0.13556917011737823
1629	0.13562199473381042
1630	0.13565121591091156
1631	0.13566140830516815
1632	0.135710671544075
1633	0.13572284579277039
1634	0.13572651147842407
1635	0.1357390284538269
1636	0.13575632870197296
1637	0.13578881323337555
1638	0.13579338788986206
1639	0.1357969045639038
1640	0.13580051064491272
1641	0.13580593466758728
1642	0.1358252316713333
1643	0.13583029806613922
1644	0.1358310878276825
1645	0.13583268225193024
1646	0.13583451509475708
1647	0.1358599066734314
1648	0.1358678787946701
1649	0.13587531447410583
1650	0.1359223872423172
1651	0.1359570324420929
1652	0.13596780598163605
1653	0.1360078901052475
1654	0.13602757453918457
1655	0.1360337883234024
1656	0.13606302440166473
1657	0.13607005774974823
1658	0.13607604801654816
1659	0.1360899955034256
1660	0.13611114025115967
1661	0.13612966239452362
1662	0.13616739213466644
1663	0.13617156445980072
1664	0.13618816435337067
1665	0.13620300590991974
1666	0.1362115889787674
1667	0.13622286915779114
1668	0.13622766733169556
1669	0.13624802231788635
1670	0.13625793159008026
1671	0.13631963729858398
1672	0.13632230460643768
1673	0.13633590936660767
1674	0.13634665310382843
1675	0.13634823262691498
1676	0.1363612562417984
1677	0.13637036085128784
1678	0.13637125492095947
1679	0.13637878000736237
1680	0.1364281177520752
1681	0.1364302784204483
1682	0.13646027445793152
1683	0.136466845870018
1684	0.13646981120109558
1685	0.1366056650876999
1686	0.1366214007139206
1687	0.13662977516651154
1688	0.1366497278213501
1689	0.13665449619293213
1690	0.1366589218378067
1691	0.1366644948720932
1692	0.13666817545890808
1693	0.13667313754558563
1694	0.13668103516101837
1695	0.13669177889823914
1696	0.13672563433647156
1697	0.13677151501178741
1698	0.13679152727127075
1699	0.1368008404970169
1700	0.13681644201278687
1701	0.1368863582611084
1702	0.13690152764320374
1703	0.13691310584545135
1704	0.13691440224647522
1705	0.13692356646060944
1706	0.13692563772201538
1707	0.13694287836551666
1708	0.13695740699768066
1709	0.136972114443779
1710	0.13699595630168915
1711	0.1370096653699875
1712	0.1370139718055725
1713	0.13702891767024994
1714	0.13705265522003174
1715	0.1370595097541809
1716	0.13708347082138062
1717	0.13709168136119843
1718	0.13710351288318634
1719	0.13712209463119507
1720	0.13714319467544556
1721	0.1371578872203827
1722	0.13720615208148956
1723	0.13722576200962067
1724	0.13723088800907135
1725	0.13723301887512207
1726	0.13725045323371887
1727	0.1372559368610382
1728	0.137275829911232
1729	0.13729767501354218
1730	0.13736708462238312
1731	0.1373867243528366
1732	0.137409970164299
1733	0.1374182403087616
1734	0.13742029666900635
1735	0.13742277026176453
1736	0.1374247819185257
1737	0.13744011521339417
1738	0.13745969533920288
1739	0.13746272027492523
1740	0.13746368885040283
1741	0.13747313618659973
1742	0.13748545944690704
1743	0.13749349117279053
1744	0.13750094175338745
1745	0.13750728964805603
1746	0.13751550018787384
1747	0.1375400722026825
1748	0.1375468522310257
1749	0.1375710368156433
1750	0.13758303225040436
1751	0.13758543133735657
1752	0.1376057267189026
1753	0.13761407136917114
1754	0.13762328028678894
1755	0.1377195566892624
1756	0.13774028420448303
1757	0.13774167001247406
1758	0.13775353133678436
1759	0.1377800703048706
1760	0.1377882957458496
1761	0.1377960592508316
1762	0.1378459483385086
1763	0.13784624636173248
1764	0.13787828385829926
1765	0.13788670301437378
1766	0.13790224492549896
1767	0.13791382312774658
1768	0.13793116807937622
1769	0.137937992811203
1770	0.1379517912864685
1771	0.13796815276145935
1772	0.13797883689403534
1773	0.13799479603767395
1774	0.1380026936531067
1775	0.13802243769168854
1776	0.13807961344718933
1777	0.13809877634048462
1778	0.1380997747182846
1779	0.13810433447360992
1780	0.1381087452173233
1781	0.13811327517032623
1782	0.13812576234340668
1783	0.1381460726261139
1784	0.1381605565547943
1785	0.13816553354263306
1786	0.13817591965198517
1787	0.13817884027957916
1788	0.13818436861038208
1789	0.138204887509346
1790	0.13821807503700256
1791	0.13822275400161743
1792	0.13823093473911285
1793	0.1382422298192978
1794	0.1382446140050888
1795	0.1382516622543335
1796	0.13836883008480072
1797	0.1384216696023941
1798	0.13844415545463562
1799	0.13846643269062042
1800	0.13847915828227997
1801	0.13848303258419037
1802	0.1385563611984253
1803	0.13856858015060425
1804	0.13860192894935608
1805	0.13861358165740967
1806	0.13865196704864502
1807	0.13866032660007477
1808	0.13866981863975525
1809	0.13868111371994019
1810	0.13868840038776398
1811	0.13869433104991913
1812	0.1387261301279068
1813	0.13875338435173035
1814	0.13876178860664368
1815	0.13876967132091522
1816	0.1387873739004135
1817	0.13880163431167603
1818	0.13882361352443695
1819	0.13882768154144287
1820	0.13884417712688446
1821	0.1388666033744812
1822	0.1388741284608841
1823	0.13890831172466278
1824	0.13893255591392517
1825	0.1389494091272354
1826	0.13898098468780518
1827	0.1390162706375122
1828	0.13902342319488525
1829	0.13902857899665833
1830	0.13904765248298645
1831	0.13905832171440125
1832	0.1390865296125412
1833	0.1391000598669052
1834	0.13911813497543335
1835	0.13912333548069
1836	0.13914836943149567
1837	0.1391860395669937
1838	0.1391947716474533
1839	0.13920998573303223
1840	0.1392378956079483
1841	0.1392398327589035
1842	0.13924050331115723
1843	0.13924717903137207
1844	0.13925839960575104
1845	0.13926778733730316
1846	0.1392858326435089
1847	0.13933390378952026
1848	0.13935506343841553
1849	0.13938328623771667
1850	0.1393844336271286
1851	0.1393985152244568
1852	0.13939912617206573
1853	0.1394137293100357
1854	0.1394486427307129
1855	0.1394527554512024
1856	0.13950666785240173
1857	0.13951408863067627
1858	0.13955070078372955
1859	0.13955233991146088
1860	0.13955384492874146
1861	0.13957035541534424
1862	0.13958077132701874
1863	0.139584019780159
1864	0.13958504796028137
1865	0.13961300253868103
1866	0.13963498175144196
1867	0.13973459601402283
1868	0.13974419236183167
1869	0.13974697887897491
1870	0.13976439833641052
1871	0.13977493345737457
1872	0.13978363573551178
1873	0.1397877186536789
1874	0.13979986310005188
1875	0.1398070752620697
1876	0.1398276537656784
1877	0.13983549177646637
1878	0.13986144959926605
1879	0.13987582921981812
1880	0.1399255394935608
1881	0.13996128737926483
1882	0.13997802138328552
1883	0.1400056630373001
1884	0.1400117129087448
1885	0.14003241062164307
1886	0.14004068076610565
1887	0.14008845388889313
1888	0.14008985459804535
1889	0.14011700451374054
1890	0.14021934568881989
1891	0.14023803174495697
1892	0.14031073451042175
1893	0.1403370201587677
1894	0.14034464955329895
1895	0.14035871624946594
1896	0.14037930965423584
1897	0.14039579033851624
1898	0.14039906859397888
1899	0.14040303230285645
1900	0.1404055953025818
1901	0.14040806889533997
1902	0.14041633903980255
1903	0.14042608439922333
1904	0.14043785631656647
1905	0.14044120907783508
1906	0.140493243932724
1907	0.14049628376960754
1908	0.14052309095859528
1909	0.14054317772388458
1910	0.1405632346868515
1911	0.1405666321516037
1912	0.14057184755802155
1913	0.1405797004699707
1914	0.1406182050704956
1915	0.1406204104423523
1916	0.1406525820493698
1917	0.1406550109386444
1918	0.14066477119922638
1919	0.14068634808063507
1920	0.14070725440979004
1921	0.14071030914783478
1922	0.14071279764175415
1923	0.14072097837924957
1924	0.14072416722774506
1925	0.140731081366539
1926	0.14074593782424927
1927	0.14074930548667908
1928	0.14076747000217438
1929	0.14077606797218323
1930	0.1407865732908249
1931	0.14085209369659424
1932	0.14086362719535828
1933	0.14090001583099365
1934	0.14090369641780853
1935	0.1409064382314682
1936	0.14090853929519653
1937	0.14092235267162323
1938	0.14095498621463776
1939	0.14095811545848846
1940	0.1409604251384735
1941	0.14097119867801666
1942	0.14100684225559235
1943	0.1410088837146759
1944	0.14101459085941315
1945	0.14102540910243988
1946	0.14102695882320404
1947	0.1410815566778183
1948	0.14108622074127197
1949	0.14108721911907196
1950	0.1410960704088211
1951	0.14112070202827454
1952	0.14113427698612213
1953	0.14119063317775726
1954	0.14121070504188538
1955	0.14123134315013885
1956	0.14123868942260742
1957	0.14124278724193573
1958	0.141271710395813
1959	0.14129334688186646
1960	0.14130079746246338
1961	0.14131715893745422
1962	0.14135591685771942
1963	0.14140158891677856
1964	0.14141196012496948
1965	0.14145468175411224
1966	0.1414601057767868
1967	0.14147184789180756
1968	0.1414751410484314
1969	0.1414828598499298
1970	0.1414942741394043
1971	0.14150458574295044
1972	0.14152498543262482
1973	0.14155630767345428
1974	0.14159633219242096
1975	0.1416350156068802
1976	0.14163844287395477
1977	0.14165696501731873
1978	0.1416708379983902
1979	0.14168700575828552
1980	0.14169958233833313
1981	0.14173400402069092
1982	0.14173656702041626
1983	0.1417481154203415
1984	0.14175355434417725
1985	0.14175668358802795
1986	0.14176933467388153
1987	0.14177271723747253
1988	0.14179913699626923
1989	0.1418049931526184
1990	0.14181669056415558
1991	0.14183229207992554
1992	0.14185091853141785
1993	0.14185883104801178
1994	0.1418592780828476
1995	0.14186476171016693
1996	0.14188669621944427
1997	0.1419392079114914
1998	0.14194898307323456
1999	0.14194992184638977
2000	0.1419578492641449
2001	0.14200280606746674
2002	0.14200685918331146
2003	0.1420339047908783
2004	0.14204230904579163
2005	0.14206057786941528
2006	0.14208117127418518
2007	0.14209412038326263
2008	0.1421179622411728
2009	0.14212355017662048
2010	0.14214614033699036
2011	0.14215517044067383
2012	0.14216522872447968
2013	0.14218536019325256
2014	0.14219056069850922
2015	0.14219413697719574
2016	0.14219775795936584
2017	0.14222915470600128
2018	0.14225207269191742
2019	0.1422542929649353
2020	0.1422557830810547
2021	0.1422583907842636
2022	0.1422746628522873
2023	0.14228488504886627
2024	0.14229050278663635
2025	0.14229176938533783
2026	0.14231421053409576
2027	0.14231644570827484
2028	0.14237162470817566
2029	0.14237526059150696
2030	0.14238527417182922
2031	0.14249564707279205
2032	0.1425016224384308
2033	0.14250826835632324
2034	0.14251627027988434
2035	0.1425245702266693
2036	0.142531618475914
2037	0.14255759119987488
2038	0.14256474375724792
2039	0.14260320365428925
2040	0.14261458814144135
2041	0.14262232184410095
2042	0.1426280289888382
2043	0.1426345556974411
2044	0.14263741672039032
2045	0.14264504611492157
2046	0.14264848828315735
2047	0.1427040696144104
2048	0.14272752404212952
2049	0.14274722337722778
2050	0.1427740603685379
2051	0.14278268814086914
2052	0.14279663562774658
2053	0.14281655848026276
2054	0.14285342395305634
2055	0.14287321269512177
2056	0.14288493990898132
2057	0.14289838075637817
2058	0.14290855824947357
2059	0.14293807744979858
2060	0.14294210076332092
2061	0.14295558631420135
2062	0.14296245574951172
2063	0.14297375082969666
2064	0.1429874151945114
2065	0.14299046993255615
2066	0.14299410581588745
2067	0.14300645887851715
2068	0.14301124215126038
2069	0.14301955699920654
2070	0.14302287995815277
2071	0.14304447174072266
2072	0.143072709441185
2073	0.14307621121406555
2074	0.14309361577033997
2075	0.14314471185207367
2076	0.14315611124038696
2077	0.1431584656238556
2078	0.14315873384475708
2079	0.14316771924495697
2080	0.1431766003370285
2081	0.14321006834506989
2082	0.14322207868099213
2083	0.1432374119758606
2084	0.14324213564395905
2085	0.14324478805065155
2086	0.14324967563152313
2087	0.14331723749637604
2088	0.1433432549238205
2089	0.1433497667312622
2090	0.14335985481739044
2091	0.14339536428451538
2092	0.1434028148651123
2093	0.14343465864658356
2094	0.14343689382076263
2095	0.14346107840538025
2096	0.14347179234027863
2097	0.1434890627861023
2098	0.14358985424041748
2099	0.14359615743160248
2100	0.14360789954662323
2101	0.14360931515693665
2102	0.1436111181974411
2103	0.14361631870269775
2104	0.14362217485904694
2105	0.1436379849910736
2106	0.1436421424150467
2107	0.14365224540233612
2108	0.14366552233695984
2109	0.14367587864398956
2110	0.14367684721946716
2111	0.14369559288024902
2112	0.14370779693126678
2113	0.1437276303768158
2114	0.14375261962413788
2115	0.1437702178955078
2116	0.14378957450389862
2117	0.1437964290380478
2118	0.14386604726314545
2119	0.14389069378376007
2120	0.14390836656093597
2121	0.14391370117664337
2122	0.1439390480518341
2123	0.14396145939826965
2124	0.14399641752243042
2125	0.14400458335876465
2126	0.14400902390480042
2127	0.14401882886886597
2128	0.1440247744321823
2129	0.1440284550189972
2130	0.1440442055463791
2131	0.14409461617469788
2132	0.14410576224327087
2133	0.1441352218389511
2134	0.14415240287780762
2135	0.14415323734283447
2136	0.14422093331813812
2137	0.1442282348871231
2138	0.14424313604831696
2139	0.14425137639045715
2140	0.14425398409366608
2141	0.1442634016275406
2142	0.14427724480628967
2143	0.14433646202087402
2144	0.144351527094841
2145	0.1443580836057663
2146	0.14442025125026703
2147	0.14442099630832672
2148	0.14442364871501923
2149	0.1444314420223236
2150	0.14443933963775635
2151	0.14444372057914734
2152	0.14444874227046967
2153	0.14446303248405457
2154	0.14447320997714996
2155	0.14447765052318573
2156	0.144487202167511
2157	0.14450809359550476
2158	0.1445360630750656
2159	0.14454594254493713
2160	0.14454974234104156
2161	0.1445588767528534
2162	0.14459477365016937
2163	0.14462192356586456
2164	0.14462809264659882
2165	0.14463850855827332
2166	0.14471766352653503
2167	0.14472469687461853
2168	0.14473681151866913
2169	0.14476999640464783
2170	0.14477752149105072
2171	0.14480440318584442
2172	0.1448075771331787
2173	0.14481621980667114
2174	0.14482082426548004
2175	0.14482542872428894
2176	0.14484155178070068
2177	0.1448756605386734
2178	0.14488853514194489
2179	0.14489050209522247
2180	0.14490990340709686
2181	0.14493519067764282
2182	0.14493992924690247
2183	0.14495427906513214
2184	0.1449669897556305
2185	0.1450963318347931
2186	0.14510804414749146
2187	0.14511701464653015
2188	0.14514176547527313
2189	0.1451619416475296
2190	0.14516998827457428
2191	0.14517226815223694
2192	0.1451818197965622
2193	0.14518651366233826
2194	0.14522631466388702
2195	0.14524051547050476
2196	0.14524288475513458
2197	0.14526954293251038
2198	0.14527559280395508
2199	0.14528100192546844
2200	0.1452869325876236
2201	0.14529922604560852
2202	0.14531293511390686
2203	0.14531533420085907
2204	0.14531747996807098
2205	0.14540041983127594
2206	0.14541178941726685
2207	0.14543232321739197
2208	0.14543713629245758
2209	0.1454489827156067
2210	0.14549396932125092
2211	0.14549632370471954
2212	0.14549805223941803
2213	0.1455560028553009
2214	0.14557798206806183
2215	0.14558136463165283
2216	0.14559100568294525
2217	0.1455925703048706
2218	0.14559674263000488
2219	0.14560917019844055
2220	0.14562375843524933
2221	0.14563101530075073
2222	0.14564579725265503
2223	0.14565619826316833
2224	0.14566348493099213
2225	0.14566534757614136
2226	0.14568115770816803
2227	0.1456836760044098
2228	0.14568641781806946
2229	0.1457018107175827
2230	0.14571799337863922
2231	0.14571981132030487
2232	0.1457289457321167
2233	0.14575693011283875
2234	0.1457679569721222
2235	0.14581924676895142
2236	0.1458587944507599
2237	0.14586590230464935
2238	0.14587199687957764
2239	0.14587841928005219
2240	0.14588969945907593
2241	0.14589199423789978
2242	0.14589855074882507
2243	0.1458989679813385
2244	0.14591167867183685
2245	0.14592212438583374
2246	0.1459275186061859
2247	0.1459410935640335
2248	0.1459517776966095
2249	0.14596031606197357
2250	0.14596447348594666
2251	0.14601287245750427
2252	0.14603611826896667
2253	0.14605072140693665
2254	0.146061971783638
2255	0.14607903361320496
2256	0.14610345661640167
2257	0.1461084932088852
2258	0.1461997777223587
2259	0.14629299938678741
2260	0.14632941782474518
2261	0.14633303880691528
2262	0.14634394645690918
2263	0.14635322988033295
2264	0.14637400209903717
2265	0.14638608694076538
2266	0.14640255272388458
2267	0.14644590020179749
2268	0.1465175747871399
2269	0.14652444422245026
2270	0.14652509987354279
2271	0.1465412974357605
2272	0.14654400944709778
2273	0.1465480476617813
2274	0.1465626358985901
2275	0.14657790958881378
2276	0.14658290147781372
2277	0.1465894728899002
2278	0.14661507308483124
2279	0.1466306895017624
2280	0.14663828909397125
2281	0.14665070176124573
2282	0.14668402075767517
2283	0.14668653905391693
2284	0.14670203626155853
2285	0.1467229276895523
2286	0.1467295140028
2287	0.14674045145511627
2288	0.14679953455924988
2289	0.14681166410446167
2290	0.14681677520275116
2291	0.1468428522348404
2292	0.14684540033340454
2293	0.14685708284378052
2294	0.146882563829422
2295	0.1469181329011917
2296	0.1469254195690155
2297	0.1469346582889557
2298	0.14694920182228088
2299	0.14695104956626892
2300	0.1469850242137909
2301	0.14699456095695496
2302	0.14700065553188324
2303	0.1470089852809906
2304	0.14702405035495758
2305	0.14704197645187378
2306	0.1470438539981842
2307	0.14704814553260803
2308	0.1470613181591034
2309	0.14707264304161072
2310	0.14708633720874786
2311	0.14709876477718353
2312	0.1471458375453949
2313	0.1472017914056778
2314	0.14720989763736725
2315	0.14721554517745972
2316	0.14722050726413727
2317	0.14724576473236084
2318	0.14724989235401154
2319	0.14725354313850403
2320	0.14728480577468872
2321	0.14728839695453644
2322	0.14729097485542297
2323	0.14729589223861694
2324	0.14732256531715393
2325	0.14733704924583435
2326	0.14738644659519196
2327	0.14739984273910522
2328	0.1474035382270813
2329	0.1474149078130722
2330	0.14744450151920319
2331	0.1474451720714569
2332	0.1474500298500061
2333	0.14745953679084778
2334	0.14748747646808624
2335	0.14749662578105927
2336	0.14752089977264404
2337	0.14752963185310364
2338	0.14754709601402283
2339	0.14755624532699585
2340	0.14757148921489716
2341	0.14760951697826385
2342	0.14761802554130554
2343	0.1476292610168457
2344	0.14766740798950195
2345	0.14769545197486877
2346	0.14769823849201202
2347	0.14770132303237915
2348	0.1477181315422058
2349	0.14773692190647125
2350	0.14776694774627686
2351	0.14777407050132751
2352	0.14777959883213043
2353	0.1477804183959961
2354	0.14778640866279602
2355	0.147788867354393
2356	0.14781101047992706
2357	0.1478242576122284
2358	0.14782902598381042
2359	0.1478409320116043
2360	0.1478477418422699
2361	0.14785179495811462
2362	0.14787353575229645
2363	0.1478770673274994
2364	0.1478860080242157
2365	0.14790469408035278
2366	0.14792057871818542
2367	0.14794084429740906
2368	0.14795774221420288
2369	0.14799360930919647
2370	0.1480025202035904
2371	0.14801114797592163
2372	0.14802758395671844
2373	0.14803141355514526
2374	0.14804373681545258
2375	0.1480475515127182
2376	0.14805077016353607
2377	0.14806291460990906
2378	0.14807212352752686
2379	0.14807601273059845
2380	0.1480800360441208
2381	0.1480913907289505
2382	0.1481122076511383
2383	0.14814813435077667
2384	0.14818422496318817
2385	0.14820975065231323
2386	0.14821578562259674
2387	0.14825493097305298
2388	0.14827145636081696
2389	0.14827676117420197
2390	0.14831973612308502
2391	0.14833319187164307
2392	0.14833848178386688
2393	0.14835451543331146
2394	0.14836442470550537
2395	0.14838916063308716
2396	0.14841224253177643
2397	0.14843134582042694
2398	0.1484464854001999
2399	0.1484527587890625
2400	0.14845754206180573
2401	0.14846210181713104
2402	0.14847169816493988
2403	0.148472398519516
2404	0.14848588407039642
2405	0.1485004723072052
2406	0.148517444729805
2407	0.1485217809677124
2408	0.14853538572788239
2409	0.14857544004917145
2410	0.14858487248420715
2411	0.1485859453678131
2412	0.1485905647277832
2413	0.14859800040721893
2414	0.14860126376152039
2415	0.14860421419143677
2416	0.1486087292432785
2417	0.14864447712898254
2418	0.14865069091320038
2419	0.14865677058696747
2420	0.14874057471752167
2421	0.14875058829784393
2422	0.1487853080034256
2423	0.1487901359796524
2424	0.14880385994911194
2425	0.14880800247192383
2426	0.14898627996444702
2427	0.14899472892284393
2428	0.14900246262550354
2429	0.14901645481586456
2430	0.1490272432565689
2431	0.1490311473608017
2432	0.14906956255435944
2433	0.14911708235740662
2434	0.14912620186805725
2435	0.14913208782672882
2436	0.1491430252790451
2437	0.14915092289447784
2438	0.14915262162685394
2439	0.14916570484638214
2440	0.14917217195034027
2441	0.14917902648448944
2442	0.1491832137107849
2443	0.1491907387971878
2444	0.14921191334724426
2445	0.14922736585140228
2446	0.14923976361751556
2447	0.14924532175064087
2448	0.14924950897693634
2449	0.1492643505334854
2450	0.14927810430526733
2451	0.14930152893066406
2452	0.14931733906269073
2453	0.14932629466056824
2454	0.14937227964401245
2455	0.14938472211360931
2456	0.1493886113166809
2457	0.14939573407173157
2458	0.1494002789258957
2459	0.14940151572227478
2460	0.14940588176250458
2461	0.14948157966136932
2462	0.14948517084121704
2463	0.14949074387550354
2464	0.1495032161474228
2465	0.14955134689807892
2466	0.14957402646541595
2467	0.14959409832954407
2468	0.14960315823554993
2469	0.14961843192577362
2470	0.14963208138942719
2471	0.14964336156845093
2472	0.14964723587036133
2473	0.14965671300888062
2474	0.1496594250202179
2475	0.14968599379062653
2476	0.1496892124414444
2477	0.14973171055316925
2478	0.14973701536655426
2479	0.14974145591259003
2480	0.14974378049373627
2481	0.14975230395793915
2482	0.14977283775806427
2483	0.14978590607643127
2484	0.14983078837394714
2485	0.14984729886054993
2486	0.14986829459667206
2487	0.1499200463294983
2488	0.14992207288742065
2489	0.14997197687625885
2490	0.14997412264347076
2491	0.1499801129102707
2492	0.1499837338924408
2493	0.14998506009578705
2494	0.15000756084918976
2495	0.15002386271953583
2496	0.1500421017408371
2497	0.15005701780319214
2498	0.1500665247440338
2499	0.15008200705051422
2500	0.15009000897407532
2501	0.15011639893054962
2502	0.15011724829673767
2503	0.15014006197452545
2504	0.15015320479869843
2505	0.150167778134346
2506	0.1502058058977127
2507	0.15020908415317535
2508	0.1502448171377182
2509	0.15025755763053894
2510	0.15027931332588196
2511	0.15029045939445496
2512	0.15031351149082184
2513	0.1503269225358963
2514	0.15032920241355896
2515	0.1503361463546753
2516	0.15038186311721802
2517	0.15040796995162964
2518	0.150408536195755
2519	0.15044648945331573
2520	0.15047496557235718
2521	0.15047670900821686
2522	0.15048690140247345
2523	0.15049198269844055
2524	0.15050220489501953
2525	0.15050548315048218
2526	0.1505107879638672
2527	0.15052306652069092
2528	0.15055283904075623
2529	0.15056391060352325
2530	0.1505804806947708
2531	0.15065355598926544
2532	0.150665745139122
2533	0.1506689041852951
2534	0.15080241858959198
2535	0.15081536769866943
2536	0.15085193514823914
2537	0.15085339546203613
2538	0.15087313950061798
2539	0.15087778866291046
2540	0.1509215384721756
2541	0.15092387795448303
2542	0.15093514323234558
2543	0.1509462147951126
2544	0.15096355974674225
2545	0.1509675830602646
2546	0.15098565816879272
2547	0.15099914371967316
2548	0.15100382268428802
2549	0.15105095505714417
2550	0.15105241537094116
2551	0.1510525941848755
2552	0.15108327567577362
2553	0.15115757286548615
2554	0.15117089450359344
2555	0.15117308497428894
2556	0.1511765420436859
2557	0.15118110179901123
2558	0.15120701491832733
2559	0.1512269377708435
2560	0.15125463902950287
2561	0.15126663446426392
2562	0.15127795934677124
2563	0.15130053460597992
2564	0.1513143628835678
2565	0.1513400822877884
2566	0.1513468474149704
2567	0.15150441229343414
2568	0.15151523053646088
2569	0.15152110159397125
2570	0.15154056251049042
2571	0.15154767036437988
2572	0.15155090391635895
2573	0.1515684574842453
2574	0.15157024562358856
2575	0.15160071849822998
2576	0.15160337090492249
2577	0.15161168575286865
2578	0.15162046253681183
2579	0.15162308514118195
2580	0.1516263484954834
2581	0.1516486555337906
2582	0.1516595184803009
2583	0.15169751644134521
2584	0.1517157405614853
2585	0.1517212986946106
2586	0.15172764658927917
2587	0.15175652503967285
2588	0.15176895260810852
2589	0.15180273354053497
2590	0.1518132984638214
2591	0.15184123814105988
2592	0.15185073018074036
2593	0.1518593430519104
2594	0.15186834335327148
2595	0.15187954902648926
2596	0.1518944650888443
2597	0.15190239250659943
2598	0.15192066133022308
2599	0.1519344300031662
2600	0.1519789695739746
2601	0.15198218822479248
2602	0.15198254585266113
2603	0.1519903689622879
2604	0.15200155973434448
2605	0.15201528370380402
2606	0.15202002227306366
2607	0.1520272046327591
2608	0.15203189849853516
2609	0.15203838050365448
2610	0.15205320715904236
2611	0.15206167101860046
2612	0.15206554532051086
2613	0.15206757187843323
2614	0.15206843614578247
2615	0.1520698368549347
2616	0.15211127698421478
2617	0.15211369097232819
2618	0.15211719274520874
2619	0.1521730124950409
2620	0.15218594670295715
2621	0.15220461785793304
2622	0.15225695073604584
2623	0.1522626131772995
2624	0.15226486325263977
2625	0.1522836834192276
2626	0.1522882580757141
2627	0.1523110568523407
2628	0.1523164063692093
2629	0.1523328423500061
2630	0.15233689546585083
2631	0.15234802663326263
2632	0.152353435754776
2633	0.15235868096351624
2634	0.15237018465995789
2635	0.1523839235305786
2636	0.15240998566150665
2637	0.15244634449481964
2638	0.15246254205703735
2639	0.15247617661952972
2640	0.1524783968925476
2641	0.15248727798461914
2642	0.1525498628616333
2643	0.1525634378194809
2644	0.15256574749946594
2645	0.1525954008102417
2646	0.15262053906917572
2647	0.15262863039970398
2648	0.15264078974723816
2649	0.15264539420604706
2650	0.15264664590358734
2651	0.1526554524898529
2652	0.15266506373882294
2653	0.1527150720357895
2654	0.15272517502307892
2655	0.15278106927871704
2656	0.15278352797031403
2657	0.1527901142835617
2658	0.1527983546257019
2659	0.1528034657239914
2660	0.15281066298484802
2661	0.15281935036182404
2662	0.1528204381465912
2663	0.15282484889030457
2664	0.15282827615737915
2665	0.1528855562210083
2666	0.15289855003356934
2667	0.15290521085262299
2668	0.15290731191635132
2669	0.15291817486286163
2670	0.15291914343833923
2671	0.15293832123279572
2672	0.1529451608657837
2673	0.15295681357383728
2674	0.15296795964241028
2675	0.15297365188598633
2676	0.15298683941364288
2677	0.15299557149410248
2678	0.15299811959266663
2679	0.15300770103931427
2680	0.15300904214382172
2681	0.1530151665210724
2682	0.15304270386695862
2683	0.15305206179618835
2684	0.15306277573108673
2685	0.15306666493415833
2686	0.15306952595710754
2687	0.1530866026878357
2688	0.153127983212471
2689	0.15315736830234528
2690	0.15316297113895416
2691	0.15317422151565552
2692	0.15320855379104614
2693	0.15321475267410278
2694	0.15322047472000122
2695	0.15323644876480103
2696	0.15327301621437073
2697	0.15327627956867218
2698	0.15334396064281464
2699	0.1533602625131607
2700	0.15336671471595764
2701	0.1533745527267456
2702	0.15337581932544708
2703	0.15341299772262573
2704	0.15343782305717468
2705	0.15345549583435059
2706	0.1534804254770279
2707	0.15350070595741272
2708	0.15350373089313507
2709	0.15351419150829315
2710	0.15351602435112
2711	0.15351629257202148
2712	0.15355022251605988
2713	0.15356677770614624
2714	0.15356864035129547
2715	0.15357272326946259
2716	0.153586745262146
2717	0.15359491109848022
2718	0.15360774099826813
2719	0.1536097377538681
2720	0.15362221002578735
2721	0.15364141762256622
2722	0.1536547690629959
2723	0.1536736786365509
2724	0.15368089079856873
2725	0.15369121730327606
2726	0.1537046879529953
2727	0.15371008217334747
2728	0.15372145175933838
2729	0.15373145043849945
2730	0.15376102924346924
2731	0.1537661999464035
2732	0.15377244353294373
2733	0.15378354489803314
2734	0.1537964642047882
2735	0.1538032591342926
2736	0.15381933748722076
2737	0.15382283926010132
2738	0.15382836759090424
2739	0.15385538339614868
2740	0.1538597047328949
2741	0.1538836807012558
2742	0.15390001237392426
2743	0.1539044827222824
2744	0.1539584994316101
2745	0.15397126972675323
2746	0.15397638082504272
2747	0.15398626029491425
2748	0.154020756483078
2749	0.15402580797672272
2750	0.15404203534126282
2751	0.1540469378232956
2752	0.15407513082027435
2753	0.15408194065093994
2754	0.15411816537380219
2755	0.15412384271621704
2756	0.1541302502155304
2757	0.1541443020105362
2758	0.15415264666080475
2759	0.15415753424167633
2760	0.15417157113552094
2761	0.15418212115764618
2762	0.15420036017894745
2763	0.15421375632286072
2764	0.15423394739627838
2765	0.15424250066280365
2766	0.15425725281238556
2767	0.15426328778266907
2768	0.15427620708942413
2769	0.15428294241428375
2770	0.15428979694843292
2771	0.15429560840129852
2772	0.1543016880750656
2773	0.1543467789888382
2774	0.1543685793876648
2775	0.1543705314397812
2776	0.1543748527765274
2777	0.15437738597393036
2778	0.15440633893013
2779	0.15442097187042236
2780	0.15442633628845215
2781	0.1544405221939087
2782	0.15448957681655884
2783	0.15449105203151703
2784	0.15449592471122742
2785	0.15450146794319153
2786	0.15452679991722107
2787	0.15453797578811646
2788	0.15456944704055786
2789	0.15461675822734833
2790	0.15462908148765564
2791	0.1546330749988556
2792	0.1546432226896286
2793	0.1546604484319687
2794	0.15467733144760132
2795	0.154715433716774
2796	0.15473850071430206
2797	0.1547427773475647
2798	0.15478838980197906
2799	0.15479643642902374
2800	0.15481071174144745
2801	0.154815211892128
2802	0.15482331812381744
2803	0.15484783053398132
2804	0.15485645830631256
2805	0.15485838055610657
2806	0.15486474335193634
2807	0.15487273037433624
2808	0.154877707362175
2809	0.15488076210021973
2810	0.1548941433429718
2811	0.15496334433555603
2812	0.15498197078704834
2813	0.15499159693717957
2814	0.15500161051750183
2815	0.155011385679245
2816	0.15502043068408966
2817	0.15502220392227173
2818	0.15504024922847748
2819	0.15504862368106842
2820	0.15507195889949799
2821	0.15507400035858154
2822	0.15509328246116638
2823	0.1550992727279663
2824	0.15510399639606476
2825	0.15514342486858368
2826	0.1551574021577835
2827	0.1551632434129715
2828	0.15516820549964905
2829	0.15517666935920715
2830	0.15519750118255615
2831	0.1552104353904724
2832	0.15522927045822144
2833	0.1552327424287796
2834	0.15524469316005707
2835	0.15531593561172485
2836	0.15532685816287994
2837	0.1553422063589096
2838	0.15537184476852417
2839	0.1553824096918106
2840	0.15540711581707
2841	0.1554248183965683
2842	0.15542511641979218
2843	0.15544140338897705
2844	0.15546782314777374
2845	0.15548044443130493
2846	0.15548239648342133
2847	0.15548375248908997
2848	0.1555478721857071
2849	0.15555208921432495
2850	0.15556085109710693
2851	0.15557372570037842
2852	0.15557757019996643
2853	0.15560771524906158
2854	0.155610129237175
2855	0.15562544763088226
2856	0.15567876398563385
2857	0.15570315718650818
2858	0.15571962296962738
2859	0.1557273119688034
2860	0.15573585033416748
2861	0.15583264827728271
2862	0.15584467351436615
2863	0.15585623681545258
2864	0.1558673232793808
2865	0.15587179362773895
2866	0.1558820605278015
2867	0.15589697659015656
2868	0.15591202676296234
2869	0.15593980252742767
2870	0.15594500303268433
2871	0.1559646874666214
2872	0.1559782177209854
2873	0.1559872031211853
2874	0.1559893935918808
2875	0.15601025521755219
2876	0.15606655180454254
2877	0.15608052909374237
2878	0.15609896183013916
2879	0.15611016750335693
2880	0.1561366766691208
2881	0.15615633130073547
2882	0.15617957711219788
2883	0.15632596611976624
2884	0.15633434057235718
2885	0.15634481608867645
2886	0.15640117228031158
2887	0.1564033478498459
2888	0.1564161628484726
2889	0.15643280744552612
2890	0.15644703805446625
2891	0.15644927322864532
2892	0.15645962953567505
2893	0.1565728783607483
2894	0.15658846497535706
2895	0.15662561357021332
2896	0.15668119490146637
2897	0.1567116379737854
2898	0.15673908591270447
2899	0.1567443162202835
2900	0.1567765772342682
2901	0.15677741169929504
2902	0.15678340196609497
2903	0.15678898990154266
2904	0.1567910611629486
2905	0.15681760013103485
2906	0.15682530403137207
2907	0.15685854852199554
2908	0.1568724811077118
2909	0.1568816900253296
2910	0.15690641105175018
2911	0.15691345930099487
2912	0.15692700445652008
2913	0.15693728625774384
2914	0.1569422483444214
2915	0.15694275498390198
2916	0.15697389841079712
2917	0.15700003504753113
2918	0.15703566372394562
2919	0.15704454481601715
2920	0.15705153346061707
2921	0.15705515444278717
2922	0.15705767273902893
2923	0.15706698596477509
2924	0.15707112848758698
2925	0.15708693861961365
2926	0.1570953130722046
2927	0.15709686279296875
2928	0.15711373090744019
2929	0.15712492167949677
2930	0.1571391224861145
2931	0.15715938806533813
2932	0.1571761518716812
2933	0.15717767179012299
2934	0.15718905627727509
2935	0.15724194049835205
2936	0.157253697514534
2937	0.15725776553153992
2938	0.1572694033384323
2939	0.15728238224983215
2940	0.15731078386306763
2941	0.15732251107692719
2942	0.1573382169008255
2943	0.15734648704528809
2944	0.1573493480682373
2945	0.15735606849193573
2946	0.15735787153244019
2947	0.15736927092075348
2948	0.15737614035606384
2949	0.15738274157047272
2950	0.15738357603549957
2951	0.15738677978515625
2952	0.15739496052265167
2953	0.15741091966629028
2954	0.1574251502752304
2955	0.15743587911128998
2956	0.1574762761592865
2957	0.15748748183250427
2958	0.1575002670288086
2959	0.1575205773115158
2960	0.15752258896827698
2961	0.1575264185667038
2962	0.15755034983158112
2963	0.15756629407405853
2964	0.1575738936662674
2965	0.15758530795574188
2966	0.1575867086648941
2967	0.15759114921092987
2968	0.15759611129760742
2969	0.15760059654712677
2970	0.15761622786521912
2971	0.1576213389635086
2972	0.1576368659734726
2973	0.15766200423240662
2974	0.15767239034175873
2975	0.1576845496892929
2976	0.1576939821243286
2977	0.15770399570465088
2978	0.15773694217205048
2979	0.1577805131673813
2980	0.15779604017734528
2981	0.15780581533908844
2982	0.15782387554645538
2983	0.15782561898231506
2984	0.15783080458641052
2985	0.15784676373004913
2986	0.15785157680511475
2987	0.15785330533981323
2988	0.15790647268295288
2989	0.15794038772583008
2990	0.15795564651489258
2991	0.15798687934875488
2992	0.15799535810947418
2993	0.1580066680908203
2994	0.15800705552101135
2995	0.15801478922367096
2996	0.15802134573459625
2997	0.15806183218955994
2998	0.15807107090950012
2999	0.1580924242734909
3000	0.15809686481952667
3001	0.15811702609062195
3002	0.15814949572086334
3003	0.1581631600856781
3004	0.15816572308540344
3005	0.15817907452583313
3006	0.15819300711154938
3007	0.15820544958114624
3008	0.15822207927703857
3009	0.1582428216934204
3010	0.15824635326862335
3011	0.1582767218351364
3012	0.15829405188560486
3013	0.15831910073757172
3014	0.15832790732383728
3015	0.15833547711372375
3016	0.1583653837442398
3017	0.15840929746627808
3018	0.15844424068927765
3019	0.1584470272064209
3020	0.15846216678619385
3021	0.15847529470920563
3022	0.15848992764949799
3023	0.15849129855632782
3024	0.15850825607776642
3025	0.15854927897453308
3026	0.15857918560504913
3027	0.15859541296958923
3028	0.1586112678050995
3029	0.15861637890338898
3030	0.15861865878105164
3031	0.1586519181728363
3032	0.15866833925247192
3033	0.15867352485656738
3034	0.1587194949388504
3035	0.15872402489185333
3036	0.15875904262065887
3037	0.15876565873622894
3038	0.15878310799598694
3039	0.15879672765731812
3040	0.15880584716796875
3041	0.15881524980068207
3042	0.15882141888141632
3043	0.1588447540998459
3044	0.15889917314052582
3045	0.15890683233737946
3046	0.15891501307487488
3047	0.15892529487609863
3048	0.15894997119903564
3049	0.1589657962322235
3050	0.15899063646793365
3051	0.15899698436260223
3052	0.1590094417333603
3053	0.15905547142028809
3054	0.15906895697116852
3055	0.15915298461914062
3056	0.1591934859752655
3057	0.1591983288526535
3058	0.15920871496200562
3059	0.15921100974082947
3060	0.15921907126903534
3061	0.15923890471458435
3062	0.1592552661895752
3063	0.15926770865917206
3064	0.15927453339099884
3065	0.15928028523921967
3066	0.15928448736667633
3067	0.15929412841796875
3068	0.15930317342281342
3069	0.15930743515491486
3070	0.1593126505613327
3071	0.1593150645494461
3072	0.1593267172574997
3073	0.15932777523994446
3074	0.1593378633260727
3075	0.1593603938817978
3076	0.15940004587173462
3077	0.15940524637699127
3078	0.15941175818443298
3079	0.15943722426891327
3080	0.15944260358810425
3081	0.15944933891296387
3082	0.15946738421916962
3083	0.15946941077709198
3084	0.15947328507900238
3085	0.15947598218917847
3086	0.159479558467865
3087	0.15949596464633942
3088	0.15954886376857758
3089	0.1595533788204193
3090	0.1595648229122162
3091	0.15956740081310272
3092	0.1595718115568161
3093	0.15958566963672638
3094	0.15959247946739197
3095	0.1596032977104187
3096	0.15962521731853485
3097	0.15966227650642395
3098	0.1596759557723999
3099	0.15967817604541779
3100	0.15972238779067993
3101	0.1597568243741989
3102	0.15979039669036865
3103	0.15980416536331177
3104	0.15980854630470276
3105	0.15981391072273254
3106	0.15981730818748474
3107	0.15981994569301605
3108	0.1598244160413742
3109	0.15983988344669342
3110	0.15985433757305145
3111	0.15987803041934967
3112	0.15987877547740936
3113	0.1598925143480301
3114	0.15990206599235535
3115	0.15991023182868958
3116	0.15993088483810425
3117	0.1599314957857132
3118	0.1599360555410385
3119	0.15993855893611908
3120	0.15996259450912476
3121	0.15996506810188293
3122	0.15998807549476624
3123	0.15999020636081696
3124	0.15999789535999298
3125	0.16000404953956604
3126	0.1600150316953659
3127	0.1600162386894226
3128	0.16002967953681946
3129	0.16005240380764008
3130	0.16006866097450256
3131	0.1600743979215622
3132	0.16008104383945465
3133	0.1600867360830307
3134	0.16010044515132904
3135	0.1601046621799469
3136	0.16012366116046906
3137	0.1601492464542389
3138	0.1601509153842926
3139	0.16015510261058807
3140	0.16016331315040588
3141	0.16018405556678772
3142	0.1602054238319397
3143	0.16021138429641724
3144	0.16021424531936646
3145	0.16021943092346191
3146	0.16022394597530365
3147	0.16022980213165283
3148	0.16023153066635132
3149	0.16024380922317505
3150	0.16027173399925232
3151	0.16028083860874176
3152	0.16029851138591766
3153	0.16030701994895935
3154	0.16033020615577698
3155	0.1603548228740692
3156	0.1603798270225525
3157	0.16039392352104187
3158	0.16041386127471924
3159	0.1604185253381729
3160	0.160420224070549
3161	0.16043660044670105
3162	0.16044431924819946
3163	0.16046234965324402
3164	0.16048651933670044
3165	0.1604926437139511
3166	0.1604994386434555
3167	0.16050416231155396
3168	0.16050635278224945
3169	0.16050972044467926
3170	0.16052581369876862
3171	0.16053634881973267
3172	0.16054150462150574
3173	0.16056066751480103
3174	0.16057537496089935
3175	0.16058796644210815
3176	0.1606041043996811
3177	0.16061486303806305
3178	0.16062046587467194
3179	0.16062840819358826
3180	0.16067390143871307
3181	0.16068729758262634
3182	0.16068899631500244
3183	0.16069187223911285
3184	0.16069594025611877
3185	0.1607041358947754
3186	0.1607215255498886
3187	0.1607493758201599
3188	0.16077429056167603
3189	0.16079141199588776
3190	0.160797119140625
3191	0.1608031541109085
3192	0.1608041375875473
3193	0.16081564128398895
3194	0.16084739565849304
3195	0.16085262596607208
3196	0.16085566580295563
3197	0.16086725890636444
3198	0.16087153553962708
3199	0.16087664663791656
3200	0.16088204085826874
3201	0.16089212894439697
3202	0.1608954668045044
3203	0.16090431809425354
3204	0.16090556979179382
3205	0.16093710064888
3206	0.16094212234020233
3207	0.16098792850971222
3208	0.16101159155368805
3209	0.1610225886106491
3210	0.16102556884288788
3211	0.16103246808052063
3212	0.16104276478290558
3213	0.1610548347234726
3214	0.1610674262046814
3215	0.16106928884983063
3216	0.16114108264446259
3217	0.16117334365844727
3218	0.1611757129430771
3219	0.16117677092552185
3220	0.1611793488264084
3221	0.1611819863319397
3222	0.1612040251493454
3223	0.16121000051498413
3224	0.16121289134025574
3225	0.16123203933238983
3226	0.16126376390457153
3227	0.16128212213516235
3228	0.16128391027450562
3229	0.16129615902900696
3230	0.16130757331848145
3231	0.16131123900413513
3232	0.16131483018398285
3233	0.16136473417282104
3234	0.16137318313121796
3235	0.1613970845937729
3236	0.16140219569206238
3237	0.16142387688159943
3238	0.1614418625831604
3239	0.16144666075706482
3240	0.16145886480808258
3241	0.16147951781749725
3242	0.1614825427532196
3243	0.16149704158306122
3244	0.16154076159000397
3245	0.16156674921512604
3246	0.1615697741508484
3247	0.16157566010951996
3248	0.1615963876247406
3249	0.16160425543785095
3250	0.16160711646080017
3251	0.16162355244159698
3252	0.1616283655166626
3253	0.1616329848766327
3254	0.16164371371269226
3255	0.16164863109588623
3256	0.1616508513689041
3257	0.16165278851985931
3258	0.1616576910018921
3259	0.16166718304157257
3260	0.16170646250247955
3261	0.16172145307064056
3262	0.16173459589481354
3263	0.16173723340034485
3264	0.1617574691772461
3265	0.1617632806301117
3266	0.1617918163537979
3267	0.16179397702217102
3268	0.16180433332920074
3269	0.16182976961135864
3270	0.16184751689434052
3271	0.16186204552650452
3272	0.16188500821590424
3273	0.1619381308555603
3274	0.1619454324245453
3275	0.16195236146450043
3276	0.16197291016578674
3277	0.16212241351604462
3278	0.16219666600227356
3279	0.1622023582458496
3280	0.16222015023231506
3281	0.16223305463790894
3282	0.16225209832191467
3283	0.16225306689739227
3284	0.16226741671562195
3285	0.1622704714536667
3286	0.1622917354106903
3287	0.16229461133480072
3288	0.16231347620487213
3289	0.16232413053512573
3290	0.16238760948181152
3291	0.16238868236541748
3292	0.1624096781015396
3293	0.16243667900562286
3294	0.16244390606880188
3295	0.16245120763778687
3296	0.16246098279953003
3297	0.16250236332416534
3298	0.16250286996364594
3299	0.1625286340713501
3300	0.162536159157753
3301	0.16257692873477936
3302	0.16258808970451355
3303	0.16259215772151947
3304	0.1626044511795044
3305	0.16261085867881775
3306	0.16261442005634308
3307	0.16261854767799377
3308	0.16263347864151
3309	0.16264274716377258
3310	0.16269947588443756
3311	0.162702739238739
3312	0.16270475089550018
3313	0.16271629929542542
3314	0.1627308577299118
3315	0.16275091469287872
3316	0.1627899557352066
3317	0.16279485821723938
3318	0.16282378137111664
3319	0.1628316044807434
3320	0.16285711526870728
3321	0.16286715865135193
3322	0.16289860010147095
3323	0.16291667520999908
3324	0.16292105615139008
3325	0.16293282806873322
3326	0.16294927895069122
3327	0.16296549141407013
3328	0.1629936695098877
3329	0.16299834847450256
3330	0.16300228238105774
3331	0.16300460696220398
3332	0.1630096733570099
3333	0.1630166918039322
3334	0.16302166879177094
3335	0.16303786635398865
3336	0.1630713939666748
3337	0.16308343410491943
3338	0.16308467090129852
3339	0.16309793293476105
3340	0.16311486065387726
3341	0.16313038766384125
3342	0.1631336212158203
3343	0.16321009397506714
3344	0.16321797668933868
3345	0.1632353812456131
3346	0.1632380336523056
3347	0.16327643394470215
3348	0.16329413652420044
3349	0.16330625116825104
3350	0.16331490874290466
3351	0.16331882774829865
3352	0.1633336991071701
3353	0.16333815455436707
3354	0.16335095465183258
3355	0.1633700579404831
3356	0.16339698433876038
3357	0.16340230405330658
3358	0.16341161727905273
3359	0.16342958807945251
3360	0.1634325236082077
3361	0.16344046592712402
3362	0.16344396770000458
3363	0.1634557843208313
3364	0.16345998644828796
3365	0.16347286105155945
3366	0.16348010301589966
3367	0.1635105013847351
3368	0.16352811455726624
3369	0.16353435814380646
3370	0.16354793310165405
3371	0.16355498135089874
3372	0.1635671705007553
3373	0.16357040405273438
3374	0.16358093917369843
3375	0.16359557211399078
3376	0.1636694073677063
3377	0.16367250680923462
3378	0.16371431946754456
3379	0.1637164205312729
3380	0.16377584636211395
3381	0.16377700865268707
3382	0.16378921270370483
3383	0.16381299495697021
3384	0.16384850442409515
3385	0.16385355591773987
3386	0.16385497152805328
3387	0.16387253999710083
3388	0.16389337182044983
3389	0.1639033406972885
3390	0.16391167044639587
3391	0.16395238041877747
3392	0.1639694720506668
3393	0.1639736294746399
3394	0.16398699581623077
3395	0.16401700675487518
3396	0.1640186607837677
3397	0.16402114927768707
3398	0.16403058171272278
3399	0.16403399407863617
3400	0.16405119001865387
3401	0.1640608310699463
3402	0.16407252848148346
3403	0.16407811641693115
3404	0.1640886515378952
3405	0.16409064829349518
3406	0.16409891843795776
3407	0.16411152482032776
3408	0.16412611305713654
3409	0.16412998735904694
3410	0.16414719820022583
3411	0.16415417194366455
3412	0.16418470442295074
3413	0.16419118642807007
3414	0.16421696543693542
3415	0.1642294079065323
3416	0.1642371267080307
3417	0.16424864530563354
3418	0.16425098478794098
3419	0.16425220668315887
3420	0.16428466141223907
3421	0.16429202258586884
3422	0.16430644690990448
3423	0.16431397199630737
3424	0.16435198485851288
3425	0.16435928642749786
3426	0.16449087858200073
3427	0.1645069569349289
3428	0.16451601684093475
3429	0.16452039778232574
3430	0.16456934809684753
3431	0.16458384692668915
3432	0.16459468007087708
3433	0.16459889709949493
3434	0.1646178960800171
3435	0.16464275121688843
3436	0.16466368734836578
3437	0.16468900442123413
3438	0.16470137238502502
3439	0.16471418738365173
3440	0.1647278219461441
3441	0.164737731218338
3442	0.16475149989128113
3443	0.16476145386695862
3444	0.16477662324905396
3445	0.16479520499706268
3446	0.16480405628681183
3447	0.16481898725032806
3448	0.1648268848657608
3449	0.16484476625919342
3450	0.16484905779361725
3451	0.16485847532749176
3452	0.16486616432666779
3453	0.16487263143062592
3454	0.16487982869148254
3455	0.1648944467306137
3456	0.16490386426448822
3457	0.1649065911769867
3458	0.1649451106786728
3459	0.16494609415531158
3460	0.1649535894393921
3461	0.1649562269449234
3462	0.16496767103672028
3463	0.16498424112796783
3464	0.16499094665050507
3465	0.16499987244606018
3466	0.1650637537240982
3467	0.16506482660770416
3468	0.16507013142108917
3469	0.16511256992816925
3470	0.16514594852924347
3471	0.16515298187732697
3472	0.16515709459781647
3473	0.16516713798046112
3474	0.16517621278762817
3475	0.16518928110599518
3476	0.16519708931446075
3477	0.16520625352859497
3478	0.16521239280700684
3479	0.1652218997478485
3480	0.1652328372001648
3481	0.1652468740940094
3482	0.1652931571006775
3483	0.165296271443367
3484	0.16530515253543854
3485	0.16531914472579956
3486	0.1653262972831726
3487	0.16533921658992767
3488	0.16534875333309174
3489	0.16536229848861694
3490	0.16540871560573578
3491	0.1654135137796402
3492	0.16542166471481323
3493	0.16543397307395935
3494	0.1654483675956726
3495	0.16545550525188446
3496	0.16546380519866943
3497	0.16547179222106934
3498	0.16548235714435577
3499	0.1654960662126541
3500	0.16552016139030457
3501	0.165532648563385
3502	0.16553492844104767
3503	0.16556696593761444
3504	0.16558153927326202
3505	0.1655903458595276
3506	0.16559135913848877
3507	0.16561774909496307
3508	0.16565179824829102
3509	0.16565436124801636
3510	0.16566766798496246
3511	0.16567374765872955
3512	0.16568395495414734
3513	0.16571104526519775
3514	0.16571296751499176
3515	0.16573582589626312
3516	0.1657394915819168
3517	0.1657480150461197
3518	0.16575196385383606
3519	0.16577297449111938
3520	0.16578346490859985
3521	0.16579227149486542
3522	0.16579560935497284
3523	0.16580963134765625
3524	0.16581037640571594
3525	0.1658119112253189
3526	0.16581661999225616
3527	0.1658221036195755
3528	0.16585081815719604
3529	0.16585327684879303
3530	0.16587430238723755
3531	0.16587881743907928
3532	0.16588431596755981
3533	0.16590958833694458
3534	0.1659441441297531
3535	0.16595344245433807
3536	0.1659584641456604
3537	0.16595973074436188
3538	0.16596360504627228
3539	0.16596558690071106
3540	0.165983185172081
3541	0.1660061478614807
3542	0.16625283658504486
3543	0.16626405715942383
3544	0.16628147661685944
3545	0.1662854552268982
3546	0.166306734085083
3547	0.1663239747285843
3548	0.1663743257522583
3549	0.16639754176139832
3550	0.1664179116487503
3551	0.16642750799655914
3552	0.16645270586013794
3553	0.1664876788854599
3554	0.16650144755840302
3555	0.16652506589889526
3556	0.16652601957321167
3557	0.16653160750865936
3558	0.16654269397258759
3559	0.1665448397397995
3560	0.16655291616916656
3561	0.16658784449100494
3562	0.16662034392356873
3563	0.16665019094944
3564	0.16665327548980713
3565	0.16667623817920685
3566	0.16671611368656158
3567	0.1667230874300003
3568	0.1667236089706421
3569	0.16673025488853455
3570	0.16674238443374634
3571	0.1667463630437851
3572	0.16674888134002686
3573	0.16675731539726257
3574	0.16675961017608643
3575	0.16676115989685059
3576	0.16678638756275177
3577	0.16679196059703827
3578	0.166805237531662
3579	0.1668160855770111
3580	0.16683709621429443
3581	0.16684547066688538
3582	0.16684870421886444
3583	0.16684933006763458
3584	0.16688790917396545
3585	0.16692516207695007
3586	0.1669568568468094
3587	0.1669652909040451
3588	0.1669723391532898
3589	0.16699595749378204
3590	0.1669975072145462
3591	0.16699989140033722
3592	0.16701681911945343
3593	0.16705432534217834
3594	0.16711613535881042
3595	0.16714143753051758
3596	0.16714683175086975
3597	0.16716553270816803
3598	0.1671724170446396
3599	0.16717498004436493
3600	0.16719390451908112
3601	0.1672421544790268
3602	0.16725057363510132
3603	0.1672900766134262
3604	0.16730143129825592
3605	0.1673213094472885
3606	0.16733470559120178
3607	0.16734233498573303
3608	0.16734834015369415
3609	0.16737397015094757
3610	0.16737894713878632
3611	0.16739079356193542
3612	0.1674121618270874
3613	0.1674160212278366
3614	0.16741865873336792
3615	0.16742530465126038
3616	0.16744056344032288
3617	0.1674652397632599
3618	0.16747130453586578
3619	0.1674746721982956
3620	0.16747666895389557
3621	0.1674777716398239
3622	0.167486310005188
3623	0.1674874722957611
3624	0.16749490797519684
3625	0.1675262749195099
3626	0.1675276905298233
3627	0.16753606498241425
3628	0.16755129396915436
3629	0.16756202280521393
3630	0.1675662249326706
3631	0.16756942868232727
3632	0.16758301854133606
3633	0.1676209717988968
3634	0.16762979328632355
3635	0.1676323115825653
3636	0.16763333976268768
3637	0.16767197847366333
3638	0.16767768561840057
3639	0.1676914542913437
3640	0.1677071452140808
3641	0.1677248179912567
3642	0.16774044930934906
3643	0.16775181889533997
3644	0.16775572299957275
3645	0.167764812707901
3646	0.16776728630065918
3647	0.16792500019073486
3648	0.16793686151504517
3649	0.1679377257823944
3650	0.16794750094413757
3651	0.16795110702514648
3652	0.16796797513961792
3653	0.16798052191734314
3654	0.1680387705564499
3655	0.16804173588752747
3656	0.1680431067943573
3657	0.16806820034980774
3658	0.1680711954832077
3659	0.16808508336544037
3660	0.16810758411884308
3661	0.16811904311180115
3662	0.16812658309936523
3663	0.16813349723815918
3664	0.16813577711582184
3665	0.16815349459648132
3666	0.16816163063049316
3667	0.16816535592079163
3668	0.1681801825761795
3669	0.16818389296531677
3670	0.1681976318359375
3671	0.16820360720157623
3672	0.16820788383483887
3673	0.16824479401111603
3674	0.16824942827224731
3675	0.16825604438781738
3676	0.16826824843883514
3677	0.16831769049167633
3678	0.16831928491592407
3679	0.16832295060157776
3680	0.1683434396982193
3681	0.16834595799446106
3682	0.1683570146560669
3683	0.1683599203824997
3684	0.1683720350265503
3685	0.1683775633573532
3686	0.16838616132736206
3687	0.1684008538722992
3688	0.16841359436511993
3689	0.1684465855360031
3690	0.16847442090511322
3691	0.16847962141036987
3692	0.1684836745262146
3693	0.1684907078742981
3694	0.16849306225776672
3695	0.1684972494840622
3696	0.1685011386871338
3697	0.16850842535495758
3698	0.16851116716861725
3699	0.16851705312728882
3700	0.16852550208568573
3701	0.16855518519878387
3702	0.16855701804161072
3703	0.1685599982738495
3704	0.16859668493270874
3705	0.1686210036277771
3706	0.168625608086586
3707	0.16863006353378296
3708	0.16864362359046936
3709	0.16864685714244843
3710	0.16865888237953186
3711	0.16866925358772278
3712	0.16867488622665405
3713	0.16867952048778534
3714	0.16869448125362396
3715	0.1687013953924179
3716	0.16872355341911316
3717	0.168736532330513
3718	0.16873948276042938
3719	0.16877131164073944
3720	0.1687801331281662
3721	0.16878646612167358
3722	0.16880884766578674
3723	0.16886228322982788
3724	0.16888673603534698
3725	0.16889354586601257
3726	0.16889812052249908
3727	0.16890089213848114
3728	0.16891156136989594
3729	0.16891369223594666
3730	0.16892780363559723
3731	0.1689317673444748
3732	0.16893558204174042
3733	0.16894470155239105
3734	0.16896377503871918
3735	0.16896963119506836
3736	0.16900572180747986
3737	0.1690366417169571
3738	0.16904135048389435
3739	0.16904261708259583
3740	0.16904300451278687
3741	0.16907541453838348
3742	0.16908201575279236
3743	0.16909661889076233
3744	0.1691090166568756
3745	0.16911950707435608
3746	0.169132262468338
3747	0.16914235055446625
3748	0.16914497315883636
3749	0.16917027533054352
3750	0.16917821764945984
3751	0.16918838024139404
3752	0.16927066445350647
3753	0.16928082704544067
3754	0.16928566992282867
3755	0.16929657757282257
3756	0.1693187654018402
3757	0.16932950913906097
3758	0.16934728622436523
3759	0.169351726770401
3760	0.1693662405014038
3761	0.1693831831216812
3762	0.1694074124097824
3763	0.16941018402576447
3764	0.16941186785697937
3765	0.169418603181839
3766	0.16944123804569244
3767	0.1694476157426834
3768	0.16948434710502625
3769	0.16948913037776947
3770	0.16950054466724396
3771	0.16951397061347961
3772	0.1695174127817154
3773	0.16952235996723175
3774	0.16957056522369385
3775	0.16957858204841614
3776	0.16959156095981598
3777	0.16961051523685455
3778	0.16965538263320923
3779	0.16967755556106567
3780	0.16970381140708923
3781	0.16971231997013092
3782	0.16972391307353973
3783	0.16973263025283813
3784	0.16973374783992767
3785	0.16976159811019897
3786	0.16977688670158386
3787	0.16978049278259277
3788	0.16978785395622253
3789	0.16978952288627625
3790	0.16979117691516876
3791	0.16979478299617767
3792	0.16987568140029907
3793	0.16987819969654083
3794	0.16988115012645721
3795	0.16988851130008698
3796	0.16988910734653473
3797	0.1699088215827942
3798	0.16991594433784485
3799	0.16993586719036102
3800	0.16994382441043854
3801	0.16996602714061737
3802	0.16998228430747986
3803	0.17008869349956512
3804	0.17014802992343903
3805	0.17015333473682404
3806	0.1701548844575882
3807	0.17015717923641205
3808	0.1701667457818985
3809	0.17017683386802673
3810	0.17017893493175507
3811	0.17021705210208893
3812	0.17023423314094543
3813	0.17024081945419312
3814	0.17024549841880798
3815	0.1702534407377243
3816	0.17025946080684662
3817	0.17026445269584656
3818	0.1702720820903778
3819	0.1702733337879181
3820	0.17034116387367249
3821	0.17034313082695007
3822	0.17035430669784546
3823	0.17036910355091095
3824	0.17037051916122437
3825	0.17037726938724518
3826	0.17038151621818542
3827	0.17045389115810394
3828	0.17047293484210968
3829	0.17047914862632751
3830	0.17049182951450348
3831	0.17049527168273926
3832	0.17050546407699585
3833	0.17051011323928833
3834	0.17051279544830322
3835	0.17052900791168213
3836	0.17053532600402832
3837	0.17058242857456207
3838	0.1705848127603531
3839	0.17058654129505157
3840	0.17059709131717682
3841	0.1706119179725647
3842	0.1706269085407257
3843	0.17063632607460022
3844	0.17064207792282104
3845	0.17065870761871338
3846	0.17066356539726257
3847	0.17066523432731628
3848	0.17066796123981476
3849	0.17067301273345947
3850	0.17068806290626526
3851	0.1707032322883606
3852	0.17071683704853058
3853	0.170754536986351
3854	0.1707592010498047
3855	0.17076736688613892
3856	0.1707807332277298
3857	0.1708226501941681
3858	0.1708289235830307
3859	0.1708732545375824
3860	0.17087790369987488
3861	0.17088928818702698
3862	0.1709004044532776
3863	0.17090284824371338
3864	0.17091143131256104
3865	0.1709231287240982
3866	0.17092812061309814
3867	0.17093303799629211
3868	0.17094972729682922
3869	0.1709841936826706
3870	0.17100630700588226
3871	0.17100811004638672
3872	0.1710215061903
3873	0.17104081809520721
3874	0.17106403410434723
3875	0.171071395277977
3876	0.1710752695798874
3877	0.171097069978714
3878	0.1711050271987915
3879	0.17112591862678528
3880	0.17117182910442352
3881	0.1711801439523697
3882	0.1711982637643814
3883	0.17120155692100525
3884	0.17120309174060822
3885	0.17123724520206451
3886	0.17124249041080475
3887	0.17124934494495392
3888	0.1712624579668045
3889	0.17127488553524017
3890	0.17127595841884613
3891	0.17129208147525787
3892	0.1713065654039383
3893	0.17132414877414703
3894	0.17146877944469452
3895	0.17147809267044067
3896	0.1714843362569809
3897	0.1714942306280136
3898	0.17151769995689392
3899	0.1715257316827774
3900	0.17153538763523102
3901	0.17158766090869904
3902	0.17159628868103027
3903	0.17159710824489594
3904	0.1716100424528122
3905	0.1716156005859375
3906	0.17162156105041504
3907	0.17162542045116425
3908	0.17162662744522095
3909	0.17164187133312225
3910	0.1716884970664978
3911	0.17169852554798126
3912	0.17170576751232147
3913	0.17171943187713623
3914	0.1717197149991989
3915	0.17172572016716003
3916	0.1717378795146942
3917	0.17175786197185516
3918	0.17177355289459229
3919	0.17178675532341003
3920	0.17179042100906372
3921	0.1718127429485321
3922	0.17186513543128967
3923	0.17189106345176697
3924	0.17190499603748322
3925	0.17192375659942627
3926	0.17196625471115112
3927	0.17197847366333008
3928	0.1719842106103897
3929	0.17199042439460754
3930	0.1719919890165329
3931	0.17199531197547913
3932	0.17203330993652344
3933	0.17204931378364563
3934	0.1720585823059082
3935	0.17206548154354095
3936	0.17207711935043335
3937	0.1720803827047348
3938	0.17208586633205414
3939	0.1720925271511078
3940	0.17209628224372864
3941	0.17214274406433105
3942	0.17217998206615448
3943	0.17218239605426788
3944	0.17218931019306183
3945	0.17219538986682892
3946	0.17220209538936615
3947	0.17220430076122284
3948	0.1722324788570404
3949	0.17225174605846405
3950	0.17226488888263702
3951	0.1722956746816635
3952	0.1723012775182724
3953	0.17230452597141266
3954	0.17232197523117065
3955	0.17233231663703918
3956	0.17233674228191376
3957	0.17235277593135834
3958	0.1723601371049881
3959	0.17236806452274323
3960	0.1723831444978714
3961	0.1723887175321579
3962	0.17239902913570404
3963	0.17240124940872192
3964	0.17241813242435455
3965	0.17242050170898438
3966	0.17242904007434845
3967	0.17244040966033936
3968	0.1724463254213333
3969	0.17245161533355713
3970	0.17246772348880768
3971	0.17248059809207916
3972	0.17248131334781647
3973	0.17249427735805511
3974	0.17251518368721008
3975	0.17253288626670837
3976	0.17258445918560028
3977	0.17259468138217926
3978	0.17260023951530457
3979	0.172622412443161
3980	0.17262761294841766
3981	0.17266583442687988
3982	0.17266719043254852
3983	0.1726953238248825
3984	0.1727035641670227
3985	0.17270773649215698
3986	0.17271734774112701
3987	0.17272749543190002
3988	0.172735333442688
3989	0.17273931205272675
3990	0.17277289927005768
3991	0.17277435958385468
3992	0.17278128862380981
3993	0.17279326915740967
3994	0.17280837893486023
3995	0.17282512784004211
3996	0.17284716665744781
3997	0.17285318672657013
3998	0.17288775742053986
3999	0.17291788756847382
4000	0.17293594777584076
4001	0.17294636368751526
4002	0.17294873297214508
4003	0.17296172678470612
4004	0.17297759652137756
4005	0.1729821264743805
4006	0.17298384010791779
4007	0.1729917973279953
4008	0.1729927361011505
4009	0.1729956865310669
4010	0.1730022430419922
4011	0.17300499975681305
4012	0.17301703989505768
4013	0.17303507030010223
4014	0.17303654551506042
4015	0.17304986715316772
4016	0.17305368185043335
4017	0.17305712401866913
4018	0.17306026816368103
4019	0.17308196425437927
4020	0.17309951782226562
4021	0.17311213910579681
4022	0.1731204241514206
4023	0.17313431203365326
4024	0.17314571142196655
4025	0.17315524816513062
4026	0.1731703281402588
4027	0.17319922149181366
4028	0.17320361733436584
4029	0.1732201725244522
4030	0.17322929203510284
4031	0.17325149476528168
4032	0.1732742190361023
4033	0.17330902814865112
4034	0.1733146607875824
4035	0.1733260303735733
4036	0.17337235808372498
4037	0.17339405417442322
4038	0.17342233657836914
4039	0.1734350472688675
4040	0.17344234883785248
4041	0.17345459759235382
4042	0.17346349358558655
4043	0.17350195348262787
4044	0.17352133989334106
4045	0.17352934181690216
4046	0.17354194819927216
4047	0.17354334890842438
4048	0.17358055710792542
4049	0.17358262836933136
4050	0.1736275851726532
4051	0.17363470792770386
4052	0.17364151775836945
4053	0.1736450493335724
4054	0.17365214228630066
4055	0.17365668714046478
4056	0.17366480827331543
4057	0.17366862297058105
4058	0.17370887100696564
4059	0.1737142950296402
4060	0.17376427352428436
4061	0.17380766570568085
4062	0.17381250858306885
4063	0.17382068932056427
4064	0.17384029924869537
4065	0.17384494841098785
4066	0.17385104298591614
4067	0.17385174334049225
4068	0.17386862635612488
4069	0.1738857924938202
4070	0.17389118671417236
4071	0.17390036582946777
4072	0.1739112287759781
4073	0.1739199310541153
4074	0.17392723262310028
4075	0.17393189668655396
4076	0.173953115940094
4077	0.17395511269569397
4078	0.17395633459091187
4079	0.173969104886055
4080	0.1739751100540161
4081	0.17397604882717133
4082	0.17397692799568176
4083	0.17399153113365173
4084	0.17402410507202148
4085	0.17413853108882904
4086	0.1741659790277481
4087	0.17417237162590027
4088	0.17417940497398376
4089	0.1741902232170105
4090	0.17420333623886108
4091	0.17422248423099518
4092	0.17422828078269958
4093	0.17423585057258606
4094	0.17424346506595612
4095	0.17426371574401855
4096	0.17427030205726624
4097	0.1742738038301468
4098	0.17427735030651093
4099	0.17427970468997955
4100	0.1742967814207077
4101	0.17430877685546875
4102	0.1743147373199463
4103	0.17432191967964172
4104	0.17433805763721466
4105	0.17437615990638733
4106	0.174383282661438
4107	0.174400195479393
4108	0.17442886531352997
4109	0.17443101108074188
4110	0.17445388436317444
4111	0.17445451021194458
4112	0.17445890605449677
4113	0.17450380325317383
4114	0.1745191216468811
4115	0.17454230785369873
4116	0.17456088960170746
4117	0.17458873987197876
4118	0.1746426522731781
4119	0.17464712262153625
4120	0.17465773224830627
4121	0.17467783391475677
4122	0.1746906340122223
4123	0.17470397055149078
4124	0.1747073233127594
4125	0.17471610009670258
4126	0.17472302913665771
4127	0.17474514245986938
4128	0.17474807798862457
4129	0.17475926876068115
4130	0.17476347088813782
4131	0.1747988760471344
4132	0.17481666803359985
4133	0.17485401034355164
4134	0.17485783994197845
4135	0.17485837638378143
4136	0.17486700415611267
4137	0.17487770318984985
4138	0.17488133907318115
4139	0.17488382756710052
4140	0.17489831149578094
4141	0.17490796744823456
4142	0.1749102771282196
4143	0.17491421103477478
4144	0.17493754625320435
4145	0.17497889697551727
4146	0.17499804496765137
4147	0.17502173781394958
4148	0.175024151802063
4149	0.17503295838832855
4150	0.17503556609153748
4151	0.17504294216632843
4152	0.17504775524139404
4153	0.17505820095539093
4154	0.1750599443912506
4155	0.17507684230804443
4156	0.17508386075496674
4157	0.1751115620136261
4158	0.1751178503036499
4159	0.17512740194797516
4160	0.17515616118907928
4161	0.1752159148454666
4162	0.1752326637506485
4163	0.1752399206161499
4164	0.17524126172065735
4165	0.17526137828826904
4166	0.17526228725910187
4167	0.17530643939971924
4168	0.17531003057956696
4169	0.17533151805400848
4170	0.17533424496650696
4171	0.17533628642559052
4172	0.1753462553024292
4173	0.1753551959991455
4174	0.17536063492298126
4175	0.17538724839687347
4176	0.1753985434770584
4177	0.1754147857427597
4178	0.1754206269979477
4179	0.17543698847293854
4180	0.17544317245483398
4181	0.1754608452320099
4182	0.1754940003156662
4183	0.17551305890083313
4184	0.17554230988025665
4185	0.17554716765880585
4186	0.17554810643196106
4187	0.1755675971508026
4188	0.1756332814693451
4189	0.17563983798027039
4190	0.17566248774528503
4191	0.17566369473934174
4192	0.17566634714603424
4193	0.1757117509841919
4194	0.17571614682674408
4195	0.1757204681634903
4196	0.17572586238384247
4197	0.17573486268520355
4198	0.1757809817790985
4199	0.17578141391277313
4200	0.17578527331352234
4201	0.17579880356788635
4202	0.17585010826587677
4203	0.17585213482379913
4204	0.17586158215999603
4205	0.17586606740951538
4206	0.17586752772331238
4207	0.17587630450725555
4208	0.17589765787124634
4209	0.17590998113155365
4210	0.1759134829044342
4211	0.17593231797218323
4212	0.17594097554683685
4213	0.17594999074935913
4214	0.17595279216766357
4215	0.1759585291147232
4216	0.17596681416034698
4217	0.175973042845726
4218	0.17597711086273193
4219	0.17598557472229004
4220	0.17601144313812256
4221	0.17603406310081482
4222	0.17604781687259674
4223	0.17607732117176056
4224	0.17608894407749176
4225	0.17612430453300476
4226	0.17613038420677185
4227	0.17613843083381653
4228	0.17614318430423737
4229	0.17615625262260437
4230	0.17616404592990875
4231	0.17617268860340118
4232	0.17617928981781006
4233	0.17619749903678894
4234	0.17620612680912018
4235	0.17622020840644836
4236	0.17623941600322723
4237	0.17624622583389282
4238	0.17626433074474335
4239	0.1764228194952011
4240	0.17642731964588165
4241	0.17642933130264282
4242	0.17643338441848755
4243	0.1764400452375412
4244	0.1764441728591919
4245	0.17646527290344238
4246	0.17647229135036469
4247	0.17649371922016144
4248	0.1764976978302002
4249	0.17650294303894043
4250	0.17651905119419098
4251	0.17653127014636993
4252	0.17657676339149475
4253	0.17658701539039612
4254	0.17664003372192383
4255	0.17664304375648499
4256	0.1766757071018219
4257	0.17668546736240387
4258	0.17669788002967834
4259	0.17670750617980957
4260	0.1767210215330124
4261	0.17672453820705414
4262	0.17673137784004211
4263	0.1767456829547882
4264	0.1767800748348236
4265	0.17682184278964996
4266	0.17682836949825287
4267	0.17683342099189758
4268	0.17683522403240204
4269	0.17685189843177795
4270	0.1768573373556137
4271	0.17686057090759277
4272	0.17687618732452393
4273	0.17688888311386108
4274	0.1769026666879654
4275	0.17691314220428467
4276	0.17693515121936798
4277	0.17694559693336487
4278	0.17695841193199158
4279	0.17695924639701843
4280	0.17696493864059448
4281	0.17706792056560516
4282	0.17707575857639313
4283	0.17707915604114532
4284	0.17710775136947632
4285	0.17712725698947906
4286	0.1771641969680786
4287	0.1771727204322815
4288	0.17718899250030518
4289	0.17720524966716766
4290	0.17721913754940033
4291	0.17724278569221497
4292	0.17726871371269226
4293	0.1772797703742981
4294	0.17728450894355774
4295	0.17731787264347076
4296	0.17733344435691833
4297	0.1773425042629242
4298	0.17734360694885254
4299	0.1773466020822525
4300	0.17735688388347626
4301	0.17736418545246124
4302	0.17737631499767303
4303	0.17738157510757446
4304	0.17738497257232666
4305	0.17741002142429352
4306	0.1774202138185501
4307	0.1774236261844635
4308	0.17743130028247833
4309	0.17744222283363342
4310	0.17744556069374084
4311	0.17745721340179443
4312	0.1774718165397644
4313	0.1775321215391159
4314	0.17753924429416656
4315	0.17756351828575134
4316	0.17758135497570038
4317	0.17758755385875702
4318	0.1775955855846405
4319	0.1775999814271927
4320	0.1776210218667984
4321	0.1776525229215622
4322	0.1776539534330368
4323	0.17767171561717987
4324	0.177684485912323
4325	0.17769740521907806
4326	0.17771810293197632
4327	0.17772676050662994
4328	0.17773714661598206
4329	0.17774389684200287
4330	0.17777296900749207
4331	0.1777745485305786
4332	0.17778554558753967
4333	0.17779166996479034
4334	0.1778184175491333
4335	0.17784561216831207
4336	0.17788580060005188
4337	0.17788828909397125
4338	0.17792801558971405
4339	0.17792952060699463
4340	0.1779339760541916
4341	0.1779375523328781
4342	0.17793942987918854
4343	0.17795084416866302
4344	0.17799709737300873
4345	0.17803838849067688
4346	0.17804759740829468
4347	0.17806775867938995
4348	0.1780913770198822
4349	0.1781158596277237
4350	0.17812691628932953
4351	0.17815139889717102
4352	0.17815396189689636
4353	0.17815586924552917
4354	0.17817559838294983
4355	0.17822207510471344
4356	0.17822474241256714
4357	0.1782265305519104
4358	0.1782383918762207
4359	0.17824134230613708
4360	0.17824457585811615
4361	0.1782497614622116
4362	0.1782499998807907
4363	0.178261861205101
4364	0.17827315628528595
4365	0.17828825116157532
4366	0.17831191420555115
4367	0.17831581830978394
4368	0.1783272922039032
4369	0.1783587485551834
4370	0.17836037278175354
4371	0.1783641278743744
4372	0.1783653050661087
4373	0.17836971580982208
4374	0.17837491631507874
4375	0.1783815324306488
4376	0.178388774394989
4377	0.1784038543701172
4378	0.1784379780292511
4379	0.17844241857528687
4380	0.17846006155014038
4381	0.17846301198005676
4382	0.1784707009792328
4383	0.17847871780395508
4384	0.1784893274307251
4385	0.17849111557006836
4386	0.1785067617893219
4387	0.178521528840065
4388	0.17854750156402588
4389	0.17855830490589142
4390	0.17856232821941376
4391	0.17857447266578674
4392	0.1785900592803955
4393	0.1786147505044937
4394	0.1786237508058548
4395	0.17862939834594727
4396	0.17863771319389343
4397	0.17865192890167236
4398	0.1786537766456604
4399	0.17865826189517975
4400	0.17867401242256165
4401	0.17867551743984222
4402	0.17871782183647156
4403	0.17872832715511322
4404	0.17873752117156982
4405	0.178749680519104
4406	0.17875517904758453
4407	0.17876064777374268
4408	0.17876990139484406
4409	0.1788238286972046
4410	0.17883184552192688
4411	0.17884071171283722
4412	0.17887431383132935
4413	0.17888042330741882
4414	0.1789000928401947
4415	0.1789126992225647
4416	0.1789313405752182
4417	0.1789427250623703
4418	0.17895792424678802
4419	0.17897272109985352
4420	0.17898578941822052
4421	0.17899112403392792
4422	0.17900627851486206
4423	0.17902091145515442
4424	0.17902535200119019
4425	0.179029643535614
4426	0.17904295027256012
4427	0.17906974256038666
4428	0.17909100651741028
4429	0.1790938526391983
4430	0.1791001707315445
4431	0.1791115701198578
4432	0.17912916839122772
4433	0.17925024032592773
4434	0.1792580634355545
4435	0.17926418781280518
4436	0.17926819622516632
4437	0.17927850782871246
4438	0.1793067455291748
4439	0.17930790781974792
4440	0.17932507395744324
4441	0.17933997511863708
4442	0.17935962975025177
4443	0.17936702072620392
4444	0.17939186096191406
4445	0.17940104007720947
4446	0.179411843419075
4447	0.17941869795322418
4448	0.17942224442958832
4449	0.17943981289863586
4450	0.17944513261318207
4451	0.1794746220111847
4452	0.17948435246944427
4453	0.179499089717865
4454	0.17950111627578735
4455	0.17950499057769775
4456	0.1795111745595932
4457	0.1795215904712677
4458	0.17952291667461395
4459	0.17952515184879303
4460	0.1795293092727661
4461	0.17957240343093872
4462	0.1795807182788849
4463	0.17958548665046692
4464	0.17959246039390564
4465	0.17959293723106384
4466	0.17962050437927246
4467	0.1796330064535141
4468	0.17964023351669312
4469	0.17967210710048676
4470	0.17969998717308044
4471	0.17971403896808624
4472	0.17971602082252502
4473	0.17972992360591888
4474	0.17981992661952972
4475	0.17983222007751465
4476	0.17984628677368164
4477	0.1798480600118637
4478	0.17986120283603668
4479	0.1798928678035736
4480	0.17992083728313446
4481	0.1799287348985672
4482	0.1800362765789032
4483	0.18004001677036285
4484	0.18004374206066132
4485	0.18006277084350586
4486	0.18007178604602814
4487	0.18008677661418915
4488	0.1800953447818756
4489	0.18010291457176208
4490	0.18010686337947845
4491	0.18011322617530823
4492	0.18011528253555298
4493	0.1801501214504242
4494	0.18015126883983612
4495	0.18016251921653748
4496	0.18016859889030457
4497	0.18017929792404175
4498	0.18019701540470123
4499	0.1802167296409607
4500	0.1802198737859726
4501	0.18022067844867706
4502	0.18022511899471283
4503	0.18024109303951263
4504	0.18024514615535736
4505	0.18026231229305267
4506	0.18028533458709717
4507	0.18028713762760162
4508	0.18030193448066711
4509	0.18031872808933258
4510	0.18032945692539215
4511	0.1803332269191742
4512	0.1803576648235321
4513	0.18039493262767792
4514	0.18043416738510132
4515	0.18045176565647125
4516	0.18046648800373077
4517	0.18048304319381714
4518	0.1804865449666977
4519	0.18050219118595123
4520	0.1805095672607422
4521	0.18053147196769714
4522	0.18053655326366425
4523	0.18055805563926697
4524	0.18055932223796844
4525	0.1806165724992752
4526	0.1806437224149704
4527	0.18064838647842407
4528	0.1806500256061554
4529	0.1806587278842926
4530	0.18067145347595215
4531	0.18069323897361755
4532	0.1806964874267578
4533	0.1807231456041336
4534	0.18073132634162903
4535	0.18073906004428864
4536	0.18074215948581696
4537	0.18074896931648254
4538	0.1807592660188675
4539	0.1807653307914734
4540	0.18077261745929718
4541	0.18078796565532684
4542	0.18079611659049988
4543	0.18080353736877441
4544	0.18080595135688782
4545	0.18081101775169373
4546	0.1808309406042099
4547	0.18083490431308746
4548	0.18084892630577087
4549	0.18087191879749298
4550	0.1808914840221405
4551	0.18089687824249268
4552	0.1809254288673401
4553	0.18093623220920563
4554	0.1810043752193451
4555	0.18100790679454803
4556	0.18102861940860748
4557	0.18103563785552979
4558	0.1810527890920639
4559	0.18105731904506683
4560	0.18105997145175934
4561	0.18106886744499207
4562	0.18107503652572632
4563	0.18107986450195312
4564	0.18108384311199188
4565	0.18108506500720978
4566	0.18111552298069
4567	0.18112042546272278
4568	0.18113617599010468
4569	0.18114466965198517
4570	0.18115919828414917
4571	0.18116500973701477
4572	0.18118074536323547
4573	0.1812111735343933
4574	0.1812363862991333
4575	0.1812448650598526
4576	0.1812509447336197
4577	0.18127106130123138
4578	0.18129122257232666
4579	0.18129757046699524
4580	0.181304469704628
4581	0.18131321668624878
4582	0.18132205307483673
4583	0.1813412755727768
4584	0.18135981261730194
4585	0.18136489391326904
4586	0.18137650191783905
4587	0.1814015805721283
4588	0.18141549825668335
4589	0.18153171241283417
4590	0.1815555989742279
4591	0.1815626174211502
4592	0.18157799541950226
4593	0.18158845603466034
4594	0.18159790337085724
4595	0.1816069334745407
4596	0.18161652982234955
4597	0.1816238909959793
4598	0.18164017796516418
4599	0.18171559274196625
4600	0.18173018097877502
4601	0.1817341297864914
4602	0.18174055218696594
4603	0.18175263702869415
4604	0.1817660629749298
4605	0.18177787959575653
4606	0.18180958926677704
4607	0.181819349527359
4608	0.18183636665344238
4609	0.18184328079223633
4610	0.18184584379196167
4611	0.18186292052268982
4612	0.18186569213867188
4613	0.18186736106872559
4614	0.181883305311203
4615	0.1818956434726715
4616	0.1819080114364624
4617	0.18191257119178772
4618	0.18192072212696075
4619	0.18199215829372406
4620	0.1820031851530075
4621	0.18201673030853271
4622	0.18202590942382812
4623	0.18203231692314148
4624	0.18204249441623688
4625	0.18205972015857697
4626	0.18206124007701874
4627	0.18206411600112915
4628	0.18207435309886932
4629	0.18208159506320953
4630	0.18213465809822083
4631	0.18217185139656067
4632	0.1821747124195099
4633	0.18218405544757843
4634	0.1821858286857605
4635	0.1822095513343811
4636	0.18221363425254822
4637	0.18221504986286163
4638	0.1822269856929779
4639	0.18223845958709717
4640	0.18224993348121643
4641	0.1822618991136551
4642	0.18226464092731476
4643	0.18227742612361908
4644	0.18230023980140686
4645	0.18230490386486053
4646	0.18231000006198883
4647	0.18232765793800354
4648	0.1823507398366928
4649	0.18235374987125397
4650	0.1823592633008957
4651	0.18236476182937622
4652	0.18237683176994324
4653	0.18241681158542633
4654	0.18242333829402924
4655	0.18257537484169006
4656	0.18258459866046906
4657	0.18261177837848663
4658	0.18262360990047455
4659	0.18267351388931274
4660	0.1826781928539276
4661	0.18268178403377533
4662	0.1828637421131134
4663	0.18286412954330444
4664	0.18286830186843872
4665	0.1829080432653427
4666	0.1829652190208435
4667	0.18297584354877472
4668	0.18303506076335907
4669	0.18303650617599487
4670	0.1830434799194336
4671	0.1830490380525589
4672	0.18306893110275269
4673	0.18308313190937042
4674	0.18308661878108978
4675	0.18310151994228363
4676	0.18310627341270447
4677	0.1831139326095581
4678	0.18311503529548645
4679	0.18313582241535187
4680	0.1831546127796173
4681	0.1831788420677185
4682	0.1831810027360916
4683	0.18318502604961395
4684	0.18318983912467957
4685	0.18319910764694214
4686	0.18322709202766418
4687	0.18330559134483337
4688	0.1833084523677826
4689	0.18332162499427795
4690	0.18332745134830475
4691	0.18333402276039124
4692	0.18333430588245392
4693	0.18335136771202087
4694	0.18339702486991882
4695	0.18345068395137787
4696	0.1834653615951538
4697	0.1834764927625656
4698	0.18353071808815002
4699	0.18356108665466309
4700	0.1835630089044571
4701	0.18356387317180634
4702	0.18357054889202118
4703	0.18361540138721466
4704	0.18362902104854584
4705	0.18362957239151
4706	0.18364234268665314
4707	0.1836438924074173
4708	0.1836802214384079
4709	0.18368740379810333
4710	0.1837073415517807
4711	0.18371403217315674
4712	0.1837245374917984
4713	0.18372710049152374
4714	0.1837303638458252
4715	0.18375921249389648
4716	0.18376117944717407
4717	0.18377383053302765
4718	0.18378067016601562
4719	0.18378955125808716
4720	0.18379518389701843
4721	0.18379908800125122
4722	0.18380063772201538
4723	0.18381096422672272
4724	0.18381521105766296
4725	0.18391767144203186
4726	0.183919295668602
4727	0.18393953144550323
4728	0.18394631147384644
4729	0.18395821750164032
4730	0.18396712839603424
4731	0.18401485681533813
4732	0.18401579558849335
4733	0.18402282893657684
4734	0.18404215574264526
4735	0.18405166268348694
4736	0.18405312299728394
4737	0.18406832218170166
4738	0.1840725541114807
4739	0.18407753109931946
4740	0.18407969176769257
4741	0.18408171832561493
4742	0.18408410251140594
4743	0.18409627676010132
4744	0.1841004490852356
4745	0.18413475155830383
4746	0.18421033024787903
4747	0.1842171549797058
4748	0.18428726494312286
4749	0.1842917650938034
4750	0.18429650366306305
4751	0.18431875109672546
4752	0.1843239814043045
4753	0.18433861434459686
4754	0.18434758484363556
4755	0.1843525767326355
4756	0.1844184547662735
4757	0.18443113565444946
4758	0.18443676829338074
4759	0.18443995714187622
4760	0.18444722890853882
4761	0.18445362150669098
4762	0.18446314334869385
4763	0.1844852864742279
4764	0.18449676036834717
4765	0.18450185656547546
4766	0.184513121843338
4767	0.18451793491840363
4768	0.18454845249652863
4769	0.1845615804195404
4770	0.18456703424453735
4771	0.1845746636390686
4772	0.1845817118883133
4773	0.18459005653858185
4774	0.18459327518939972
4775	0.18460510671138763
4776	0.18466784060001373
4777	0.1846819818019867
4778	0.18469318747520447
4779	0.18469658493995667
4780	0.18470856547355652
4781	0.18471235036849976
4782	0.18473131954669952
4783	0.18475604057312012
4784	0.1847628504037857
4785	0.18477141857147217
4786	0.1847836673259735
4787	0.18480756878852844
4788	0.18480940163135529
4789	0.1848391890525818
4790	0.18486541509628296
4791	0.18489401042461395
4792	0.18491032719612122
4793	0.1849159300327301
4794	0.18492695689201355
4795	0.18493510782718658
4796	0.18493981659412384
4797	0.18494929373264313
4798	0.18495534360408783
4799	0.18496020138263702
4800	0.18496298789978027
4801	0.18497538566589355
4802	0.18502014875411987
4803	0.18502989411354065
4804	0.18503263592720032
4805	0.18505297601222992
4806	0.1850741058588028
4807	0.18510125577449799
4808	0.18510469794273376
4809	0.18512146174907684
4810	0.1851276457309723
4811	0.18513625860214233
4812	0.18516695499420166
4813	0.18523535132408142
4814	0.1852456033229828
4815	0.18524689972400665
4816	0.1852516531944275
4817	0.18527063727378845
4818	0.1852894425392151
4819	0.1852952241897583
4820	0.18531534075737
4821	0.18532182276248932
4822	0.18533483147621155
4823	0.1853562295436859
4824	0.18536844849586487
4825	0.18537361919879913
4826	0.18540023267269135
4827	0.18540805578231812
4828	0.18541362881660461
4829	0.185415580868721
4830	0.18541765213012695
4831	0.18543721735477448
4832	0.18546654284000397
4833	0.1854678839445114
4834	0.18548202514648438
4835	0.18549560010433197
4836	0.18549679219722748
4837	0.18559829890727997
4838	0.18561376631259918
4839	0.18563444912433624
4840	0.18564191460609436
4841	0.1856517493724823
4842	0.1856537014245987
4843	0.18565937876701355
4844	0.18569502234458923
4845	0.18569758534431458
4846	0.18570207059383392
4847	0.18570509552955627
4848	0.18573851883411407
4849	0.18574297428131104
4850	0.18575429916381836
4851	0.18586014211177826
4852	0.18587055802345276
4853	0.185873344540596
4854	0.18588270246982574
4855	0.1859019696712494
4856	0.1859123408794403
4857	0.18593616783618927
4858	0.18594318628311157
4859	0.18599137663841248
4860	0.18601323664188385
4861	0.1860193908214569
4862	0.18602164089679718
4863	0.18604502081871033
4864	0.18605102598667145
4865	0.18605728447437286
4866	0.18606047332286835
4867	0.18606463074684143
4868	0.18607181310653687
4869	0.18609373271465302
4870	0.18609964847564697
4871	0.18612633645534515
4872	0.1861901432275772
4873	0.18619279563426971
4874	0.18620231747627258
4875	0.18621622025966644
4876	0.18622982501983643
4877	0.1862439513206482
4878	0.18629461526870728
4879	0.18630510568618774
4880	0.18631131947040558
4881	0.18632198870182037
4882	0.18634027242660522
4883	0.18634407222270966
4884	0.186348557472229
4885	0.18645532429218292
4886	0.186458557844162
4887	0.1864900439977646
4888	0.18649666011333466
4889	0.18652068078517914
4890	0.18652720749378204
4891	0.18653418123722076
4892	0.18655942380428314
4893	0.18656063079833984
4894	0.186561718583107
4895	0.18656758964061737
4896	0.18658453226089478
4897	0.1865970939397812
4898	0.18666405975818634
4899	0.18667058646678925
4900	0.18667984008789062
4901	0.18668314814567566
4902	0.18669064342975616
4903	0.1866922676563263
4904	0.1868000626564026
4905	0.18681597709655762
4906	0.18682806193828583
4907	0.18682889640331268
4908	0.1868375986814499
4909	0.1868455857038498
4910	0.18685422837734222
4911	0.18686850368976593
4912	0.18687665462493896
4913	0.18688663840293884
4914	0.1868886500597
4915	0.1868947148323059
4916	0.1869046688079834
4917	0.18692359328269958
4918	0.18694473803043365
4919	0.18695126473903656
4920	0.1870105266571045
4921	0.1870124340057373
4922	0.1870422661304474
4923	0.1870485246181488
4924	0.18706634640693665
4925	0.18707360327243805
4926	0.18710915744304657
4927	0.18712377548217773
4928	0.18713945150375366
4929	0.18720856308937073
4930	0.18721242249011993
4931	0.18722084164619446
4932	0.18723978102207184
4933	0.18725109100341797
4934	0.18725714087486267
4935	0.1872616857290268
4936	0.18729336559772491
4937	0.18732190132141113
4938	0.1873236894607544
4939	0.18733100593090057
4940	0.18735371530056
4941	0.1873912662267685
4942	0.18739457428455353
4943	0.18739838898181915
4944	0.1874001920223236
4945	0.1874186098575592
4946	0.1874341517686844
4947	0.18745262920856476
4948	0.18746592104434967
4949	0.18746766448020935
4950	0.1874716430902481
4951	0.1874838024377823
4952	0.1874861866235733
4953	0.18749172985553741
4954	0.18749402463436127
4955	0.1875024288892746
4956	0.187503382563591
4957	0.18753285706043243
4958	0.1875523030757904
4959	0.18755853176116943
4960	0.18757230043411255
4961	0.18757960200309753
4962	0.18758541345596313
4963	0.18759167194366455
4964	0.18759630620479584
4965	0.18760225176811218
4966	0.18760693073272705
4967	0.18762485682964325
4968	0.18763546645641327
4969	0.18764004111289978
4970	0.18764205276966095
4971	0.18765433132648468
4972	0.18766941130161285
4973	0.1876736730337143
4974	0.18768537044525146
4975	0.18768875300884247
4976	0.18769775331020355
4977	0.18770262598991394
4978	0.18770459294319153
4979	0.187721848487854
4980	0.1877298206090927
4981	0.18773174285888672
4982	0.18773359060287476
4983	0.1877383291721344
4984	0.1877407729625702
4985	0.18774552643299103
4986	0.1877729296684265
4987	0.18778425455093384
4988	0.18780779838562012
4989	0.18781068921089172
4990	0.1878192275762558
4991	0.18782305717468262
4992	0.18782928586006165
4993	0.18783313035964966
4994	0.18784740567207336
4995	0.18786874413490295
4996	0.18789084255695343
4997	0.1878991425037384
4998	0.18790483474731445
4999	0.18790926039218903
5000	0.18791289627552032
5001	0.18793098628520966
5002	0.1879352629184723
5003	0.18796636164188385
5004	0.18798823654651642
5005	0.18800440430641174
5006	0.1880081295967102
5007	0.18801365792751312
5008	0.1880340278148651
5009	0.18807020783424377
5010	0.18807344138622284
5011	0.18807707726955414
5012	0.18810322880744934
5013	0.18811830878257751
5014	0.18813163042068481
5015	0.1881469488143921
5016	0.18815170228481293
5017	0.18817204236984253
5018	0.18820863962173462
5019	0.18823352456092834
5020	0.18824505805969238
5021	0.18824587762355804
5022	0.1882731169462204
5023	0.1882738620042801
5024	0.18828770518302917
5025	0.18830141425132751
5026	0.18830564618110657
5027	0.1883101463317871
5028	0.18831922113895416
5029	0.18832290172576904
5030	0.18834170699119568
5031	0.1883535385131836
5032	0.18837112188339233
5033	0.1883738934993744
5034	0.18838125467300415
5035	0.18839548528194427
5036	0.1884133219718933
5037	0.188414067029953
5038	0.18842360377311707
5039	0.18843159079551697
5040	0.18844610452651978
5041	0.18845558166503906
5042	0.188481867313385
5043	0.18848945200443268
5044	0.18852457404136658
5045	0.18864378333091736
5046	0.1886521875858307
5047	0.18866173923015594
5048	0.1886838674545288
5049	0.1886902004480362
5050	0.18870295584201813
5051	0.1887173354625702
5052	0.18872220814228058
5053	0.1887410581111908
5054	0.18874980509281158
5055	0.18875809013843536
5056	0.18876902759075165
5057	0.18877765536308289
5058	0.18878987431526184
5059	0.18879221379756927
5060	0.1887950301170349
5061	0.18880145251750946
5062	0.18881899118423462
5063	0.188823863863945
5064	0.18882694840431213
5065	0.1889175921678543
5066	0.18896402418613434
5067	0.18896496295928955
5068	0.18897150456905365
5069	0.1889776736497879
5070	0.1889840066432953
5071	0.18900464475154877
5072	0.1890111267566681
5073	0.1890120655298233
5074	0.18902280926704407
5075	0.18903081119060516
5076	0.1890401989221573
5077	0.18905009329319
5078	0.1890602856874466
5079	0.18907217681407928
5080	0.1890862137079239
5081	0.18908940255641937
5082	0.18909548223018646
5083	0.18909938633441925
5084	0.18910205364227295
5085	0.1891055703163147
5086	0.18911583721637726
5087	0.18912334740161896
5088	0.18917234241962433
5089	0.18918128311634064
5090	0.18919090926647186
5091	0.1892096996307373
5092	0.18921075761318207
5093	0.18923190236091614
5094	0.189242422580719
5095	0.18924903869628906
5096	0.18925133347511292
5097	0.18926244974136353
5098	0.18929226696491241
5099	0.18929390609264374
5100	0.18930268287658691
5101	0.18932653963565826
5102	0.1893271952867508
5103	0.18933609127998352
5104	0.18934553861618042
5105	0.1893528699874878
5106	0.18935427069664001
5107	0.18935784697532654
5108	0.18941336870193481
5109	0.1896960437297821
5110	0.18969981372356415
5111	0.18970322608947754
5112	0.18970580399036407
5113	0.18972286581993103
5114	0.18972481787204742
5115	0.18974702060222626
5116	0.18975301086902618
5117	0.1897645741701126
5118	0.18978643417358398
5119	0.1898178607225418
5120	0.18987229466438293
5121	0.18987277150154114
5122	0.18988315761089325
5123	0.1898883581161499
5124	0.18991486728191376
5125	0.1899205893278122
5126	0.18992266058921814
5127	0.18996094167232513
5128	0.18996189534664154
5129	0.18997205793857574
5130	0.18999157845973969
5131	0.19002187252044678
5132	0.19003655016422272
5133	0.19013233482837677
5134	0.19014184176921844
5135	0.19015057384967804
5136	0.19024880230426788
5137	0.19025945663452148
5138	0.19026736915111542
5139	0.1902715563774109
5140	0.19029513001441956
5141	0.19029735028743744
5142	0.19030189514160156
5143	0.19030609726905823
5144	0.19032245874404907
5145	0.19033224880695343
5146	0.19035297632217407
5147	0.19036118686199188
5148	0.19039279222488403
5149	0.19039705395698547
5150	0.19042770564556122
5151	0.19043222069740295
5152	0.1904420405626297
5153	0.19045019149780273
5154	0.19045506417751312
5155	0.19046452641487122
5156	0.19046570360660553
5157	0.19048082828521729
5158	0.1905168741941452
5159	0.19053564965724945
5160	0.19053742289543152
5161	0.19056284427642822
5162	0.19056394696235657
5163	0.19056560099124908
5164	0.19057124853134155
5165	0.19057705998420715
5166	0.19058991968631744
5167	0.19062872231006622
5168	0.19066061079502106
5169	0.1906653195619583
5170	0.1906818002462387
5171	0.19068342447280884
5172	0.19070537388324738
5173	0.19071146845817566
5174	0.19071778655052185
5175	0.19073700904846191
5176	0.1907726228237152
5177	0.19077694416046143
5178	0.19077780842781067
5179	0.19080588221549988
5180	0.190807044506073
5181	0.19081349670886993
5182	0.19082151353359222
5183	0.19082848727703094
5184	0.19083303213119507
5185	0.1908535659313202
5186	0.19087079167366028
5187	0.19090266525745392
5188	0.19091449677944183
5189	0.19094061851501465
5190	0.19095465540885925
5191	0.19096536934375763
5192	0.19097545742988586
5193	0.19097928702831268
5194	0.19098016619682312
5195	0.19098158180713654
5196	0.1910000890493393
5197	0.19100946187973022
5198	0.1910196989774704
5199	0.19105415046215057
5200	0.1911492794752121
5201	0.1911543756723404
5202	0.1911577731370926
5203	0.19116418063640594
5204	0.19126150012016296
5205	0.1912641078233719
5206	0.19126957654953003
5207	0.19127251207828522
5208	0.19131578505039215
5209	0.19132331013679504
5210	0.1913261115550995
5211	0.19133363664150238
5212	0.19134962558746338
5213	0.19135697185993195
5214	0.19136971235275269
5215	0.19137363135814667
5216	0.19138425588607788
5217	0.19139859080314636
5218	0.19148898124694824
5219	0.1915031373500824
5220	0.19152262806892395
5221	0.19153660535812378
5222	0.1915474832057953
5223	0.1915641576051712
5224	0.1915750950574875
5225	0.19157767295837402
5226	0.19158367812633514
5227	0.19159802794456482
5228	0.19161105155944824
5229	0.19161969423294067
5230	0.19162265956401825
5231	0.1916409730911255
5232	0.19164370000362396
5233	0.1916504204273224
5234	0.19166868925094604
5235	0.1916741132736206
5236	0.19168724119663239
5237	0.19169211387634277
5238	0.1916995346546173
5239	0.19171640276908875
5240	0.19172275066375732
5241	0.19172684848308563
5242	0.19173237681388855
5243	0.19173650443553925
5244	0.1917550414800644
5245	0.19175516068935394
5246	0.19178877770900726
5247	0.19183078408241272
5248	0.19183751940727234
5249	0.19185784459114075
5250	0.19187301397323608
5251	0.19188304245471954
5252	0.1918860822916031
5253	0.19188885390758514
5254	0.19189763069152832
5255	0.19189921021461487
5256	0.19190116226673126
5257	0.19191886484622955
5258	0.19193676114082336
5259	0.19193792343139648
5260	0.19194699823856354
5261	0.1919504702091217
5262	0.19197608530521393
5263	0.1920289844274521
5264	0.19204165041446686
5265	0.19205591082572937
5266	0.19206728041172028
5267	0.19206878542900085
5268	0.19207991659641266
5269	0.19208884239196777
5270	0.19209593534469604
5271	0.19212302565574646
5272	0.19214937090873718
5273	0.19215039908885956
5274	0.19217394292354584
5275	0.19217953085899353
5276	0.19218672811985016
5277	0.19221043586730957
5278	0.19222351908683777
5279	0.19222815334796906
5280	0.19223374128341675
5281	0.1922370195388794
5282	0.19224704802036285
5283	0.19225192070007324
5284	0.192255899310112
5285	0.19225972890853882
5286	0.19228802621364594
5287	0.1922980099916458
5288	0.19230413436889648
5289	0.19230736792087555
5290	0.19233247637748718
5291	0.19235320389270782
5292	0.19237245619297028
5293	0.1923760324716568
5294	0.1924310028553009
5295	0.19243338704109192
5296	0.1924397051334381
5297	0.19244758784770966
5298	0.19246071577072144
5299	0.19246496260166168
5300	0.19247061014175415
5301	0.19247683882713318
5302	0.1924820840358734
5303	0.19248239696025848
5304	0.19248995184898376
5305	0.1925002485513687
5306	0.1925063282251358
5307	0.19250927865505219
5308	0.19253185391426086
5309	0.1925845444202423
5310	0.19260814785957336
5311	0.19261789321899414
5312	0.19262464344501495
5313	0.19263215363025665
5314	0.19264058768749237
5315	0.1926545649766922
5316	0.19266247749328613
5317	0.19267262518405914
5318	0.19268843531608582
5319	0.19269749522209167
5320	0.19270221889019012
5321	0.19270680844783783
5322	0.19272243976593018
5323	0.1927359253168106
5324	0.1927672028541565
5325	0.19276927411556244
5326	0.19278118014335632
5327	0.1928136944770813
5328	0.1928250789642334
5329	0.19283786416053772
5330	0.19288332760334015
5331	0.19289056956768036
5332	0.1929050087928772
5333	0.19290730357170105
5334	0.1929287165403366
5335	0.19293591380119324
5336	0.19296163320541382
5337	0.19296696782112122
5338	0.19297195971012115
5339	0.19297952950000763
5340	0.19299034774303436
5341	0.19299860298633575
5342	0.19300411641597748
5343	0.19305720925331116
5344	0.1930588036775589
5345	0.19307051599025726
5346	0.19307659566402435
5347	0.19307994842529297
5348	0.1931239515542984
5349	0.19312694668769836
5350	0.19312936067581177
5351	0.19313088059425354
5352	0.1931602507829666
5353	0.1931760013103485
5354	0.1931835263967514
5355	0.1932382881641388
5356	0.1932520717382431
5357	0.19326895475387573
5358	0.19327102601528168
5359	0.19327379763126373
5360	0.19327522814273834
5361	0.19328227639198303
5362	0.19328540563583374
5363	0.19329142570495605
5364	0.19329290091991425
5365	0.19329527020454407
5366	0.1932983696460724
5367	0.1933002471923828
5368	0.19330304861068726
5369	0.19332434237003326
5370	0.19332650303840637
5371	0.19333092868328094
5372	0.1933354139328003
5373	0.19343814253807068
5374	0.19344964623451233
5375	0.19345366954803467
5376	0.1934923678636551
5377	0.1935000866651535
5378	0.19350194931030273
5379	0.19350704550743103
5380	0.19351807236671448
5381	0.1935444176197052
5382	0.1935664713382721
5383	0.1935770958662033
5384	0.19358238577842712
5385	0.19358964264392853
5386	0.1935909241437912
5387	0.19359411299228668
5388	0.19360500574111938
5389	0.19363360106945038
5390	0.1936531960964203
5391	0.19365517795085907
5392	0.19366373121738434
5393	0.19366681575775146
5394	0.19367142021656036
5395	0.19367794692516327
5396	0.19368648529052734
5397	0.19379004836082458
5398	0.19379284977912903
5399	0.19379740953445435
5400	0.19380879402160645
5401	0.19381780922412872
5402	0.1938202977180481
5403	0.19383132457733154
5404	0.19383776187896729
5405	0.19384029507637024
5406	0.19385208189487457
5407	0.19386985898017883
5408	0.19388127326965332
5409	0.19390816986560822
5410	0.19391773641109467
5411	0.19395919144153595
5412	0.1939617246389389
5413	0.19406910240650177
5414	0.19408370554447174
5415	0.19410552084445953
5416	0.19410841166973114
5417	0.194120392203331
5418	0.19412413239479065
5419	0.19413834810256958
5420	0.19414304196834564
5421	0.19414794445037842
5422	0.1941552311182022
5423	0.19415883719921112
5424	0.19419316947460175
5425	0.19423551857471466
5426	0.1942402571439743
5427	0.19424666464328766
5428	0.19425274431705475
5429	0.19425570964813232
5430	0.1942593902349472
5431	0.19426454603672028
5432	0.194283127784729
5433	0.1942846179008484
5434	0.1942889392375946
5435	0.1943398267030716
5436	0.19435548782348633
5437	0.1944112777709961
5438	0.19442185759544373
5439	0.1944269835948944
5440	0.1944313943386078
5441	0.19444584846496582
5442	0.19444787502288818
5443	0.1944650262594223
5444	0.19447340071201324
5445	0.19447553157806396
5446	0.19448791444301605
5447	0.19448904693126678
5448	0.19449573755264282
5449	0.1945125162601471
5450	0.1945336014032364
5451	0.19454552233219147
5452	0.19455605745315552
5453	0.19455890357494354
5454	0.19466069340705872
5455	0.19468477368354797
5456	0.19468918442726135
5457	0.1947006732225418
5458	0.19473415613174438
5459	0.19474242627620697
5460	0.19477155804634094
5461	0.1947770118713379
5462	0.1947857141494751
5463	0.1948205977678299
5464	0.19482330977916718
5465	0.19486387073993683
5466	0.19487729668617249
5467	0.1948797106742859
5468	0.19488941133022308
5469	0.1950143277645111
5470	0.19502151012420654
5471	0.19502714276313782
5472	0.1950346678495407
5473	0.19503726065158844
5474	0.1950661689043045
5475	0.19507502019405365
5476	0.19507770240306854
5477	0.1950867474079132
5478	0.19510430097579956
5479	0.1951236128807068
5480	0.19512870907783508
5481	0.19514413177967072
5482	0.19515031576156616
5483	0.19515739381313324
5484	0.19517835974693298
5485	0.1951848715543747
5486	0.1951989233493805
5487	0.1952073723077774
5488	0.19522392749786377
5489	0.19524241983890533
5490	0.1952500343322754
5491	0.19527597725391388
5492	0.19528859853744507
5493	0.19529253244400024
5494	0.1953042894601822
5495	0.19530616700649261
5496	0.1953165978193283
5497	0.1953289955854416
5498	0.19534727931022644
5499	0.19535501301288605
5500	0.19535687565803528
5501	0.19546625018119812
5502	0.19548016786575317
5503	0.19548454880714417
5504	0.19548968970775604
5505	0.19550614058971405
5506	0.19551005959510803
5507	0.19551998376846313
5508	0.19553135335445404
5509	0.1955346167087555
5510	0.19554448127746582
5511	0.19556023180484772
5512	0.19557662308216095
5513	0.1955859661102295
5514	0.19559262692928314
5515	0.1956094652414322
5516	0.19561949372291565
5517	0.19562257826328278
5518	0.19562676548957825
5519	0.1956501305103302
5520	0.19565343856811523
5521	0.19565433263778687
5522	0.19567100703716278
5523	0.19567161798477173
5524	0.19567568600177765
5525	0.19568021595478058
5526	0.19569121301174164
5527	0.1957048922777176
5528	0.1957164853811264
5529	0.19572527706623077
5530	0.19572553038597107
5531	0.19573596119880676
5532	0.19575683772563934
5533	0.19576819241046906
5534	0.19577214121818542
5535	0.19577814638614655
5536	0.19578564167022705
5537	0.1957874745130539
5538	0.19583219289779663
5539	0.19583919644355774
5540	0.19585241377353668
5541	0.19585709273815155
5542	0.19586701691150665
5543	0.19589079916477203
5544	0.19593890011310577
5545	0.19599373638629913
5546	0.1960129737854004
5547	0.19602154195308685
5548	0.19602762162685394
5549	0.19603317975997925
5550	0.19604168832302094
5551	0.19609664380550385
5552	0.1961018145084381
5553	0.19611024856567383
5554	0.19613608717918396
5555	0.19614385068416595
5556	0.19614636898040771
5557	0.1961759477853775
5558	0.19618640840053558
5559	0.19622761011123657
5560	0.19623662531375885
5561	0.1962505578994751
5562	0.19625972211360931
5563	0.19626449048519135
5564	0.19629742205142975
5565	0.19632790982723236
5566	0.1963365525007248
5567	0.1963484287261963
5568	0.19635432958602905
5569	0.19635701179504395
5570	0.19637492299079895
5571	0.1963808238506317
5572	0.19641701877117157
5573	0.19643737375736237
5574	0.19647535681724548
5575	0.19648751616477966
5576	0.19650386273860931
5577	0.19650550186634064
5578	0.19651401042938232
5579	0.19652456045150757
5580	0.1965259164571762
5581	0.19654133915901184
5582	0.19654348492622375
5583	0.19654569029808044
5584	0.19657732546329498
5585	0.19658152759075165
5586	0.19658707082271576
5587	0.19659310579299927
5588	0.19660748541355133
5589	0.19660836458206177
5590	0.19661623239517212
5591	0.1966201663017273
5592	0.19663269817829132
5593	0.1966352015733719
5594	0.19664891064167023
5595	0.1966618001461029
5596	0.19667203724384308
5597	0.19668954610824585
5598	0.19670544564723969
5599	0.19671399891376495
5600	0.19672292470932007
5601	0.19672362506389618
5602	0.196767657995224
5603	0.19677236676216125
5604	0.19680656492710114
5605	0.19681543111801147
5606	0.19682534039020538
5607	0.19684778153896332
5608	0.19685140252113342
5609	0.19686289131641388
5610	0.19686995446681976
5611	0.19688893854618073
5612	0.1968919187784195
5613	0.19689568877220154
5614	0.19689632952213287
5615	0.19692791998386383
5616	0.1969432830810547
5617	0.1969713419675827
5618	0.19697463512420654
5619	0.1969967782497406
5620	0.19699814915657043
5621	0.19700078666210175
5622	0.1970025599002838
5623	0.19716715812683105
5624	0.19717510044574738
5625	0.19717705249786377
5626	0.19718576967716217
5627	0.19718928635120392
5628	0.19719678163528442
5629	0.19719786942005157
5630	0.19721874594688416
5631	0.19722290337085724
5632	0.1972263753414154
5633	0.19723480939865112
5634	0.19723768532276154
5635	0.19724105298519135
5636	0.19725841283798218
5637	0.19727645814418793
5638	0.19727765023708344
5639	0.1972932368516922
5640	0.19731153547763824
5641	0.19732549786567688
5642	0.19733043015003204
5643	0.19733238220214844
5644	0.19734029471874237
5645	0.19734156131744385
5646	0.1973513960838318
5647	0.1973717361688614
5648	0.1973726898431778
5649	0.1973920315504074
5650	0.19741611182689667
5651	0.19743779301643372
5652	0.19745835661888123
5653	0.19747531414031982
5654	0.19747649133205414
5655	0.19748812913894653
5656	0.19749633967876434
5657	0.1975002884864807
5658	0.1975146383047104
5659	0.19753453135490417
5660	0.19755518436431885
5661	0.1975676417350769
5662	0.19757312536239624
5663	0.19758470356464386
5664	0.19761922955513
5665	0.19762486219406128
5666	0.1976315677165985
5667	0.19763553142547607
5668	0.19764165580272675
5669	0.1976761519908905
5670	0.197706401348114
5671	0.19775578379631042
5672	0.19776283204555511
5673	0.19778548181056976
5674	0.19781145453453064
5675	0.1978183090686798
5676	0.1978248655796051
5677	0.1978311687707901
5678	0.19784250855445862
5679	0.19784541428089142
5680	0.19785866141319275
5681	0.19786407053470612
5682	0.19786901772022247
5683	0.19788677990436554
5684	0.19792068004608154
5685	0.19792351126670837
5686	0.19792532920837402
5687	0.19793562591075897
5688	0.19794069230556488
5689	0.1979435533285141
5690	0.19795015454292297
5691	0.19796347618103027
5692	0.19796456396579742
5693	0.19801045954227448
5694	0.19801579415798187
5695	0.19805054366588593
5696	0.19805723428726196
5697	0.19806411862373352
5698	0.1980726569890976
5699	0.19807572662830353
5700	0.19808267056941986
5701	0.1981062889099121
5702	0.19813252985477448
5703	0.19814389944076538
5704	0.19817011058330536
5705	0.19817514717578888
5706	0.19818541407585144
5707	0.1981881707906723
5708	0.19818870723247528
5709	0.1981905996799469
5710	0.19820146262645721
5711	0.19827470183372498
5712	0.19829174876213074
5713	0.19830214977264404
5714	0.1983044594526291
5715	0.19831660389900208
5716	0.19832190871238708
5717	0.19836342334747314
5718	0.19839105010032654
5719	0.19840627908706665
5720	0.19841569662094116
5721	0.19844834506511688
5722	0.19849804043769836
5723	0.1985190063714981
5724	0.19852721691131592
5725	0.1985427737236023
5726	0.19855746626853943
5727	0.19856083393096924
5728	0.19857315719127655
5729	0.1985955685377121
5730	0.19861172139644623
5731	0.19862504303455353
5732	0.19862930476665497
5733	0.19864214956760406
5734	0.19865116477012634
5735	0.19867047667503357
5736	0.19867156445980072
5737	0.19867582619190216
5738	0.19868025183677673
5739	0.1986987143754959
5740	0.1987079232931137
5741	0.19872692227363586
5742	0.19873327016830444
5743	0.19873479008674622
5744	0.19874536991119385
5745	0.19881856441497803
5746	0.19883358478546143
5747	0.19886884093284607
5748	0.19886960089206696
5749	0.19887122511863708
5750	0.19893328845500946
5751	0.19893474876880646
5752	0.19894133508205414
5753	0.19899596273899078
5754	0.19900371134281158
5755	0.19901251792907715
5756	0.19903422892093658
5757	0.1990375816822052
5758	0.19904477894306183
5759	0.19905562698841095
5760	0.19908061623573303
5761	0.1990947127342224
5762	0.19910049438476562
5763	0.19910109043121338
5764	0.1991163045167923
5765	0.19912026822566986
5766	0.19914090633392334
5767	0.19915203750133514
5768	0.19915536046028137
5769	0.1991652101278305
5770	0.19916892051696777
5771	0.19917507469654083
5772	0.1992044895887375
5773	0.19920675456523895
5774	0.19922350347042084
5775	0.1992274820804596
5776	0.19923032820224762
5777	0.1992441713809967
5778	0.19924713671207428
5779	0.19926026463508606
5780	0.1992698609828949
5781	0.19929026067256927
5782	0.19929708540439606
5783	0.19929978251457214
5784	0.19931142032146454
5785	0.19931291043758392
5786	0.19931790232658386
5787	0.1993308961391449
5788	0.19933295249938965
5789	0.1993442177772522
5790	0.19934788346290588
5791	0.19935563206672668
5792	0.19936087727546692
5793	0.19936680793762207
5794	0.19936850666999817
5795	0.19944040477275848
5796	0.19953078031539917
5797	0.1995348483324051
5798	0.19954144954681396
5799	0.19954495131969452
5800	0.1995849907398224
5801	0.1995912343263626
5802	0.19959352910518646
5803	0.1996169090270996
5804	0.1996285617351532
5805	0.19980725646018982
5806	0.19981658458709717
5807	0.19982574880123138
5808	0.19985297322273254
5809	0.1998548060655594
5810	0.1998785138130188
5811	0.19988416135311127
5812	0.19989359378814697
5813	0.19991278648376465
5814	0.19991587102413177
5815	0.19995103776454926
5816	0.19995377957820892
5817	0.19996142387390137
5818	0.19997359812259674
5819	0.20002400875091553
5820	0.20003536343574524
5821	0.20003943145275116
5822	0.20004993677139282
5823	0.20005439221858978
5824	0.20005840063095093
5825	0.20006652176380157
5826	0.20006994903087616
5827	0.20007914304733276
5828	0.20008213818073273
5829	0.20010295510292053
5830	0.2001110315322876
5831	0.20011791586875916
5832	0.20012322068214417
5833	0.20015431940555573
5834	0.20021064579486847
5835	0.200212761759758
5836	0.20022961497306824
5837	0.20023010671138763
5838	0.20024780929088593
5839	0.20025764405727386
5840	0.20025873184204102
5841	0.20026959478855133
5842	0.20027706027030945
5843	0.2002810537815094
5844	0.20029406249523163
5845	0.20029480755329132
5846	0.2003069370985031
5847	0.20032045245170593
5848	0.2003333419561386
5849	0.2003720998764038
5850	0.2003777027130127
5851	0.2003791183233261
5852	0.20038847625255585
5853	0.20039799809455872
5854	0.20040088891983032
5855	0.2004094123840332
5856	0.20041397213935852
5857	0.2004178911447525
5858	0.20042546093463898
5859	0.20043155550956726
5860	0.20044289529323578
5861	0.20044462382793427
5862	0.20046010613441467
5863	0.2004687637090683
5864	0.20047491788864136
5865	0.20047786831855774
5866	0.20049570500850677
5867	0.2005312293767929
5868	0.2005322277545929
5869	0.20053578913211823
5870	0.20058198273181915
5871	0.20059728622436523
5872	0.20060700178146362
5873	0.2006300687789917
5874	0.2006545066833496
5875	0.20066438615322113
5876	0.20071497559547424
5877	0.20074261724948883
5878	0.2007455676794052
5879	0.20077459514141083
5880	0.2007756531238556
5881	0.20078454911708832
5882	0.20079855620861053
5883	0.20080232620239258
5884	0.20084117352962494
5885	0.20084808766841888
5886	0.2008606195449829
5887	0.2008628100156784
5888	0.2008657306432724
5889	0.2008742094039917
5890	0.2008853256702423
5891	0.20094405114650726
5892	0.2009495198726654
5893	0.2009502649307251
5894	0.20095640420913696
5895	0.20095838606357574
5896	0.20096369087696075
5897	0.20100654661655426
5898	0.20101727545261383
5899	0.20102722942829132
5900	0.2010338008403778
5901	0.20104019343852997
5902	0.20107032358646393
5903	0.2010941058397293
5904	0.20109868049621582
5905	0.2011171132326126
5906	0.20112596452236176
5907	0.20113800466060638
5908	0.20115061104297638
5909	0.20117174088954926
5910	0.2011762410402298
5911	0.20118285715579987
5912	0.20118308067321777
5913	0.20118515193462372
5914	0.20120443403720856
5915	0.20125359296798706
5916	0.2012941986322403
5917	0.20131255686283112
5918	0.20131497085094452
5919	0.20133526623249054
5920	0.20133773982524872
5921	0.20135071873664856
5922	0.20137321949005127
5923	0.2013794332742691
5924	0.20138616859912872
5925	0.20138950645923615
5926	0.20139376819133759
5927	0.201397106051445
5928	0.20140618085861206
5929	0.20142190158367157
5930	0.20142923295497894
5931	0.2014339417219162
5932	0.20143556594848633
5933	0.20144225656986237
5934	0.2014579176902771
5935	0.20146678388118744
5936	0.20147137343883514
5937	0.20147494971752167
5938	0.20147792994976044
5939	0.20147959887981415
5940	0.2014804184436798
5941	0.20148460566997528
5942	0.20150788128376007
5943	0.201566681265831
5944	0.20158477127552032
5945	0.2015867978334427
5946	0.2015930712223053
5947	0.20160812139511108
5948	0.2016270011663437
5949	0.20163008570671082
5950	0.20165441930294037
5951	0.2016659677028656
5952	0.2016749233007431
5953	0.20168831944465637
5954	0.20169107615947723
5955	0.20169605314731598
5956	0.20170366764068604
5957	0.20170870423316956
5958	0.2017139196395874
5959	0.20172695815563202
5960	0.20173944532871246
5961	0.20174148678779602
5962	0.20174525678157806
5963	0.201750248670578
5964	0.20175379514694214
5965	0.20176096260547638
5966	0.20178522169589996
5967	0.20178960263729095
5968	0.20179325342178345
5969	0.20180489122867584
5970	0.20186538994312286
5971	0.20189765095710754
5972	0.20190556347370148
5973	0.20197398960590363
5974	0.20198099315166473
5975	0.20198211073875427
5976	0.2019997239112854
5977	0.20201437175273895
5978	0.20203083753585815
5979	0.20206400752067566
5980	0.20207513868808746
5981	0.20210789144039154
5982	0.20211274921894073
5983	0.20212961733341217
5984	0.20213474333286285
5985	0.2021627277135849
5986	0.20216834545135498
5987	0.20218466222286224
5988	0.20218832790851593
5989	0.2021898329257965
5990	0.20219068229198456
5991	0.20219624042510986
5992	0.20220571756362915
5993	0.202239990234375
5994	0.2022455781698227
5995	0.20225892961025238
5996	0.20227092504501343
5997	0.20227959752082825
5998	0.20230251550674438
5999	0.2023029774427414
6000	0.20230849087238312
6001	0.2023090124130249
6002	0.20231424272060394
6003	0.202316015958786
6004	0.20231984555721283
6005	0.20234300196170807
6006	0.20234741270542145
6007	0.20235420763492584
6008	0.20237046480178833
6009	0.20238424837589264
6010	0.20239116251468658
6011	0.20239374041557312
6012	0.20241433382034302
6013	0.20241986215114594
6014	0.2024427056312561
6015	0.20244859158992767
6016	0.20245453715324402
6017	0.20248989760875702
6018	0.20249168574810028
6019	0.2024933099746704
6020	0.20262253284454346
6021	0.202631875872612
6022	0.2026507705450058
6023	0.20265981554985046
6024	0.20267364382743835
6025	0.20268094539642334
6026	0.20268838107585907
6027	0.20269425213336945
6028	0.20270395278930664
6029	0.20270955562591553
6030	0.20271988213062286
6031	0.202721506357193
6032	0.20272693037986755
6033	0.2027326077222824
6034	0.2027481347322464
6035	0.20275601744651794
6036	0.20278215408325195
6037	0.2027943730354309
6038	0.20280268788337708
6039	0.20282863080501556
6040	0.20283234119415283
6041	0.2028401494026184
6042	0.202851340174675
6043	0.2028774917125702
6044	0.20288091897964478
6045	0.20288637280464172
6046	0.20290184020996094
6047	0.20292185246944427
6048	0.20312364399433136
6049	0.20313186943531036
6050	0.2031422108411789
6051	0.20316064357757568
6052	0.20316381752490997
6053	0.20316779613494873
6054	0.2031717151403427
6055	0.2034008502960205
6056	0.20340269804000854
6057	0.2034064084291458
6058	0.20341628789901733
6059	0.20345468819141388
6060	0.20346017181873322
6061	0.20346373319625854
6062	0.2034735530614853
6063	0.20348438620567322
6064	0.20350809395313263
6065	0.20356111228466034
6066	0.20356424152851105
6067	0.20357756316661835
6068	0.20358218252658844
6069	0.20358531177043915
6070	0.20359332859516144
6071	0.20359927415847778
6072	0.2036009579896927
6073	0.2036059945821762
6074	0.20363152027130127
6075	0.20363417267799377
6076	0.20366023480892181
6077	0.2036641389131546
6078	0.20367076992988586
6079	0.20368073880672455
6080	0.20368945598602295
6081	0.20369994640350342
6082	0.20372320711612701
6083	0.2037646770477295
6084	0.20378205180168152
6085	0.20379047095775604
6086	0.2038021981716156
6087	0.20383188128471375
6088	0.20387719571590424
6089	0.20388369262218475
6090	0.2038990557193756
6091	0.20390109717845917
6092	0.20390500128269196
6093	0.20390646159648895
6094	0.20391620695590973
6095	0.2039482295513153
6096	0.20396429300308228
6097	0.20396724343299866
6098	0.20401780307292938
6099	0.20401974022388458
6100	0.204067200422287
6101	0.20406974852085114
6102	0.20408472418785095
6103	0.20409135520458221
6104	0.20410721004009247
6105	0.2041303962469101
6106	0.20413176715373993
6107	0.20414449274539948
6108	0.2041505128145218
6109	0.20415936410427094
6110	0.20416249334812164
6111	0.20421305298805237
6112	0.20428131520748138
6113	0.20429018139839172
6114	0.20429717004299164
6115	0.2043311893939972
6116	0.20433466136455536
6117	0.20434434711933136
6118	0.20440812408924103
6119	0.20443281531333923
6120	0.2044462114572525
6121	0.20444820821285248
6122	0.20446059107780457
6123	0.2045045793056488
6124	0.20450827479362488
6125	0.20454208552837372
6126	0.20456074178218842
6127	0.20456355810165405
6128	0.20456565916538239
6129	0.20457057654857635
6130	0.20457322895526886
6131	0.20458818972110748
6132	0.204593226313591
6133	0.20463167130947113
6134	0.20469531416893005
6135	0.2046998143196106
6136	0.20470592379570007
6137	0.20470726490020752
6138	0.20470809936523438
6139	0.20472678542137146
6140	0.204732283949852
6141	0.20473602414131165
6142	0.20473869144916534
6143	0.2047596275806427
6144	0.20477233827114105
6145	0.20477452874183655
6146	0.20477604866027832
6147	0.2047872394323349
6148	0.2047913819551468
6149	0.20479395985603333
6150	0.2048131823539734
6151	0.20481717586517334
6152	0.2049177885055542
6153	0.2049771398305893
6154	0.2049875557422638
6155	0.2049926519393921
6156	0.20499801635742188
6157	0.2050352543592453
6158	0.20503953099250793
6159	0.2050446718931198
6160	0.20506839454174042
6161	0.2050989419221878
6162	0.20510263741016388
6163	0.20510850846767426
6164	0.20511223375797272
6165	0.20511873066425323
6166	0.2051219940185547
6167	0.20513613522052765
6168	0.2051367163658142
6169	0.20519328117370605
6170	0.2051972597837448
6171	0.20520001649856567
6172	0.20520904660224915
6173	0.20523019134998322
6174	0.20533306896686554
6175	0.20533786714076996
6176	0.20536622405052185
6177	0.20536953210830688
6178	0.2053992748260498
6179	0.20540037751197815
6180	0.20540334284305573
6181	0.2054135948419571
6182	0.2054367959499359
6183	0.2054429054260254
6184	0.2054528295993805
6185	0.20545513927936554
6186	0.20548242330551147
6187	0.20550194382667542
6188	0.2055269181728363
6189	0.205528125166893
6190	0.20553715527057648
6191	0.20554287731647491
6192	0.20554502308368683
6193	0.20554609596729279
6194	0.20558440685272217
6195	0.20558671653270721
6196	0.2055908590555191
6197	0.20561569929122925
6198	0.20562143623828888
6199	0.205630823969841
6200	0.20563870668411255
6201	0.2056560218334198
6202	0.205656498670578
6203	0.20566506683826447
6204	0.20566895604133606
6205	0.20567622780799866
6206	0.20568746328353882
6207	0.20569688081741333
6208	0.20569859445095062
6209	0.2057032436132431
6210	0.20572373270988464
6211	0.20572566986083984
6212	0.2057449370622635
6213	0.20579329133033752
6214	0.20579653978347778
6215	0.2058161199092865
6216	0.20582084357738495
6217	0.20584248006343842
6218	0.20584551990032196
6219	0.20586003363132477
6220	0.20592254400253296
6221	0.20593439042568207
6222	0.20594102144241333
6223	0.2059466540813446
6224	0.20595943927764893
6225	0.2059830129146576
6226	0.20599953830242157
6227	0.20604009926319122
6228	0.20604893565177917
6229	0.2060525268316269
6230	0.20606477558612823
6231	0.20607681572437286
6232	0.20607823133468628
6233	0.20608225464820862
6234	0.2060866355895996
6235	0.20610836148262024
6236	0.20611406862735748
6237	0.20612691342830658
6238	0.20613110065460205
6239	0.20613712072372437
6240	0.20615342259407043
6241	0.2061585634946823
6242	0.2061639130115509
6243	0.20617561042308807
6244	0.20618300139904022
6245	0.20619617402553558
6246	0.20628081262111664
6247	0.20628811419010162
6248	0.20630723237991333
6249	0.2063104212284088
6250	0.20631159842014313
6251	0.2063160538673401
6252	0.20631884038448334
6253	0.2063337117433548
6254	0.20634067058563232
6255	0.20635297894477844
6256	0.20635762810707092
6257	0.20636238157749176
6258	0.20636586844921112
6259	0.20638003945350647
6260	0.20640116930007935
6261	0.20640404522418976
6262	0.2064158022403717
6263	0.2064175307750702
6264	0.2064211517572403
6265	0.2064238339662552
6266	0.2064248025417328
6267	0.20643621683120728
6268	0.20645402371883392
6269	0.20646622776985168
6270	0.20648591220378876
6271	0.20649288594722748
6272	0.20649804174900055
6273	0.20650683343410492
6274	0.20650918781757355
6275	0.20651859045028687
6276	0.20653657615184784
6277	0.2065570056438446
6278	0.2065594643354416
6279	0.2065894603729248
6280	0.20659084618091583
6281	0.20660904049873352
6282	0.20664818584918976
6283	0.2066693902015686
6284	0.20667360723018646
6285	0.20668341219425201
6286	0.20670998096466064
6287	0.2067316621541977
6288	0.20673365890979767
6289	0.20674045383930206
6290	0.20675459504127502
6291	0.20676390826702118
6292	0.20677414536476135
6293	0.20679070055484772
6294	0.2067916989326477
6295	0.20679506659507751
6296	0.20680436491966248
6297	0.20680440962314606
6298	0.20680813491344452
6299	0.2068258374929428
6300	0.20692069828510284
6301	0.20693041384220123
6302	0.20694509148597717
6303	0.20696403086185455
6304	0.20699137449264526
6305	0.2070559710264206
6306	0.20705729722976685
6307	0.2070653885602951
6308	0.20706690847873688
6309	0.20707984268665314
6310	0.20709864795207977
6311	0.2071118801832199
6312	0.20713411271572113
6313	0.20714078843593597
6314	0.20715343952178955
6315	0.20716723799705505
6316	0.20719030499458313
6317	0.20719625055789948
6318	0.20720480382442474
6319	0.20727643370628357
6320	0.20727768540382385
6321	0.20729167759418488
6322	0.2073044776916504
6323	0.20730678737163544
6324	0.20733962953090668
6325	0.20735099911689758
6326	0.2073603719472885
6327	0.2073705941438675
6328	0.20737111568450928
6329	0.20737239718437195
6330	0.20738521218299866
6331	0.20738914608955383
6332	0.20741000771522522
6333	0.20741434395313263
6334	0.2074161022901535
6335	0.20742513239383698
6336	0.2074306458234787
6337	0.20743489265441895
6338	0.2074383944272995
6339	0.20746473968029022
6340	0.20747411251068115
6341	0.20747555792331696
6342	0.20751185715198517
6343	0.20753738284111023
6344	0.20755283534526825
6345	0.20759029686450958
6346	0.20759783685207367
6347	0.20760594308376312
6348	0.20760700106620789
6349	0.20761039853096008
6350	0.20761485397815704
6351	0.20761635899543762
6352	0.20762136578559875
6353	0.2076367884874344
6354	0.20764335989952087
6355	0.2076459676027298
6356	0.20766372978687286
6357	0.20769868791103363
6358	0.2077120989561081
6359	0.20772120356559753
6360	0.20784549415111542
6361	0.20785263180732727
6362	0.20785556733608246
6363	0.20785748958587646
6364	0.20788560807704926
6365	0.20790043473243713
6366	0.20798078179359436
6367	0.20799140632152557
6368	0.2080060988664627
6369	0.20802494883537292
6370	0.20803822576999664
6371	0.2080484926700592
6372	0.20805436372756958
6373	0.20806173980236053
6374	0.20807011425495148
6375	0.2080773413181305
6376	0.2080896645784378
6377	0.20810022950172424
6378	0.20810294151306152
6379	0.2081141173839569
6380	0.20812465250492096
6381	0.20813986659049988
6382	0.2081581950187683
6383	0.20816178619861603
6384	0.2081850916147232
6385	0.20819759368896484
6386	0.2082064002752304
6387	0.20821629464626312
6388	0.20822304487228394
6389	0.20831146836280823
6390	0.20834065973758698
6391	0.2083546370267868
6392	0.20836496353149414
6393	0.20838041603565216
6394	0.2083866447210312
6395	0.20838774740695953
6396	0.20839127898216248
6397	0.20840272307395935
6398	0.20841743052005768
6399	0.20841974020004272
6400	0.20845426619052887
6401	0.20846803486347198
6402	0.2084897756576538
6403	0.20849499106407166
6404	0.20851363241672516
6405	0.2085157036781311
6406	0.20851971209049225
6407	0.2085237056016922
6408	0.20853576064109802
6409	0.20853666961193085
6410	0.20855015516281128
6411	0.20858287811279297
6412	0.20859268307685852
6413	0.20859596133232117
6414	0.2085995376110077
6415	0.2086009979248047
6416	0.20860785245895386
6417	0.20862720906734467
6418	0.208628848195076
6419	0.2086799442768097
6420	0.2086975872516632
6421	0.20869822800159454
6422	0.20870132744312286
6423	0.20870967209339142
6424	0.2087133675813675
6425	0.2087145298719406
6426	0.20872686803340912
6427	0.20872926712036133
6428	0.20873455703258514
6429	0.2087460607290268
6430	0.20877929031848907
6431	0.20878158509731293
6432	0.20878823101520538
6433	0.20881517231464386
6434	0.20882689952850342
6435	0.20882752537727356
6436	0.20883095264434814
6437	0.2088409960269928
6438	0.20885460078716278
6439	0.2088654786348343
6440	0.20887206494808197
6441	0.20888477563858032
6442	0.2088896781206131
6443	0.20890285074710846
6444	0.20890435576438904
6445	0.20891152322292328
6446	0.2089148908853531
6447	0.20892652869224548
6448	0.20892736315727234
6449	0.20895156264305115
6450	0.20895697176456451
6451	0.20896299183368683
6452	0.2089855968952179
6453	0.20899158716201782
6454	0.20899300277233124
6455	0.20899614691734314
6456	0.20900408923625946
6457	0.20901089906692505
6458	0.20901665091514587
6459	0.20903454720973969
6460	0.20904232561588287
6461	0.2090533822774887
6462	0.20906153321266174
6463	0.20906803011894226
6464	0.20908965170383453
6465	0.20908977091312408
6466	0.20909483730793
6467	0.20910301804542542
6468	0.20911520719528198
6469	0.20912106335163116
6470	0.2091326266527176
6471	0.20913459360599518
6472	0.2091524749994278
6473	0.20915591716766357
6474	0.20916153490543365
6475	0.20916493237018585
6476	0.20917253196239471
6477	0.209197536110878
6478	0.2091982066631317
6479	0.20919838547706604
6480	0.2092074751853943
6481	0.20921450853347778
6482	0.20922014117240906
6483	0.20922671258449554
6484	0.2092304527759552
6485	0.20923131704330444
6486	0.20923149585723877
6487	0.2092503011226654
6488	0.20925790071487427
6489	0.20929306745529175
6490	0.2093009650707245
6491	0.2093050628900528
6492	0.20930549502372742
6493	0.209310382604599
6494	0.2093355506658554
6495	0.20934560894966125
6496	0.20934951305389404
6497	0.20935404300689697
6498	0.20936140418052673
6499	0.2093626707792282
6500	0.20937038958072662
6501	0.209398552775383
6502	0.20940829813480377
6503	0.20941051840782166
6504	0.20941711962223053
6505	0.20943045616149902
6506	0.20943337678909302
6507	0.20943433046340942
6508	0.2094404548406601
6509	0.20945651829242706
6510	0.20945678651332855
6511	0.20947177708148956
6512	0.20947296917438507
6513	0.20947390794754028
6514	0.20947790145874023
6515	0.20949284732341766
6516	0.20949944853782654
6517	0.20950356125831604
6518	0.20951607823371887
6519	0.20951928198337555
6520	0.20952090620994568
6521	0.20952989161014557
6522	0.2095392495393753
6523	0.20958063006401062
6524	0.2095825970172882
6525	0.20960238575935364
6526	0.20960378646850586
6527	0.20962627232074738
6528	0.20965836942195892
6529	0.20972120761871338
6530	0.20972618460655212
6531	0.20973677933216095
6532	0.20973815023899078
6533	0.209763303399086
6534	0.209776371717453
6535	0.20977699756622314
6536	0.20982956886291504
6537	0.209847092628479
6538	0.20987290143966675
6539	0.20988522469997406
6540	0.20989637076854706
6541	0.20989926159381866
6542	0.2099175900220871
6543	0.20992106199264526
6544	0.20992615818977356
6545	0.20992669463157654
6546	0.20993761718273163
6547	0.20996159315109253
6548	0.2099665105342865
6549	0.2099979966878891
6550	0.2100033462047577
6551	0.21003468334674835
6552	0.21003887057304382
6553	0.2100701779127121
6554	0.21009674668312073
6555	0.21011191606521606
6556	0.2101282924413681
6557	0.21013304591178894
6558	0.2101355642080307
6559	0.21014204621315002
6560	0.2101476639509201
6561	0.21014812588691711
6562	0.21015261113643646
6563	0.2101597934961319
6564	0.21017174422740936
6565	0.21022754907608032
6566	0.21023142337799072
6567	0.21024377644062042
6568	0.21027012169361115
6569	0.2102876752614975
6570	0.21029353141784668
6571	0.2103230208158493
6572	0.21044115722179413
6573	0.21044164896011353
6574	0.21044263243675232
6575	0.2104528546333313
6576	0.21046170592308044
6577	0.21046456694602966
6578	0.21047130227088928
6579	0.2104751169681549
6580	0.21048536896705627
6581	0.2104921042919159
6582	0.2105044573545456
6583	0.21053458750247955
6584	0.21053579449653625
6585	0.2105390429496765
6586	0.21056289970874786
6587	0.21057145297527313
6588	0.21057339012622833
6589	0.21058028936386108
6590	0.21058566868305206
6591	0.21059922873973846
6592	0.21061059832572937
6593	0.21061545610427856
6594	0.21062205731868744
6595	0.21064643561840057
6596	0.21065658330917358
6597	0.2106836885213852
6598	0.21069905161857605
6599	0.21070870757102966
6600	0.21074798703193665
6601	0.2107594609260559
6602	0.21076209843158722
6603	0.21076464653015137
6604	0.21077612042427063
6605	0.2107831835746765
6606	0.2107848823070526
6607	0.21080800890922546
6608	0.21083444356918335
6609	0.21083614230155945
6610	0.2108404040336609
6611	0.2108473777770996
6612	0.2108650803565979
6613	0.21086812019348145
6614	0.21088257431983948
6615	0.21088722348213196
6616	0.2108936607837677
6617	0.2109682857990265
6618	0.21097463369369507
6619	0.2109840214252472
6620	0.21099026501178741
6621	0.2109975814819336
6622	0.21100477874279022
6623	0.21100501716136932
6624	0.2110135406255722
6625	0.21102194488048553
6626	0.21104121208190918
6627	0.211075559258461
6628	0.21110568940639496
6629	0.21112418174743652
6630	0.21113096177577972
6631	0.2111390382051468
6632	0.21118216216564178
6633	0.2111896276473999
6634	0.21120788156986237
6635	0.2112130969762802
6636	0.21121428906917572
6637	0.21121785044670105
6638	0.21123391389846802
6639	0.21125970780849457
6640	0.2112724334001541
6641	0.21128349006175995
6642	0.21128511428833008
6643	0.21128684282302856
6644	0.21134866774082184
6645	0.21135041117668152
6646	0.211359903216362
6647	0.21137383580207825
6648	0.2113858461380005
6649	0.21143613755702972
6650	0.21144312620162964
6651	0.21145477890968323
6652	0.21146593987941742
6653	0.21147795021533966
6654	0.21147982776165009
6655	0.21148772537708282
6656	0.2115134596824646
6657	0.21152058243751526
6658	0.21152937412261963
6659	0.21153029799461365
6660	0.2115306556224823
6661	0.21156485378742218
6662	0.21157306432724
6663	0.211588516831398
6664	0.21169650554656982
6665	0.2117379605770111
6666	0.2117433100938797
6667	0.21176522970199585
6668	0.21178346872329712
6669	0.21181927621364594
6670	0.211821511387825
6671	0.21182870864868164
6672	0.2118292599916458
6673	0.21184928715229034
6674	0.2118518352508545
6675	0.21185564994812012
6676	0.21185757219791412
6677	0.21185900270938873
6678	0.2118750810623169
6679	0.2118827998638153
6680	0.2119346410036087
6681	0.2119409292936325
6682	0.21195507049560547
6683	0.211955264210701
6684	0.211965411901474
6685	0.2119770497083664
6686	0.21200577914714813
6687	0.2120148092508316
6688	0.21202464401721954
6689	0.21202941238880157
6690	0.21203458309173584
6691	0.21209906041622162
6692	0.21212467551231384
6693	0.2121337205171585
6694	0.21213670074939728
6695	0.21216431260108948
6696	0.21216745674610138
6697	0.21217313408851624
6698	0.21217520534992218
6699	0.21217739582061768
6700	0.21219028532505035
6701	0.21219101548194885
6702	0.21220530569553375
6703	0.21222098171710968
6704	0.2122264802455902
6705	0.21222767233848572
6706	0.21224063634872437
6707	0.21224923431873322
6708	0.21225766837596893
6709	0.21225933730602264
6710	0.21230052411556244
6711	0.2123028039932251
6712	0.21231433749198914
6713	0.21233445405960083
6714	0.21235044300556183
6715	0.21235302090644836
6716	0.2123538851737976
6717	0.21236351132392883
6718	0.21236765384674072
6719	0.21238264441490173
6720	0.21239086985588074
6721	0.2123950719833374
6722	0.21239826083183289
6723	0.21241293847560883
6724	0.21241554617881775
6725	0.21242038905620575
6726	0.21243004500865936
6727	0.21243679523468018
6728	0.21245162189006805
6729	0.21245919167995453
6730	0.21246396005153656
6731	0.21247637271881104
6732	0.21248339116573334
6733	0.21248821914196014
6734	0.21249724924564362
6735	0.21251122653484344
6736	0.21251283586025238
6737	0.21251389384269714
6738	0.21251548826694489
6739	0.21253108978271484
6740	0.21254509687423706
6741	0.21272429823875427
6742	0.21273118257522583
6743	0.21274395287036896
6744	0.21278835833072662
6745	0.21279308199882507
6746	0.21279975771903992
6747	0.21280443668365479
6748	0.21282029151916504
6749	0.21282124519348145
6750	0.2128308117389679
6751	0.21283574402332306
6752	0.2128392606973648
6753	0.21284149587154388
6754	0.2128589004278183
6755	0.2128603309392929
6756	0.21286767721176147
6757	0.21287232637405396
6758	0.21287596225738525
6759	0.21287760138511658
6760	0.21289440989494324
6761	0.21290555596351624
6762	0.21291188895702362
6763	0.21292296051979065
6764	0.21292628347873688
6765	0.21293394267559052
6766	0.21296213567256927
6767	0.21298082172870636
6768	0.21299585700035095
6769	0.21299868822097778
6770	0.2130023092031479
6771	0.21301819384098053
6772	0.21302324533462524
6773	0.21302688121795654
6774	0.2130311131477356
6775	0.21303370594978333
6776	0.21303975582122803
6777	0.21304567158222198
6778	0.213112473487854
6779	0.21312598884105682
6780	0.21316012740135193
6781	0.21316522359848022
6782	0.21319779753684998
6783	0.21321412920951843
6784	0.21321554481983185
6785	0.21325023472309113
6786	0.21325576305389404
6787	0.21327270567417145
6788	0.21327820420265198
6789	0.21329104900360107
6790	0.21330499649047852
6791	0.2133123129606247
6792	0.2133162021636963
6793	0.21342594921588898
6794	0.21344952285289764
6795	0.21345119178295135
6796	0.2134680300951004
6797	0.2134832888841629
6798	0.21349258720874786
6799	0.21351270377635956
6800	0.2135191559791565
6801	0.21353694796562195
6802	0.21356917917728424
6803	0.2135702520608902
6804	0.21358315646648407
6805	0.21359111368656158
6806	0.21359659731388092
6807	0.21359805762767792
6808	0.21363632380962372
6809	0.2136409878730774
6810	0.2136654257774353
6811	0.2136666178703308
6812	0.21366921067237854
6813	0.21367166936397552
6814	0.21368275582790375
6815	0.2137165367603302
6816	0.21371906995773315
6817	0.2137271612882614
6818	0.2137276977300644
6819	0.21383747458457947
6820	0.2138749063014984
6821	0.2138788253068924
6822	0.21388466656208038
6823	0.21389707922935486
6824	0.21390390396118164
6825	0.21392078697681427
6826	0.2139289677143097
6827	0.21394306421279907
6828	0.21395699679851532
6829	0.2139633297920227
6830	0.21398231387138367
6831	0.21398308873176575
6832	0.21399514377117157
6833	0.21400193870067596
6834	0.21401940286159515
6835	0.21403273940086365
6836	0.21406421065330505
6837	0.21406716108322144
6838	0.2140878289937973
6839	0.21410435438156128
6840	0.21410591900348663
6841	0.21411412954330444
6842	0.21411633491516113
6843	0.21417683362960815
6844	0.21418660879135132
6845	0.21418830752372742
6846	0.2142564058303833
6847	0.21426591277122498
6848	0.21427033841609955
6849	0.21427707374095917
6850	0.21428357064723969
6851	0.21429890394210815
6852	0.2143133282661438
6853	0.21431584656238556
6854	0.2143174409866333
6855	0.21432359516620636
6856	0.21435041725635529
6857	0.21435217559337616
6858	0.2143617570400238
6859	0.2143738865852356
6860	0.2144114226102829
6861	0.2144152671098709
6862	0.21442574262619019
6863	0.21442946791648865
6864	0.21443796157836914
6865	0.21444405615329742
6866	0.214455246925354
6867	0.21456751227378845
6868	0.21459469199180603
6869	0.21460267901420593
6870	0.21460522711277008
6871	0.2146093100309372
6872	0.21462680399417877
6873	0.21463090181350708
6874	0.21465469896793365
6875	0.21465593576431274
6876	0.21466557681560516
6877	0.2146674394607544
6878	0.2146940976381302
6879	0.21470054984092712
6880	0.2147008180618286
6881	0.21471813321113586
6882	0.2147272527217865
6883	0.21473054587841034
6884	0.2147383987903595
6885	0.21474912762641907
6886	0.21476487815380096
6887	0.21477298438549042
6888	0.21478340029716492
6889	0.21480314433574677
6890	0.21480639278888702
6891	0.2148279845714569
6892	0.21483470499515533
6893	0.2148563265800476
6894	0.21487504243850708
6895	0.21491365134716034
6896	0.21493591368198395
6897	0.21495316922664642
6898	0.21496139466762543
6899	0.2149706929922104
6900	0.21502642333507538
6901	0.2150346040725708
6902	0.2150356024503708
6903	0.21504341065883636
6904	0.21504588425159454
6905	0.21504902839660645
6906	0.21505014598369598
6907	0.2150522768497467
6908	0.21506637334823608
6909	0.21510690450668335
6910	0.21511007845401764
6911	0.2151430994272232
6912	0.21515023708343506
6913	0.21515348553657532
6914	0.21515855193138123
6915	0.2151646465063095
6916	0.21516716480255127
6917	0.21517007052898407
6918	0.21517124772071838
6919	0.2151714414358139
6920	0.21517853438854218
6921	0.21522025763988495
6922	0.21522948145866394
6923	0.21523453295230865
6924	0.21527503430843353
6925	0.21530365943908691
6926	0.21532058715820312
6927	0.21532809734344482
6928	0.21534141898155212
6929	0.2153491973876953
6930	0.21536785364151
6931	0.21536818146705627
6932	0.21537518501281738
6933	0.21539048850536346
6934	0.2153943032026291
6935	0.2154078632593155
6936	0.21542580425739288
6937	0.21543298661708832
6938	0.2154359668493271
6939	0.21544846892356873
6940	0.2154523730278015
6941	0.2154526710510254
6942	0.2154560089111328
6943	0.2154703587293625
6944	0.21548129618167877
6945	0.2155052125453949
6946	0.21551038324832916
6947	0.21552854776382446
6948	0.21553654968738556
6949	0.2155509889125824
6950	0.21557465195655823
6951	0.21560069918632507
6952	0.21563804149627686
6953	0.2156408429145813
6954	0.2156526893377304
6955	0.2156541794538498
6956	0.2156665325164795
6957	0.21571744978427887
6958	0.21572326123714447
6959	0.21572591364383698
6960	0.2157391905784607
6961	0.21574559807777405
6962	0.21576005220413208
6963	0.21576477587223053
6964	0.21576790511608124
6965	0.21578070521354675
6966	0.21579480171203613
6967	0.21579869091510773
6968	0.21580560505390167
6969	0.21580690145492554
6970	0.21583177149295807
6971	0.21587122976779938
6972	0.21588602662086487
6973	0.21589072048664093
6974	0.21589648723602295
6975	0.21589893102645874
6976	0.21590478718280792
6977	0.21591541171073914
6978	0.215916708111763
6979	0.21591772139072418
6980	0.2159641981124878
6981	0.21596604585647583
6982	0.21597899496555328
6983	0.21598869562149048
6984	0.21599934995174408
6985	0.21602702140808105
6986	0.21604175865650177
6987	0.21605393290519714
6988	0.21606919169425964
6989	0.21606944501399994
6990	0.21608954668045044
6991	0.21609298884868622
6992	0.21609652042388916
6993	0.2161155343055725
6994	0.2161223590373993
6995	0.21613682806491852
6996	0.21614374220371246
6997	0.2161477953195572
6998	0.2161489576101303
6999	0.21615102887153625
7000	0.21615272760391235
7001	0.2161652147769928
7002	0.21618898212909698
7003	0.21621768176555634
7004	0.2162429392337799
7005	0.2162853181362152
7006	0.21629340946674347
7007	0.21632802486419678
7008	0.21633173525333405
7009	0.21633952856063843
7010	0.2163437157869339
7011	0.21634919941425323
7012	0.21635368466377258
7013	0.21637198328971863
7014	0.2163958102464676
7015	0.21641314029693604
7016	0.21646660566329956
7017	0.21648460626602173
7018	0.21649624407291412
7019	0.21651621162891388
7020	0.21652230620384216
7021	0.21653512120246887
7022	0.21655383706092834
7023	0.2165636271238327
7024	0.2165822833776474
7025	0.216596782207489
7026	0.21661663055419922
7027	0.21663184463977814
7028	0.2166534811258316
7029	0.21665579080581665
7030	0.2166581153869629
7031	0.2166585922241211
7032	0.21667158603668213
7033	0.216672882437706
7034	0.21668601036071777
7035	0.21669316291809082
7036	0.21669387817382812
7037	0.2166985422372818
7038	0.21672400832176208
7039	0.21672594547271729
7040	0.21673010289669037
7041	0.21675290167331696
7042	0.2167626917362213
7043	0.21676687896251678
7044	0.21676798164844513
7045	0.2167784571647644
7046	0.21678970754146576
7047	0.21679452061653137
7048	0.21681804955005646
7049	0.21682125329971313
7050	0.2168271690607071
7051	0.2168365865945816
7052	0.2168906182050705
7053	0.21689194440841675
7054	0.21692068874835968
7055	0.21693068742752075
7056	0.21693967282772064
7057	0.21696589887142181
7058	0.21697019040584564
7059	0.21697495877742767
7060	0.21697668731212616
7061	0.21697849035263062
7062	0.21699751913547516
7063	0.21700941026210785
7064	0.21701495349407196
7065	0.21701587736606598
7066	0.2170657366514206
7067	0.21707361936569214
7068	0.21713683009147644
7069	0.21713872253894806
7070	0.2171570211648941
7071	0.21716469526290894
7072	0.21718159317970276
7073	0.21718208491802216
7074	0.21719829738140106
7075	0.21721898019313812
7076	0.21722185611724854
7077	0.21723227202892303
7078	0.21725071966648102
7079	0.2172570526599884
7080	0.21730011701583862
7081	0.2173115313053131
7082	0.2173193246126175
7083	0.21733249723911285
7084	0.2173379808664322
7085	0.2173454910516739
7086	0.21736961603164673
7087	0.2173732966184616
7088	0.2173938751220703
7089	0.2173978090286255
7090	0.21741162240505219
7091	0.2174161821603775
7092	0.21741950511932373
7093	0.21742062270641327
7094	0.2174272984266281
7095	0.21743808686733246
7096	0.21745087206363678
7097	0.21745654940605164
7098	0.21746277809143066
7099	0.2174719125032425
7100	0.2174815833568573
7101	0.21749836206436157
7102	0.21756713092327118
7103	0.21757063269615173
7104	0.21757158637046814
7105	0.21758446097373962
7106	0.21759691834449768
7107	0.21763019263744354
7108	0.21766367554664612
7109	0.21766766905784607
7110	0.21770814061164856
7111	0.21772055327892303
7112	0.21772713959217072
7113	0.2177429348230362
7114	0.2177525758743286
7115	0.21776293218135834
7116	0.21776440739631653
7117	0.2177673876285553
7118	0.21778938174247742
7119	0.21781183779239655
7120	0.21781598031520844
7121	0.21782603859901428
7122	0.21783292293548584
7123	0.2178422063589096
7124	0.21784497797489166
7125	0.21790362894535065
7126	0.21791768074035645
7127	0.21792525053024292
7128	0.21793122589588165
7129	0.21793638169765472
7130	0.21793703734874725
7131	0.2179606556892395
7132	0.21796178817749023
7133	0.21796847879886627
7134	0.21797990798950195
7135	0.21798500418663025
7136	0.21798674762248993
7137	0.21798790991306305
7138	0.2179914265871048
7139	0.21799610555171967
7140	0.21800240874290466
7141	0.21800865232944489
7142	0.2180098295211792
7143	0.2180262804031372
7144	0.2180335819721222
7145	0.21804770827293396
7146	0.21809561550617218
7147	0.21810011565685272
7148	0.21810320019721985
7149	0.2181156873703003
7150	0.2181202620267868
7151	0.2181273102760315
7152	0.21816164255142212
7153	0.21816419064998627
7154	0.21817588806152344
7155	0.2181786745786667
7156	0.21818678081035614
7157	0.21818789839744568
7158	0.21820391714572906
7159	0.21820753812789917
7160	0.21821460127830505
7161	0.21822209656238556
7162	0.21822674572467804
7163	0.218229740858078
7164	0.21824052929878235
7165	0.2182970941066742
7166	0.21830523014068604
7167	0.21830976009368896
7168	0.21839630603790283
7169	0.2184060513973236
7170	0.21844005584716797
7171	0.21844172477722168
7172	0.21845713257789612
7173	0.2184581458568573
7174	0.21849671006202698
7175	0.21852229535579681
7176	0.21852250397205353
7177	0.21853427588939667
7178	0.21857936680316925
7179	0.21858572959899902
7180	0.2185874879360199
7181	0.2185884267091751
7182	0.21860380470752716
7183	0.2186107635498047
7184	0.21861545741558075
7185	0.21861712634563446
7186	0.21863509714603424
7187	0.21863563358783722
7188	0.21865089237689972
7189	0.2186574786901474
7190	0.21867313981056213
7191	0.21867497265338898
7192	0.21867863833904266
7193	0.21875396370887756
7194	0.21875643730163574
7195	0.21876490116119385
7196	0.21879075467586517
7197	0.21889127790927887
7198	0.21891234815120697
7199	0.21891820430755615
7200	0.21891926229000092
7201	0.2189202755689621
7202	0.21895205974578857
7203	0.21897675096988678
7204	0.2189769744873047
7205	0.21897870302200317
7206	0.21898391842842102
7207	0.21899157762527466
7208	0.2189960926771164
7209	0.2190094292163849
7210	0.2190123200416565
7211	0.2190154790878296
7212	0.21904872357845306
7213	0.21905016899108887
7214	0.21905934810638428
7215	0.2191174477338791
7216	0.21912313997745514
7217	0.21913456916809082
7218	0.21916793286800385
7219	0.21917679905891418
7220	0.2191789448261261
7221	0.21918915212154388
7222	0.2191912829875946
7223	0.21919964253902435
7224	0.219207763671875
7225	0.21920926868915558
7226	0.21921250224113464
7227	0.21923168003559113
7228	0.21923284232616425
7229	0.21924373507499695
7230	0.2192474603652954
7231	0.21931497752666473
7232	0.21931961178779602
7233	0.21932809054851532
7234	0.21934296190738678
7235	0.21936029195785522
7236	0.21936409175395966
7237	0.21936656534671783
7238	0.21938642859458923
7239	0.21941541135311127
7240	0.2194172739982605
7241	0.21942700445652008
7242	0.21943069994449615
7243	0.21943840384483337
7244	0.21944928169250488
7245	0.21945837140083313
7246	0.21946710348129272
7247	0.2194688767194748
7248	0.21948181092739105
7249	0.21949005126953125
7250	0.21950453519821167
7251	0.21951594948768616
7252	0.21951749920845032
7253	0.21954300999641418
7254	0.21954455971717834
7255	0.2195475995540619
7256	0.2195669412612915
7257	0.2195678949356079
7258	0.21958231925964355
7259	0.2195977419614792
7260	0.2196030616760254
7261	0.21961890161037445
7262	0.21962092816829681
7263	0.2196359485387802
7264	0.2196420133113861
7265	0.21965858340263367
7266	0.2196599841117859
7267	0.21967065334320068
7268	0.21967105567455292
7269	0.2196800261735916
7270	0.21969573199748993
7271	0.219725102186203
7272	0.21972830593585968
7273	0.21978327631950378
7274	0.21979226171970367
7275	0.21981437504291534
7276	0.21982768177986145
7277	0.21982944011688232
7278	0.21983249485492706
7279	0.21985827386379242
7280	0.21987852454185486
7281	0.21988750994205475
7282	0.21994173526763916
7283	0.2199481576681137
7284	0.21996186673641205
7285	0.21996501088142395
7286	0.21998485922813416
7287	0.2199852466583252
7288	0.2199990302324295
7289	0.22000332176685333
7290	0.2200109213590622
7291	0.2200460433959961
7292	0.22004806995391846
7293	0.2200518101453781
7294	0.2200741022825241
7295	0.2200762778520584
7296	0.22008873522281647
7297	0.22012336552143097
7298	0.22013041377067566
7299	0.22013311088085175
7300	0.22013667225837708
7301	0.22015142440795898
7302	0.2201978713274002
7303	0.2201981544494629
7304	0.22020643949508667
7305	0.22021180391311646
7306	0.22022520005702972
7307	0.22023576498031616
7308	0.2204883098602295
7309	0.22049656510353088
7310	0.2205379456281662
7311	0.22054260969161987
7312	0.22064907848834991
7313	0.22065606713294983
7314	0.22068676352500916
7315	0.22069983184337616
7316	0.22071430087089539
7317	0.2207314372062683
7318	0.22073234617710114
7319	0.22073602676391602
7320	0.22074860334396362
7321	0.22075261175632477
7322	0.22075539827346802
7323	0.22079215943813324
7324	0.22079800069332123
7325	0.22080673277378082
7326	0.22081872820854187
7327	0.22082166373729706
7328	0.22083085775375366
7329	0.2208324521780014
7330	0.22083593904972076
7331	0.22084003686904907
7332	0.2208774983882904
7333	0.2208935022354126
7334	0.22090557217597961
7335	0.22091662883758545
7336	0.22093337774276733
7337	0.22093422710895538
7338	0.22094573080539703
7339	0.22095496952533722
7340	0.2209760695695877
7341	0.22097726166248322
7342	0.2209879457950592
7343	0.22099314630031586
7344	0.22102169692516327
7345	0.2210586816072464
7346	0.22107192873954773
7347	0.2210780680179596
7348	0.22108152508735657
7349	0.22109416127204895
7350	0.22110562026500702
7351	0.2211189866065979
7352	0.22123119235038757
7353	0.22123359143733978
7354	0.22124119102954865
7355	0.22124478220939636
7356	0.2212771475315094
7357	0.22127781808376312
7358	0.22129498422145844
7359	0.22131237387657166
7360	0.2213372141122818
7361	0.22134800255298615
7362	0.22135688364505768
7363	0.22136268019676208
7364	0.22139005362987518
7365	0.2214014083147049
7366	0.22140531241893768
7367	0.22143109142780304
7368	0.22144661843776703
7369	0.22144727408885956
7370	0.22145777940750122
7371	0.22146007418632507
7372	0.22146570682525635
7373	0.22147071361541748
7374	0.22148385643959045
7375	0.22153426706790924
7376	0.22153903543949127
7377	0.22154004871845245
7378	0.22154924273490906
7379	0.22155193984508514
7380	0.22155529260635376
7381	0.22157278656959534
7382	0.2215781807899475
7383	0.22158324718475342
7384	0.22159062325954437
7385	0.22159504890441895
7386	0.22159945964813232
7387	0.22160081565380096
7388	0.22160780429840088
7389	0.22162236273288727
7390	0.2216305136680603
7391	0.22165332734584808
7392	0.22166338562965393
7393	0.22167445719242096
7394	0.22176674008369446
7395	0.22177278995513916
7396	0.22177954018115997
7397	0.22177986800670624
7398	0.22178436815738678
7399	0.2217995822429657
7400	0.22180476784706116
7401	0.2218102514743805
7402	0.22181181609630585
7403	0.22182022035121918
7404	0.22182364761829376
7405	0.2218363881111145
7406	0.2218603938817978
7407	0.2218700498342514
7408	0.22187457978725433
7409	0.2218918800354004
7410	0.22192373871803284
7411	0.22193966805934906
7412	0.2219453901052475
7413	0.22194817662239075
7414	0.22195327281951904
7415	0.22197085618972778
7416	0.22197899222373962
7417	0.22199006378650665
7418	0.221995547413826
7419	0.2219989001750946
7420	0.22200196981430054
7421	0.2220032513141632
7422	0.2220199853181839
7423	0.22210687398910522
7424	0.22211045026779175
7425	0.2221224457025528
7426	0.22214943170547485
7427	0.2221750169992447
7428	0.22221389412879944
7429	0.22222676873207092
7430	0.22224977612495422
7431	0.22225117683410645
7432	0.22225415706634521
7433	0.22225946187973022
7434	0.22226831316947937
7435	0.22227142751216888
7436	0.22227440774440765
7437	0.22228126227855682
7438	0.2222927063703537
7439	0.22229541838169098
7440	0.22230538725852966
7441	0.22233642637729645
7442	0.22233770787715912
7443	0.2223488688468933
7444	0.22235962748527527
7445	0.22236840426921844
7446	0.22237098217010498
7447	0.22245271503925323
7448	0.22246991097927094
7449	0.22248436510562897
7450	0.22249163687229156
7451	0.22251272201538086
7452	0.22253023087978363
7453	0.2225417196750641
7454	0.2225612848997116
7455	0.22257356345653534
7456	0.22257697582244873
7457	0.22261133790016174
7458	0.22263258695602417
7459	0.22263790667057037
7460	0.22264842689037323
7461	0.2226494699716568
7462	0.2226533740758896
7463	0.22265732288360596
7464	0.2226611226797104
7465	0.22270463407039642
7466	0.2227085530757904
7467	0.2227197140455246
7468	0.22272707521915436
7469	0.22273002564907074
7470	0.22273199260234833
7471	0.2227623164653778
7472	0.22276723384857178
7473	0.22276906669139862
7474	0.22278369963169098
7475	0.2228163331747055
7476	0.22283917665481567
7477	0.22284027934074402
7478	0.22284895181655884
7479	0.2229008674621582
7480	0.2229124903678894
7481	0.22292186319828033
7482	0.2229299694299698
7483	0.22294960916042328
7484	0.2229585349559784
7485	0.22296129167079926
7486	0.22296564280986786
7487	0.2229657769203186
7488	0.222966730594635
7489	0.2229779213666916
7490	0.2229810357093811
7491	0.2229844033718109
7492	0.22299617528915405
7493	0.223002091050148
7494	0.22300729155540466
7495	0.22300852835178375
7496	0.2230299711227417
7497	0.22305060923099518
7498	0.22305533289909363
7499	0.22307328879833221
7500	0.22307659685611725
7501	0.22307808697223663
7502	0.22308297455310822
7503	0.22308701276779175
7504	0.22312384843826294
7505	0.2231292724609375
7506	0.22313547134399414
7507	0.2231467366218567
7508	0.22314853966236115
7509	0.22318591177463531
7510	0.2232508510351181
7511	0.22330504655838013
7512	0.2233249545097351
7513	0.22333022952079773
7514	0.22333872318267822
7515	0.22334504127502441
7516	0.22334803640842438
7517	0.223374143242836
7518	0.22337763011455536
7519	0.2234080731868744
7520	0.22342908382415771
7521	0.22343790531158447
7522	0.22343836724758148
7523	0.22345656156539917
7524	0.2234618365764618
7525	0.22346343100070953
7526	0.22346729040145874
7527	0.22349460422992706
7528	0.22350317239761353
7529	0.22351135313510895
7530	0.22354546189308167
7531	0.22354695200920105
7532	0.2235754281282425
7533	0.2235977053642273
7534	0.2235991358757019
7535	0.22360387444496155
7536	0.22360718250274658
7537	0.22361350059509277
7538	0.2236294448375702
7539	0.22363178431987762
7540	0.22364354133605957
7541	0.22365830838680267
7542	0.22367097437381744
7543	0.22367319464683533
7544	0.22368067502975464
7545	0.2237149327993393
7546	0.223724365234375
7547	0.22373628616333008
7548	0.2238030880689621
7549	0.22382517158985138
7550	0.22384203970432281
7551	0.2238614559173584
7552	0.22388415038585663
7553	0.223903626203537
7554	0.22390395402908325
7555	0.2239062339067459
7556	0.22391203045845032
7557	0.22391854226589203
7558	0.22391913831233978
7559	0.2239215075969696
7560	0.22393453121185303
7561	0.22395750880241394
7562	0.2239713817834854
7563	0.22399045526981354
7564	0.22399203479290009
7565	0.22400306165218353
7566	0.22400467097759247
7567	0.2240191251039505
7568	0.22402194142341614
7569	0.22402426600456238
7570	0.2240305244922638
7571	0.2240329384803772
7572	0.22404152154922485
7573	0.22404587268829346
7574	0.22405637800693512
7575	0.22405730187892914
7576	0.22406964004039764
7577	0.22407308220863342
7578	0.2241179198026657
7579	0.22412066161632538
7580	0.22413966059684753
7581	0.22414138913154602
7582	0.2241571694612503
7583	0.22416916489601135
7584	0.22418312728405
7585	0.22418691217899323
7586	0.22427108883857727
7587	0.22427983582019806
7588	0.22428195178508759
7589	0.2243817299604416
7590	0.22438815236091614
7591	0.22439420223236084
7592	0.22442135214805603
7593	0.224454864859581
7594	0.224466934800148
7595	0.22447964549064636
7596	0.22448375821113586
7597	0.22449098527431488
7598	0.22449734807014465
7599	0.22450602054595947
7600	0.2245345264673233
7601	0.22454240918159485
7602	0.22455720603466034
7603	0.22455903887748718
7604	0.22456037998199463
7605	0.22458471357822418
7606	0.22459040582180023
7607	0.224596306681633
7608	0.22460201382637024
7609	0.22460335493087769
7610	0.22460885345935822
7611	0.224624902009964
7612	0.22462695837020874
7613	0.22462962567806244
7614	0.2246435433626175
7615	0.22465524077415466
7616	0.22471562027931213
7617	0.22472693026065826
7618	0.22472912073135376
7619	0.22473318874835968
7620	0.22473953664302826
7621	0.22476798295974731
7622	0.22476863861083984
7623	0.22479248046875
7624	0.22479480504989624
7625	0.22480638325214386
7626	0.22481383383274078
7627	0.22481542825698853
7628	0.22481602430343628
7629	0.22481660544872284
7630	0.22482803463935852
7631	0.22483213245868683
7632	0.22483836114406586
7633	0.22484110295772552
7634	0.2248794138431549
7635	0.2249196618795395
7636	0.22492577135562897
7637	0.2249317616224289
7638	0.22496537864208221
7639	0.2249794602394104
7640	0.22498257458209991
7641	0.22499260306358337
7642	0.22499312460422516
7643	0.22500643134117126
7644	0.22502991557121277
7645	0.22503875195980072
7646	0.22504737973213196
7647	0.22506023943424225
7648	0.22506506741046906
7649	0.22507549822330475
7650	0.2251373827457428
7651	0.2251412570476532
7652	0.22516319155693054
7653	0.22517168521881104
7654	0.22519902884960175
7655	0.22520311176776886
7656	0.22521771490573883
7657	0.22521832585334778
7658	0.22523918747901917
7659	0.22525562345981598
7660	0.2252582162618637
7661	0.22526408731937408
7662	0.22528238594532013
7663	0.2252882868051529
7664	0.22530432045459747
7665	0.22533151507377625
7666	0.2253451645374298
7667	0.22535087168216705
7668	0.2253606766462326
7669	0.2253679484128952
7670	0.2253783494234085
7671	0.2253921926021576
7672	0.22540012001991272
7673	0.22540409862995148
7674	0.22541172802448273
7675	0.22542516887187958
7676	0.22542782127857208
7677	0.22544534504413605
7678	0.22544997930526733
7679	0.22545333206653595
7680	0.22545552253723145
7681	0.22546304762363434
7682	0.22546438872814178
7683	0.22547119855880737
7684	0.2255009114742279
7685	0.2255101352930069
7686	0.2255306839942932
7687	0.22555045783519745
7688	0.2255553901195526
7689	0.22558556497097015
7690	0.22558775544166565
7691	0.2255987673997879
7692	0.22563959658145905
7693	0.22565531730651855
7694	0.22567756474018097
7695	0.22568140923976898
7696	0.22569069266319275
7697	0.22569459676742554
7698	0.22570951282978058
7699	0.22571784257888794
7700	0.22573305666446686
7701	0.22573478519916534
7702	0.22582361102104187
7703	0.22587350010871887
7704	0.22587627172470093
7705	0.2258765995502472
7706	0.22588039934635162
7707	0.22588683664798737
7708	0.2258952260017395
7709	0.2258986234664917
7710	0.22590073943138123
7711	0.225909024477005
7712	0.22591319680213928
7713	0.22592268884181976
7714	0.2259257435798645
7715	0.22594156861305237
7716	0.2259451299905777
7717	0.22598233819007874
7718	0.22598296403884888
7719	0.2259949892759323
7720	0.2260039746761322
7721	0.22601008415222168
7722	0.22601787745952606
7723	0.2260228395462036
7724	0.22603264451026917
7725	0.22614458203315735
7726	0.22614657878875732
7727	0.22614946961402893
7728	0.22617469727993011
7729	0.22619473934173584
7730	0.2261963188648224
7731	0.2262413501739502
7732	0.2262466847896576
7733	0.2262497991323471
7734	0.22626303136348724
7735	0.22626979649066925
7736	0.2262796312570572
7737	0.22628554701805115
7738	0.22629137337207794
7739	0.2262926995754242
7740	0.226301372051239
7741	0.22631525993347168
7742	0.226326122879982
7743	0.22633279860019684
7744	0.2263353168964386
7745	0.2263489067554474
7746	0.2263517826795578
7747	0.22635702788829803
7748	0.22636236250400543
7749	0.22636345028877258
7750	0.22636878490447998
7751	0.22638502717018127
7752	0.2264014035463333
7753	0.2264171838760376
7754	0.22642002999782562
7755	0.22642351686954498
7756	0.22642368078231812
7757	0.22642578184604645
7758	0.2264428585767746
7759	0.22645705938339233
7760	0.22648389637470245
7761	0.22651304304599762
7762	0.2265188843011856
7763	0.2265276163816452
7764	0.2265293002128601
7765	0.22653082013130188
7766	0.22653259336948395
7767	0.22653436660766602
7768	0.22653508186340332
7769	0.22656084597110748
7770	0.22656792402267456
7771	0.22657844424247742
7772	0.22658544778823853
7773	0.22662761807441711
7774	0.2266455441713333
7775	0.2266497164964676
7776	0.22674010694026947
7777	0.2268543839454651
7778	0.2268790900707245
7779	0.2268868088722229
7780	0.22691555321216583
7781	0.22691713273525238
7782	0.22692599892616272
7783	0.2269296795129776
7784	0.22693397104740143
7785	0.22696636617183685
7786	0.2269720435142517
7787	0.2269745022058487
7788	0.22697503864765167
7789	0.22697806358337402
7790	0.22697825729846954
7791	0.22700540721416473
7792	0.22702375054359436
7793	0.2270260751247406
7794	0.2270297259092331
7795	0.22703419625759125
7796	0.2270345687866211
7797	0.22703950107097626
7798	0.22704969346523285
7799	0.22706308960914612
7800	0.2270713746547699
7801	0.22707366943359375
7802	0.22707568109035492
7803	0.227086141705513
7804	0.2270931452512741
7805	0.22709937393665314
7806	0.2271018922328949
7807	0.2271053045988083
7808	0.22711564600467682
7809	0.227117121219635
7810	0.22711874544620514
7811	0.22712375223636627
7812	0.22713561356067657
7813	0.22714023292064667
7814	0.2271651327610016
7815	0.22716856002807617
7816	0.22717073559761047
7817	0.22733688354492188
7818	0.22736328840255737
7819	0.2273983657360077
7820	0.22741059958934784
7821	0.2274203598499298
7822	0.22747139632701874
7823	0.22747252881526947
7824	0.2274778038263321
7825	0.22748152911663055
7826	0.2274872213602066
7827	0.22753168642520905
7828	0.22754491865634918
7829	0.2275458127260208
7830	0.227568119764328
7831	0.22757205367088318
7832	0.2275768220424652
7833	0.22758901119232178
7834	0.22759921848773956
7835	0.2275993824005127
7836	0.2276047021150589
7837	0.2276112586259842
7838	0.22761377692222595
7839	0.22761589288711548
7840	0.22767017781734467
7841	0.22767238318920135
7842	0.2276778370141983
7843	0.22769695520401
7844	0.22769780457019806
7845	0.22772780060768127
7846	0.22773060202598572
7847	0.2277313768863678
7848	0.22774530947208405
7849	0.22775624692440033
7850	0.2277608960866928
7851	0.22776393592357635
7852	0.22778761386871338
7853	0.22778978943824768
7854	0.22783315181732178
7855	0.2278393805027008
7856	0.22789640724658966
7857	0.22790469229221344
7858	0.22790753841400146
7859	0.22791238129138947
7860	0.22797389328479767
7861	0.22797556221485138
7862	0.22798512876033783
7863	0.22802366316318512
7864	0.22802478075027466
7865	0.22803866863250732
7866	0.22805723547935486
7867	0.2280605137348175
7868	0.2280639410018921
7869	0.2281109094619751
7870	0.22811347246170044
7871	0.22824028134346008
7872	0.22824406623840332
7873	0.22824899852275848
7874	0.22825901210308075
7875	0.22834748029708862
7876	0.2283540815114975
7877	0.2283594310283661
7878	0.2283596396446228
7879	0.22836962342262268
7880	0.22837960720062256
7881	0.22838418185710907
7882	0.22838811576366425
7883	0.22841057181358337
7884	0.22841708362102509
7885	0.2284306138753891
7886	0.22843261063098907
7887	0.22845019400119781
7888	0.22846217453479767
7889	0.22846701741218567
7890	0.22847484052181244
7891	0.2284785956144333
7892	0.22849495708942413
7893	0.22849781811237335
7894	0.22854113578796387
7895	0.22854523360729218
7896	0.228554368019104
7897	0.22871509194374084
7898	0.22872433066368103
7899	0.22872686386108398
7900	0.2287384569644928
7901	0.2287398874759674
7902	0.22874929010868073
7903	0.22875821590423584
7904	0.22876623272895813
7905	0.22876766324043274
7906	0.22876861691474915
7907	0.22878795862197876
7908	0.22880689799785614
7909	0.2288413792848587
7910	0.22885404527187347
7911	0.2288663238286972
7912	0.22887660562992096
7913	0.2288842350244522
7914	0.22888672351837158
7915	0.22893306612968445
7916	0.22893869876861572
7917	0.22895491123199463
7918	0.22895735502243042
7919	0.22896970808506012
7920	0.228976771235466
7921	0.2289838045835495
7922	0.22898757457733154
7923	0.22899901866912842
7924	0.22902022302150726
7925	0.2290223240852356
7926	0.2290315181016922
7927	0.2290649563074112
7928	0.2290651500225067
7929	0.22906823456287384
7930	0.22907620668411255
7931	0.22907812893390656
7932	0.229080930352211
7933	0.22908559441566467
7934	0.22910116612911224
7935	0.22920142114162445
7936	0.22920416295528412
7937	0.2292199432849884
7938	0.22922052443027496
7939	0.22922834753990173
7940	0.22926850616931915
7941	0.22927549481391907
7942	0.22928516566753387
7943	0.22929909825325012
7944	0.22930307686328888
7945	0.2293156236410141
7946	0.22933614253997803
7947	0.22934971749782562
7948	0.22935634851455688
7949	0.22937311232089996
7950	0.22939226031303406
7951	0.22939573228359222
7952	0.22939683496952057
7953	0.22940176725387573
7954	0.2294173538684845
7955	0.22943015396595
7956	0.2294401079416275
7957	0.22945329546928406
7958	0.22946278750896454
7959	0.22946998476982117
7960	0.22949190437793732
7961	0.22951284050941467
7962	0.22952783107757568
7963	0.22953246533870697
7964	0.22954119741916656
7965	0.2295423150062561
7966	0.22954998910427094
7967	0.22960466146469116
7968	0.22960759699344635
7969	0.22961415350437164
7970	0.22962310910224915
7971	0.2296295464038849
7972	0.2296360582113266
7973	0.22963720560073853
7974	0.22964930534362793
7975	0.22965343296527863
7976	0.22966313362121582
7977	0.22966645658016205
7978	0.22966942191123962
7979	0.2296719253063202
7980	0.22967664897441864
7981	0.22968576848506927
7982	0.22969989478588104
7983	0.2297067493200302
7984	0.22975684702396393
7985	0.22976645827293396
7986	0.22976939380168915
7987	0.22977210581302643
7988	0.22977858781814575
7989	0.22978968918323517
7990	0.22979603707790375
7991	0.22981011867523193
7992	0.2298501878976822
7993	0.22989419102668762
7994	0.22990094125270844
7995	0.22992126643657684
7996	0.2299230545759201
7997	0.22992944717407227
7998	0.2299383133649826
7999	0.2299443483352661
8000	0.22997772693634033
8001	0.22998063266277313
8002	0.22998842597007751
8003	0.2300327718257904
8004	0.2300632894039154
8005	0.2300644963979721
8006	0.2300679236650467
8007	0.230085089802742
8008	0.2301015406847
8009	0.23014439642429352
8010	0.23016811907291412
8011	0.2301798015832901
8012	0.23018251359462738
8013	0.2301885038614273
8014	0.23019014298915863
8015	0.23019574582576752
8016	0.23020057380199432
8017	0.23020906746387482
8018	0.23021376132965088
8019	0.23021982610225677
8020	0.23025444149971008
8021	0.23027315735816956
8022	0.23027843236923218
8023	0.23028671741485596
8024	0.23028841614723206
8025	0.23028972744941711
8026	0.23030272126197815
8027	0.23032264411449432
8028	0.2303270399570465
8029	0.23035605251789093
8030	0.23036499321460724
8031	0.23037688434123993
8032	0.23038101196289062
8033	0.2303839772939682
8034	0.2303854078054428
8035	0.23040270805358887
8036	0.23042312264442444
8037	0.2304263412952423
8038	0.23043055832386017
8039	0.23044651746749878
8040	0.2305014282464981
8041	0.23061135411262512
8042	0.2306237518787384
8043	0.23062916100025177
8044	0.23063163459300995
8045	0.23064321279525757
8046	0.23064735531806946
8047	0.2306627780199051
8048	0.23066455125808716
8049	0.23067286610603333
8050	0.23068413138389587
8051	0.2306862771511078
8052	0.23069079220294952
8053	0.23069319128990173
8054	0.23070739209651947
8055	0.2307116687297821
8056	0.2307126373052597
8057	0.23073506355285645
8058	0.2307782918214798
8059	0.23079822957515717
8060	0.23080101609230042
8061	0.23081426322460175
8062	0.23081615567207336
8063	0.23082631826400757
8064	0.2308281660079956
8065	0.23086103796958923
8066	0.23087142407894135
8067	0.23087452352046967
8068	0.23088081181049347
8069	0.2309308648109436
8070	0.23094120621681213
8071	0.23095619678497314
8072	0.23096242547035217
8073	0.2309667468070984
8074	0.2309684306383133
8075	0.23098105192184448
8076	0.23098406195640564
8077	0.2310037910938263
8078	0.23101796209812164
8079	0.23108798265457153
8080	0.2311159074306488
8081	0.231122225522995
8082	0.23112910985946655
8083	0.23116938769817352
8084	0.23117010295391083
8085	0.2311907708644867
8086	0.23120127618312836
8087	0.2312057763338089
8088	0.2312084138393402
8089	0.23121954500675201
8090	0.23122426867485046
8091	0.23122787475585938
8092	0.2312428504228592
8093	0.23128251731395721
8094	0.23129087686538696
8095	0.23129595816135406
8096	0.23130108416080475
8097	0.2313079535961151
8098	0.2313184142112732
8099	0.2313191443681717
8100	0.23133818805217743
8101	0.23135752975940704
8102	0.23135845363140106
8103	0.23135992884635925
8104	0.231365367770195
8105	0.23138496279716492
8106	0.23139892518520355
8107	0.23140490055084229
8108	0.2314070463180542
8109	0.23140761256217957
8110	0.23141033947467804
8111	0.23144105076789856
8112	0.23144389688968658
8113	0.23144525289535522
8114	0.23145626485347748
8115	0.23145689070224762
8116	0.2314581423997879
8117	0.23146098852157593
8118	0.23147797584533691
8119	0.23150712251663208
8120	0.23152634501457214
8121	0.2315291464328766
8122	0.23155193030834198
8123	0.23155342042446136
8124	0.23155465722084045
8125	0.2315710186958313
8126	0.23157566785812378
8127	0.23167367279529572
8128	0.2317013442516327
8129	0.23170213401317596
8130	0.23170451819896698
8131	0.2317073792219162
8132	0.23171035945415497
8133	0.23175287246704102
8134	0.23176123201847076
8135	0.23177044093608856
8136	0.2317769080400467
8137	0.2317906618118286
8138	0.2317923903465271
8139	0.2318096160888672
8140	0.23183487355709076
8141	0.23185446858406067
8142	0.23186059296131134
8143	0.23188956081867218
8144	0.23190191388130188
8145	0.2319169044494629
8146	0.2319229543209076
8147	0.23194409906864166
8148	0.23195518553256989
8149	0.2319624274969101
8150	0.23196350038051605
8151	0.2319670170545578
8152	0.23199807107448578
8153	0.2320016771554947
8154	0.23201391100883484
8155	0.2320181280374527
8156	0.23202179372310638
8157	0.23203635215759277
8158	0.2320682406425476
8159	0.23207861185073853
8160	0.23209640383720398
8161	0.23210041224956512
8162	0.23210126161575317
8163	0.23217859864234924
8164	0.23218952119350433
8165	0.2322026938199997
8166	0.23221778869628906
8167	0.23222333192825317
8168	0.2322329431772232
8169	0.23225761950016022
8170	0.23227642476558685
8171	0.23228861391544342
8172	0.23231247067451477
8173	0.23232294619083405
8174	0.23233681917190552
8175	0.2323448657989502
8176	0.23234882950782776
8177	0.23235036432743073
8178	0.23241126537322998
8179	0.23244205117225647
8180	0.23244787752628326
8181	0.23245762288570404
8182	0.23246760666370392
8183	0.23247963190078735
8184	0.23250575363636017
8185	0.23252378404140472
8186	0.23252761363983154
8187	0.23254357278347015
8188	0.23257669806480408
8189	0.23258189857006073
8190	0.23267269134521484
8191	0.23269931972026825
8192	0.23273135721683502
8193	0.23273400962352753
8194	0.23273541033267975
8195	0.232740119099617
8196	0.23274490237236023
8197	0.23275747895240784
8198	0.2327583134174347
8199	0.232762411236763
8200	0.23277854919433594
8201	0.2327842116355896
8202	0.23279882967472076
8203	0.23280853033065796
8204	0.23281054198741913
8205	0.23282547295093536
8206	0.2328346073627472
8207	0.23283594846725464
8208	0.23284168541431427
8209	0.2328680008649826
8210	0.2328745275735855
8211	0.23293356597423553
8212	0.23299746215343475
8213	0.23299892246723175
8214	0.2330012172460556
8215	0.2330087125301361
8216	0.23301492631435394
8217	0.2330588847398758
8218	0.23306794464588165
8219	0.23308999836444855
8220	0.2331179529428482
8221	0.23312687873840332
8222	0.23312948644161224
8223	0.23313437402248383
8224	0.2331358939409256
8225	0.2331443428993225
8226	0.2331458330154419
8227	0.2331523895263672
8228	0.23315325379371643
8229	0.23316587507724762
8230	0.23318210244178772
8231	0.23319366574287415
8232	0.2332010120153427
8233	0.23320531845092773
8234	0.2332143634557724
8235	0.23321737349033356
8236	0.2332179844379425
8237	0.2332250326871872
8238	0.2332325577735901
8239	0.23324275016784668
8240	0.2332429140806198
8241	0.2332870364189148
8242	0.23328939080238342
8243	0.2332935780286789
8244	0.23329590260982513
8245	0.23330801725387573
8246	0.23331309854984283
8247	0.2333623319864273
8248	0.23341357707977295
8249	0.23356352746486664
8250	0.23357753455638885
8251	0.23358620703220367
8252	0.23359861969947815
8253	0.2336278110742569
8254	0.23363174498081207
8255	0.2336348295211792
8256	0.23363743722438812
8257	0.2336478978395462
8258	0.2336857169866562
8259	0.23368701338768005
8260	0.23373371362686157
8261	0.23374292254447937
8262	0.23380333185195923
8263	0.23381184041500092
8264	0.2338150441646576
8265	0.23382286727428436
8266	0.23382753133773804
8267	0.23386386036872864
8268	0.23386430740356445
8269	0.23386509716510773
8270	0.23390322923660278
8271	0.23390573263168335
8272	0.2339095175266266
8273	0.2339220494031906
8274	0.2339249551296234
8275	0.23394758999347687
8276	0.23394982516765594
8277	0.233951598405838
8278	0.23396094143390656
8279	0.23396141827106476
8280	0.233966663479805
8281	0.23397575318813324
8282	0.2339877039194107
8283	0.2339937388896942
8284	0.23399639129638672
8285	0.2340051233768463
8286	0.23401448130607605
8287	0.23402617871761322
8288	0.23403170704841614
8289	0.23403510451316833
8290	0.23408854007720947
8291	0.2340977042913437
8292	0.23410353064537048
8293	0.23410683870315552
8294	0.23410993814468384
8295	0.23411381244659424
8296	0.23414045572280884
8297	0.23415377736091614
8298	0.2341862916946411
8299	0.234187513589859
8300	0.23418846726417542
8301	0.23420149087905884
8302	0.23420296609401703
8303	0.23423883318901062
8304	0.23425021767616272
8305	0.2342638224363327
8306	0.23426492512226105
8307	0.2342682033777237
8308	0.2342703491449356
8309	0.2343127280473709
8310	0.23432528972625732
8311	0.23432599008083344
8312	0.23435024917125702
8313	0.2343616485595703
8314	0.23436465859413147
8315	0.2344336062669754
8316	0.234505757689476
8317	0.23451292514801025
8318	0.23454409837722778
8319	0.23455995321273804
8320	0.23456943035125732
8321	0.23457659780979156
8322	0.23459400236606598
8323	0.23459561169147491
8324	0.2346009910106659
8325	0.2346041351556778
8326	0.2346286177635193
8327	0.23462969064712524
8328	0.23463504016399384
8329	0.23464106023311615
8330	0.23466633260250092
8331	0.23466959595680237
8332	0.23467034101486206
8333	0.23467978835105896
8334	0.23468123376369476
8335	0.2346925586462021
8336	0.23470573127269745
8337	0.2347564697265625
8338	0.2347688227891922
8339	0.23478177189826965
8340	0.234785795211792
8341	0.23482924699783325
8342	0.23483304679393768
8343	0.23483926057815552
8344	0.23486195504665375
8345	0.23486271500587463
8346	0.23486478626728058
8347	0.23486852645874023
8348	0.23488281667232513
8349	0.2348852902650833
8350	0.2349616438150406
8351	0.23496946692466736
8352	0.2349797934293747
8353	0.2349809855222702
8354	0.23498477041721344
8355	0.2349853813648224
8356	0.2349865734577179
8357	0.2349906712770462
8358	0.23500198125839233
8359	0.23500844836235046
8360	0.2350160777568817
8361	0.23503239452838898
8362	0.23506812751293182
8363	0.23507486283779144
8364	0.23507633805274963
8365	0.2350849211215973
8366	0.2351303994655609
8367	0.23516535758972168
8368	0.23516859114170074
8369	0.23516929149627686
8370	0.23527178168296814
8371	0.23527833819389343
8372	0.23528914153575897
8373	0.2353133112192154
8374	0.23531518876552582
8375	0.23533578217029572
8376	0.23534297943115234
8377	0.23536451160907745
8378	0.23541738092899323
8379	0.23542644083499908
8380	0.2354278713464737
8381	0.23544268310070038
8382	0.23544588685035706
8383	0.23546208441257477
8384	0.23551572859287262
8385	0.23551860451698303
8386	0.23554009199142456
8387	0.235577791929245
8388	0.23558105528354645
8389	0.23558956384658813
8390	0.2356083244085312
8391	0.23562127351760864
8392	0.23562395572662354
8393	0.23562970757484436
8394	0.23563669621944427
8395	0.2356685847043991
8396	0.23569044470787048
8397	0.2357034832239151
8398	0.23572266101837158
8399	0.2357330471277237
8400	0.23573726415634155
8401	0.23576407134532928
8402	0.2357972413301468
8403	0.2358337640762329
8404	0.2358391284942627
8405	0.23584096133708954
8406	0.23584169149398804
8407	0.2358960658311844
8408	0.23591092228889465
8409	0.23592710494995117
8410	0.23593339323997498
8411	0.23594875633716583
8412	0.23596400022506714
8413	0.2360009402036667
8414	0.23600183427333832
8415	0.23600740730762482
8416	0.2360256016254425
8417	0.23602579534053802
8418	0.23602651059627533
8419	0.23604127764701843
8420	0.23604221642017365
8421	0.23605522513389587
8422	0.23606911301612854
8423	0.2360788881778717
8424	0.23608289659023285
8425	0.23608650267124176
8426	0.23609137535095215
8427	0.2360997349023819
8428	0.23610720038414001
8429	0.23611880838871002
8430	0.23612266778945923
8431	0.23613914847373962
8432	0.23614543676376343
8433	0.23615416884422302
8434	0.23615498840808868
8435	0.23615746200084686
8436	0.23616202175617218
8437	0.2361907660961151
8438	0.23619681596755981
8439	0.23619882762432098
8440	0.23621954023838043
8441	0.23623217642307281
8442	0.23623710870742798
8443	0.23626191914081573
8444	0.23627200722694397
8445	0.23629671335220337
8446	0.2363097071647644
8447	0.23631508648395538
8448	0.23632225394248962
8449	0.23632527887821198
8450	0.23633863031864166
8451	0.23634643852710724
8452	0.23645000159740448
8453	0.23646613955497742
8454	0.23647166788578033
8455	0.2365277260541916
8456	0.23654583096504211
8457	0.23658303916454315
8458	0.23659929633140564
8459	0.2366022765636444
8460	0.23660551011562347
8461	0.236611470580101
8462	0.23661364614963531
8463	0.23666226863861084
8464	0.2366679608821869
8465	0.2366848886013031
8466	0.23668615520000458
8467	0.2366906851530075
8468	0.23669686913490295
8469	0.2367020696401596
8470	0.236725315451622
8471	0.23673398792743683
8472	0.23673732578754425
8473	0.23675157129764557
8474	0.23675556480884552
8475	0.23675931990146637
8476	0.23677659034729004
8477	0.23679287731647491
8478	0.23679746687412262
8479	0.2367984503507614
8480	0.2367994785308838
8481	0.23681454360485077
8482	0.23681876063346863
8483	0.23686814308166504
8484	0.2368939220905304
8485	0.23689788579940796
8486	0.23690223693847656
8487	0.2369079738855362
8488	0.23691633343696594
8489	0.2369236946105957
8490	0.236934095621109
8491	0.23693692684173584
8492	0.2369851917028427
8493	0.2369953840970993
8494	0.23700357973575592
8495	0.2370075285434723
8496	0.23701594769954681
8497	0.23702430725097656
8498	0.23705455660820007
8499	0.23706121742725372
8500	0.23706190288066864
8501	0.2370692491531372
8502	0.2370702028274536
8503	0.2370758354663849
8504	0.23714543879032135
8505	0.23714978992938995
8506	0.23715254664421082
8507	0.23715411126613617
8508	0.23715715110301971
8509	0.23715785145759583
8510	0.23716402053833008
8511	0.23716577887535095
8512	0.23717527091503143
8513	0.23719622194766998
8514	0.237214595079422
8515	0.23723027110099792
8516	0.23723986744880676
8517	0.23724868893623352
8518	0.23725612461566925
8519	0.23725633323192596
8520	0.2372787594795227
8521	0.23729662597179413
8522	0.23731368780136108
8523	0.23732511699199677
8524	0.23732715845108032
8525	0.2373279333114624
8526	0.2373325228691101
8527	0.2373536080121994
8528	0.23735977709293365
8529	0.23736710846424103
8530	0.2373690903186798
8531	0.2373824268579483
8532	0.2373855710029602
8533	0.23738771677017212
8534	0.23739469051361084
8535	0.23740069568157196
8536	0.23740601539611816
8537	0.2374114990234375
8538	0.23741650581359863
8539	0.23742017149925232
8540	0.23742996156215668
8541	0.23743855953216553
8542	0.23744991421699524
8543	0.2374546229839325
8544	0.23746401071548462
8545	0.23749205470085144
8546	0.23750202357769012
8547	0.23751455545425415
8548	0.2375255525112152
8549	0.23752783238887787
8550	0.23754097521305084
8551	0.23754936456680298
8552	0.23756776750087738
8553	0.23758134245872498
8554	0.23758172988891602
8555	0.23759526014328003
8556	0.23760412633419037
8557	0.23761406540870667
8558	0.23761729896068573
8559	0.237639382481575
8560	0.2376425713300705
8561	0.23773381114006042
8562	0.23774169385433197
8563	0.23775334656238556
8564	0.23776589334011078
8565	0.23777133226394653
8566	0.23779118061065674
8567	0.23779472708702087
8568	0.23781542479991913
8569	0.2378198802471161
8570	0.23783037066459656
8571	0.23783078789710999
8572	0.23783978819847107
8573	0.23786501586437225
8574	0.23787415027618408
8575	0.2378791719675064
8576	0.23792684078216553
8577	0.23793892562389374
8578	0.23794394731521606
8579	0.2379492074251175
8580	0.23797757923603058
8581	0.2379898577928543
8582	0.23801389336585999
8583	0.2380353957414627
8584	0.23804175853729248
8585	0.238045796751976
8586	0.23805145919322968
8587	0.23806719481945038
8588	0.2380698323249817
8589	0.23807081580162048
8590	0.23807832598686218
8591	0.23808184266090393
8592	0.23812492191791534
8593	0.2381337434053421
8594	0.23813402652740479
8595	0.23814347386360168
8596	0.2381673902273178
8597	0.2381937950849533
8598	0.23819391429424286
8599	0.23824475705623627
8600	0.23825539648532867
8601	0.23830856382846832
8602	0.2383223921060562
8603	0.2383401244878769
8604	0.23837003111839294
8605	0.23840488493442535
8606	0.23841123282909393
8607	0.2384166419506073
8608	0.2384534478187561
8609	0.23846746981143951
8610	0.23852786421775818
8611	0.23852898180484772
8612	0.2385295331478119
8613	0.23853647708892822
8614	0.2385382205247879
8615	0.23853948712348938
8616	0.23854246735572815
8617	0.23855338990688324
8618	0.238569974899292
8619	0.23857292532920837
8620	0.23859411478042603
8621	0.2385973036289215
8622	0.23861302435398102
8623	0.2386145144701004
8624	0.23862296342849731
8625	0.23862484097480774
8626	0.2386290282011032
8627	0.23863433301448822
8628	0.23864585161209106
8629	0.23865243792533875
8630	0.23865589499473572
8631	0.23870664834976196
8632	0.23870949447155
8633	0.23872461915016174
8634	0.23873929679393768
8635	0.23874075710773468
8636	0.23878216743469238
8637	0.23879708349704742
8638	0.23879972100257874
8639	0.23880182206630707
8640	0.23880696296691895
8641	0.23885323107242584
8642	0.23885448276996613
8643	0.23886756598949432
8644	0.23888923227787018
8645	0.23890389502048492
8646	0.23891711235046387
8647	0.23891805112361908
8648	0.23893630504608154
8649	0.23893649876117706
8650	0.23902787268161774
8651	0.23904046416282654
8652	0.2390441596508026
8653	0.2390456348657608
8654	0.23911188542842865
8655	0.23913078010082245
8656	0.23913834989070892
8657	0.23914052546024323
8658	0.23914475739002228
8659	0.23915411531925201
8660	0.23915550112724304
8661	0.23915722966194153
8662	0.23915888369083405
8663	0.2391906976699829
8664	0.23919977247714996
8665	0.23923060297966003
8666	0.23923359811306
8667	0.23926472663879395
8668	0.23926953971385956
8669	0.23928038775920868
8670	0.23931920528411865
8671	0.2393358051776886
8672	0.2394171506166458
8673	0.23941786587238312
8674	0.23943038284778595
8675	0.23943687975406647
8676	0.23944072425365448
8677	0.23944701254367828
8678	0.2394571751356125
8679	0.23945912718772888
8680	0.23947063088417053
8681	0.2394801825284958
8682	0.23949480056762695
8683	0.23950612545013428
8684	0.23951232433319092
8685	0.23952072858810425
8686	0.23954181373119354
8687	0.23956869542598724
8688	0.2395768165588379
8689	0.23958031833171844
8690	0.23959428071975708
8691	0.2396184653043747
8692	0.2396235167980194
8693	0.23964524269104004
8694	0.23965243995189667
8695	0.2396540343761444
8696	0.2396635264158249
8697	0.2397061288356781
8698	0.239735946059227
8699	0.23975715041160583
8700	0.23978568613529205
8701	0.23980341851711273
8702	0.2398213893175125
8703	0.23983074724674225
8704	0.23983234167099
8705	0.2398393452167511
8706	0.23987892270088196
8707	0.23988188803195953
8708	0.23988448083400726
8709	0.23991189897060394
8710	0.23994266986846924
8711	0.23996762931346893
8712	0.2400139719247818
8713	0.24002835154533386
8714	0.24004186689853668
8715	0.24004560708999634
8716	0.24004849791526794
8717	0.24005094170570374
8718	0.24006342887878418
8719	0.24006783962249756
8720	0.24007907509803772
8721	0.240135058760643
8722	0.2401461899280548
8723	0.24015070497989655
8724	0.24015456438064575
8725	0.24017281830310822
8726	0.24022085964679718
8727	0.2402317225933075
8728	0.24025073647499084
8729	0.24027511477470398
8730	0.24029096961021423
8731	0.24040649831295013
8732	0.24040882289409637
8733	0.24044425785541534
8734	0.24044492840766907
8735	0.24044768512248993
8736	0.2404617816209793
8737	0.24051785469055176
8738	0.24052593111991882
8739	0.24053612351417542
8740	0.2406412810087204
8741	0.2406485676765442
8742	0.2406529039144516
8743	0.24065329134464264
8744	0.24065476655960083
8745	0.240662083029747
8746	0.2406725436449051
8747	0.24067437648773193
8748	0.24080583453178406
8749	0.24080868065357208
8750	0.24081532657146454
8751	0.240839883685112
8752	0.24084100127220154
8753	0.24084456264972687
8754	0.24084791541099548
8755	0.2408546805381775
8756	0.24090540409088135
8757	0.24092260003089905
8758	0.24092306196689606
8759	0.2409307360649109
8760	0.24094419181346893
8761	0.24094955623149872
8762	0.24095286428928375
8763	0.2409563809633255
8764	0.2409568727016449
8765	0.240959033370018
8766	0.24096131324768066
8767	0.2409624308347702
8768	0.24096593260765076
8769	0.2409738451242447
8770	0.24098828434944153
8771	0.24101483821868896
8772	0.2410246729850769
8773	0.24104538559913635
8774	0.24104583263397217
8775	0.24105213582515717
8776	0.24106177687644958
8777	0.24107271432876587
8778	0.24107994139194489
8779	0.2410866916179657
8780	0.24110426008701324
8781	0.2411050945520401
8782	0.24112795293331146
8783	0.24112959206104279
8784	0.24113264679908752
8785	0.2411442995071411
8786	0.2411581426858902
8787	0.24117738008499146
8788	0.2412201166152954
8789	0.24125024676322937
8790	0.24128106236457825
8791	0.24133361876010895
8792	0.24133826792240143
8793	0.24134254455566406
8794	0.2413443922996521
8795	0.2413484901189804
8796	0.24135273694992065
8797	0.24137280881404877
8798	0.2413989007472992
8799	0.24141357839107513
8800	0.2414202243089676
8801	0.24145270884037018
8802	0.24145707488059998
8803	0.24147120118141174
8804	0.24147780239582062
8805	0.24148045480251312
8806	0.24148140847682953
8807	0.24150803685188293
8808	0.2415464073419571
8809	0.24156656861305237
8810	0.24159066379070282
8811	0.24160470068454742
8812	0.24161267280578613
8813	0.24161726236343384
8814	0.24162177741527557
8815	0.241677388548851
8816	0.24168403446674347
8817	0.24169819056987762
8818	0.24174454808235168
8819	0.24174578487873077
8820	0.24175207316875458
8821	0.24177180230617523
8822	0.24178919196128845
8823	0.24178960919380188
8824	0.2417990118265152
8825	0.24180147051811218
8826	0.24180787801742554
8827	0.24182067811489105
8828	0.24183063209056854
8829	0.24183721840381622
8830	0.2418624758720398
8831	0.24187776446342468
8832	0.24189075827598572
8833	0.24189573526382446
8834	0.24190419912338257
8835	0.2419116199016571
8836	0.2419157773256302
8837	0.24192558228969574
8838	0.241959810256958
8839	0.24203602969646454
8840	0.24206629395484924
8841	0.24206805229187012
8842	0.24207153916358948
8843	0.24208322167396545
8844	0.24208514392375946
8845	0.2420923262834549
8846	0.24209608137607574
8847	0.24213694036006927
8848	0.24214813113212585
8849	0.24218356609344482
8850	0.24218501150608063
8851	0.24221523106098175
8852	0.24222494661808014
8853	0.24222926795482635
8854	0.24225419759750366
8855	0.2422560602426529
8856	0.24225665628910065
8857	0.24228601157665253
8858	0.24229049682617188
8859	0.2422969937324524
8860	0.2423107922077179
8861	0.24231894314289093
8862	0.2423238903284073
8863	0.24232913553714752
8864	0.24233278632164001
8865	0.24238191545009613
8866	0.24241679906845093
8867	0.24242404103279114
8868	0.24242450296878815
8869	0.24243642389774323
8870	0.24243706464767456
8871	0.2424807995557785
8872	0.24248139560222626
8873	0.24248893558979034
8874	0.2424958199262619
8875	0.24249927699565887
8876	0.24251402914524078
8877	0.24252949655056
8878	0.24253232777118683
8879	0.2425391674041748
8880	0.24253949522972107
8881	0.24254779517650604
8882	0.24255786836147308
8883	0.24257279932498932
8884	0.2425946444272995
8885	0.2425987422466278
8886	0.24259963631629944
8887	0.2426043599843979
8888	0.24270552396774292
8889	0.24270716309547424
8890	0.24272194504737854
8891	0.24272719025611877
8892	0.24272805452346802
8893	0.24273274838924408
8894	0.24273885786533356
8895	0.24274200201034546
8896	0.24274738132953644
8897	0.24274872243404388
8898	0.24277199804782867
8899	0.24278467893600464
8900	0.24278642237186432
8901	0.24278758466243744
8902	0.2428312450647354
8903	0.24284757673740387
8904	0.24287745356559753
8905	0.24288056790828705
8906	0.24288877844810486
8907	0.242892786860466
8908	0.24289491772651672
8909	0.24290481209754944
8910	0.24291978776454926
8911	0.24292027950286865
8912	0.24292370676994324
8913	0.2429460734128952
8914	0.24294748902320862
8915	0.2429574579000473
8916	0.24296189844608307
8917	0.24296842515468597
8918	0.24297666549682617
8919	0.24298664927482605
8920	0.2429870069026947
8921	0.24301595985889435
8922	0.24301962554454803
8923	0.24302175641059875
8924	0.24303612112998962
8925	0.2430429756641388
8926	0.24304448068141937
8927	0.24304629862308502
8928	0.24307025969028473
8929	0.2430802434682846
8930	0.24308422207832336
8931	0.2430892288684845
8932	0.2431012988090515
8933	0.24313680827617645
8934	0.24317261576652527
8935	0.2431904673576355
8936	0.2432045042514801
8937	0.24320675432682037
8938	0.24320706725120544
8939	0.243217334151268
8940	0.2432205080986023
8941	0.24324172735214233
8942	0.2432420402765274
8943	0.24324369430541992
8944	0.24324476718902588
8945	0.24325309693813324
8946	0.24325475096702576
8947	0.2432597577571869
8948	0.2432643175125122
8949	0.24326570332050323
8950	0.24327507615089417
8951	0.24327585101127625
8952	0.24327890574932098
8953	0.2432933896780014
8954	0.24329660832881927
8955	0.24330434203147888
8956	0.2433244287967682
8957	0.24334104359149933
8958	0.24335409700870514
8959	0.2433585226535797
8960	0.24335910379886627
8961	0.24338871240615845
8962	0.24339056015014648
8963	0.24341654777526855
8964	0.24341799318790436
8965	0.24343015253543854
8966	0.243430957198143
8967	0.24346336722373962
8968	0.2434675246477127
8969	0.2434709221124649
8970	0.24347545206546783
8971	0.24348314106464386
8972	0.24350836873054504
8973	0.24352115392684937
8974	0.24352461099624634
8975	0.24352970719337463
8976	0.24353331327438354
8977	0.24354417622089386
8978	0.2435723841190338
8979	0.24359501898288727
8980	0.24359716475009918
8981	0.24361151456832886
8982	0.24361202120780945
8983	0.24362030625343323
8984	0.2436499148607254
8985	0.24365460872650146
8986	0.24366022646427155
8987	0.24366599321365356
8988	0.2436712235212326
8989	0.2436787337064743
8990	0.2436957210302353
8991	0.24369807541370392
8992	0.24371106922626495
8993	0.24371379613876343
8994	0.24371565878391266
8995	0.24371734261512756
8996	0.24372656643390656
8997	0.24374143779277802
8998	0.24374864995479584
8999	0.24375464022159576
9000	0.24376343190670013
9001	0.24382872879505157
9002	0.24384284019470215
9003	0.2438601702451706
9004	0.2438679188489914
9005	0.24387042224407196
9006	0.2438749521970749
9007	0.2438858300447464
9008	0.24388769268989563
9009	0.24392923712730408
9010	0.24393825232982635
9011	0.24393941462039948
9012	0.24394504725933075
9013	0.2439788281917572
9014	0.24399428069591522
9015	0.2439962774515152
9016	0.2440098524093628
9017	0.2440151870250702
9018	0.24402554333209991
9019	0.2440309375524521
9020	0.2440420389175415
9021	0.2440483272075653
9022	0.24405096471309662
9023	0.2440539449453354
9024	0.24405786395072937
9025	0.24406073987483978
9026	0.2440720647573471
9027	0.24407294392585754
9028	0.24407386779785156
9029	0.24407798051834106
9030	0.24408353865146637
9031	0.24409809708595276
9032	0.24410049617290497
9033	0.2441234439611435
9034	0.24414010345935822
9035	0.24415139853954315
9036	0.2441539168357849
9037	0.24415844678878784
9038	0.24416010081768036
9039	0.24416381120681763
9040	0.24418452382087708
9041	0.2441924810409546
9042	0.24419580399990082
9043	0.24420030415058136
9044	0.2442127764225006
9045	0.24421678483486176
9046	0.24422527849674225
9047	0.24424304068088531
9048	0.2442452311515808
9049	0.24425943195819855
9050	0.24427402019500732
9051	0.24431093037128448
9052	0.24431458115577698
9053	0.2443164438009262
9054	0.24432194232940674
9055	0.24432504177093506
9056	0.24432668089866638
9057	0.24433675408363342
9058	0.24433830380439758
9059	0.24436382949352264
9060	0.24436727166175842
9061	0.2443765252828598
9062	0.24437984824180603
9063	0.24439184367656708
9064	0.24439863860607147
9065	0.24441276490688324
9066	0.24442081153392792
9067	0.2444433569908142
9068	0.24446097016334534
9069	0.2444799393415451
9070	0.24448394775390625
9071	0.2444855272769928
9072	0.24451500177383423
9073	0.2445307970046997
9074	0.2445327639579773
9075	0.24453400075435638
9076	0.2445565015077591
9077	0.2445676177740097
9078	0.24461105465888977
9079	0.2446124404668808
9080	0.24461714923381805
9081	0.24465405941009521
9082	0.24470683932304382
9083	0.24471402168273926
9084	0.24475744366645813
9085	0.24476803839206696
9086	0.24476976692676544
9087	0.2447778731584549
9088	0.2447802722454071
9089	0.24481669068336487
9090	0.24483607709407806
9091	0.24483813345432281
9092	0.24486038088798523
9093	0.24487623572349548
9094	0.24488753080368042
9095	0.24489086866378784
9096	0.24489298462867737
9097	0.2448960840702057
9098	0.24489949643611908
9099	0.24490520358085632
9100	0.24493500590324402
9101	0.2449374496936798
9102	0.24496091902256012
9103	0.2449684739112854
9104	0.24497416615486145
9105	0.24497999250888824
9106	0.24498917162418365
9107	0.24499252438545227
9108	0.24499566853046417
9109	0.24499614536762238
9110	0.24500173330307007
9111	0.24501174688339233
9112	0.2450188845396042
9113	0.24503378570079803
9114	0.24504998326301575
9115	0.24505610764026642
9116	0.24506179988384247
9117	0.24507245421409607
9118	0.24507659673690796
9119	0.24508553743362427
9120	0.2450890839099884
9121	0.24509675800800323
9122	0.24510525166988373
9123	0.24510985612869263
9124	0.24512016773223877
9125	0.24512618780136108
9126	0.24516595900058746
9127	0.24518197774887085
9128	0.24520830810070038
9129	0.24524465203285217
9130	0.24525974690914154
9131	0.24526003003120422
9132	0.2453002631664276
9133	0.24530039727687836
9134	0.24531304836273193
9135	0.2453397661447525
9136	0.24539892375469208
9137	0.2454177290201187
9138	0.24542748928070068
9139	0.24544395506381989
9140	0.24544718861579895
9141	0.24544855952262878
9142	0.24546310305595398
9143	0.24546532332897186
9144	0.245468869805336
9145	0.24548165500164032
9146	0.24550089240074158
9147	0.2455119788646698
9148	0.24552932381629944
9149	0.2455650269985199
9150	0.2455672323703766
9151	0.2455977350473404
9152	0.2456139326095581
9153	0.24561601877212524
9154	0.24561671912670135
9155	0.24563929438591003
9156	0.24565120041370392
9157	0.2456626445055008
9158	0.24567486345767975
9159	0.2456783503293991
9160	0.24568220973014832
9161	0.2456888109445572
9162	0.24569076299667358
9163	0.24569115042686462
9164	0.2456970512866974
9165	0.24570296704769135
9166	0.245713472366333
9167	0.2457737922668457
9168	0.24578559398651123
9169	0.24580316245555878
9170	0.24582688510417938
9171	0.2458454817533493
9172	0.24587731063365936
9173	0.24587923288345337
9174	0.24589098989963531
9175	0.24590003490447998
9176	0.24591639637947083
9177	0.24591679871082306
9178	0.2459184229373932
9179	0.24592112004756927
9180	0.24592411518096924
9181	0.245939701795578
9182	0.24594098329544067
9183	0.24595320224761963
9184	0.24595920741558075
9185	0.2459627240896225
9186	0.2459813952445984
9187	0.24598334729671478
9188	0.24599331617355347
9189	0.24601036310195923
9190	0.24604357779026031
9191	0.2460637241601944
9192	0.2460646778345108
9193	0.24606889486312866
9194	0.24607603251934052
9195	0.24612553417682648
9196	0.24613651633262634
9197	0.24615506827831268
9198	0.246156245470047
9199	0.24615861475467682
9200	0.24615933001041412
9201	0.24616150557994843
9202	0.2461623102426529
9203	0.24616952240467072
9204	0.24618129432201385
9205	0.2462000697851181
9206	0.2462048977613449
9207	0.24622862040996552
9208	0.24624790251255035
9209	0.24625429511070251
9210	0.24625501036643982
9211	0.24626368284225464
9212	0.24626865983009338
9213	0.24627508223056793
9214	0.24627549946308136
9215	0.2462821900844574
9216	0.24628423154354095
9217	0.24628694355487823
9218	0.24631425738334656
9219	0.24632692337036133
9220	0.24632848799228668
9221	0.24633455276489258
9222	0.24634093046188354
9223	0.24635012447834015
9224	0.246358722448349
9225	0.24638742208480835
9226	0.2463897168636322
9227	0.24639087915420532
9228	0.2464418262243271
9229	0.24644741415977478
9230	0.24646291136741638
9231	0.246489018201828
9232	0.24649010598659515
9233	0.2465193122625351
9234	0.24652044475078583
9235	0.24652592837810516
9236	0.24653105437755585
9237	0.24654589593410492
9238	0.2465486377477646
9239	0.24658620357513428
9240	0.2465943545103073
9241	0.24660667777061462
9242	0.24661779403686523
9243	0.24662594497203827
9244	0.24662606418132782
9245	0.2466292679309845
9246	0.246648371219635
9247	0.24664901196956635
9248	0.24667491018772125
9249	0.24668525159358978
9250	0.24668680131435394
9251	0.2466888427734375
9252	0.24670346081256866
9253	0.24670810997486115
9254	0.24671661853790283
9255	0.24672415852546692
9256	0.2467534989118576
9257	0.24676205217838287
9258	0.24676312506198883
9259	0.24677622318267822
9260	0.24677914381027222
9261	0.24679532647132874
9262	0.24685294926166534
9263	0.24686075747013092
9264	0.246878519654274
9265	0.2468896359205246
9266	0.24689717590808868
9267	0.24691198766231537
9268	0.24691501259803772
9269	0.24692337214946747
9270	0.2469242960214615
9271	0.24693110585212708
9272	0.246931791305542
9273	0.24695821106433868
9274	0.24696488678455353
9275	0.24696747958660126
9276	0.2469690591096878
9277	0.24697433412075043
9278	0.24697522819042206
9279	0.24699527025222778
9280	0.24701295793056488
9281	0.24702629446983337
9282	0.2470453679561615
9283	0.24705399572849274
9284	0.24706752598285675
9285	0.24707123637199402
9286	0.24707326292991638
9287	0.24708713591098785
9288	0.2470969259738922
9289	0.24713657796382904
9290	0.24714767932891846
9291	0.2471533715724945
9292	0.24715490639209747
9293	0.24719379842281342
9294	0.24721427261829376
9295	0.2472267895936966
9296	0.2472645342350006
9297	0.2472718209028244
9298	0.2473049759864807
9299	0.24732542037963867
9300	0.2473480999469757
9301	0.24735191464424133
9302	0.24736395478248596
9303	0.24737848341464996
9304	0.2473829984664917
9305	0.24738363921642303
9306	0.24738731980323792
9307	0.2473907768726349
9308	0.24743729829788208
9309	0.2474435269832611
9310	0.24745012819766998
9311	0.2474580556154251
9312	0.24746254086494446
9313	0.24746975302696228
9314	0.24749086797237396
9315	0.24749332666397095
9316	0.2474985420703888
9317	0.2475166618824005
9318	0.24754168093204498
9319	0.2475530356168747
9320	0.2475726306438446
9321	0.24758772552013397
9322	0.24760782718658447
9323	0.24765165150165558
9324	0.2477177381515503
9325	0.2477235347032547
9326	0.24775154888629913
9327	0.2477560192346573
9328	0.24776044487953186
9329	0.24776649475097656
9330	0.24783280491828918
9331	0.2478349506855011
9332	0.24783754348754883
9333	0.24786315858364105
9334	0.2478688806295395
9335	0.24787276983261108
9336	0.24787770211696625
9337	0.24789072573184967
9338	0.2479160875082016
9339	0.24792319536209106
9340	0.2479531168937683
9341	0.24804987013339996
9342	0.2480667233467102
9343	0.24808289110660553
9344	0.24808919429779053
9345	0.24811285734176636
9346	0.2481214553117752
9347	0.248124361038208
9348	0.24813055992126465
9349	0.24814310669898987
9350	0.24816712737083435
9351	0.2481950968503952
9352	0.24820199608802795
9353	0.24820464849472046
9354	0.24823316931724548
9355	0.24824771285057068
9356	0.24824988842010498
9357	0.24826207756996155
9358	0.24826613068580627
9359	0.24826687574386597
9360	0.2482677698135376
9361	0.2482757568359375
9362	0.24828559160232544
9363	0.24829897284507751
9364	0.2483026534318924
9365	0.24830956757068634
9366	0.2483290582895279
9367	0.24833090603351593
9368	0.24834048748016357
9369	0.2483702450990677
9370	0.2483733594417572
9371	0.24838711321353912
9372	0.2483891099691391
9373	0.24839501082897186
9374	0.24840445816516876
9375	0.24840663373470306
9376	0.24842022359371185
9377	0.24842514097690582
9378	0.24843420088291168
9379	0.24844427406787872
9380	0.2484554499387741
9381	0.24845834076404572
9382	0.2484593242406845
9383	0.24849534034729004
9384	0.24849911034107208
9385	0.2485257238149643
9386	0.24855685234069824
9387	0.2485627382993698
9388	0.2485896348953247
9389	0.24859441816806793
9390	0.24860280752182007
9391	0.24862588942050934
9392	0.2486410140991211
9393	0.24864204227924347
9394	0.24864594638347626
9395	0.24865704774856567
9396	0.24879451096057892
9397	0.24881434440612793
9398	0.24881811439990997
9399	0.2488223761320114
9400	0.24882689118385315
9401	0.2488326132297516
9402	0.2488512545824051
9403	0.24885982275009155
9404	0.24887396395206451
9405	0.2488819658756256
9406	0.24888674914836884
9407	0.24889567494392395
9408	0.24891264736652374
9409	0.24892063438892365
9410	0.2489231824874878
9411	0.24893291294574738
9412	0.24893668293952942
9413	0.24896609783172607
9414	0.24902525544166565
9415	0.24903373420238495
9416	0.24903789162635803
9417	0.24904173612594604
9418	0.24906966090202332
9419	0.24907466769218445
9420	0.24911901354789734
9421	0.24913358688354492
9422	0.24913977086544037
9423	0.24914106726646423
9424	0.24917657673358917
9425	0.24917809665203094
9426	0.2491825520992279
9427	0.24918478727340698
9428	0.2491869479417801
9429	0.24918924272060394
9430	0.24920888245105743
9431	0.2492111474275589
9432	0.24921444058418274
9433	0.24923072755336761
9434	0.24923384189605713
9435	0.249237522482872
9436	0.24926629662513733
9437	0.24930019676685333
9438	0.24932095408439636
9439	0.24932758510112762
9440	0.2493625283241272
9441	0.24937541782855988
9442	0.24937847256660461
9443	0.24939768016338348
9444	0.24940700829029083
9445	0.2494114488363266
9446	0.24941587448120117
9447	0.24941721558570862
9448	0.24942341446876526
9449	0.24942560493946075
9450	0.24947357177734375
9451	0.24948927760124207
9452	0.24949303269386292
9453	0.24951386451721191
9454	0.24952727556228638
9455	0.24953413009643555
9456	0.24953997135162354
9457	0.24954310059547424
9458	0.2495446503162384
9459	0.24955053627490997
9460	0.24960081279277802
9461	0.24960632622241974
9462	0.24960929155349731
9463	0.24961157143115997
9464	0.24961552023887634
9465	0.24962767958641052
9466	0.24962934851646423
9467	0.24963024258613586
9468	0.24963445961475372
9469	0.24966199696063995
9470	0.24967588484287262
9471	0.2496778964996338
9472	0.24969179928302765
9473	0.24972878396511078
9474	0.24973158538341522
9475	0.24974825978279114
9476	0.24975211918354034
9477	0.2497715950012207
9478	0.24977600574493408
9479	0.24977658689022064
9480	0.24977965652942657
9481	0.24980907142162323
9482	0.24982157349586487
9483	0.24982281029224396
9484	0.2498321235179901
9485	0.24983741343021393
9486	0.24991711974143982
9487	0.24992312490940094
9488	0.24993515014648438
9489	0.24994510412216187
9490	0.24996688961982727
9491	0.2500346302986145
9492	0.25005030632019043
9493	0.2500568628311157
9494	0.2500627636909485
9495	0.25006571412086487
9496	0.250074565410614
9497	0.2500772476196289
9498	0.250080943107605
9499	0.2501031458377838
9500	0.2501061260700226
9501	0.2501271069049835
9502	0.2501332461833954
9503	0.25016653537750244
9504	0.2501954436302185
9505	0.25019797682762146
9506	0.25021296739578247
9507	0.25021427869796753
9508	0.250244140625
9509	0.25024503469467163
9510	0.25027918815612793
9511	0.2502829432487488
9512	0.2503070533275604
9513	0.25031933188438416
9514	0.2503296732902527
9515	0.25033122301101685
9516	0.2503594160079956
9517	0.25036174058914185
9518	0.25037193298339844
9519	0.2503777742385864
9520	0.2504563331604004
9521	0.2504696547985077
9522	0.25050339102745056
9523	0.25050824880599976
9524	0.2505325376987457
9525	0.2505342960357666
9526	0.25056782364845276
9527	0.25056999921798706
9528	0.25058886408805847
9529	0.250590443611145
9530	0.2505932152271271
9531	0.2505953907966614
9532	0.2505978047847748
9533	0.25060996413230896
9534	0.2506104111671448
9535	0.25061601400375366
9536	0.2506381869316101
9537	0.2506519854068756
9538	0.2506691515445709
9539	0.250672847032547
9540	0.2506881058216095
9541	0.2507176995277405
9542	0.25072386860847473
9543	0.2507835328578949
9544	0.25078514218330383
9545	0.2507880926132202
9546	0.250794917345047
9547	0.2508004307746887
9548	0.2508057951927185
9549	0.2508067488670349
9550	0.2508159577846527
9551	0.2508257031440735
9552	0.25083470344543457
9553	0.2508569657802582
9554	0.25086307525634766
9555	0.2508987784385681
9556	0.25091060996055603
9557	0.25091567635536194
9558	0.2509222626686096
9559	0.250973641872406
9560	0.25097474455833435
9561	0.25097712874412537
9562	0.25097957253456116
9563	0.25098058581352234
9564	0.25098463892936707
9565	0.25101062655448914
9566	0.25101542472839355
9567	0.25102272629737854
9568	0.25103530287742615
9569	0.2510356307029724
9570	0.2510393261909485
9571	0.25105220079421997
9572	0.2511107623577118
9573	0.25112706422805786
9574	0.25112882256507874
9575	0.2511392831802368
9576	0.2511392831802368
9577	0.2511432468891144
9578	0.25115451216697693
9579	0.25122857093811035
9580	0.2512478530406952
9581	0.2512594759464264
9582	0.2512655258178711
9583	0.25127390027046204
9584	0.2512851357460022
9585	0.2513085901737213
9586	0.2513238191604614
9587	0.25133129954338074
9588	0.251335084438324
9589	0.2513626217842102
9590	0.2513679265975952
9591	0.2513774037361145
9592	0.2513965666294098
9593	0.25141555070877075
9594	0.2514306902885437
9595	0.25143224000930786
9596	0.25143828988075256
9597	0.2514401376247406
9598	0.2514471709728241
9599	0.2514495849609375
9600	0.2514622211456299
9601	0.25146251916885376
9602	0.25146496295928955
9603	0.25147745013237
9604	0.25147977471351624
9605	0.2514846920967102
9606	0.251485139131546
9607	0.2514922022819519
9608	0.25150594115257263
9609	0.25150787830352783
9610	0.25154322385787964
9611	0.25155317783355713
9612	0.25155365467071533
9613	0.2515759766101837
9614	0.251585990190506
9615	0.2515873312950134
9616	0.25160738825798035
9617	0.2516089975833893
9618	0.25161683559417725
9619	0.2516399323940277
9620	0.2516498565673828
9621	0.2516593635082245
9622	0.2516685426235199
9623	0.2516758143901825
9624	0.25169920921325684
9625	0.2517339289188385
9626	0.2517375349998474
9627	0.25174641609191895
9628	0.25175830721855164
9629	0.2517865002155304
9630	0.25179004669189453
9631	0.2517922520637512
9632	0.25182294845581055
9633	0.2518409490585327
9634	0.25184351205825806
9635	0.25186070799827576
9636	0.2518616020679474
9637	0.2518734037876129
9638	0.2518821060657501
9639	0.25189563632011414
9640	0.25191476941108704
9641	0.25192487239837646
9642	0.2519877254962921
9643	0.25201231241226196
9644	0.2520166039466858
9645	0.2520259916782379
9646	0.25205540657043457
9647	0.2520558834075928
9648	0.2520594000816345
9649	0.25206419825553894
9650	0.25206810235977173
9651	0.25206857919692993
9652	0.25207558274269104
9653	0.25209158658981323
9654	0.25209423899650574
9655	0.2520953416824341
9656	0.2520996034145355
9657	0.2521056532859802
9658	0.25210702419281006
9659	0.25212621688842773
9660	0.25213056802749634
9661	0.25213325023651123
9662	0.25213780999183655
9663	0.2521461546421051
9664	0.2521536350250244
9665	0.25215813517570496
9666	0.2521597146987915
9667	0.25216028094291687
9668	0.25216174125671387
9669	0.2521851062774658
9670	0.25219202041625977
9671	0.2522025406360626
9672	0.25220391154289246
9673	0.2522105574607849
9674	0.2522141635417938
9675	0.25222182273864746
9676	0.2522237002849579
9677	0.25222429633140564
9678	0.2522355318069458
9679	0.2522444725036621
9680	0.2522537112236023
9681	0.25226128101348877
9682	0.25226688385009766
9683	0.2522784471511841
9684	0.2523616850376129
9685	0.2523643672466278
9686	0.25236776471138
9687	0.25237321853637695
9688	0.2523828148841858
9689	0.25239017605781555
9690	0.2523968815803528
9691	0.2524058520793915
9692	0.2524115741252899
9693	0.2524155378341675
9694	0.25243911147117615
9695	0.2524418234825134
9696	0.2524963915348053
9697	0.2524983584880829
9698	0.2525002658367157
9699	0.2525090277194977
9700	0.25251078605651855
9701	0.2525114119052887
9702	0.25252971053123474
9703	0.2525336444377899
9704	0.25253596901893616
9705	0.25254032015800476
9706	0.2525525391101837
9707	0.2525535225868225
9708	0.2525542378425598
9709	0.2525685131549835
9710	0.25257909297943115
9711	0.25259387493133545
9712	0.2525992691516876
9713	0.2526102066040039
9714	0.25262218713760376
9715	0.2526317536830902
9716	0.25263711810112
9717	0.2526646554470062
9718	0.2526817321777344
9719	0.2527194023132324
9720	0.252753883600235
9721	0.2527593970298767
9722	0.2527744174003601
9723	0.25279873609542847
9724	0.2528470456600189
9725	0.2528618574142456
9726	0.2528649568557739
9727	0.2528654634952545
9728	0.2529086470603943
9729	0.2529189884662628
9730	0.2529195249080658
9731	0.25292128324508667
9732	0.2529245913028717
9733	0.2529592216014862
9734	0.2529698312282562
9735	0.25298038125038147
9736	0.2529836595058441
9737	0.2529880702495575
9738	0.25300899147987366
9739	0.25301507115364075
9740	0.25302571058273315
9741	0.25303491950035095
9742	0.2530360221862793
9743	0.25303927063941956
9744	0.25304508209228516
9745	0.2530713379383087
9746	0.2530859708786011
9747	0.25310003757476807
9748	0.25311142206192017
9749	0.25311678647994995
9750	0.25312286615371704
9751	0.2531326115131378
9752	0.25314271450042725
9753	0.25314730405807495
9754	0.2531551420688629
9755	0.25315728783607483
9756	0.25317007303237915
9757	0.2531763017177582
9758	0.25317761301994324
9759	0.25320643186569214
9760	0.25321125984191895
9761	0.25321149826049805
9762	0.2532121539115906
9763	0.25321468710899353
9764	0.2532384395599365
9765	0.2532398998737335
9766	0.25324374437332153
9767	0.2532448172569275
9768	0.2532499134540558
9769	0.25327032804489136
9770	0.25327038764953613
9771	0.25330817699432373
9772	0.253314733505249
9773	0.25331535935401917
9774	0.2533213794231415
9775	0.2533441483974457
9776	0.25334686040878296
9777	0.2533922493457794
9778	0.25341904163360596
9779	0.2534354031085968
9780	0.2534758448600769
9781	0.25349193811416626
9782	0.2534931004047394
9783	0.2535037398338318
9784	0.25353944301605225
9785	0.25354281067848206
9786	0.2535523474216461
9787	0.2535528242588043
9788	0.2535582482814789
9789	0.25356459617614746
9790	0.25356525182724
9791	0.25356563925743103
9792	0.25356945395469666
9793	0.2536204159259796
9794	0.2536313831806183
9795	0.2536317706108093
9796	0.2536379396915436
9797	0.25364235043525696
9798	0.25365594029426575
9799	0.2536586821079254
9800	0.2536645531654358
9801	0.25367698073387146
9802	0.2536865770816803
9803	0.2537003755569458
9804	0.2537158131599426
9805	0.25371792912483215
9806	0.2537367343902588
9807	0.2537427842617035
9808	0.25375619530677795
9809	0.25376060605049133
9810	0.25376421213150024
9811	0.253780335187912
9812	0.25380176305770874
9813	0.25380247831344604
9814	0.25381147861480713
9815	0.25383269786834717
9816	0.2538386881351471
9817	0.2538440227508545
9818	0.25385192036628723
9819	0.25385263562202454
9820	0.25386402010917664
9821	0.25386446714401245
9822	0.2538679838180542
9823	0.2538708448410034
9824	0.2538968026638031
9825	0.2538989186286926
9826	0.25390222668647766
9827	0.25390496850013733
9828	0.2539063096046448
9829	0.25390923023223877
9830	0.2539251744747162
9831	0.25393006205558777
9832	0.2539326846599579
9833	0.2539503276348114
9834	0.25397321581840515
9835	0.25397610664367676
9836	0.2540203630924225
9837	0.25405728816986084
9838	0.25406351685523987
9839	0.2540971636772156
9840	0.2541124224662781
9841	0.2541157305240631
9842	0.254221111536026
9843	0.25422394275665283
9844	0.2542264461517334
9845	0.25423312187194824
9846	0.2542521357536316
9847	0.2542576193809509
9848	0.2542608082294464
9849	0.254322350025177
9850	0.2543301284313202
9851	0.2543354332447052
9852	0.25434017181396484
9853	0.25437647104263306
9854	0.2543775737285614
9855	0.2543787956237793
9856	0.2543931007385254
9857	0.2543962597846985
9858	0.25440114736557007
9859	0.25441664457321167
9860	0.2544223368167877
9861	0.2544674277305603
9862	0.25446873903274536
9863	0.2544768154621124
9864	0.2545217275619507
9865	0.254521906375885
9866	0.2545243501663208
9867	0.25454241037368774
9868	0.2545512318611145
9869	0.25455158948898315
9870	0.2545700669288635
9871	0.25458064675331116
9872	0.25458213686943054
9873	0.25458627939224243
9874	0.2545869052410126
9875	0.2545897960662842
9876	0.254595011472702
9877	0.2545994222164154
9878	0.2545998692512512
9879	0.25461769104003906
9880	0.25462037324905396
9881	0.2546587586402893
9882	0.2546854615211487
9883	0.2546934187412262
9884	0.2546950578689575
9885	0.25470155477523804
9886	0.25470873713493347
9887	0.2547612488269806
9888	0.25476670265197754
9889	0.2547761797904968
9890	0.2547887861728668
9891	0.25478899478912354
9892	0.25479021668434143
9893	0.254821240901947
9894	0.2548297047615051
9895	0.2548447847366333
9896	0.25485119223594666
9897	0.2548530697822571
9898	0.25485938787460327
9899	0.25486910343170166
9900	0.2548871338367462
9901	0.254891961812973
9902	0.25489383935928345
9903	0.25489720702171326
9904	0.25489869713783264
9905	0.2549026310443878
9906	0.2549043595790863
9907	0.25491029024124146
9908	0.25493183732032776
9909	0.25494828820228577
9910	0.25495171546936035
9911	0.2549557089805603
9912	0.2549595236778259
9913	0.25496944785118103
9914	0.25497469305992126
9915	0.2549772560596466
9916	0.254984050989151
9917	0.25498709082603455
9918	0.25499212741851807
9919	0.25499778985977173
9920	0.2550237476825714
9921	0.25503674149513245
9922	0.2550412714481354
9923	0.2550492584705353
9924	0.25505077838897705
9925	0.2550623118877411
9926	0.2550680935382843
9927	0.2551197409629822
9928	0.2551223337650299
9929	0.25513550639152527
9930	0.255136638879776
9931	0.2552027702331543
9932	0.25520917773246765
9933	0.25522497296333313
9934	0.2552404999732971
9935	0.25524312257766724
9936	0.2552569508552551
9937	0.2552775740623474
9938	0.25528043508529663
9939	0.25529059767723083
9940	0.25529468059539795
9941	0.2553049325942993
9942	0.25531837344169617
9943	0.25532349944114685
9944	0.2553328275680542
9945	0.2553609609603882
9946	0.25538143515586853
9947	0.25538361072540283
9948	0.2553887963294983
9949	0.25539717078208923
9950	0.2554190158843994
9951	0.2554209530353546
9952	0.2554437220096588
9953	0.2554514408111572
9954	0.25545573234558105
9955	0.25546056032180786
9956	0.25557881593704224
9957	0.25559499859809875
9958	0.2556034326553345
9959	0.2556800842285156
9960	0.2556823194026947
9961	0.25568848848342896
9962	0.25569039583206177
9963	0.255695641040802
9964	0.2557210624217987
9965	0.25573277473449707
9966	0.25573742389678955
9967	0.25573819875717163
9968	0.2557547688484192
9969	0.25578978657722473
9970	0.25581011176109314
9971	0.2558405101299286
9972	0.2558443546295166
9973	0.25585174560546875
9974	0.25585243105888367
9975	0.25586575269699097
9976	0.25592195987701416
9977	0.25595009326934814
9978	0.2559894323348999
9979	0.2559922933578491
9980	0.25600144267082214
9981	0.2560432553291321
9982	0.25614166259765625
9983	0.2561427652835846
9984	0.2561558485031128
9985	0.2562165856361389
9986	0.2562258243560791
9987	0.25625306367874146
9988	0.2562543451786041
9989	0.25626328587532043
9990	0.2562640905380249
9991	0.2562981843948364
9992	0.256316214799881
9993	0.25633734464645386
9994	0.2563624382019043
9995	0.25636354088783264
9996	0.2564031779766083
9997	0.2564062178134918
9998	0.2564142644405365
9999	0.2564164996147156
10000	0.25642168521881104
10001	0.2564268410205841
10002	0.2564515471458435
10003	0.25647664070129395
10004	0.25648120045661926
10005	0.2564842700958252
10006	0.2564903199672699
10007	0.25650280714035034
10008	0.25651031732559204
10009	0.2565128803253174
10010	0.25652170181274414
10011	0.2565244436264038
10012	0.2565775215625763
10013	0.2565842866897583
10014	0.25658589601516724
10015	0.2565864324569702
10016	0.25658977031707764
10017	0.2566169500350952
10018	0.256623774766922
10019	0.25670310854911804
10020	0.2567059099674225
10021	0.2567099630832672
10022	0.256732702255249
10023	0.25673285126686096
10024	0.2567394971847534
10025	0.2567594349384308
10026	0.2567611634731293
10027	0.25676673650741577
10028	0.25676822662353516
10029	0.25677749514579773
10030	0.2567896842956543
10031	0.2567911744117737
10032	0.25680455565452576
10033	0.2568121552467346
10034	0.2568199634552002
10035	0.25684884190559387
10036	0.2568710446357727
10037	0.25687238574028015
10038	0.25687482953071594
10039	0.2568773925304413
10040	0.2568933665752411
10041	0.2569052278995514
10042	0.25693830847740173
10043	0.256947785615921
10044	0.2569493353366852
10045	0.2569550573825836
10046	0.2569981813430786
10047	0.25699883699417114
10048	0.2570122480392456
10049	0.2570187747478485
10050	0.25701913237571716
10051	0.25703778862953186
10052	0.257055401802063
10053	0.2570630609989166
10054	0.2570701539516449
10055	0.257080078125
10056	0.25708484649658203
10057	0.2570904791355133
10058	0.2571112811565399
10059	0.25713831186294556
10060	0.25714337825775146
10061	0.2571469843387604
10062	0.2571794390678406
10063	0.25719332695007324
10064	0.25719794631004333
10065	0.25720885396003723
10066	0.2572382092475891
10067	0.2572411894798279
10068	0.25724661350250244
10069	0.25727805495262146
10070	0.2572796642780304
10071	0.2572994828224182
10072	0.2573051452636719
10073	0.2573084235191345
10074	0.2573094069957733
10075	0.25732213258743286
10076	0.25732529163360596
10077	0.25732728838920593
10078	0.25734516978263855
10079	0.2573467195034027
10080	0.257381796836853
10081	0.25745880603790283
10082	0.2574733793735504
10083	0.25747671723365784
10084	0.2574816942214966
10085	0.25749003887176514
10086	0.2574979364871979
10087	0.2575122117996216
10088	0.25752687454223633
10089	0.25753697752952576
10090	0.2575830817222595
10091	0.25758540630340576
10092	0.25761327147483826
10093	0.2576150894165039
10094	0.25763246417045593
10095	0.2576335072517395
10096	0.2576395273208618
10097	0.25764164328575134
10098	0.2576438784599304
10099	0.2576499879360199
10100	0.25767168402671814
10101	0.25770261883735657
10102	0.25770580768585205
10103	0.25770702958106995
10104	0.25772351026535034
10105	0.2577251195907593
10106	0.2577509582042694
10107	0.2577558755874634
10108	0.25776219367980957
10109	0.25779861211776733
10110	0.25781694054603577
10111	0.2578344941139221
10112	0.2578505575656891
10113	0.25785157084465027
10114	0.25786152482032776
10115	0.25786638259887695
10116	0.2578752040863037
10117	0.2578774094581604
10118	0.2579372227191925
10119	0.2579410672187805
10120	0.2579573690891266
10121	0.2579596936702728
10122	0.257962167263031
10123	0.25797557830810547
10124	0.25797995924949646
10125	0.2579905092716217
10126	0.2580052316188812
10127	0.2580079734325409
10128	0.25800958275794983
10129	0.25801515579223633
10130	0.25802314281463623
10131	0.2580339312553406
10132	0.25803717970848083
10133	0.25803855061531067
10134	0.2580443024635315
10135	0.258074551820755
10136	0.2580811083316803
10137	0.2580874264240265
10138	0.25810331106185913
10139	0.25811073184013367
10140	0.25811564922332764
10141	0.25813016295433044
10142	0.2581445574760437
10143	0.25815340876579285
10144	0.25818878412246704
10145	0.2581927478313446
10146	0.25820648670196533
10147	0.25821760296821594
10148	0.2582470774650574
10149	0.2582564651966095
10150	0.2582574784755707
10151	0.2582637667655945
10152	0.2583265006542206
10153	0.2583369314670563
10154	0.2583409249782562
10155	0.25834423303604126
10156	0.25839343667030334
10157	0.25840529799461365
10158	0.2584124803543091
10159	0.2584379017353058
10160	0.2584441602230072
10161	0.2584468126296997
10162	0.2584553062915802
10163	0.2584587335586548
10164	0.2584616243839264
10165	0.2584840655326843
10166	0.2584902346134186
10167	0.2584953308105469
10168	0.2585037648677826
10169	0.2585085928440094
10170	0.2585102617740631
10171	0.25853362679481506
10172	0.25853586196899414
10173	0.25854602456092834
10174	0.2585505247116089
10175	0.25855129957199097
10176	0.25857314467430115
10177	0.25857627391815186
10178	0.25858914852142334
10179	0.2585917115211487
10180	0.258603036403656
10181	0.2586210072040558
10182	0.25864389538764954
10183	0.25864550471305847
10184	0.25865769386291504
10185	0.2586641311645508
10186	0.25866860151290894
10187	0.25882628560066223
10188	0.258831650018692
10189	0.2589007019996643
10190	0.2589019238948822
10191	0.25890809297561646
10192	0.25892171263694763
10193	0.2589317560195923
10194	0.2589757442474365
10195	0.2589832842350006
10196	0.2589918076992035
10197	0.2590062916278839
10198	0.25900787115097046
10199	0.2590188682079315
10200	0.2590274214744568
10201	0.25902819633483887
10202	0.25903260707855225
10203	0.25904515385627747
10204	0.25905659794807434
10205	0.25905749201774597
10206	0.25906726717948914
10207	0.25906914472579956
10208	0.2590695321559906
10209	0.2590731978416443
10210	0.2590760886669159
10211	0.25908175110816956
10212	0.2590915560722351
10213	0.2590981125831604
10214	0.2591094672679901
10215	0.25912049412727356
10216	0.25912848114967346
10217	0.25913503766059875
10218	0.2591453492641449
10219	0.2591487169265747
10220	0.25916868448257446
10221	0.2591868042945862
10222	0.2591906189918518
10223	0.2592257261276245
10224	0.25923359394073486
10225	0.25924667716026306
10226	0.25926703214645386
10227	0.2592932879924774
10228	0.25929802656173706
10229	0.25930148363113403
10230	0.2593126595020294
10231	0.25932154059410095
10232	0.2593366801738739
10233	0.2593371868133545
10234	0.2593546509742737
10235	0.259373277425766
10236	0.2593901753425598
10237	0.2594195604324341
10238	0.25942474603652954
10239	0.25943058729171753
10240	0.25943660736083984
10241	0.25945496559143066
10242	0.2594657242298126
10243	0.25949132442474365
10244	0.2595025897026062
10245	0.2595107853412628
10246	0.2595141530036926
10247	0.2595181465148926
10248	0.2595366835594177
10249	0.25954365730285645
10250	0.25954484939575195
10251	0.25955554842948914
10252	0.259558767080307
10253	0.2595660388469696
10254	0.2595706880092621
10255	0.25957292318344116
10256	0.25961580872535706
10257	0.2596435546875
10258	0.25965166091918945
10259	0.2596628665924072
10260	0.25966349244117737
10261	0.25971874594688416
10262	0.25973647832870483
10263	0.25974559783935547
10264	0.2597481608390808
10265	0.2597523331642151
10266	0.2597576677799225
10267	0.2597622871398926
10268	0.25976622104644775
10269	0.2597939372062683
10270	0.25979864597320557
10271	0.25979888439178467
10272	0.2598121464252472
10273	0.25981655716896057
10274	0.259828120470047
10275	0.2598285973072052
10276	0.2598315477371216
10277	0.2599177360534668
10278	0.25992515683174133
10279	0.25992724299430847
10280	0.25993049144744873
10281	0.2599821090698242
10282	0.25998246669769287
10283	0.2599954307079315
10284	0.26001548767089844
10285	0.260052889585495
10286	0.260069340467453
10287	0.2600710988044739
10288	0.26007694005966187
10289	0.2600858509540558
10290	0.26009485125541687
10291	0.2601015567779541
10292	0.26014676690101624
10293	0.26015037298202515
10294	0.26017746329307556
10295	0.2601819336414337
10296	0.2601832151412964
10297	0.26019972562789917
10298	0.2602100074291229
10299	0.26021909713745117
10300	0.26022350788116455
10301	0.26022449135780334
10302	0.2602294981479645
10303	0.2602381110191345
10304	0.26026636362075806
10305	0.2602666914463043
10306	0.2602746784687042
10307	0.2602793574333191
10308	0.26029494404792786
10309	0.2603248059749603
10310	0.2603262960910797
10311	0.2603304982185364
10312	0.26033300161361694
10313	0.2603549659252167
10314	0.26035770773887634
10315	0.26037129759788513
10316	0.26038751006126404
10317	0.2603907585144043
10318	0.2603989839553833
10319	0.2604033052921295
10320	0.26040786504745483
10321	0.2604117691516876
10322	0.2604139745235443
10323	0.26041939854621887
10324	0.2604234218597412
10325	0.26042595505714417
10326	0.26044371724128723
10327	0.26046693325042725
10328	0.26048392057418823
10329	0.2604914605617523
10330	0.2605140805244446
10331	0.26051634550094604
10332	0.26052409410476685
10333	0.260527104139328
10334	0.26054847240448
10335	0.2605600953102112
10336	0.260560542345047
10337	0.2606685161590576
10338	0.2606748044490814
10339	0.2606830894947052
10340	0.26068592071533203
10341	0.26072096824645996
10342	0.260723739862442
10343	0.2607296109199524
10344	0.2607337236404419
10345	0.26074114441871643
10346	0.26074764132499695
10347	0.2607482671737671
10348	0.26077204942703247
10349	0.2607891261577606
10350	0.2608160972595215
10351	0.2608191668987274
10352	0.2608250081539154
10353	0.2608552575111389
10354	0.2608664333820343
10355	0.2608684301376343
10356	0.2608751356601715
10357	0.260881245136261
10358	0.2608987092971802
10359	0.26090800762176514
10360	0.26092949509620667
10361	0.2609298825263977
10362	0.26093119382858276
10363	0.2609589397907257
10364	0.2610571086406708
10365	0.26109275221824646
10366	0.26113981008529663
10367	0.26121577620506287
10368	0.26124972105026245
10369	0.26124995946884155
10370	0.2612585723400116
10371	0.26126259565353394
10372	0.2612704336643219
10373	0.261303573846817
10374	0.2613202929496765
10375	0.26132917404174805
10376	0.26133841276168823
10377	0.2613462507724762
10378	0.26135456562042236
10379	0.2613900303840637
10380	0.261403888463974
10381	0.26140886545181274
10382	0.26140889525413513
10383	0.2614116370677948
10384	0.2614138722419739
10385	0.2614201307296753
10386	0.2614421546459198
10387	0.26144322752952576
10388	0.26144835352897644
10389	0.2614515721797943
10390	0.26145511865615845
10391	0.26145872473716736
10392	0.26146650314331055
10393	0.2614785134792328
10394	0.26148495078086853
10395	0.2615259289741516
10396	0.2615341544151306
10397	0.26154059171676636
10398	0.26155444979667664
10399	0.26157689094543457
10400	0.26158440113067627
10401	0.2616037130355835
10402	0.26160576939582825
10403	0.2616060972213745
10404	0.2616104483604431
10405	0.26162034273147583
10406	0.26162323355674744
10407	0.2616289258003235
10408	0.26163849234580994
10409	0.26164063811302185
10410	0.26165056228637695
10411	0.2616834342479706
10412	0.261683851480484
10413	0.26169565320014954
10414	0.2617006003856659
10415	0.26170334219932556
10416	0.2617432773113251
10417	0.2617444396018982
10418	0.26174888014793396
10419	0.2617497742176056
10420	0.26176556944847107
10421	0.2618046998977661
10422	0.26180538535118103
10423	0.2618088722229004
10424	0.2618277370929718
10425	0.26183024048805237
10426	0.261836975812912
10427	0.2618715465068817
10428	0.2619328200817108
10429	0.26194265484809875
10430	0.2619803845882416
10431	0.2619825005531311
10432	0.2619912028312683
10433	0.26200488209724426
10434	0.26200586557388306
10435	0.26201143860816956
10436	0.26201915740966797
10437	0.2620217800140381
10438	0.26202380657196045
10439	0.26204097270965576
10440	0.26204314827919006
10441	0.2620527446269989
10442	0.2620578408241272
10443	0.2620699405670166
10444	0.26207536458969116
10445	0.2620982229709625
10446	0.2620997428894043
10447	0.26213377714157104
10448	0.2622072994709015
10449	0.2622113525867462
10450	0.26221394538879395
10451	0.26222148537635803
10452	0.2622266709804535
10453	0.2622299790382385
10454	0.26223456859588623
10455	0.2622421085834503
10456	0.2622532546520233
10457	0.26226648688316345
10458	0.2622673213481903
10459	0.2622692286968231
10460	0.2622869312763214
10461	0.262295126914978
10462	0.2623034715652466
10463	0.2623296082019806
10464	0.26233211159706116
10465	0.2623400092124939
10466	0.2623615562915802
10467	0.2623649835586548
10468	0.26236632466316223
10469	0.2623728811740875
10470	0.2623794674873352
10471	0.2623918056488037
10472	0.26239851117134094
10473	0.26240867376327515
10474	0.2624151408672333
10475	0.2624179422855377
10476	0.26242032647132874
10477	0.26242324709892273
10478	0.2624271810054779
10479	0.2624291479587555
10480	0.262448251247406
10481	0.2624751031398773
10482	0.26247817277908325
10483	0.26247939467430115
10484	0.2624799609184265
10485	0.2624865174293518
10486	0.26249274611473083
10487	0.2625254988670349
10488	0.26261451840400696
10489	0.2626154124736786
10490	0.26261985301971436
10491	0.26263490319252014
10492	0.262641042470932
10493	0.26264336705207825
10494	0.26264455914497375
10495	0.26264941692352295
10496	0.2626841068267822
10497	0.262689471244812
10498	0.26269203424453735
10499	0.26271748542785645
10500	0.26274555921554565
10501	0.26275110244750977
10502	0.2627681791782379
10503	0.2627728283405304
10504	0.26277559995651245
10505	0.2627781927585602
10506	0.26279693841934204
10507	0.26280397176742554
10508	0.2628374695777893
10509	0.262870192527771
10510	0.26287493109703064
10511	0.26287832856178284
10512	0.26290807127952576
10513	0.26290810108184814
10514	0.26291075348854065
10515	0.26291990280151367
10516	0.2629271149635315
10517	0.26293137669563293
10518	0.2629358768463135
10519	0.26294293999671936
10520	0.262949138879776
10521	0.26296013593673706
10522	0.262961208820343
10523	0.2629677951335907
10524	0.26297643780708313
10525	0.262989342212677
10526	0.26299381256103516
10527	0.2629958689212799
10528	0.2630164325237274
10529	0.26302120089530945
10530	0.2630298137664795
10531	0.2630448341369629
10532	0.26304715871810913
10533	0.26305314898490906
10534	0.2630545198917389
10535	0.26307010650634766
10536	0.2630719244480133
10537	0.2630813419818878
10538	0.2630820572376251
10539	0.2630860209465027
10540	0.2630905508995056
10541	0.26309484243392944
10542	0.26309701800346375
10543	0.26311251521110535
10544	0.2631359398365021
10545	0.2631499469280243
10546	0.26315274834632874
10547	0.263157457113266
10548	0.2631581425666809
10549	0.26315954327583313
10550	0.2631627023220062
10551	0.2631647288799286
10552	0.2631811797618866
10553	0.26318228244781494
10554	0.2631896138191223
10555	0.26326125860214233
10556	0.26326313614845276
10557	0.26327380537986755
10558	0.2632761597633362
10559	0.26327773928642273
10560	0.2633327841758728
10561	0.2633366286754608
10562	0.26336488127708435
10563	0.26336655020713806
10564	0.2633744180202484
10565	0.2633756697177887
10566	0.2633810043334961
10567	0.26343095302581787
10568	0.2634322941303253
10569	0.26346835494041443
10570	0.2634768486022949
10571	0.26348042488098145
10572	0.2634856402873993
10573	0.2635953724384308
10574	0.2636345326900482
10575	0.26363834738731384
10576	0.2636517584323883
10577	0.263688862323761
10578	0.26368945837020874
10579	0.2636907696723938
10580	0.263693630695343
10581	0.2637365460395813
10582	0.2637510597705841
10583	0.2637577950954437
10584	0.26378849148750305
10585	0.2638291120529175
10586	0.26383116841316223
10587	0.26383423805236816
10588	0.26384007930755615
10589	0.26384156942367554
10590	0.26389336585998535
10591	0.2639025151729584
10592	0.2639375925064087
10593	0.26395493745803833
10594	0.26396286487579346
10595	0.2639767825603485
10596	0.2639807164669037
10597	0.2639836072921753
10598	0.2639961838722229
10599	0.26405131816864014
10600	0.2640567719936371
10601	0.2640591561794281
10602	0.26407551765441895
10603	0.2640768587589264
10604	0.264079749584198
10605	0.2640901803970337
10606	0.26409104466438293
10607	0.2641049921512604
10608	0.2641056478023529
10609	0.2641078531742096
10610	0.26412492990493774
10611	0.2641492486000061
10612	0.2641616463661194
10613	0.26417016983032227
10614	0.26418372988700867
10615	0.2642017602920532
10616	0.264231413602829
10617	0.26423802971839905
10618	0.2642451524734497
10619	0.26425281167030334
10620	0.26426491141319275
10621	0.2642858028411865
10622	0.26429474353790283
10623	0.26429712772369385
10624	0.26429831981658936
10625	0.2643054723739624
10626	0.26432448625564575
10627	0.2643584907054901
10628	0.26435941457748413
10629	0.26438623666763306
10630	0.26439663767814636
10631	0.2644038200378418
10632	0.2644108831882477
10633	0.26441189646720886
10634	0.26441994309425354
10635	0.26442864537239075
10636	0.26444825530052185
10637	0.26445451378822327
10638	0.2644553482532501
10639	0.26447126269340515
10640	0.26447594165802
10641	0.26448923349380493
10642	0.26449355483055115
10643	0.26451295614242554
10644	0.2645281255245209
10645	0.2645465135574341
10646	0.2645493447780609
10647	0.26455244421958923
10648	0.26458340883255005
10649	0.2645857036113739
10650	0.2645910084247589
10651	0.26460000872612
10652	0.2646039128303528
10653	0.26463162899017334
10654	0.2646409571170807
10655	0.2646602690219879
10656	0.26466453075408936
10657	0.26467129588127136
10658	0.2646815776824951
10659	0.26468199491500854
10660	0.2646852433681488
10661	0.2646871507167816
10662	0.2646903097629547
10663	0.26469555497169495
10664	0.2647077143192291
10665	0.26473701000213623
10666	0.26473888754844666
10667	0.26474496722221375
10668	0.2647484838962555
10669	0.2647637724876404
10670	0.26476767659187317
10671	0.26477140188217163
10672	0.2647911310195923
10673	0.26480111479759216
10674	0.26481929421424866
10675	0.26482516527175903
10676	0.2648299038410187
10677	0.26483118534088135
10678	0.2648574709892273
10679	0.26491230726242065
10680	0.2649194300174713
10681	0.2649368345737457
10682	0.26494765281677246
10683	0.2649499177932739
10684	0.2649591565132141
10685	0.26496344804763794
10686	0.2649692893028259
10687	0.2649736702442169
10688	0.2649965286254883
10689	0.2650007903575897
10690	0.26507890224456787
10691	0.2650829255580902
10692	0.2650849223136902
10693	0.26508644223213196
10694	0.2651084363460541
10695	0.26513633131980896
10696	0.2651394307613373
10697	0.26514264941215515
10698	0.26514774560928345
10699	0.2651500105857849
10700	0.26515740156173706
10701	0.26516178250312805
10702	0.2651645839214325
10703	0.2652081549167633
10704	0.2652527689933777
10705	0.265258252620697
10706	0.2652653455734253
10707	0.2652667760848999
10708	0.2652738690376282
10709	0.2652836740016937
10710	0.2652841806411743
10711	0.26531660556793213
10712	0.26531991362571716
10713	0.26532402634620667
10714	0.2653347849845886
10715	0.2653407156467438
10716	0.26535564661026
10717	0.26536092162132263
10718	0.2653624415397644
10719	0.2653644382953644
10720	0.26536718010902405
10721	0.2653774321079254
10722	0.26539579033851624
10723	0.2653975784778595
10724	0.2654041349887848
10725	0.2654586434364319
10726	0.26547950506210327
10727	0.2654833495616913
10728	0.26548412442207336
10729	0.26548635959625244
10730	0.26549094915390015
10731	0.2654930353164673
10732	0.2654978036880493
10733	0.26553770899772644
10734	0.26554518938064575
10735	0.26555126905441284
10736	0.26555153727531433
10737	0.2655816078186035
10738	0.2656027376651764
10739	0.26561498641967773
10740	0.2656257748603821
10741	0.26562967896461487
10742	0.26565489172935486
10743	0.26566222310066223
10744	0.26569893956184387
10745	0.2657082974910736
10746	0.26571252942085266
10747	0.2657237648963928
10748	0.2657441794872284
10749	0.26575276255607605
10750	0.26576220989227295
10751	0.26578396558761597
10752	0.26579737663269043
10753	0.26582103967666626
10754	0.2658318877220154
10755	0.26583588123321533
10756	0.26584890484809875
10757	0.26585081219673157
10758	0.2658534646034241
10759	0.2658598721027374
10760	0.26589539647102356
10761	0.2659074664115906
10762	0.26595646142959595
10763	0.26597797870635986
10764	0.2659783363342285
10765	0.26598259806632996
10766	0.26598426699638367
10767	0.2659875750541687
10768	0.26601192355155945
10769	0.26602569222450256
10770	0.2660493850708008
10771	0.26605549454689026
10772	0.2660600543022156
10773	0.2660661041736603
10774	0.26607951521873474
10775	0.26609504222869873
10776	0.26609838008880615
10777	0.2661077082157135
10778	0.2661115229129791
10779	0.26611196994781494
10780	0.266120582818985
10781	0.26613369584083557
10782	0.26616278290748596
10783	0.266171932220459
10784	0.26619070768356323
10785	0.2661925256252289
10786	0.2661958336830139
10787	0.26619961857795715
10788	0.26620349287986755
10789	0.2662285268306732
10790	0.2662295699119568
10791	0.2662580609321594
10792	0.2662625312805176
10793	0.26627272367477417
10794	0.26628151535987854
10795	0.2662871181964874
10796	0.26631200313568115
10797	0.26631420850753784
10798	0.2663275897502899
10799	0.2663383185863495
10800	0.26634481549263
10801	0.26634982228279114
10802	0.2663525342941284
10803	0.2664136588573456
10804	0.2664404511451721
10805	0.2664417326450348
10806	0.26644420623779297
10807	0.26645395159721375
10808	0.26645463705062866
10809	0.26645806431770325
10810	0.2664729058742523
10811	0.2664729952812195
10812	0.2664755880832672
10813	0.2664862275123596
10814	0.266487181186676
10815	0.26650527119636536
10816	0.266511470079422
10817	0.26653581857681274
10818	0.26658299565315247
10819	0.266585111618042
10820	0.2665937840938568
10821	0.2666090428829193
10822	0.2666162848472595
10823	0.26662901043891907
10824	0.2666623294353485
10825	0.26666292548179626
10826	0.26666659116744995
10827	0.26668253540992737
10828	0.26668623089790344
10829	0.26670166850090027
10830	0.2667044699192047
10831	0.2667064070701599
10832	0.2667168974876404
10833	0.2667218744754791
10834	0.2667243182659149
10835	0.2667512893676758
10836	0.26678845286369324
10837	0.2667919099330902
10838	0.26679572463035583
10839	0.2668069303035736
10840	0.2668079435825348
10841	0.2668135464191437
10842	0.26683199405670166
10843	0.2668358087539673
10844	0.266842782497406
10845	0.2668555676937103
10846	0.26686567068099976
10847	0.26686808466911316
10848	0.2668798267841339
10849	0.26688307523727417
10850	0.26690346002578735
10851	0.2669045031070709
10852	0.26690879464149475
10853	0.26690998673439026
10854	0.26691383123397827
10855	0.26694026589393616
10856	0.26695165038108826
10857	0.2669540047645569
10858	0.2669569253921509
10859	0.2670990526676178
10860	0.2671026289463043
10861	0.26712024211883545
10862	0.26713237166404724
10863	0.2671571969985962
10864	0.2671626806259155
10865	0.2671642005443573
10866	0.26716694235801697
10867	0.2671789824962616
10868	0.2671811580657959
10869	0.26719701290130615
10870	0.26719778776168823
10871	0.26721054315567017
10872	0.26721322536468506
10873	0.2672148644924164
10874	0.26722514629364014
10875	0.26722753047943115
10876	0.26725271344184875
10877	0.26727786660194397
10878	0.26728689670562744
10879	0.26730307936668396
10880	0.2673195004463196
10881	0.2673221528530121
10882	0.26733219623565674
10883	0.2673450708389282
10884	0.26734599471092224
10885	0.2673601806163788
10886	0.2673645317554474
10887	0.26740720868110657
10888	0.26741454005241394
10889	0.2674172520637512
10890	0.26742762327194214
10891	0.2674351632595062
10892	0.2674632668495178
10893	0.26747027039527893
10894	0.2674758732318878
10895	0.26747816801071167
10896	0.2674938440322876
10897	0.2674954831600189
10898	0.267499178647995
10899	0.2674996852874756
10900	0.2675021290779114
10901	0.26750537753105164
10902	0.26751288771629333
10903	0.2675148546695709
10904	0.26754093170166016
10905	0.2675565183162689
10906	0.267617404460907
10907	0.26761865615844727
10908	0.2676377594470978
10909	0.26764029264450073
10910	0.26764631271362305
10911	0.26764944195747375
10912	0.2676529288291931
10913	0.26765742897987366
10914	0.26766061782836914
10915	0.267668217420578
10916	0.26766863465309143
10917	0.2676721513271332
10918	0.26769888401031494
10919	0.2677067518234253
10920	0.2677132189273834
10921	0.2677169442176819
10922	0.2677465081214905
10923	0.2677650451660156
10924	0.26783064007759094
10925	0.2678353488445282
10926	0.2678472101688385
10927	0.26788341999053955
10928	0.26790452003479004
10929	0.26790493726730347
10930	0.267930805683136
10931	0.2679332494735718
10932	0.2679554522037506
10933	0.26796454191207886
10934	0.26796603202819824
10935	0.2679717540740967
10936	0.2680317759513855
10937	0.2680373787879944
10938	0.26804065704345703
10939	0.2680416703224182
10940	0.26804304122924805
10941	0.26804935932159424
10942	0.2680574357509613
10943	0.26809388399124146
10944	0.26809483766555786
10945	0.26809823513031006
10946	0.26811203360557556
10947	0.26812538504600525
10948	0.26812946796417236
10949	0.26813581585884094
10950	0.2681378126144409
10951	0.268139123916626
10952	0.2681411802768707
10953	0.2681417465209961
10954	0.26814305782318115
10955	0.2681674361228943
10956	0.26817333698272705
10957	0.2681748867034912
10958	0.2682463228702545
10959	0.26825544238090515
10960	0.26825669407844543
10961	0.26829054951667786
10962	0.268292635679245
10963	0.26829344034194946
10964	0.26831912994384766
10965	0.2683282196521759
10966	0.268330454826355
10967	0.26845070719718933
10968	0.2684699296951294
10969	0.2684745490550995
10970	0.2684984803199768
10971	0.26852139830589294
10972	0.26853904128074646
10973	0.2685401141643524
10974	0.2685440182685852
10975	0.2685449719429016
10976	0.26854589581489563
10977	0.26855477690696716
10978	0.26857271790504456
10979	0.26859357953071594
10980	0.26861849427223206
10981	0.26862233877182007
10982	0.2686597406864166
10983	0.2686730623245239
10984	0.26871490478515625
10985	0.2687206268310547
10986	0.26872774958610535
10987	0.2687399685382843
10988	0.26874643564224243
10989	0.2687576115131378
10990	0.26876014471054077
10991	0.26878178119659424
10992	0.26878443360328674
10993	0.2687852382659912
10994	0.2687978744506836
10995	0.268799751996994
10996	0.26880598068237305
10997	0.26880744099617004
10998	0.2688099443912506
10999	0.2688180208206177
11000	0.26881933212280273
11001	0.2688635289669037
11002	0.26886478066444397
11003	0.268876850605011
11004	0.2688826620578766
11005	0.2688829302787781
11006	0.2688843607902527
11007	0.26889339089393616
11008	0.2688975930213928
11009	0.26889768242836
11010	0.2688991129398346
11011	0.26890724897384644
11012	0.2689807713031769
11013	0.2689841687679291
11014	0.2689850330352783
11015	0.2690452039241791
11016	0.26904571056365967
11017	0.26905426383018494
11018	0.2690677046775818
11019	0.2690761983394623
11020	0.26907995343208313
11021	0.26908305287361145
11022	0.26908639073371887
11023	0.2691018581390381
11024	0.2691527307033539
11025	0.26918789744377136
11026	0.2692025303840637
11027	0.26920899748802185
11028	0.2692223787307739
11029	0.2692280411720276
11030	0.2692611515522003
11031	0.2692711353302002
11032	0.2693060338497162
11033	0.26931729912757874
11034	0.269318163394928
11035	0.2693345844745636
11036	0.269338995218277
11037	0.26934126019477844
11038	0.26935014128685
11039	0.26935142278671265
11040	0.26935693621635437
11041	0.2693616449832916
11042	0.26936960220336914
11043	0.269380658864975
11044	0.26938435435295105
11045	0.2693943381309509
11046	0.2694016098976135
11047	0.26941096782684326
11048	0.26943153142929077
11049	0.26953747868537903
11050	0.2695428133010864
11051	0.26957234740257263
11052	0.26958635449409485
11053	0.2695874273777008
11054	0.2696003317832947
11055	0.2696494460105896
11056	0.2696596384048462
11057	0.2696615755558014
11058	0.26967430114746094
11059	0.2696834206581116
11060	0.2696857452392578
11061	0.26971033215522766
11062	0.2697190046310425
11063	0.26975151896476746
11064	0.26975172758102417
11065	0.26975780725479126
11066	0.2697589695453644
11067	0.26976102590560913
11068	0.26976296305656433
11069	0.2697690725326538
11070	0.26977303624153137
11071	0.26980748772621155
11072	0.26981836557388306
11073	0.2698408365249634
11074	0.26985087990760803
11075	0.26986396312713623
11076	0.2698683440685272
11077	0.26989585161209106
11078	0.2698993682861328
11079	0.2699017822742462
11080	0.26996374130249023
11081	0.270012766122818
11082	0.2700159549713135
11083	0.2700170874595642
11084	0.2700311541557312
11085	0.2700363099575043
11086	0.27008408308029175
11087	0.2700865864753723
11088	0.2700873911380768
11089	0.2701011598110199
11090	0.2701076567173004
11091	0.2701357305049896
11092	0.2701413929462433
11093	0.27015528082847595
11094	0.270182341337204
11095	0.27018529176712036
11096	0.27018722891807556
11097	0.27020469307899475
11098	0.270210325717926
11099	0.27021080255508423
11100	0.2702505588531494
11101	0.27025678753852844
11102	0.2702692449092865
11103	0.2702724039554596
11104	0.27028512954711914
11105	0.2703836262226105
11106	0.2703861892223358
11107	0.27038902044296265
11108	0.2703912556171417
11109	0.2703944146633148
11110	0.2704068422317505
11111	0.2704315483570099
11112	0.27044403553009033
11113	0.27045488357543945
11114	0.27045783400535583
11115	0.27047741413116455
11116	0.27048027515411377
11117	0.27048248052597046
11118	0.27048391103744507
11119	0.27049702405929565
11120	0.2705080509185791
11121	0.27056875824928284
11122	0.27057451009750366
11123	0.2706087529659271
11124	0.27070391178131104
11125	0.27072054147720337
11126	0.2707313001155853
11127	0.27073806524276733
11128	0.27074122428894043
11129	0.2707505226135254
11130	0.2707509696483612
11131	0.27076059579849243
11132	0.27076107263565063
11133	0.2707720398902893
11134	0.27077507972717285
11135	0.2708300054073334
11136	0.2708379030227661
11137	0.2708575129508972
11138	0.27090224623680115
11139	0.27090564370155334
11140	0.27090737223625183
11141	0.2709150016307831
11142	0.27091825008392334
11143	0.2709260880947113
11144	0.27099350094795227
11145	0.2710093855857849
11146	0.27102550864219666
11147	0.27103227376937866
11148	0.271033376455307
11149	0.2710393965244293
11150	0.2710437774658203
11151	0.27105712890625
11152	0.2710573971271515
11153	0.2710633873939514
11154	0.2710750699043274
11155	0.2710758149623871
11156	0.27108198404312134
11157	0.27108821272850037
11158	0.27109700441360474
11159	0.2711709439754486
11160	0.2711775302886963
11161	0.27118656039237976
11162	0.271216481924057
11163	0.2712174654006958
11164	0.27122145891189575
11165	0.2712259590625763
11166	0.2712310552597046
11167	0.2712714374065399
11168	0.27130016684532166
11169	0.27130237221717834
11170	0.271304190158844
11171	0.2713227868080139
11172	0.2713400721549988
11173	0.27135542035102844
11174	0.2713555693626404
11175	0.27138012647628784
11176	0.2713972330093384
11177	0.27142438292503357
11178	0.2714678645133972
11179	0.27147555351257324
11180	0.27149102091789246
11181	0.2714958190917969
11182	0.2715036869049072
11183	0.2715130150318146
11184	0.27153414487838745
11185	0.2715359032154083
11186	0.2715406119823456
11187	0.27154621481895447
11188	0.2715495526790619
11189	0.2715500593185425
11190	0.27156394720077515
11191	0.27162280678749084
11192	0.27163538336753845
11193	0.2716502547264099
11194	0.2716600000858307
11195	0.27166086435317993
11196	0.2716634273529053
11197	0.2716691195964813
11198	0.27167463302612305
11199	0.2716781497001648
11200	0.271712988615036
11201	0.27172157168388367
11202	0.2717284858226776
11203	0.2717290222644806
11204	0.27173200249671936
11205	0.27179214358329773
11206	0.27179691195487976
11207	0.2717989981174469
11208	0.2717991769313812
11209	0.271843820810318
11210	0.2718559205532074
11211	0.2718682885169983
11212	0.27187487483024597
11213	0.27187833189964294
11214	0.27189725637435913
11215	0.2719033360481262
11216	0.27191004157066345
11217	0.2719179391860962
11218	0.2719196379184723
11219	0.27192163467407227
11220	0.2719239294528961
11221	0.27201563119888306
11222	0.2720300853252411
11223	0.27203163504600525
11224	0.27203431725502014
11225	0.2720886468887329
11226	0.2720980644226074
11227	0.27209991216659546
11228	0.2721053957939148
11229	0.2722931504249573
11230	0.27230411767959595
11231	0.27235034108161926
11232	0.27235981822013855
11233	0.272390753030777
11234	0.27239343523979187
11235	0.2723967134952545
11236	0.27241501212120056
11237	0.2724270224571228
11238	0.2724281847476959
11239	0.2724292576313019
11240	0.27242934703826904
11241	0.2724299728870392
11242	0.27244025468826294
11243	0.2724434733390808
11244	0.2724554240703583
11245	0.2724645435810089
11246	0.2724742889404297
11247	0.27251455187797546
11248	0.27251723408699036
11249	0.2725200355052948
11250	0.27252134680747986
11251	0.2725256085395813
11252	0.2725323736667633
11253	0.27253636717796326
11254	0.2725578546524048
11255	0.27256667613983154
11256	0.2725677788257599
11257	0.2725694477558136
11258	0.2725873291492462
11259	0.2725875675678253
11260	0.27260345220565796
11261	0.2726525068283081
11262	0.27268844842910767
11263	0.2726919949054718
11264	0.2726934850215912
11265	0.2727140784263611
11266	0.27271562814712524
11267	0.27273741364479065
11268	0.27275729179382324
11269	0.27276286482810974
11270	0.27277839183807373
11271	0.2727883458137512
11272	0.27279165387153625
11273	0.27280193567276
11274	0.2728167176246643
11275	0.2728200852870941
11276	0.27282485365867615
11277	0.2728341221809387
11278	0.2728387415409088
11279	0.27285921573638916
11280	0.27286437153816223
11281	0.2728647291660309
11282	0.2729087471961975
11283	0.2729299068450928
11284	0.27293485403060913
11285	0.2729378342628479
11286	0.27294138073921204
11287	0.27294686436653137
11288	0.2729554772377014
11289	0.27296310663223267
11290	0.27296531200408936
11291	0.2729705572128296
11292	0.27298539876937866
11293	0.27299070358276367
11294	0.27299609780311584
11295	0.2729989290237427
11296	0.27312469482421875
11297	0.27313756942749023
11298	0.2731384336948395
11299	0.27314552664756775
11300	0.273170530796051
11301	0.2731713652610779
11302	0.2731744050979614
11303	0.27328547835350037
11304	0.2732911705970764
11305	0.27329736948013306
11306	0.2732992470264435
11307	0.2733079493045807
11308	0.27330848574638367
11309	0.27332937717437744
11310	0.27332961559295654
11311	0.2733434736728668
11312	0.27334722876548767
11313	0.27334830164909363
11314	0.2733851373195648
11315	0.27347421646118164
11316	0.2734779119491577
11317	0.27351805567741394
11318	0.27352645993232727
11319	0.27353203296661377
11320	0.27353543043136597
11321	0.2735675871372223
11322	0.2735914885997772
11323	0.2735986113548279
11324	0.27362269163131714
11325	0.27363234758377075
11326	0.2737747132778168
11327	0.2737831771373749
11328	0.27378344535827637
11329	0.27378755807876587
11330	0.2737952172756195
11331	0.27380529046058655
11332	0.2738056480884552
11333	0.27381113171577454
11334	0.27382466197013855
11335	0.27382615208625793
11336	0.273840069770813
11337	0.27385833859443665
11338	0.27385857701301575
11339	0.2738647162914276
11340	0.27386701107025146
11341	0.2738780379295349
11342	0.27388796210289
11343	0.27389997243881226
11344	0.273901104927063
11345	0.2739083766937256
11346	0.2740389108657837
11347	0.2740490734577179
11348	0.2740532159805298
11349	0.27407386898994446
11350	0.27412357926368713
11351	0.2741261422634125
11352	0.27412858605384827
11353	0.27414146065711975
11354	0.2741488814353943
11355	0.2741493582725525
11356	0.27415212988853455
11357	0.2741592824459076
11358	0.27417463064193726
11359	0.2741766571998596
11360	0.2742014527320862
11361	0.27425849437713623
11362	0.274263858795166
11363	0.2742846608161926
11364	0.2743040919303894
11365	0.27430710196495056
11366	0.27430757880210876
11367	0.2743102014064789
11368	0.27433255314826965
11369	0.2743380665779114
11370	0.2743465006351471
11371	0.27437248826026917
11372	0.27437499165534973
11373	0.27439355850219727
11374	0.27439621090888977
11375	0.2744326591491699
11376	0.27443423867225647
11377	0.27444833517074585
11378	0.2744530439376831
11379	0.27448779344558716
11380	0.2744922339916229
11381	0.27449455857276917
11382	0.2744951546192169
11383	0.27449676394462585
11384	0.2745026648044586
11385	0.27450743317604065
11386	0.2745169401168823
11387	0.27453890442848206
11388	0.27454668283462524
11389	0.27455249428749084
11390	0.2745591700077057
11391	0.27456024289131165
11392	0.2745695412158966
11393	0.2745803892612457
11394	0.27458420395851135
11395	0.27460160851478577
11396	0.2746075689792633
11397	0.2746100127696991
11398	0.27463433146476746
11399	0.27464205026626587
11400	0.2746944725513458
11401	0.27471962571144104
11402	0.2747214436531067
11403	0.2747228443622589
11404	0.27478063106536865
11405	0.2748045027256012
11406	0.2748057544231415
11407	0.274809867143631
11408	0.274814635515213
11409	0.2748318016529083
11410	0.27485379576683044
11411	0.274858295917511
11412	0.2748841941356659
11413	0.2748884856700897
11414	0.2749112546443939
11415	0.2749134600162506
11416	0.2750849425792694
11417	0.27511829137802124
11418	0.27511894702911377
11419	0.27512699365615845
11420	0.2751348316669464
11421	0.2751665711402893
11422	0.2751689553260803
11423	0.27518558502197266
11424	0.2751888334751129
11425	0.27521446347236633
11426	0.27523642778396606
11427	0.27523815631866455
11428	0.27524054050445557
11429	0.2752740979194641
11430	0.27531948685646057
11431	0.27532070875167847
11432	0.27532529830932617
11433	0.2753465473651886
11434	0.2753601372241974
11435	0.27536338567733765
11436	0.27536407113075256
11437	0.2753681242465973
11438	0.2753759026527405
11439	0.27537858486175537
11440	0.2753911316394806
11441	0.2753988802433014
11442	0.27541619539260864
11443	0.2754198908805847
11444	0.2754240036010742
11445	0.2754329442977905
11446	0.2754374146461487
11447	0.2754459083080292
11448	0.27544698119163513
11449	0.2754577100276947
11450	0.2754616141319275
11451	0.2754840552806854
11452	0.27548742294311523
11453	0.2755454480648041
11454	0.27555689215660095
11455	0.2755768895149231
11456	0.2755868136882782
11457	0.2755938470363617
11458	0.27559491991996765
11459	0.2755957543849945
11460	0.27560025453567505
11461	0.2756151258945465
11462	0.2756245732307434
11463	0.27565982937812805
11464	0.27566197514533997
11465	0.275690495967865
11466	0.2757013142108917
11467	0.27571284770965576
11468	0.2757163643836975
11469	0.2757238447666168
11470	0.27575597167015076
11471	0.27576738595962524
11472	0.27576902508735657
11473	0.27577832341194153
11474	0.2757934331893921
11475	0.2757968604564667
11476	0.27580398321151733
11477	0.2758394479751587
11478	0.2758675217628479
11479	0.2759002447128296
11480	0.27590444684028625
11481	0.2759101986885071
11482	0.2759186029434204
11483	0.2759335935115814
11484	0.2759382426738739
11485	0.2759465277194977
11486	0.27594903111457825
11487	0.275989294052124
11488	0.27599143981933594
11489	0.2759990692138672
11490	0.27599963545799255
11491	0.2760057747364044
11492	0.27601224184036255
11493	0.2760392725467682
11494	0.276046484708786
11495	0.2760583162307739
11496	0.27606502175331116
11497	0.2760664224624634
11498	0.27615469694137573
11499	0.27616333961486816
11500	0.2762247920036316
11501	0.2762290835380554
11502	0.276234894990921
11503	0.2762835621833801
11504	0.27628806233406067
11505	0.276291161775589
11506	0.27629411220550537
11507	0.2762954533100128
11508	0.27631059288978577
11509	0.27632108330726624
11510	0.2763274908065796
11511	0.2764074504375458
11512	0.2764286696910858
11513	0.2764943838119507
11514	0.27649861574172974
11515	0.27650466561317444
11516	0.2765142321586609
11517	0.2765147387981415
11518	0.2765176594257355
11519	0.2765182554721832
11520	0.276557058095932
11521	0.27655789256095886
11522	0.27656126022338867
11523	0.2765619456768036
11524	0.2765653133392334
11525	0.27657440304756165
11526	0.2765805721282959
11527	0.2766261398792267
11528	0.27662864327430725
11529	0.276631236076355
11530	0.2766573429107666
11531	0.2766650319099426
11532	0.2766677439212799
11533	0.2766788601875305
11534	0.27670085430145264
11535	0.2767254114151001
11536	0.27672767639160156
11537	0.2767333388328552
11538	0.2767372727394104
11539	0.27673837542533875
11540	0.27674710750579834
11541	0.2767578363418579
11542	0.2767809331417084
11543	0.27679169178009033
11544	0.2768928110599518
11545	0.2769086956977844
11546	0.276938796043396
11547	0.2769516408443451
11548	0.2769520878791809
11549	0.2769552171230316
11550	0.27698081731796265
11551	0.27699241042137146
11552	0.2770172357559204
11553	0.2770257592201233
11554	0.277028888463974
11555	0.2770311236381531
11556	0.27704301476478577
11557	0.2770455777645111
11558	0.27708521485328674
11559	0.2771030068397522
11560	0.2771170437335968
11561	0.27713772654533386
11562	0.2771399915218353
11563	0.2771587669849396
11564	0.2771785855293274
11565	0.27719467878341675
11566	0.277211457490921
11567	0.2772139012813568
11568	0.2772466242313385
11569	0.2772529721260071
11570	0.27726277709007263
11571	0.2772631049156189
11572	0.2772810757160187
11573	0.27728670835494995
11574	0.27728962898254395
11575	0.27730000019073486
11576	0.2773124575614929
11577	0.2773214280605316
11578	0.2773274779319763
11579	0.277335524559021
11580	0.2773364782333374
11581	0.2773573696613312
11582	0.277360200881958
11583	0.27736401557922363
11584	0.2773669958114624
11585	0.27737224102020264
11586	0.27738258242607117
11587	0.2773905396461487
11588	0.2773907482624054
11589	0.2773939073085785
11590	0.2773961126804352
11591	0.2774350941181183
11592	0.2774386703968048
11593	0.27744260430336
11594	0.27744969725608826
11595	0.27745434641838074
11596	0.2774556279182434
11597	0.2774590253829956
11598	0.27750396728515625
11599	0.2775096595287323
11600	0.2775115966796875
11601	0.27752256393432617
11602	0.27752333879470825
11603	0.27755141258239746
11604	0.2775591015815735
11605	0.27757060527801514
11606	0.27758270502090454
11607	0.2776014506816864
11608	0.2776089608669281
11609	0.2776118814945221
11610	0.2776194214820862
11611	0.2776827812194824
11612	0.27769267559051514
11613	0.2776946723461151
11614	0.2777029871940613
11615	0.27772030234336853
11616	0.2777283489704132
11617	0.2777447998523712
11618	0.2777535915374756
11619	0.2777613401412964
11620	0.27777379751205444
11621	0.2777756452560425
11622	0.2778061032295227
11623	0.27783888578414917
11624	0.2778415381908417
11625	0.27785488963127136
11626	0.27786985039711
11627	0.2778746783733368
11628	0.2778759002685547
11629	0.2778761386871338
11630	0.27791717648506165
11631	0.2779175043106079
11632	0.27792203426361084
11633	0.2779245972633362
11634	0.2779249846935272
11635	0.27795955538749695
11636	0.2779616415500641
11637	0.277976930141449
11638	0.2779827415943146
11639	0.27798622846603394
11640	0.2780667245388031
11641	0.27807164192199707
11642	0.2780724763870239
11643	0.27807459235191345
11644	0.27808278799057007
11645	0.2780914902687073
11646	0.27809593081474304
11647	0.2780989110469818
11648	0.2780996263027191
11649	0.2781012952327728
11650	0.2781045436859131
11651	0.27810561656951904
11652	0.27812567353248596
11653	0.27812814712524414
11654	0.27813565731048584
11655	0.2781464159488678
11656	0.2781567871570587
11657	0.2781777083873749
11658	0.27817943692207336
11659	0.27820876240730286
11660	0.27821454405784607
11661	0.27822184562683105
11662	0.27823784947395325
11663	0.2782401740550995
11664	0.2782427966594696
11665	0.2782440483570099
11666	0.2782493829727173
11667	0.27828702330589294
11668	0.2783051133155823
11669	0.27834779024124146
11670	0.278364896774292
11671	0.27837032079696655
11672	0.2783871591091156
11673	0.27838942408561707
11674	0.2784404456615448
11675	0.2784428894519806
11676	0.2784510552883148
11677	0.27846822142601013
11678	0.27848106622695923
11679	0.278495728969574
11680	0.2785130739212036
11681	0.2785221040248871
11682	0.27853474020957947
11683	0.27853867411613464
11684	0.27855199575424194
11685	0.2785530090332031
11686	0.2785543203353882
11687	0.2785995304584503
11688	0.278600811958313
11689	0.27862489223480225
11690	0.27862679958343506
11691	0.27862972021102905
11692	0.27866843342781067
11693	0.27867913246154785
11694	0.27868908643722534
11695	0.27869078516960144
11696	0.2787114977836609
11697	0.27873939275741577
11698	0.27874308824539185
11699	0.27874553203582764
11700	0.27874740958213806
11701	0.27875134348869324
11702	0.27875471115112305
11703	0.27875491976737976
11704	0.27876216173171997
11705	0.27877891063690186
11706	0.27878227829933167
11707	0.278794527053833
11708	0.27880722284317017
11709	0.27881911396980286
11710	0.27882352471351624
11711	0.2788446545600891
11712	0.278847336769104
11713	0.2788478136062622
11714	0.2788485288619995
11715	0.27885356545448303
11716	0.27887284755706787
11717	0.2788794934749603
11718	0.2788904011249542
11719	0.27889418601989746
11720	0.2789139151573181
11721	0.2789170742034912
11722	0.2789177894592285
11723	0.27893251180648804
11724	0.27894848585128784
11725	0.27897465229034424
11726	0.2789826989173889
11727	0.2789853513240814
11728	0.278988242149353
11729	0.2789897918701172
11730	0.279009073972702
11731	0.27903416752815247
11732	0.27903661131858826
11733	0.27904340624809265
11734	0.27904456853866577
11735	0.279049813747406
11736	0.27906423807144165
11737	0.2790686786174774
11738	0.2790807783603668
11739	0.27911531925201416
11740	0.27912020683288574
11741	0.2791205048561096
11742	0.27916213870048523
11743	0.27917078137397766
11744	0.2792395353317261
11745	0.27924349904060364
11746	0.27924689650535583
11747	0.2792511582374573
11748	0.279255211353302
11749	0.27926474809646606
11750	0.2792680561542511
11751	0.27928051352500916
11752	0.27931055426597595
11753	0.27932098507881165
11754	0.2793213129043579
11755	0.2793445289134979
11756	0.2793446481227875
11757	0.27936795353889465
11758	0.2793804705142975
11759	0.2794003188610077
11760	0.27940282225608826
11761	0.2794421315193176
11762	0.2794455587863922
11763	0.2794700860977173
11764	0.27948248386383057
11765	0.2794898450374603
11766	0.279530793428421
11767	0.279531866312027
11768	0.2795470654964447
11769	0.27955156564712524
11770	0.279558390378952
11771	0.27956539392471313
11772	0.2795678377151489
11773	0.2795683443546295
11774	0.2795741856098175
11775	0.2795761823654175
11776	0.27959954738616943
11777	0.27960848808288574
11778	0.2796303927898407
11779	0.27963441610336304
11780	0.2796362340450287
11781	0.27966874837875366
11782	0.2796759009361267
11783	0.27969837188720703
11784	0.27970847487449646
11785	0.2797231376171112
11786	0.2797263562679291
11787	0.27974751591682434
11788	0.27976304292678833
11789	0.2797698974609375
11790	0.27977290749549866
11791	0.2797738015651703
11792	0.2797757089138031
11793	0.27978411316871643
11794	0.2797955572605133
11795	0.27982228994369507
11796	0.2798328697681427
11797	0.2798364758491516
11798	0.2798621654510498
11799	0.2798635959625244
11800	0.27986472845077515
11801	0.27986571192741394
11802	0.2798662781715393
11803	0.2798703610897064
11804	0.27992311120033264
11805	0.27992382645606995
11806	0.2799271047115326
11807	0.2799350619316101
11808	0.2799378037452698
11809	0.279939740896225
11810	0.2799486517906189
11811	0.2799922525882721
11812	0.27999839186668396
11813	0.2800065279006958
11814	0.280010849237442
11815	0.2800137400627136
11816	0.28001564741134644
11817	0.2800408601760864
11818	0.2800517678260803
11819	0.28005269169807434
11820	0.2800537049770355
11821	0.2800550162792206
11822	0.2800636887550354
11823	0.28006502985954285
11824	0.2801002860069275
11825	0.2801145017147064
11826	0.28011971712112427
11827	0.2801370620727539
11828	0.2801414132118225
11829	0.28014230728149414
11830	0.28017565608024597
11831	0.28018084168434143
11832	0.280190646648407
11833	0.28022441267967224
11834	0.2802387773990631
11835	0.2802883982658386
11836	0.28029918670654297
11837	0.2803038954734802
11838	0.28032416105270386
11839	0.28033798933029175
11840	0.28034070134162903
11841	0.280352383852005
11842	0.2803632318973541
11843	0.2803677022457123
11844	0.28039267659187317
11845	0.28039807081222534
11846	0.28040623664855957
11847	0.28041303157806396
11848	0.28041478991508484
11849	0.2804349958896637
11850	0.28043878078460693
11851	0.28044557571411133
11852	0.28044772148132324
11853	0.2804528474807739
11854	0.2804771661758423
11855	0.28047823905944824
11856	0.28047868609428406
11857	0.28048211336135864
11858	0.2804834842681885
11859	0.280485063791275
11860	0.28049391508102417
11861	0.28050172328948975
11862	0.28052061796188354
11863	0.2805735468864441
11864	0.28060266375541687
11865	0.2806110978126526
11866	0.28061842918395996
11867	0.280635267496109
11868	0.28065621852874756
11869	0.28067299723625183
11870	0.2806982696056366
11871	0.2807025611400604
11872	0.28074342012405396
11873	0.2807666063308716
11874	0.28080224990844727
11875	0.2808113396167755
11876	0.28083211183547974
11877	0.2808336615562439
11878	0.28083422780036926
11879	0.2808397710323334
11880	0.2808559834957123
11881	0.2808630168437958
11882	0.2808762192726135
11883	0.2808866500854492
11884	0.2809242010116577
11885	0.2809268534183502
11886	0.2809537351131439
11887	0.280969500541687
11888	0.2809736728668213
11889	0.28098082542419434
11890	0.2809884250164032
11891	0.2809915542602539
11892	0.28102222084999084
11893	0.28102385997772217
11894	0.2810269296169281
11895	0.2810342609882355
11896	0.2810569703578949
11897	0.28108614683151245
11898	0.2810969352722168
11899	0.2811000347137451
11900	0.28110361099243164
11901	0.2811068892478943
11902	0.28111347556114197
11903	0.28111568093299866
11904	0.2811278998851776
11905	0.28113457560539246
11906	0.2811656892299652
11907	0.2811787724494934
11908	0.28117984533309937
11909	0.2811805009841919
11910	0.2811970114707947
11911	0.2812117338180542
11912	0.2812204360961914
11913	0.28122678399086
11914	0.2812316417694092
11915	0.2812369763851166
11916	0.2812877297401428
11917	0.2813013195991516
11918	0.28131338953971863
11919	0.2813165783882141
11920	0.28131943941116333
11921	0.2813357412815094
11922	0.2813948690891266
11923	0.28140878677368164
11924	0.28140971064567566
11925	0.28158196806907654
11926	0.28158435225486755
11927	0.2815953493118286
11928	0.2816060483455658
11929	0.28167107701301575
11930	0.28167209029197693
11931	0.2816775441169739
11932	0.2816867232322693
11933	0.2816873788833618
11934	0.2816947102546692
11935	0.2817245423793793
11936	0.2818228602409363
11937	0.2818572521209717
11938	0.2818589508533478
11939	0.2818650007247925
11940	0.28188061714172363
11941	0.281890869140625
11942	0.28189563751220703
11943	0.2818966805934906
11944	0.28191226720809937
11945	0.2819427251815796
11946	0.28194311261177063
11947	0.2819492518901825
11948	0.2819570302963257
11949	0.2819572687149048
11950	0.28197556734085083
11951	0.2819967567920685
11952	0.2820052206516266
11953	0.282057523727417
11954	0.28206363320350647
11955	0.2820650339126587
11956	0.2820679843425751
11957	0.28208911418914795
11958	0.2821033000946045
11959	0.28211721777915955
11960	0.28212183713912964
11961	0.28212472796440125
11962	0.2821328043937683
11963	0.2821773290634155
11964	0.28217896819114685
11965	0.2821813225746155
11966	0.28221163153648376
11967	0.28221678733825684
11968	0.28221839666366577
11969	0.28222334384918213
11970	0.2822476923465729
11971	0.28225675225257874
11972	0.28225797414779663
11973	0.28226765990257263
11974	0.2822693884372711
11975	0.2822767496109009
11976	0.28227734565734863
11977	0.28227996826171875
11978	0.28229567408561707
11979	0.28230032324790955
11980	0.28230994939804077
11981	0.2823169529438019
11982	0.28234460949897766
11983	0.28234541416168213
11984	0.28235870599746704
11985	0.282359778881073
11986	0.2823610305786133
11987	0.2823723554611206
11988	0.28237423300743103
11989	0.2823747992515564
11990	0.282398521900177
11991	0.2824048399925232
11992	0.28240546584129333
11993	0.28240934014320374
11994	0.28241950273513794
11995	0.2824280560016632
11996	0.28243130445480347
11997	0.2824445366859436
11998	0.28245434165000916
11999	0.28247058391571045
12000	0.28248924016952515
12001	0.28249260783195496
12002	0.28252333402633667
12003	0.2825259268283844
12004	0.28253746032714844
12005	0.2825377881526947
12006	0.28255242109298706
12007	0.28258493542671204
12008	0.28259703516960144
12009	0.2826577425003052
12010	0.2826584279537201
12011	0.2826766073703766
12012	0.2826973795890808
12013	0.28272002935409546
12014	0.28274303674697876
12015	0.28274399042129517
12016	0.28274431824684143
12017	0.2827533781528473
12018	0.2827584743499756
12019	0.282795250415802
12020	0.28279730677604675
12021	0.28279921412467957
12022	0.2828022241592407
12023	0.2828105688095093
12024	0.28283190727233887
12025	0.28283268213272095
12026	0.2828425168991089
12027	0.2829376459121704
12028	0.2829619348049164
12029	0.2829638719558716
12030	0.2830054759979248
12031	0.28303587436676025
12032	0.28303828835487366
12033	0.2830433249473572
12034	0.2830486297607422
12035	0.2830663323402405
12036	0.2830733358860016
12037	0.2831002473831177
12038	0.28310438990592957
12039	0.28310835361480713
12040	0.28321176767349243
12041	0.28321486711502075
12042	0.2832183539867401
12043	0.2832411229610443
12044	0.2832885682582855
12045	0.2833503782749176
12046	0.28335168957710266
12047	0.28335466980934143
12048	0.28335848450660706
12049	0.2833642363548279
12050	0.283367782831192
12051	0.2833709716796875
12052	0.28337743878364563
12053	0.2833828330039978
12054	0.28338369727134705
12055	0.2833881080150604
12056	0.2834019958972931
12057	0.283410906791687
12058	0.2834409773349762
12059	0.2834491431713104
12060	0.2834727168083191
12061	0.2835056781768799
12062	0.283514142036438
12063	0.28351476788520813
12064	0.2835170030593872
12065	0.28353366255760193
12066	0.2835499942302704
12067	0.28355246782302856
12068	0.28355374932289124
12069	0.2835695743560791
12070	0.2835727334022522
12071	0.2835836410522461
12072	0.2835862636566162
12073	0.28359395265579224
12074	0.2835939824581146
12075	0.2835952043533325
12076	0.2836066782474518
12077	0.28361979126930237
12078	0.2836315929889679
12079	0.2836415469646454
12080	0.2836550176143646
12081	0.2836587131023407
12082	0.2836754024028778
12083	0.28368037939071655
12084	0.28370678424835205
12085	0.28373298048973083
12086	0.2837381362915039
12087	0.28373852372169495
12088	0.2837437689304352
12089	0.28376156091690063
12090	0.2837916910648346
12091	0.283809632062912
12092	0.2838195860385895
12093	0.2838205099105835
12094	0.28384172916412354
12095	0.2838432192802429
12096	0.2838517725467682
12097	0.2838538885116577
12098	0.28387269377708435
12099	0.28388944268226624
12100	0.2838946580886841
12101	0.2838976979255676
12102	0.28391385078430176
12103	0.2840435206890106
12104	0.28405144810676575
12105	0.28405559062957764
12106	0.2840558588504791
12107	0.2840587794780731
12108	0.2840614914894104
12109	0.2840625047683716
12110	0.28406330943107605
12111	0.28408265113830566
12112	0.28409886360168457
12113	0.28410136699676514
12114	0.28410425782203674
12115	0.2841142416000366
12116	0.2841167449951172
12117	0.2841198742389679
12118	0.284122496843338
12119	0.284127801656723
12120	0.28415417671203613
12121	0.28416794538497925
12122	0.28417128324508667
12123	0.28417378664016724
12124	0.2841813564300537
12125	0.28425368666648865
12126	0.28425389528274536
12127	0.2842576503753662
12128	0.2842685580253601
12129	0.2842719256877899
12130	0.28427353501319885
12131	0.2842784821987152
12132	0.28428855538368225
12133	0.2843073904514313
12134	0.2843131721019745
12135	0.2843222916126251
12136	0.2843296229839325
12137	0.2843334376811981
12138	0.28438273072242737
12139	0.28442272543907166
12140	0.28442978858947754
12141	0.28446415066719055
12142	0.284483402967453
12143	0.28449687361717224
12144	0.28450292348861694
12145	0.28451189398765564
12146	0.284517765045166
12147	0.2845209538936615
12148	0.28456082940101624
12149	0.2845614552497864
12150	0.28457051515579224
12151	0.2845954895019531
12152	0.28459709882736206
12153	0.28459951281547546
12154	0.2846115231513977
12155	0.2846143841743469
12156	0.28461989760398865
12157	0.2846221625804901
12158	0.284627228975296
12159	0.28463125228881836
12160	0.2846314609050751
12161	0.2846480906009674
12162	0.284653902053833
12163	0.28468844294548035
12164	0.28469955921173096
12165	0.28470298647880554
12166	0.2847052812576294
12167	0.2847323417663574
12168	0.28473392128944397
12169	0.2847425043582916
12170	0.28476518392562866
12171	0.2847679853439331
12172	0.28478386998176575
12173	0.28478965163230896
12174	0.28479230403900146
12175	0.2848091423511505
12176	0.2848140001296997
12177	0.2848149240016937
12178	0.284834623336792
12179	0.28483954071998596
12180	0.2848420739173889
12181	0.2848440110683441
12182	0.28485023975372314
12183	0.2848553955554962
12184	0.28485748171806335
12185	0.28486597537994385
12186	0.2848687171936035
12187	0.28488925099372864
12188	0.2848978638648987
12189	0.2849034368991852
12190	0.28490525484085083
12191	0.284910649061203
12192	0.28492262959480286
12193	0.2849268317222595
12194	0.28493162989616394
12195	0.28497254848480225
12196	0.28503602743148804
12197	0.2850404381752014
12198	0.2850436568260193
12199	0.2850494980812073
12200	0.28509777784347534
12201	0.2850986123085022
12202	0.2851012647151947
12203	0.28510797023773193
12204	0.28512415289878845
12205	0.28512507677078247
12206	0.28512638807296753
12207	0.28513285517692566
12208	0.28514620661735535
12209	0.28515398502349854
12210	0.2851543724536896
12211	0.2851698696613312
12212	0.28517258167266846
12213	0.2851736843585968
12214	0.28517553210258484
12215	0.28517699241638184
12216	0.2852427661418915
12217	0.28524360060691833
12218	0.28524699807167053
12219	0.2852536737918854
12220	0.2852623760700226
12221	0.28527721762657166
12222	0.2853487730026245
12223	0.2853614091873169
12224	0.2853703796863556
12225	0.2853959798812866
12226	0.2853983938694
12227	0.2853986322879791
12228	0.28541550040245056
12229	0.2854331433773041
12230	0.2854475677013397
12231	0.28544890880584717
12232	0.2854692339897156
12233	0.2854698598384857
12234	0.28547218441963196
12235	0.28547558188438416
12236	0.2854815125465393
12237	0.2855093777179718
12238	0.2855346202850342
12239	0.28554120659828186
12240	0.28554901480674744
12241	0.2855495810508728
12242	0.28556254506111145
12243	0.2855672538280487
12244	0.28557199239730835
12245	0.2855752110481262
12246	0.2855772376060486
12247	0.2856084406375885
12248	0.2856146991252899
12249	0.2856241464614868
12250	0.28563541173934937
12251	0.2856673300266266
12252	0.2856699824333191
12253	0.28567779064178467
12254	0.28571102023124695
12255	0.2857171893119812
12256	0.2857204079627991
12257	0.285733163356781
12258	0.28574681282043457
12259	0.28575319051742554
12260	0.285755455493927
12261	0.28576669096946716
12262	0.2857702076435089
12263	0.2857808768749237
12264	0.2857828736305237
12265	0.2857891619205475
12266	0.28579339385032654
12267	0.2857973873615265
12268	0.2858027219772339
12269	0.2858043611049652
12270	0.2858092784881592
12271	0.2858116924762726
12272	0.2858414053916931
12273	0.2858620882034302
12274	0.2858840525150299
12275	0.28589433431625366
12276	0.2858963906764984
12277	0.28589874505996704
12278	0.28591999411582947
12279	0.285925954580307
12280	0.2859445810317993
12281	0.2859487533569336
12282	0.2859513759613037
12283	0.2859621047973633
12284	0.2859632074832916
12285	0.2859642803668976
12286	0.2859652042388916
12287	0.2861484885215759
12288	0.28615525364875793
12289	0.2861573100090027
12290	0.2861594557762146
12291	0.2861631512641907
12292	0.2861728370189667
12293	0.2861761748790741
12294	0.28629419207572937
12295	0.28630730509757996
12296	0.28632616996765137
12297	0.28632649779319763
12298	0.2863329350948334
12299	0.2863381505012512
12300	0.28634703159332275
12301	0.2863774597644806
12302	0.2863881587982178
12303	0.2864001393318176
12304	0.2864030599594116
12305	0.28645116090774536
12306	0.2864808440208435
12307	0.2864821255207062
12308	0.28648436069488525
12309	0.2864849269390106
12310	0.28648626804351807
12311	0.28652694821357727
12312	0.2865556478500366
12313	0.2865873873233795
12314	0.28660207986831665
12315	0.28662109375
12316	0.2866252660751343
12317	0.28662538528442383
12318	0.2866292893886566
12319	0.28663238883018494
12320	0.28663498163223267
12321	0.28666824102401733
12322	0.2866697609424591
12323	0.28667521476745605
12324	0.2866787314414978
12325	0.28668519854545593
12326	0.2866872251033783
12327	0.28669801354408264
12328	0.2866998314857483
12329	0.2867080867290497
12330	0.28671756386756897
12331	0.28672218322753906
12332	0.28674930334091187
12333	0.28675389289855957
12334	0.2867574095726013
12335	0.2867593765258789
12336	0.28676772117614746
12337	0.2867744565010071
12338	0.2867821753025055
12339	0.2867843508720398
12340	0.28678977489471436
12341	0.28687039017677307
12342	0.2868872284889221
12343	0.2868949770927429
12344	0.28689658641815186
12345	0.28690168261528015
12346	0.28690677881240845
12347	0.2869165241718292
12348	0.28702300786972046
12349	0.28702738881111145
12350	0.2870473265647888
12351	0.2870505154132843
12352	0.2870556116104126
12353	0.2870562672615051
12354	0.28705742955207825
12355	0.28706005215644836
12356	0.2870633602142334
12357	0.2870701849460602
12358	0.2870866656303406
12359	0.2870934307575226
12360	0.28712552785873413
12361	0.28714627027511597
12362	0.28714868426322937
12363	0.28715237975120544
12364	0.28719624876976013
12365	0.2872147560119629
12366	0.2872270941734314
12367	0.2872313857078552
12368	0.28725025057792664
12369	0.28725260496139526
12370	0.28725773096084595
12371	0.2872864007949829
12372	0.28731682896614075
12373	0.2873246669769287
12374	0.2873285412788391
12375	0.28732872009277344
12376	0.28733909130096436
12377	0.28734320402145386
12378	0.2873530387878418
12379	0.28735530376434326
12380	0.28738638758659363
12381	0.2873925268650055
12382	0.2873935103416443
12383	0.28743332624435425
12384	0.28743812441825867
12385	0.2874419391155243
12386	0.2875311076641083
12387	0.28753626346588135
12388	0.28753960132598877
12389	0.2875409424304962
12390	0.2875615060329437
12391	0.2875644564628601
12392	0.2875728905200958
12393	0.28767335414886475
12394	0.2876735329627991
12395	0.2876858711242676
12396	0.2876960039138794
12397	0.28770509362220764
12398	0.28770697116851807
12399	0.28778767585754395
12400	0.28779563307762146
12401	0.28785160183906555
12402	0.2878521978855133
12403	0.28787702322006226
12404	0.2879013419151306
12405	0.28790202736854553
12406	0.2879071533679962
12407	0.28791362047195435
12408	0.2879335582256317
12409	0.28794142603874207
12410	0.2879473567008972
12411	0.2879680097103119
12412	0.287977933883667
12413	0.28799620270729065
12414	0.2880008816719055
12415	0.2880142629146576
12416	0.2880147099494934
12417	0.28801611065864563
12418	0.28801730275154114
12419	0.28802067041397095
12420	0.288021981716156
12421	0.28802916407585144
12422	0.2880365252494812
12423	0.28814390301704407
12424	0.2881619930267334
12425	0.2881675362586975
12426	0.2881762981414795
12427	0.2881777882575989
12428	0.28817856311798096
12429	0.2881878912448883
12430	0.2882409691810608
12431	0.2882530093193054
12432	0.28827792406082153
12433	0.2882854640483856
12434	0.28829634189605713
12435	0.2883041501045227
12436	0.2883048355579376
12437	0.28831765055656433
12438	0.288326233625412
12439	0.2883320152759552
12440	0.2883627712726593
12441	0.2883668839931488
12442	0.28837087750434875
12443	0.28838878870010376
12444	0.28840920329093933
12445	0.2884131968021393
12446	0.2884158790111542
12447	0.2884242534637451
12448	0.28844818472862244
12449	0.28846120834350586
12450	0.2884887456893921
12451	0.2884935140609741
12452	0.2884969115257263
12453	0.28850996494293213
12454	0.2885158061981201
12455	0.2885195016860962
12456	0.28854143619537354
12457	0.2885451018810272
12458	0.28856778144836426
12459	0.2885999083518982
12460	0.2886063754558563
12461	0.2886134386062622
12462	0.2886137366294861
12463	0.2886184751987457
12464	0.2886313199996948
12465	0.2886330187320709
12466	0.28863537311553955
12467	0.2886466979980469
12468	0.28864941000938416
12469	0.2886534631252289
12470	0.28866705298423767
12471	0.28866878151893616
12472	0.2886701822280884
12473	0.2886746823787689
12474	0.28867650032043457
12475	0.28867796063423157
12476	0.2886825203895569
12477	0.2886977791786194
12478	0.2887064218521118
12479	0.2887144982814789
12480	0.288727730512619
12481	0.28872835636138916
12482	0.28872913122177124
12483	0.2887558937072754
12484	0.2887663245201111
12485	0.2887701392173767
12486	0.2887726128101349
12487	0.2887851893901825
12488	0.28882020711898804
12489	0.2888289988040924
12490	0.2888326644897461
12491	0.28883397579193115
12492	0.2888447344303131
12493	0.28886109590530396
12494	0.2888675332069397
12495	0.2888921797275543
12496	0.2888927161693573
12497	0.2888966500759125
12498	0.2889065444469452
12499	0.2889220416545868
12500	0.2889494001865387
12501	0.28895729780197144
12502	0.28896260261535645
12503	0.2889639139175415
12504	0.2889692485332489
12505	0.2889765799045563
12506	0.28898143768310547
12507	0.28900793194770813
12508	0.2890123724937439
12509	0.2890259921550751
12510	0.289033442735672
12511	0.2890385091304779
12512	0.289045512676239
12513	0.2890518605709076
12514	0.28905826807022095
12515	0.28907814621925354
12516	0.2890869975090027
12517	0.28909534215927124
12518	0.28909963369369507
12519	0.2891189455986023
12520	0.289120614528656
12521	0.2891220450401306
12522	0.28912410140037537
12523	0.2891264259815216
12524	0.28912708163261414
12525	0.28914472460746765
12526	0.2891765236854553
12527	0.2891885042190552
12528	0.2892107665538788
12529	0.2892199158668518
12530	0.2892238199710846
12531	0.2892574965953827
12532	0.28926193714141846
12533	0.28926733136177063
12534	0.2892695963382721
12535	0.28927308320999146
12536	0.2892742156982422
12537	0.28927507996559143
12538	0.2892885208129883
12539	0.2892936170101166
12540	0.28938305377960205
12541	0.2893962264060974
12542	0.28942734003067017
12543	0.289434552192688
12544	0.2894536554813385
12545	0.2894602119922638
12546	0.28946322202682495
12547	0.28946930170059204
12548	0.28947120904922485
12549	0.28948357701301575
12550	0.2894905209541321
12551	0.28951695561408997
12552	0.2895205020904541
12553	0.2895285487174988
12554	0.2895409166812897
12555	0.2895495891571045
12556	0.28955352306365967
12557	0.289559543132782
12558	0.2895667552947998
12559	0.28959617018699646
12560	0.2896115183830261
12561	0.28961554169654846
12562	0.2896183431148529
12563	0.2896415889263153
12564	0.2896496653556824
12565	0.28966405987739563
12566	0.28967663645744324
12567	0.289692759513855
12568	0.2897077798843384
12569	0.2897268831729889
12570	0.28973060846328735
12571	0.28973764181137085
12572	0.2897544205188751
12573	0.28977248072624207
12574	0.2897947430610657
12575	0.289796382188797
12576	0.2898173928260803
12577	0.28982189297676086
12578	0.28982284665107727
12579	0.28982311487197876
12580	0.2898271679878235
12581	0.289836585521698
12582	0.2898387610912323
12583	0.2898418605327606
12584	0.2898494005203247
12585	0.28985345363616943
12586	0.28985944390296936
12587	0.28986337780952454
12588	0.2898755967617035
12589	0.2898862957954407
12590	0.2898878753185272
12591	0.289898157119751
12592	0.28989967703819275
12593	0.2899051308631897
12594	0.28991493582725525
12595	0.28991883993148804
12596	0.2899191081523895
12597	0.28992560505867004
12598	0.28993064165115356
12599	0.28994038701057434
12600	0.28994423151016235
12601	0.2899547219276428
12602	0.2899554669857025
12603	0.2899785041809082
12604	0.2900266945362091
12605	0.29002752900123596
12606	0.29004359245300293
12607	0.2900446951389313
12608	0.29004865884780884
12609	0.2900592088699341
12610	0.29005932807922363
12611	0.29006052017211914
12612	0.2900630831718445
12613	0.29008135199546814
12614	0.290106862783432
12615	0.29012057185173035
12616	0.2901446223258972
12617	0.2901622951030731
12618	0.2901628613471985
12619	0.29016971588134766
12620	0.2901717722415924
12621	0.29018813371658325
12622	0.2901930510997772
12623	0.2901969850063324
12624	0.2901972532272339
12625	0.29020363092422485
12626	0.29020553827285767
12627	0.29021263122558594
12628	0.29021427035331726
12629	0.29021918773651123
12630	0.2902228832244873
12631	0.29023000597953796
12632	0.29023250937461853
12633	0.2902332544326782
12634	0.29028576612472534
12635	0.2902892529964447
12636	0.29029127955436707
12637	0.29033148288726807
12638	0.29034650325775146
12639	0.29038935899734497
12640	0.29039672017097473
12641	0.2904090881347656
12642	0.29041391611099243
12643	0.2904175817966461
12644	0.2904365062713623
12645	0.29044127464294434
12646	0.29044729471206665
12647	0.290449857711792
12648	0.2904529571533203
12649	0.2904537320137024
12650	0.29046088457107544
12651	0.29047250747680664
12652	0.29047301411628723
12653	0.2904876172542572
12654	0.29048821330070496
12655	0.29051315784454346
12656	0.29051679372787476
12657	0.2905186116695404
12658	0.2905229330062866
12659	0.2905294895172119
12660	0.2905448377132416
12661	0.2906246781349182
12662	0.2906301021575928
12663	0.2906506657600403
12664	0.29068517684936523
12665	0.29068872332572937
12666	0.29069095849990845
12667	0.290693998336792
12668	0.29070553183555603
12669	0.29070815443992615
12670	0.29071417450904846
12671	0.2907150983810425
12672	0.29072198271751404
12673	0.2907445728778839
12674	0.2907467782497406
12675	0.29075103998184204
12676	0.29076310992240906
12677	0.2907956838607788
12678	0.29080885648727417
12679	0.2908225357532501
12680	0.2908379137516022
12681	0.2908670902252197
12682	0.29087376594543457
12683	0.2908746600151062
12684	0.2908836603164673
12685	0.29089727997779846
12686	0.29089853167533875
12687	0.29090070724487305
12688	0.29090169072151184
12689	0.2909141182899475
12690	0.29091736674308777
12691	0.2909306585788727
12692	0.2909432351589203
12693	0.29095014929771423
12694	0.290955126285553
12695	0.29095950722694397
12696	0.2909686863422394
12697	0.2909713685512543
12698	0.2909744381904602
12699	0.2909839153289795
12700	0.29099005460739136
12701	0.2909928560256958
12702	0.29100435972213745
12703	0.29102349281311035
12704	0.2910327613353729
12705	0.2910537123680115
12706	0.29108160734176636
12707	0.2910888195037842
12708	0.2910934090614319
12709	0.29109370708465576
12710	0.2910972535610199
12711	0.29114386439323425
12712	0.2911626994609833
12713	0.29117053747177124
12714	0.29117846488952637
12715	0.2911895513534546
12716	0.2911924719810486
12717	0.2911928594112396
12718	0.29119768738746643
12719	0.2912267744541168
12720	0.29124218225479126
12721	0.2912476658821106
12722	0.29125460982322693
12723	0.29125604033470154
12724	0.2912672162055969
12725	0.29127344489097595
12726	0.2913361191749573
12727	0.2913370430469513
12728	0.2913440465927124
12729	0.29134878516197205
12730	0.2913505434989929
12731	0.29135310649871826
12732	0.29136404395103455
12733	0.2913679778575897
12734	0.29136860370635986
12735	0.2913951575756073
12736	0.2913963198661804
12737	0.2914019227027893
12738	0.29140710830688477
12739	0.2914283275604248
12740	0.29143860936164856
12741	0.29143911600112915
12742	0.2914407551288605
12743	0.2914428114891052
12744	0.2914595901966095
12745	0.2914816439151764
12746	0.2914874255657196
12747	0.29148998856544495
12748	0.2914911210536957
12749	0.2914981245994568
12750	0.2915022671222687
12751	0.2915055751800537
12752	0.291515588760376
12753	0.291537344455719
12754	0.29156672954559326
12755	0.2915692627429962
12756	0.29157567024230957
12757	0.29157841205596924
12758	0.2915865182876587
12759	0.2915901243686676
12760	0.29159435629844666
12761	0.2916058301925659
12762	0.29160696268081665
12763	0.29161232709884644
12764	0.29161787033081055
12765	0.2916221022605896
12766	0.29163867235183716
12767	0.29164180159568787
12768	0.2916529178619385
12769	0.2916657328605652
12770	0.2916708290576935
12771	0.29168879985809326
12772	0.2917215824127197
12773	0.2917342185974121
12774	0.2917346656322479
12775	0.2917523980140686
12776	0.2917536199092865
12777	0.2917848825454712
12778	0.2917904257774353
12779	0.2917928397655487
12780	0.29179614782333374
12781	0.29180800914764404
12782	0.29180997610092163
12783	0.29181644320487976
12784	0.2918336093425751
12785	0.2918494641780853
12786	0.29188504815101624
12787	0.29189690947532654
12788	0.2919790744781494
12789	0.2919853925704956
12790	0.2919860780239105
12791	0.291989266872406
12792	0.29200050234794617
12793	0.29201099276542664
12794	0.2920181155204773
12795	0.2920304536819458
12796	0.2920362055301666
12797	0.2920472025871277
12798	0.2920539975166321
12799	0.29206383228302
12800	0.29206573963165283
12801	0.29206961393356323
12802	0.29207098484039307
12803	0.29207950830459595
12804	0.29208439588546753
12805	0.2920930087566376
12806	0.29209885001182556
12807	0.29210522770881653
12808	0.2921071946620941
12809	0.29211151599884033
12810	0.29212984442710876
12811	0.29214122891426086
12812	0.29214155673980713
12813	0.2921532988548279
12814	0.29215702414512634
12815	0.29217126965522766
12816	0.2921767830848694
12817	0.29218536615371704
12818	0.2922670245170593
12819	0.2922767698764801
12820	0.29228514432907104
12821	0.2922889292240143
12822	0.29230228066444397
12823	0.2923581004142761
12824	0.2923617362976074
12825	0.29240402579307556
12826	0.2924111485481262
12827	0.29241394996643066
12828	0.2924190163612366
12829	0.2924206554889679
12830	0.29242223501205444
12831	0.2924249768257141
12832	0.2924717962741852
12833	0.2924969792366028
12834	0.29249826073646545
12835	0.2925128936767578
12836	0.29257264733314514
12837	0.29257819056510925
12838	0.29258081316947937
12839	0.29258352518081665
12840	0.2926217019557953
12841	0.292624831199646
12842	0.2926292419433594
12843	0.2926311492919922
12844	0.2926314175128937
12845	0.29264384508132935
12846	0.2926446497440338
12847	0.29265132546424866
12848	0.2926810085773468
12849	0.2926871180534363
12850	0.2927350699901581
12851	0.2927364706993103
12852	0.2927457094192505
12853	0.2927524149417877
12854	0.2927628755569458
12855	0.29276373982429504
12856	0.29276740550994873
12857	0.2928029000759125
12858	0.29280322790145874
12859	0.29280656576156616
12860	0.2928192913532257
12861	0.2928312420845032
12862	0.2928428053855896
12863	0.29284343123435974
12864	0.2928529381752014
12865	0.2928645610809326
12866	0.2928691804409027
12867	0.2928704619407654
12868	0.2928765118122101
12869	0.292900025844574
12870	0.29291921854019165
12871	0.2929316759109497
12872	0.2929385304450989
12873	0.2929391860961914
12874	0.2929503619670868
12875	0.2929805517196655
12876	0.29298728704452515
12877	0.2929907739162445
12878	0.2930069863796234
12879	0.2930107116699219
12880	0.29302215576171875
12881	0.29302525520324707
12882	0.2930290699005127
12883	0.2930299639701843
12884	0.2930401861667633
12885	0.29304414987564087
12886	0.29305094480514526
12887	0.2930518388748169
12888	0.293070524930954
12889	0.2930730879306793
12890	0.29307398200035095
12891	0.2930765748023987
12892	0.29308220744132996
12893	0.2930853068828583
12894	0.29311060905456543
12895	0.29314032196998596
12896	0.29314157366752625
12897	0.29314494132995605
12898	0.2931598126888275
12899	0.29316818714141846
12900	0.29319238662719727
12901	0.2931973338127136
12902	0.2932082712650299
12903	0.2932097911834717
12904	0.2932114005088806
12905	0.29322579503059387
12906	0.2932766079902649
12907	0.2932780086994171
12908	0.29327988624572754
12909	0.2933082580566406
12910	0.2933168411254883
12911	0.29331913590431213
12912	0.2933361828327179
12913	0.29336079955101013
12914	0.29341253638267517
12915	0.2934724688529968
12916	0.29349997639656067
12917	0.2935085892677307
12918	0.2935120761394501
12919	0.2935294210910797
12920	0.29353469610214233
12921	0.29354533553123474
12922	0.29355505108833313
12923	0.29358959197998047
12924	0.29359397292137146
12925	0.2935945987701416
12926	0.2936176359653473
12927	0.2936199903488159
12928	0.29362913966178894
12929	0.2936308979988098
12930	0.29363885521888733
12931	0.2936460077762604
12932	0.29364660382270813
12933	0.29365116357803345
12934	0.29365667700767517
12935	0.29365843534469604
12936	0.29366183280944824
12937	0.2936639189720154
12938	0.2936832904815674
12939	0.2937052845954895
12940	0.29370737075805664
12941	0.2937146723270416
12942	0.29371535778045654
12943	0.2937158942222595
12944	0.2937173843383789
12945	0.29373401403427124
12946	0.29373419284820557
12947	0.2937394380569458
12948	0.2937403917312622
12949	0.2937537729740143
12950	0.2937546968460083
12951	0.29379138350486755
12952	0.2937929332256317
12953	0.29388427734375
12954	0.29388538002967834
12955	0.2938869595527649
12956	0.29388806223869324
12957	0.29389235377311707
12958	0.2939050793647766
12959	0.2939158082008362
12960	0.2939230501651764
12961	0.29392555356025696
12962	0.29392924904823303
12963	0.2939390540122986
12964	0.2939451038837433
12965	0.29397889971733093
12966	0.2939879596233368
12967	0.2939923107624054
12968	0.29400381445884705
12969	0.29400634765625
12970	0.2940129339694977
12971	0.2940211296081543
12972	0.29402220249176025
12973	0.294023722410202
12974	0.29404154419898987
12975	0.2940446734428406
12976	0.29406172037124634
12977	0.294066458940506
12978	0.2940669059753418
12979	0.29408031702041626
12980	0.29409050941467285
12981	0.2940974831581116
12982	0.2941027879714966
12983	0.294106662273407
12984	0.2941386103630066
12985	0.29414162039756775
12986	0.29414230585098267
12987	0.2941587567329407
12988	0.2941597104072571
12989	0.29415997862815857
12990	0.2941746413707733
12991	0.29417669773101807
12992	0.2941913902759552
12993	0.2941950559616089
12994	0.2942001223564148
12995	0.29421791434288025
12996	0.29423147439956665
12997	0.2942502796649933
12998	0.2942517399787903
12999	0.29426679015159607
13000	0.2942759394645691
13001	0.29427674412727356
13002	0.2942794859409332
13003	0.29428449273109436
13004	0.2943025827407837
13005	0.294316828250885
13006	0.294325590133667
13007	0.2943304181098938
13008	0.29433882236480713
13009	0.2943493127822876
13010	0.29435113072395325
13011	0.29435503482818604
13012	0.29436740279197693
13013	0.2943682074546814
13014	0.2943708896636963
13015	0.29437926411628723
13016	0.2944086194038391
13017	0.2944103181362152
13018	0.2944120764732361
13019	0.29441580176353455
13020	0.2944343686103821
13021	0.2944381833076477
13022	0.294452428817749
13023	0.2944609224796295
13024	0.2944685220718384
13025	0.2944790720939636
13026	0.29452475905418396
13027	0.29452991485595703
13028	0.29453399777412415
13029	0.29454782605171204
13030	0.29455727338790894
13031	0.2945663332939148
13032	0.29460209608078003
13033	0.29460254311561584
13034	0.29462823271751404
13035	0.2946338355541229
13036	0.2946399450302124
13037	0.29464301466941833
13038	0.29465359449386597
13039	0.2946600019931793
13040	0.294670045375824
13041	0.29467952251434326
13042	0.2947067618370056
13043	0.2947557866573334
13044	0.2947574257850647
13045	0.2947654724121094
13046	0.2947775423526764
13047	0.2947867214679718
13048	0.29480206966400146
13049	0.29480892419815063
13050	0.29481348395347595
13051	0.29482072591781616
13052	0.2948276102542877
13053	0.29488569498062134
13054	0.2948971092700958
13055	0.2949010729789734
13056	0.2949036955833435
13057	0.29491350054740906
13058	0.2949213683605194
13059	0.29495394229888916
13060	0.29496222734451294
13061	0.29496780037879944
13062	0.2949684262275696
13063	0.29497331380844116
13064	0.2949751913547516
13065	0.29499104619026184
13066	0.294999897480011
13067	0.2950662076473236
13068	0.2950880825519562
13069	0.2950967252254486
13070	0.2950986325740814
13071	0.2951045036315918
13072	0.29511064291000366
13073	0.2951161563396454
13074	0.2951255738735199
13075	0.2951306104660034
13076	0.29513615369796753
13077	0.29513752460479736
13078	0.2951754033565521
13079	0.2951771914958954
13080	0.2951808571815491
13081	0.2951835095882416
13082	0.29518812894821167
13083	0.295193076133728
13084	0.295195609331131
13085	0.29520124197006226
13086	0.2952013909816742
13087	0.2952030897140503
13088	0.2952064275741577
13089	0.29521653056144714
13090	0.29521986842155457
13091	0.29522231221199036
13092	0.2952236235141754
13093	0.2952254116535187
13094	0.29523345828056335
13095	0.29524046182632446
13096	0.29524892568588257
13097	0.29527509212493896
13098	0.295307993888855
13099	0.29531973600387573
13100	0.2953224778175354
13101	0.2953360974788666
13102	0.29534071683883667
13103	0.2953417897224426
13104	0.2953439950942993
13105	0.29536545276641846
13106	0.2953658699989319
13107	0.2953900396823883
13108	0.2954038381576538
13109	0.29540523886680603
13110	0.29540717601776123
13111	0.2954738438129425
13112	0.29548463225364685
13113	0.2954874038696289
13114	0.2954922318458557
13115	0.2954956889152527
13116	0.2955144941806793
13117	0.2955148220062256
13118	0.2955188453197479
13119	0.2955283224582672
13120	0.2955290377140045
13121	0.2955322861671448
13122	0.2955399751663208
13123	0.29555216431617737
13124	0.2955721616744995
13125	0.29558634757995605
13126	0.29559364914894104
13127	0.29561057686805725
13128	0.2956205904483795
13129	0.2956238389015198
13130	0.2956565320491791
13131	0.29566189646720886
13132	0.2956950068473816
13133	0.2956995964050293
13134	0.2957119047641754
13135	0.29576176404953003
13136	0.295762836933136
13137	0.2957676351070404
13138	0.2957703173160553
13139	0.2957845628261566
13140	0.2957860827445984
13141	0.2957979142665863
13142	0.29580655694007874
13143	0.2958090007305145
13144	0.2958134412765503
13145	0.29581618309020996
13146	0.29582205414772034
13147	0.2958293557167053
13148	0.2958332598209381
13149	0.2958376705646515
13150	0.2958412170410156
13151	0.29586461186408997
13152	0.2958763837814331
13153	0.29587751626968384
13154	0.29588010907173157
13155	0.2958834767341614
13156	0.29588940739631653
13157	0.2958900034427643
13158	0.2958924174308777
13159	0.2959400415420532
13160	0.2959440052509308
13161	0.2959507405757904
13162	0.2959565222263336
13163	0.2959672808647156
13164	0.2959974706172943
13165	0.29599761962890625
13166	0.2960018217563629
13167	0.2960086464881897
13168	0.2960113286972046
13169	0.2960135042667389
13170	0.29604804515838623
13171	0.2960503101348877
13172	0.2960737347602844
13173	0.2960868179798126
13174	0.29610589146614075
13175	0.296108603477478
13176	0.2961106300354004
13177	0.2961232364177704
13178	0.2961238920688629
13179	0.29613128304481506
13180	0.2961341440677643
13181	0.2961355149745941
13182	0.29614341259002686
13183	0.29625216126441956
13184	0.29626381397247314
13185	0.2962855100631714
13186	0.29631808400154114
13187	0.2963208854198456
13188	0.2963317632675171
13189	0.29633527994155884
13190	0.29634106159210205
13191	0.29635360836982727
13192	0.29635635018348694
13193	0.2963607609272003
13194	0.2963615655899048
13195	0.29636529088020325
13196	0.29637622833251953
13197	0.29637691378593445
13198	0.2963905334472656
13199	0.2963988482952118
13200	0.2964591085910797
13201	0.29646092653274536
13202	0.29646894335746765
13203	0.2964741289615631
13204	0.29651689529418945
13205	0.29652830958366394
13206	0.2965373694896698
13207	0.29654496908187866
13208	0.2965458333492279
13209	0.29654645919799805
13210	0.29659396409988403
13211	0.29659923911094666
13212	0.29660356044769287
13213	0.2966087758541107
13214	0.29661130905151367
13215	0.29661285877227783
13216	0.2966189384460449
13217	0.2966211140155792
13218	0.2966240346431732
13219	0.29663214087486267
13220	0.2966423034667969
13221	0.2966424822807312
13222	0.2967053949832916
13223	0.29670581221580505
13224	0.29670795798301697
13225	0.2967088520526886
13226	0.29671525955200195
13227	0.2967188060283661
13228	0.29674068093299866
13229	0.29674962162971497
13230	0.29675304889678955
13231	0.2967556416988373
13232	0.29679492115974426
13233	0.2967967391014099
13234	0.29682326316833496
13235	0.2968303859233856
13236	0.29684555530548096
13237	0.2968459725379944
13238	0.2968626916408539
13239	0.29726025462150574
13240	0.2972918152809143
13241	0.29729753732681274
13242	0.29729965329170227
13243	0.2973487079143524
13244	0.29735615849494934
13245	0.29736143350601196
13246	0.2973644435405731
13247	0.29738011956214905
13248	0.2973867654800415
13249	0.29738864302635193
13250	0.2973918616771698
13251	0.2973935306072235
13252	0.2973974645137787
13253	0.2973998785018921
13254	0.2974059581756592
13255	0.2974120080471039
13256	0.2974163591861725
13257	0.2974320650100708
13258	0.2974320650100708
13259	0.2974402606487274
13260	0.29744356870651245
13261	0.29748278856277466
13262	0.29749414324760437
13263	0.2974967360496521
13264	0.29749795794487
13265	0.2975030541419983
13266	0.29750946164131165
13267	0.2975175678730011
13268	0.2975282073020935
13269	0.29752838611602783
13270	0.2975504994392395
13271	0.2975512444972992
13272	0.2975688874721527
13273	0.29757004976272583
13274	0.2975827753543854
13275	0.2976357340812683
13276	0.29764536023139954
13277	0.2976484000682831
13278	0.2976504862308502
13279	0.2976531982421875
13280	0.29765963554382324
13281	0.2976696491241455
13282	0.2976827919483185
13283	0.29768407344818115
13284	0.29768621921539307
13285	0.2977045774459839
13286	0.2977055609226227
13287	0.2977180480957031
13288	0.2977459132671356
13289	0.2977542281150818
13290	0.2977663278579712
13291	0.29777637124061584
13292	0.297782301902771
13293	0.297783225774765
13294	0.2977839708328247
13295	0.2977876663208008
13296	0.2977885603904724
13297	0.2977965176105499
13298	0.29779672622680664
13299	0.29780927300453186
13300	0.2978139817714691
13301	0.2978206276893616
13302	0.2978282868862152
13303	0.29784461855888367
13304	0.29784736037254333
13305	0.29785796999931335
13306	0.29785847663879395
13307	0.29788607358932495
13308	0.29792794585227966
13309	0.2979370355606079
13310	0.2979525327682495
13311	0.29795798659324646
13312	0.2979656159877777
13313	0.2979671359062195
13314	0.2979673445224762
13315	0.29797282814979553
13316	0.2979757785797119
13317	0.29799094796180725
13318	0.2980038821697235
13319	0.2980075776576996
13320	0.29803046584129333
13321	0.2980421483516693
13322	0.2980498671531677
13323	0.29805392026901245
13324	0.2980630099773407
13325	0.29811891913414
13326	0.298123300075531
13327	0.29814377427101135
13328	0.29814428091049194
13329	0.2981538474559784
13330	0.29816675186157227
13331	0.29816851019859314
13332	0.29816919565200806
13333	0.2981768548488617
13334	0.2981845736503601
13335	0.2981872856616974
13336	0.29819196462631226
13337	0.29822662472724915
13338	0.29823338985443115
13339	0.29824748635292053
13340	0.29826435446739197
13341	0.2982679009437561
13342	0.29827043414115906
13343	0.29827114939689636
13344	0.2982826828956604
13345	0.2983147203922272
13346	0.29831618070602417
13347	0.2983245849609375
13348	0.2983365058898926
13349	0.2983662486076355
13350	0.2983715236186981
13351	0.29837220907211304
13352	0.2983744740486145
13353	0.29838067293167114
13354	0.29838618636131287
13355	0.29838886857032776
13356	0.29844561219215393
13357	0.2984474003314972
13358	0.29849889874458313
13359	0.2985003888607025
13360	0.29850539565086365
13361	0.2985142171382904
13362	0.2985186278820038
13363	0.2985495626926422
13364	0.29855072498321533
13365	0.2985541820526123
13366	0.2985762655735016
13367	0.2986137866973877
13368	0.2986152768135071
13369	0.2986159324645996
13370	0.29861733317375183
13371	0.29862427711486816
13372	0.2986259460449219
13373	0.29862967133522034
13374	0.2986336350440979
13375	0.29863986372947693
13376	0.2986641526222229
13377	0.29866817593574524
13378	0.29867255687713623
13379	0.2986726760864258
13380	0.2987097203731537
13381	0.29871976375579834
13382	0.2987200617790222
13383	0.29872313141822815
13384	0.29872897267341614
13385	0.29877009987831116
13386	0.2987753748893738
13387	0.298789918422699
13388	0.2988465130329132
13389	0.29884693026542664
13390	0.29884710907936096
13391	0.2988513112068176
13392	0.29887446761131287
13393	0.2988828718662262
13394	0.2988925874233246
13395	0.2988961935043335
13396	0.2988987863063812
13397	0.29889950156211853
13398	0.29890337586402893
13399	0.2989272177219391
13400	0.2989286184310913
13401	0.29893484711647034
13402	0.29893654584884644
13403	0.29894986748695374
13404	0.2989504337310791
13405	0.29896965622901917
13406	0.2989790439605713
13407	0.2989882826805115
13408	0.29905977845191956
13409	0.2990644872188568
13410	0.299068421125412
13411	0.29908302426338196
13412	0.2991471290588379
13413	0.2991503179073334
13414	0.29916632175445557
13415	0.29917111992836
13416	0.29918649792671204
13417	0.29920488595962524
13418	0.29925835132598877
13419	0.29928627610206604
13420	0.2992871403694153
13421	0.299344003200531
13422	0.2993932366371155
13423	0.29940369725227356
13424	0.2994040250778198
13425	0.2994190752506256
13426	0.29942262172698975
13427	0.29943037033081055
13428	0.2994374930858612
13429	0.2994512617588043
13430	0.29947665333747864
13431	0.2994965612888336
13432	0.29951372742652893
13433	0.29953810572624207
13434	0.2995516359806061
13435	0.2995668053627014
13436	0.2995688021183014
13437	0.29956892132759094
13438	0.29957109689712524
13439	0.29957348108291626
13440	0.2995843291282654
13441	0.2995873689651489
13442	0.29958876967430115
13443	0.2996094524860382
13444	0.299622505903244
13445	0.2996290922164917
13446	0.2996394634246826
13447	0.29967811703681946
13448	0.29971200227737427
13449	0.2997259795665741
13450	0.2997269630432129
13451	0.2997277081012726
13452	0.2997312843799591
13453	0.2997625172138214
13454	0.2997627258300781
13455	0.29976704716682434
13456	0.29976901412010193
13457	0.2997824549674988
13458	0.29980364441871643
13459	0.2998060882091522
13460	0.29981890320777893
13461	0.29982924461364746
13462	0.2998519837856293
13463	0.2998524606227875
13464	0.2999582290649414
13465	0.2999648451805115
13466	0.2999766170978546
13467	0.30001261830329895
13468	0.3000132143497467
13469	0.3000224530696869
13470	0.3000282943248749
13471	0.30002909898757935
13472	0.3000304698944092
13473	0.3000306189060211
13474	0.30003219842910767
13475	0.30003848671913147
13476	0.300038605928421
13477	0.30007442831993103
13478	0.3000967800617218
13479	0.3001028597354889
13480	0.3001253008842468
13481	0.3001354932785034
13482	0.30014270544052124
13483	0.30014654994010925
13484	0.3001640737056732
13485	0.3001875579357147
13486	0.3001883924007416
13487	0.300193727016449
13488	0.3001946806907654
13489	0.30021944642066956
13490	0.30022382736206055
13491	0.30023741722106934
13492	0.30025917291641235
13493	0.30026087164878845
13494	0.30026477575302124
13495	0.300265371799469
13496	0.30026957392692566
13497	0.3002801239490509
13498	0.30029186606407166
13499	0.30032801628112793
13500	0.30033078789711
13501	0.30033257603645325
13502	0.30033978819847107
13503	0.3003401458263397
13504	0.3003505766391754
13505	0.30035507678985596
13506	0.300362229347229
13507	0.300380676984787
13508	0.3003832697868347
13509	0.3003843128681183
13510	0.30038824677467346
13511	0.3003894090652466
13512	0.3003903925418854
13513	0.3003917336463928
13514	0.30040672421455383
13515	0.3004102408885956
13516	0.3004324734210968
13517	0.300437867641449
13518	0.30043938755989075
13519	0.3004400134086609
13520	0.30044493079185486
13521	0.3004639148712158
13522	0.3004699945449829
13523	0.30047908425331116
13524	0.30049929022789
13525	0.3005002439022064
13526	0.30051305890083313
13527	0.30051758885383606
13528	0.3005289137363434
13529	0.3005359470844269
13530	0.30056020617485046
13531	0.3005980849266052
13532	0.300599604845047
13533	0.3006722331047058
13534	0.30068036913871765
13535	0.30068275332450867
13536	0.3007626235485077
13537	0.3007640242576599
13538	0.30077025294303894
13539	0.30077335238456726
13540	0.30078771710395813
13541	0.30078965425491333
13542	0.3008098900318146
13543	0.3008546829223633
13544	0.3008643090724945
13545	0.30086973309516907
13546	0.3008766770362854
13547	0.3008791506290436
13548	0.30091020464897156
13549	0.30092546343803406
13550	0.3009292781352997
13551	0.3009324371814728
13552	0.30093538761138916
13553	0.30095329880714417
13554	0.3009627163410187
13555	0.3009686768054962
13556	0.3009781837463379
13557	0.30098795890808105
13558	0.3010060489177704
13559	0.3010249137878418
13560	0.30102795362472534
13561	0.301046222448349
13562	0.30104708671569824
13563	0.3010730445384979
13564	0.30107542872428894
13565	0.3010764420032501
13566	0.30108001828193665
13567	0.3010804355144501
13568	0.301093190908432
13569	0.3010980486869812
13570	0.3011000156402588
13571	0.3011028468608856
13572	0.30110397934913635
13573	0.3011775016784668
13574	0.30118003487586975
13575	0.30120086669921875
13576	0.3012048006057739
13577	0.30120575428009033
13578	0.30122315883636475
13579	0.30127665400505066
13580	0.3012809455394745
13581	0.301282674074173
13582	0.3013092577457428
13583	0.30131226778030396
13584	0.3013133108615875
13585	0.30132970213890076
13586	0.30133160948753357
13587	0.301364541053772
13588	0.30136603116989136
13589	0.3013709485530853
13590	0.3013801574707031
13591	0.3013824224472046
13592	0.3013840913772583
13593	0.301401287317276
13594	0.3014206886291504
13595	0.3014222979545593
13596	0.3014291226863861
13597	0.3014370799064636
13598	0.3014802932739258
13599	0.3014843165874481
13600	0.30149343609809875
13601	0.3015037477016449
13602	0.3015071153640747
13603	0.30150729417800903
13604	0.30154475569725037
13605	0.30157530307769775
13606	0.3015778660774231
13607	0.3015978932380676
13608	0.30160000920295715
13609	0.3016000986099243
13610	0.3016359806060791
13611	0.3016398847103119
13612	0.30164211988449097
13613	0.3016516864299774
13614	0.3016633093357086
13615	0.3016858994960785
13616	0.301686555147171
13617	0.30170178413391113
13618	0.30171313881874084
13619	0.30171701312065125
13620	0.30171796679496765
13621	0.3017539978027344
13622	0.3017581105232239
13623	0.30175864696502686
13624	0.30178895592689514
13625	0.3018200695514679
13626	0.30182304978370667
13627	0.30182337760925293
13628	0.3018285930156708
13629	0.30182892084121704
13630	0.30182912945747375
13631	0.30184346437454224
13632	0.30185139179229736
13633	0.3018523156642914
13634	0.3018570840358734
13635	0.3018735945224762
13636	0.3019271194934845
13637	0.30192941427230835
13638	0.3019370436668396
13639	0.30194157361984253
13640	0.3019571900367737
13641	0.30196699500083923
13642	0.3019670844078064
13643	0.30197930335998535
13644	0.3019942045211792
13645	0.3019971549510956
13646	0.30199986696243286
13647	0.3020235300064087
13648	0.30202871561050415
13649	0.3020716607570648
13650	0.30207473039627075
13651	0.30207550525665283
13652	0.3020907938480377
13653	0.302095890045166
13654	0.3020966947078705
13655	0.30210262537002563
13656	0.3021220564842224
13657	0.3021433353424072
13658	0.30215683579444885
13659	0.30215874314308167
13660	0.30215951800346375
13661	0.3021605312824249
13662	0.3021656572818756
13663	0.3021678924560547
13664	0.30217206478118896
13665	0.3021852374076843
13666	0.3022185266017914
13667	0.3022250831127167
13668	0.3022595942020416
13669	0.3022761642932892
13670	0.3022908568382263
13671	0.3022921085357666
13672	0.302295058965683
13673	0.3023264408111572
13674	0.3023744821548462
13675	0.3023957908153534
13676	0.302412748336792
13677	0.3024330139160156
13678	0.30243533849716187
13679	0.3024384081363678
13680	0.3024561107158661
13681	0.30245935916900635
13682	0.3024759590625763
13683	0.30248695611953735
13684	0.30250468850135803
13685	0.30250516533851624
13686	0.30259469151496887
13687	0.3025989532470703
13688	0.3026055693626404
13689	0.30260854959487915
13690	0.3026142418384552
13691	0.3026210367679596
13692	0.3026428818702698
13693	0.30264371633529663
13694	0.30266377329826355
13695	0.3026752471923828
13696	0.30267953872680664
13697	0.3026873767375946
13698	0.3026980757713318
13699	0.3027034401893616
13700	0.3027082085609436
13701	0.3027143180370331
13702	0.3027154207229614
13703	0.30271780490875244
13704	0.3027208745479584
13705	0.3027826249599457
13706	0.30281609296798706
13707	0.30282896757125854
13708	0.3028312921524048
13709	0.3028316795825958
13710	0.30283623933792114
13711	0.3028491139411926
13712	0.30285513401031494
13713	0.3028585612773895
13714	0.3028614819049835
13715	0.3028686046600342
13716	0.30289894342422485
13717	0.3029138743877411
13718	0.3029170632362366
13719	0.3029215335845947
13720	0.3029541075229645
13721	0.30295878648757935
13722	0.3029730021953583
13723	0.3029802143573761
13724	0.30298084020614624
13725	0.30300140380859375
13726	0.30300286412239075
13727	0.30301523208618164
13728	0.3030158579349518
13729	0.3030233383178711
13730	0.3030267357826233
13731	0.30303820967674255
13732	0.3030427098274231
13733	0.3030587434768677
13734	0.3030593693256378
13735	0.3030684292316437
13736	0.303079754114151
13737	0.303100049495697
13738	0.30311235785484314
13739	0.3031461834907532
13740	0.30315321683883667
13741	0.3031749725341797
13742	0.3031765818595886
13743	0.3031782805919647
13744	0.3031911551952362
13745	0.3031969666481018
13746	0.3032066524028778
13747	0.30321165919303894
13748	0.3032446801662445
13749	0.3032482862472534
13750	0.30325689911842346
13751	0.30326157808303833
13752	0.30327510833740234
13753	0.3033297061920166
13754	0.3033297657966614
13755	0.30333060026168823
13756	0.3033424913883209
13757	0.3033488094806671
13758	0.3033488690853119
13759	0.30335062742233276
13760	0.30335533618927
13761	0.3033674657344818
13762	0.3033703565597534
13763	0.3033756613731384
13764	0.30337944626808167
13765	0.30339133739471436
13766	0.30340811610221863
13767	0.3034350574016571
13768	0.30345162749290466
13769	0.30345529317855835
13770	0.3034692108631134
13771	0.30349284410476685
13772	0.3035324513912201
13773	0.30354031920433044
13774	0.3035459518432617
13775	0.3035464286804199
13776	0.3035493493080139
13777	0.303550124168396
13778	0.30355149507522583
13779	0.3035525381565094
13780	0.30355527997016907
13781	0.30360475182533264
13782	0.30360519886016846
13783	0.3036198318004608
13784	0.3036232590675354
13785	0.30362367630004883
13786	0.3036279082298279
13787	0.3036617338657379
13788	0.30366313457489014
13789	0.3036736249923706
13790	0.3036854863166809
13791	0.30370214581489563
13792	0.3037062883377075
13793	0.30373817682266235
13794	0.30375269055366516
13795	0.30375590920448303
13796	0.30382007360458374
13797	0.3038579821586609
13798	0.30385878682136536
13799	0.303864985704422
13800	0.30392423272132874
13801	0.3039306700229645
13802	0.30393344163894653
13803	0.303935170173645
13804	0.30395078659057617
13805	0.303951621055603
13806	0.3039643168449402
13807	0.30396518111228943
13808	0.303977370262146
13809	0.3039785921573639
13810	0.3039892613887787
13811	0.3039920926094055
13812	0.30399733781814575
13813	0.30401545763015747
13814	0.30401915311813354
13815	0.30403098464012146
13816	0.30403420329093933
13817	0.3040343225002289
13818	0.30405715107917786
13819	0.30407586693763733
13820	0.30407610535621643
13821	0.3040775954723358
13822	0.30408188700675964
13823	0.30409032106399536
13824	0.30410945415496826
13825	0.3041117191314697
13826	0.30412957072257996
13827	0.3041689991950989
13828	0.30417218804359436
13829	0.3041725158691406
13830	0.3041746914386749
13831	0.3041781783103943
13832	0.30418235063552856
13833	0.3042071759700775
13834	0.3042144775390625
13835	0.30428507924079895
13836	0.30429527163505554
13837	0.3042963743209839
13838	0.3043062686920166
13839	0.3043369948863983
13840	0.3043486177921295
13841	0.3043518662452698
13842	0.304352730512619
13843	0.3043636381626129
13844	0.30436715483665466
13845	0.30438780784606934
13846	0.30439668893814087
13847	0.3044116497039795
13848	0.3044193983078003
13849	0.3044339716434479
13850	0.304435670375824
13851	0.30443650484085083
13852	0.30444711446762085
13853	0.3044480085372925
13854	0.3044561743736267
13855	0.3045010268688202
13856	0.30457279086112976
13857	0.3045775592327118
13858	0.3046152591705322
13859	0.3046225905418396
13860	0.3046360909938812
13861	0.30465757846832275
13862	0.3046585023403168
13863	0.30465853214263916
13864	0.30466026067733765
13865	0.30467623472213745
13866	0.3047943711280823
13867	0.30483824014663696
13868	0.3048446774482727
13869	0.30485105514526367
13870	0.3048636019229889
13871	0.304875910282135
13872	0.30488619208335876
13873	0.304887056350708
13874	0.3048974871635437
13875	0.3048999607563019
13876	0.30490049719810486
13877	0.30490222573280334
13878	0.30491605401039124
13879	0.3049258589744568
13880	0.30492711067199707
13881	0.3049289882183075
13882	0.30493971705436707
13883	0.30496013164520264
13884	0.3049631416797638
13885	0.3049700856208801
13886	0.30498364567756653
13887	0.30498412251472473
13888	0.30499136447906494
13889	0.30500009655952454
13890	0.3050118088722229
13891	0.3050195872783661
13892	0.3050213158130646
13893	0.30502849817276
13894	0.30503132939338684
13895	0.3050333559513092
13896	0.3050537407398224
13897	0.30506062507629395
13898	0.3050624430179596
13899	0.3050673007965088
13900	0.3050900995731354
13901	0.30509161949157715
13902	0.3050966262817383
13903	0.3051278293132782
13904	0.30512845516204834
13905	0.30513742566108704
13906	0.3051416277885437
13907	0.30514541268348694
13908	0.30515268445014954
13909	0.30515649914741516
13910	0.3051587641239166
13911	0.3051982820034027
13912	0.30519968271255493
13913	0.3052573800086975
13914	0.30526524782180786
13915	0.30528202652931213
13916	0.3052937984466553
13917	0.30529820919036865
13918	0.30533361434936523
13919	0.3053368031978607
13920	0.30533847212791443
13921	0.3053390085697174
13922	0.30534136295318604
13923	0.3053423762321472
13924	0.30535122752189636
13925	0.3053547739982605
13926	0.30536726117134094
13927	0.3053750991821289
13928	0.3053770065307617
13929	0.3053794205188751
13930	0.30538642406463623
13931	0.3054032027721405
13932	0.30541685223579407
13933	0.3054177165031433
13934	0.30542701482772827
13935	0.30543050169944763
13936	0.3054407835006714
13937	0.3054492771625519
13938	0.3054625391960144
13939	0.30546826124191284
13940	0.3054700493812561
13941	0.30549129843711853
13942	0.3055141866207123
13943	0.3055306375026703
13944	0.30553504824638367
13945	0.30554404854774475
13946	0.305544912815094
13947	0.3055472671985626
13948	0.3055875301361084
13949	0.30566197633743286
13950	0.3056851029396057
13951	0.305696040391922
13952	0.3056997060775757
13953	0.30570343136787415
13954	0.30571886897087097
13955	0.30572542548179626
13956	0.30572766065597534
13957	0.3057326376438141
13958	0.30573707818984985
13959	0.30573809146881104
13960	0.3057463467121124
13961	0.3057529628276825
13962	0.3057534396648407
13963	0.3057541847229004
13964	0.30580687522888184
13965	0.3058781623840332
13966	0.3059075176715851
13967	0.3059113025665283
13968	0.3059212267398834
13969	0.30593812465667725
13970	0.30593863129615784
13971	0.3059386610984802
13972	0.3059401512145996
13973	0.3059411942958832
13974	0.3059433400630951
13975	0.3059566915035248
13976	0.3059772253036499
13977	0.30602630972862244
13978	0.30602702498435974
13979	0.3060350716114044
13980	0.30608540773391724
13981	0.3060861825942993
13982	0.3060920834541321
13983	0.3060939610004425
13984	0.3061249852180481
13985	0.3061370253562927
13986	0.30613771080970764
13987	0.3061387240886688
13988	0.3061404526233673
13989	0.30614224076271057
13990	0.30614691972732544
13991	0.3061485290527344
13992	0.3061520755290985
13993	0.30615419149398804
13994	0.3061695396900177
13995	0.30617791414260864
13996	0.3061806261539459
13997	0.3061905801296234
13998	0.3061924874782562
13999	0.3062058091163635
14000	0.3062077462673187
14001	0.3062100112438202
14002	0.3062223494052887
14003	0.30623283982276917
14004	0.30623331665992737
14005	0.3062690496444702
14006	0.30626922845840454
14007	0.30631396174430847
14008	0.3063662350177765
14009	0.30637258291244507
14010	0.30637326836586
14011	0.3064053952693939
14012	0.306408166885376
14013	0.30641818046569824
14014	0.3064255118370056
14015	0.30643144249916077
14016	0.30644139647483826
14017	0.30645275115966797
14018	0.3064594566822052
14019	0.30647993087768555
14020	0.30648738145828247
14021	0.30648839473724365
14022	0.3064941167831421
14023	0.30649617314338684
14024	0.30649828910827637
14025	0.3064989447593689
14026	0.30651330947875977
14027	0.3065195381641388
14028	0.30658021569252014
14029	0.3066682815551758
14030	0.3066788613796234
14031	0.3066806197166443
14032	0.30668261647224426
14033	0.3066827058792114
14034	0.3066987693309784
14035	0.30669957399368286
14036	0.30670472979545593
14037	0.30670639872550964
14038	0.30670663714408875
14039	0.3067099153995514
14040	0.30671653151512146
14041	0.30673539638519287
14042	0.3067362904548645
14043	0.30674082040786743
14044	0.3067505359649658
14045	0.30675527453422546
14046	0.3067651391029358
14047	0.3067769706249237
14048	0.3067892789840698
14049	0.30680301785469055
14050	0.3068222105503082
14051	0.30683019757270813
14052	0.30683454871177673
14053	0.30684521794319153
14054	0.3068620562553406
14055	0.3068698048591614
14056	0.3068772256374359
14057	0.30688273906707764
14058	0.3068908452987671
14059	0.3068969249725342
14060	0.30693382024765015
14061	0.30693668127059937
14062	0.3069427013397217
14063	0.30694448947906494
14064	0.30696383118629456
14065	0.306966096162796
14066	0.3069709241390228
14067	0.30697283148765564
14068	0.306973934173584
14069	0.3069809079170227
14070	0.30698785185813904
14071	0.30700236558914185
14072	0.3070182800292969
14073	0.3070192337036133
14074	0.30702143907546997
14075	0.30704590678215027
14076	0.3070922791957855
14077	0.30709731578826904
14078	0.30710482597351074
14079	0.3071071207523346
14080	0.3071103096008301
14081	0.30711278319358826
14082	0.30712950229644775
14083	0.30713149905204773
14084	0.30714643001556396
14085	0.30714666843414307
14086	0.30719470977783203
14087	0.30721619725227356
14088	0.3072200119495392
14089	0.30722156167030334
14090	0.307232141494751
14091	0.3072364926338196
14092	0.30723726749420166
14093	0.30724164843559265
14094	0.30724403262138367
14095	0.3072509169578552
14096	0.30728381872177124
14097	0.30728915333747864
14098	0.3072955012321472
14099	0.30729928612709045
14100	0.3073052167892456
14101	0.30730876326560974
14102	0.3073273301124573
14103	0.307329922914505
14104	0.30735301971435547
14105	0.3073568642139435
14106	0.30735868215560913
14107	0.3073848485946655
14108	0.3073856234550476
14109	0.30739179253578186
14110	0.3074350357055664
14111	0.3074473738670349
14112	0.3075322210788727
14113	0.3075636923313141
14114	0.3075720965862274
14115	0.30759403109550476
14116	0.30759552121162415
14117	0.30760207772254944
14118	0.3076047897338867
14119	0.3076094388961792
14120	0.3076469302177429
14121	0.30766430497169495
14122	0.3076871931552887
14123	0.3076901137828827
14124	0.30769771337509155
14125	0.307698518037796
14126	0.3077027201652527
14127	0.3077087998390198
14128	0.3077234625816345
14129	0.30774855613708496
14130	0.3077503740787506
14131	0.3077583312988281
14132	0.3077610433101654
14133	0.3077654540538788
14134	0.3077801764011383
14135	0.30783677101135254
14136	0.30783775448799133
14137	0.3078394830226898
14138	0.30784374475479126
14139	0.30785322189331055
14140	0.30787184834480286
14141	0.3079070448875427
14142	0.30790987610816956
14143	0.30790990591049194
14144	0.30791452527046204
14145	0.3079155385494232
14146	0.3079183101654053
14147	0.3079614043235779
14148	0.30796417593955994
14149	0.30797243118286133
14150	0.30797678232192993
14151	0.30797895789146423
14152	0.307980477809906
14153	0.30798640847206116
14154	0.30799639225006104
14155	0.3079965114593506
14156	0.3080204427242279
14157	0.30803680419921875
14158	0.30805057287216187
14159	0.30806875228881836
14160	0.3080736994743347
14161	0.3080742359161377
14162	0.30807775259017944
14163	0.30807822942733765
14164	0.3080993592739105
14165	0.3081062436103821
14166	0.3081105649471283
14167	0.30811411142349243
14168	0.30811986327171326
14169	0.30812498927116394
14170	0.3081304728984833
14171	0.3081398606300354
14172	0.3081410229206085
14173	0.30817505717277527
14174	0.30818769335746765
14175	0.3082258999347687
14176	0.30823108553886414
14177	0.3082340359687805
14178	0.3082449436187744
14179	0.30825120210647583
14180	0.3082619309425354
14181	0.30826249718666077
14182	0.3082681894302368
14183	0.3082733452320099
14184	0.30828702449798584
14185	0.30830228328704834
14186	0.30830898880958557
14187	0.3083105981349945
14188	0.3083725571632385
14189	0.30838289856910706
14190	0.3084128797054291
14191	0.3084142506122589
14192	0.3084395229816437
14193	0.30844131112098694
14194	0.3084493577480316
14195	0.3084588646888733
14196	0.3084714412689209
14197	0.308504581451416
14198	0.30850663781166077
14199	0.3085072934627533
14200	0.30851563811302185
14201	0.30854836106300354
14202	0.308589905500412
14203	0.3085906505584717
14204	0.30861473083496094
14205	0.30863064527511597
14206	0.30864280462265015
14207	0.3086448609828949
14208	0.3086472153663635
14209	0.30867934226989746
14210	0.30868324637413025
14211	0.30871665477752686
14212	0.30871742963790894
14213	0.30872470140457153
14214	0.30873245000839233
14215	0.30874454975128174
14216	0.30875030159950256
14217	0.30876263976097107
14218	0.3087983727455139
14219	0.3088035583496094
14220	0.3088036775588989
14221	0.3088086247444153
14222	0.30881401896476746
14223	0.3088303506374359
14224	0.30883514881134033
14225	0.3088354766368866
14226	0.3088509738445282
14227	0.3088616132736206
14228	0.308868408203125
14229	0.30887433886528015
14230	0.3088827133178711
14231	0.30888572335243225
14232	0.3088870048522949
14233	0.3088889420032501
14234	0.3088913559913635
14235	0.30890920758247375
14236	0.3089100420475006
14237	0.30891159176826477
14238	0.3089117407798767
14239	0.3089791536331177
14240	0.3089822232723236
14241	0.3089900016784668
14242	0.3089934289455414
14243	0.30900269746780396
14244	0.30901458859443665
14245	0.30901703238487244
14246	0.3090221583843231
14247	0.30903124809265137
14248	0.3090454339981079
14249	0.3090507686138153
14250	0.30911341309547424
14251	0.309122234582901
14252	0.3091272711753845
14253	0.3091464638710022
14254	0.30916738510131836
14255	0.30917319655418396
14256	0.3092447817325592
14257	0.3092454671859741
14258	0.3092569410800934
14259	0.3092612624168396
14260	0.3092668056488037
14261	0.3092730939388275
14262	0.30927374958992004
14263	0.30928388237953186
14264	0.30928632616996765
14265	0.3092880845069885
14266	0.3092899024486542
14267	0.30929383635520935
14268	0.30929526686668396
14269	0.3092990219593048
14270	0.30930522084236145
14271	0.309307336807251
14272	0.3093114197254181
14273	0.30934447050094604
14274	0.3093506693840027
14275	0.30936384201049805
14276	0.30936965346336365
14277	0.3093779385089874
14278	0.30938026309013367
14279	0.3094443380832672
14280	0.30946439504623413
14281	0.3094666004180908
14282	0.30946969985961914
14283	0.30947068333625793
14284	0.30948492884635925
14285	0.30949264764785767
14286	0.30949345231056213
14287	0.3094940781593323
14288	0.30950143933296204
14289	0.30950790643692017
14290	0.30950844287872314
14291	0.30952247977256775
14292	0.30952388048171997
14293	0.30953529477119446
14294	0.3095369338989258
14295	0.3095380365848541
14296	0.30955466628074646
14297	0.3095681071281433
14298	0.3095766007900238
14299	0.30957967042922974
14300	0.30959558486938477
14301	0.30959758162498474
14302	0.30963751673698425
14303	0.3096392750740051
14304	0.30965179204940796
14305	0.3096891939640045
14306	0.3096974790096283
14307	0.30971652269363403
14308	0.30980557203292847
14309	0.3098145127296448
14310	0.30981552600860596
14311	0.3098182678222656
14312	0.3098207712173462
14313	0.3098347783088684
14314	0.30985406041145325
14315	0.309861958026886
14316	0.3098668158054352
14317	0.30987313389778137
14318	0.30987638235092163
14319	0.30988115072250366
14320	0.3098815381526947
14321	0.30988362431526184
14322	0.3098863959312439
14323	0.3098917603492737
14324	0.3099065124988556
14325	0.30991655588150024
14326	0.30993786454200745
14327	0.30994072556495667
14328	0.3099709153175354
14329	0.3099815249443054
14330	0.3099828362464905
14331	0.30998295545578003
14332	0.3099927008152008
14333	0.31000906229019165
14334	0.31001612544059753
14335	0.31002306938171387
14336	0.3100278079509735
14337	0.310030072927475
14338	0.3100346624851227
14339	0.3100370168685913
14340	0.31006547808647156
14341	0.31008872389793396
14342	0.3100903332233429
14343	0.31009507179260254
14344	0.31009790301322937
14345	0.31010085344314575
14346	0.310104101896286
14347	0.31010740995407104
14348	0.31010913848876953
14349	0.31010985374450684
14350	0.3101166784763336
14351	0.31012606620788574
14352	0.3101399838924408
14353	0.3101513683795929
14354	0.31015241146087646
14355	0.3101542294025421
14356	0.31016650795936584
14357	0.3102409243583679
14358	0.31024834513664246
14359	0.31028881669044495
14360	0.31030815839767456
14361	0.3103160858154297
14362	0.3103203773498535
14363	0.3103277385234833
14364	0.31034591794013977
14365	0.3103567063808441
14366	0.3103819489479065
14367	0.3103841543197632
14368	0.31039053201675415
14369	0.31041404604911804
14370	0.3104282319545746
14371	0.31042924523353577
14372	0.31048694252967834
14373	0.31048721075057983
14374	0.31048962473869324
14375	0.3104974031448364
14376	0.3105071783065796
14377	0.3105086386203766
14378	0.3105144500732422
14379	0.3105156421661377
14380	0.310528427362442
14381	0.3105303645133972
14382	0.3105338513851166
14383	0.31054097414016724
14384	0.3105584383010864
14385	0.3105843663215637
14386	0.3105863630771637
14387	0.31058675050735474
14388	0.31058835983276367
14389	0.3105888366699219
14390	0.31058913469314575
14391	0.31063777208328247
14392	0.31065142154693604
14393	0.31065231561660767
14394	0.3106539845466614
14395	0.31067103147506714
14396	0.3106752932071686
14397	0.3106783926486969
14398	0.3106875419616699
14399	0.31068870425224304
14400	0.310691773891449
14401	0.3106994032859802
14402	0.3107588589191437
14403	0.3107590675354004
14404	0.3107645511627197
14405	0.310769259929657
14406	0.31077855825424194
14407	0.31078359484672546
14408	0.3107864260673523
14409	0.31082889437675476
14410	0.3108292520046234
14411	0.3108297288417816
14412	0.31083646416664124
14413	0.310857892036438
14414	0.31085869669914246
14415	0.31086456775665283
14416	0.3108721375465393
14417	0.3108738362789154
14418	0.3108788728713989
14419	0.3108813762664795
14420	0.3109067976474762
14421	0.31091514229774475
14422	0.31091737747192383
14423	0.3109845221042633
14424	0.311021625995636
14425	0.3110388517379761
14426	0.31105467677116394
14427	0.3110787868499756
14428	0.3111417591571808
14429	0.3111541271209717
14430	0.31115877628326416
14431	0.31116238236427307
14432	0.3111633360385895
14433	0.31117671728134155
14434	0.3111812174320221
14435	0.3111858069896698
14436	0.31123098731040955
14437	0.31126537919044495
14438	0.31128445267677307
14439	0.3112946152687073
14440	0.3113093972206116
14441	0.3113117516040802
14442	0.31131279468536377
14443	0.31131410598754883
14444	0.3113211989402771
14445	0.31132739782333374
14446	0.3113354444503784
14447	0.31139063835144043
14448	0.3114505708217621
14449	0.3114580512046814
14450	0.31145936250686646
14451	0.31146174669265747
14452	0.31146329641342163
14453	0.31146368384361267
14454	0.3114670515060425
14455	0.31147587299346924
14456	0.3115260601043701
14457	0.3115578889846802
14458	0.3115611970424652
14459	0.31156253814697266
14460	0.3115672171115875
14461	0.3115852475166321
14462	0.3116064965724945
14463	0.3116101026535034
14464	0.3116110563278198
14465	0.3116125166416168
14466	0.31161972880363464
14467	0.3116210699081421
14468	0.31162378191947937
14469	0.3116377890110016
14470	0.3116525411605835
14471	0.311658650636673
14472	0.3116706907749176
14473	0.31168094277381897
14474	0.31168338656425476
14475	0.3116876780986786
14476	0.31169992685317993
14477	0.3117002546787262
14478	0.31171268224716187
14479	0.31172358989715576
14480	0.31177887320518494
14481	0.3117871880531311
14482	0.31179940700531006
14483	0.3118022084236145
14484	0.31180569529533386
14485	0.31181231141090393
14486	0.31181252002716064
14487	0.3118247091770172
14488	0.31182557344436646
14489	0.3118283450603485
14490	0.31184470653533936
14491	0.3118491768836975
14492	0.31186726689338684
14493	0.31186866760253906
14494	0.31188616156578064
14495	0.3118876814842224
14496	0.311909019947052
14497	0.31191277503967285
14498	0.31192055344581604
14499	0.31192857027053833
14500	0.3119846284389496
14501	0.3119906783103943
14502	0.3119937479496002
14503	0.3119972348213196
14504	0.3120332360267639
14505	0.3120356798171997
14506	0.3120812177658081
14507	0.3120839297771454
14508	0.31210455298423767
14509	0.3121050000190735
14510	0.3121214807033539
14511	0.3121306896209717
14512	0.3121313750743866
14513	0.3121355175971985
14514	0.312140554189682
14515	0.3121456205844879
14516	0.31215527653694153
14517	0.31216493248939514
14518	0.31216979026794434
14519	0.312173992395401
14520	0.31218400597572327
14521	0.3121910095214844
14522	0.31219953298568726
14523	0.31221064925193787
14524	0.31221598386764526
14525	0.3122175633907318
14526	0.3122203052043915
14527	0.31224629282951355
14528	0.31225427985191345
14529	0.31226155161857605
14530	0.31227797269821167
14531	0.312278151512146
14532	0.31230688095092773
14533	0.31231504678726196
14534	0.3123152554035187
14535	0.312319278717041
14536	0.3123280107975006
14537	0.3123386800289154
14538	0.31235721707344055
14539	0.31236961483955383
14540	0.3123859465122223
14541	0.31239351630210876
14542	0.3123970627784729
14543	0.3124081790447235
14544	0.3124106526374817
14545	0.3124130368232727
14546	0.3124133050441742
14547	0.31244421005249023
14548	0.3124662935733795
14549	0.3124663829803467
14550	0.31247496604919434
14551	0.3124774694442749
14552	0.31250566244125366
14553	0.31250905990600586
14554	0.3125303089618683
14555	0.3125424385070801
14556	0.31255561113357544
14557	0.3125585913658142
14558	0.3125731647014618
14559	0.31258177757263184
14560	0.3125933110713959
14561	0.31259652972221375
14562	0.3126014173030853
14563	0.31260716915130615
14564	0.3126107454299927
14565	0.31261250376701355
14566	0.3126145303249359
14567	0.31261906027793884
14568	0.3126258850097656
14569	0.3126375377178192
14570	0.31263986229896545
14571	0.31264686584472656
14572	0.3126484751701355
14573	0.3126578629016876
14574	0.3126623332500458
14575	0.3126693367958069
14576	0.3126715123653412
14577	0.3126727342605591
14578	0.31267276406288147
14579	0.3126998245716095
14580	0.3127022683620453
14581	0.3127092123031616
14582	0.3127373456954956
14583	0.3127668499946594
14584	0.3127831220626831
14585	0.3127864897251129
14586	0.3128030002117157
14587	0.31280529499053955
14588	0.31285470724105835
14589	0.3128567039966583
14590	0.31295183300971985
14591	0.31295397877693176
14592	0.3129609525203705
14593	0.31298330426216125
14594	0.3129896819591522
14595	0.3129931688308716
14596	0.3130001723766327
14597	0.3130050301551819
14598	0.31300798058509827
14599	0.3130112588405609
14600	0.3130244314670563
14601	0.3130294978618622
14602	0.31303998827934265
14603	0.31305867433547974
14604	0.3130706250667572
14605	0.31309500336647034
14606	0.313103049993515
14607	0.3131081461906433
14608	0.3131106495857239
14609	0.31312283873558044
14610	0.31314244866371155
14611	0.31315162777900696
14612	0.31317138671875
14613	0.3132118284702301
14614	0.3132348954677582
14615	0.31323862075805664
14616	0.3132685422897339
14617	0.31327301263809204
14618	0.31335893273353577
14619	0.3133623003959656
14620	0.3133801817893982
14621	0.31340083479881287
14622	0.3134072721004486
14623	0.313410222530365
14624	0.3134215474128723
14625	0.31342190504074097
14626	0.3134399652481079
14627	0.31344345211982727
14628	0.3134891390800476
14629	0.3134959042072296
14630	0.31353551149368286
14631	0.3135387897491455
14632	0.3135403096675873
14633	0.31354546546936035
14634	0.3135497272014618
14635	0.31355342268943787
14636	0.31356188654899597
14637	0.313632071018219
14638	0.31363287568092346
14639	0.31363731622695923
14640	0.3136844336986542
14641	0.3136867880821228
14642	0.3136918544769287
14643	0.31369897723197937
14644	0.31370580196380615
14645	0.31370991468429565
14646	0.3137255311012268
14647	0.31372877955436707
14648	0.3137294352054596
14649	0.31374067068099976
14650	0.3137497007846832
14651	0.3137505352497101
14652	0.3137512803077698
14653	0.3137618899345398
14654	0.3137681484222412
14655	0.31377020478248596
14656	0.3137705326080322
14657	0.3137746751308441
14658	0.31378623843193054
14659	0.3137868046760559
14660	0.3137916028499603
14661	0.3137930929660797
14662	0.3138207793235779
14663	0.31382307410240173
14664	0.31383317708969116
14665	0.3138357698917389
14666	0.31384456157684326
14667	0.31384530663490295
14668	0.31386178731918335
14669	0.31392917037010193
14670	0.31393468379974365
14671	0.3139372766017914
14672	0.3139403760433197
14673	0.31395113468170166
14674	0.3139546811580658
14675	0.31395968794822693
14676	0.3139632046222687
14677	0.3139847218990326
14678	0.3139890134334564
14679	0.3139924108982086
14680	0.3140011131763458
14681	0.3140556216239929
14682	0.31407269835472107
14683	0.31408143043518066
14684	0.31408265233039856
14685	0.3140830993652344
14686	0.31409335136413574
14687	0.3140937387943268
14688	0.3141060769557953
14689	0.31411275267601013
14690	0.31411778926849365
14691	0.3141246736049652
14692	0.31414157152175903
14693	0.3141719698905945
14694	0.3141743242740631
14695	0.3141792416572571
14696	0.31418338418006897
14697	0.31419533491134644
14698	0.31419822573661804
14699	0.3142223060131073
14700	0.3142379820346832
14701	0.314247190952301
14702	0.31426218152046204
14703	0.31427595019340515
14704	0.31427618861198425
14705	0.31428295373916626
14706	0.3142892122268677
14707	0.31429049372673035
14708	0.3142978250980377
14709	0.31432071328163147
14710	0.3143269717693329
14711	0.31433939933776855
14712	0.3143443167209625
14713	0.3143446147441864
14714	0.3143494427204132
14715	0.3143523633480072
14716	0.3143555521965027
14717	0.3144104480743408
14718	0.31441327929496765
14719	0.3144148588180542
14720	0.3144189715385437
14721	0.3144443929195404
14722	0.3144477307796478
14723	0.3144516944885254
14724	0.31446078419685364
14725	0.31446582078933716
14726	0.31449174880981445
14727	0.31449222564697266
14728	0.3145252466201782
14729	0.3145427107810974
14730	0.3146089017391205
14731	0.3146091401576996
14732	0.31463193893432617
14733	0.31465911865234375
14734	0.3146674633026123
14735	0.31471168994903564
14736	0.31471964716911316
14737	0.31473034620285034
14738	0.3147851228713989
14739	0.31479066610336304
14740	0.3147972524166107
14741	0.3148200511932373
14742	0.3148367702960968
14743	0.3148425221443176
14744	0.31485146284103394
14745	0.31485646963119507
14746	0.3148569166660309
14747	0.3148645758628845
14748	0.3148821294307709
14749	0.31488320231437683
14750	0.31488505005836487
14751	0.31488877534866333
14752	0.3148900270462036
14753	0.3148960471153259
14754	0.314904123544693
14755	0.31491678953170776
14756	0.31491994857788086
14757	0.31492704153060913
14758	0.31494203209877014
14759	0.3149479925632477
14760	0.314959317445755
14761	0.31497207283973694
14762	0.3149817883968353
14763	0.31498607993125916
14764	0.3150612413883209
14765	0.3150711953639984
14766	0.3150973320007324
14767	0.3151091933250427
14768	0.3151177167892456
14769	0.31512024998664856
14770	0.31512242555618286
14771	0.31512895226478577
14772	0.31515368819236755
14773	0.31516584753990173
14774	0.31518056988716125
14775	0.3151818513870239
14776	0.31518346071243286
14777	0.3151867985725403
14778	0.315189927816391
14779	0.315192848443985
14780	0.3152180016040802
14781	0.31523603200912476
14782	0.3152395784854889
14783	0.3152412176132202
14784	0.3152461647987366
14785	0.31528782844543457
14786	0.3152881860733032
14787	0.31528905034065247
14788	0.31529292464256287
14789	0.3152967393398285
14790	0.31530502438545227
14791	0.3153076171875
14792	0.315308541059494
14793	0.31531524658203125
14794	0.3153291940689087
14795	0.3153536319732666
14796	0.31536591053009033
14797	0.315385639667511
14798	0.3153981864452362
14799	0.31540045142173767
14800	0.31540146470069885
14801	0.31540215015411377
14802	0.31541603803634644
14803	0.3154236078262329
14804	0.31543561816215515
14805	0.3154398500919342
14806	0.31546637415885925
14807	0.315466970205307
14808	0.3154878616333008
14809	0.31551870703697205
14810	0.31552156805992126
14811	0.31552278995513916
14812	0.31553956866264343
14813	0.3155464231967926
14814	0.31554749608039856
14815	0.31555140018463135
14816	0.3155534863471985
14817	0.3155602812767029
14818	0.31557339429855347
14819	0.31558138132095337
14820	0.3155840039253235
14821	0.31558477878570557
14822	0.31559714674949646
14823	0.3156026303768158
14824	0.3156047463417053
14825	0.3156071603298187
14826	0.31561043858528137
14827	0.3156239688396454
14828	0.3156284689903259
14829	0.3156358003616333
14830	0.3156382441520691
14831	0.3156436085700989
14832	0.3156578540802002
14833	0.3156777620315552
14834	0.3156793415546417
14835	0.31568291783332825
14836	0.3157843053340912
14837	0.3157941997051239
14838	0.3157969117164612
14839	0.31581249833106995
14840	0.31583371758461
14841	0.3158443868160248
14842	0.3158549666404724
14843	0.31585660576820374
14844	0.31587886810302734
14845	0.3159065842628479
14846	0.3159255385398865
14847	0.31593114137649536
14848	0.31594422459602356
14849	0.3159453868865967
14850	0.31596022844314575
14851	0.3159688413143158
14852	0.31597501039505005
14853	0.315978080034256
14854	0.31598034501075745
14855	0.3159906268119812
14856	0.3159969747066498
14857	0.31601032614707947
14858	0.316020667552948
14859	0.316025048494339
14860	0.31602543592453003
14861	0.3160475790500641
14862	0.3160702884197235
14863	0.31610754132270813
14864	0.31611043214797974
14865	0.31611937284469604
14866	0.3161218762397766
14867	0.31612685322761536
14868	0.3161981701850891
14869	0.316200315952301
14870	0.3162115216255188
14871	0.31622105836868286
14872	0.31622985005378723
14873	0.31624141335487366
14874	0.31624239683151245
14875	0.3162436783313751
14876	0.3162553608417511
14877	0.316261351108551
14878	0.3162683844566345
14879	0.3162926137447357
14880	0.3162928819656372
14881	0.31631237268447876
14882	0.3163158595561981
14883	0.3163171410560608
14884	0.3163176476955414
14885	0.3163224160671234
14886	0.3163394331932068
14887	0.3163461685180664
14888	0.3163583278656006
14889	0.3163612186908722
14890	0.31638795137405396
14891	0.31639206409454346
14892	0.31639620661735535
14893	0.31640487909317017
14894	0.3164063096046448
14895	0.3164065182209015
14896	0.31640908122062683
14897	0.3164641857147217
14898	0.3164674639701843
14899	0.31646981835365295
14900	0.31648361682891846
14901	0.316496878862381
14902	0.3165018856525421
14903	0.3165031969547272
14904	0.31652703881263733
14905	0.3165283203125
14906	0.3165305256843567
14907	0.31653884053230286
14908	0.31657150387763977
14909	0.3165760934352875
14910	0.3165830969810486
14911	0.31658539175987244
14912	0.3166055679321289
14913	0.31661003828048706
14914	0.3166111707687378
14915	0.31667008996009827
14916	0.31668731570243835
14917	0.31668999791145325
14918	0.31670185923576355
14919	0.3167039752006531
14920	0.3167317807674408
14921	0.31675124168395996
14922	0.316775918006897
14923	0.31678515672683716
14924	0.3167915344238281
14925	0.31679868698120117
14926	0.3168163597583771
14927	0.31683483719825745
14928	0.3168412446975708
14929	0.3168797194957733
14930	0.3168832063674927
14931	0.3168855309486389
14932	0.3169030547142029
14933	0.3169061541557312
14934	0.3169083595275879
14935	0.31693610548973083
14936	0.3169439136981964
14937	0.31695592403411865
14938	0.3169604539871216
14939	0.31698453426361084
14940	0.31699007749557495
14941	0.31699544191360474
14942	0.3169967532157898
14943	0.3169993758201599
14944	0.31701064109802246
14945	0.3170112669467926
14946	0.3170294165611267
14947	0.3170310854911804
14948	0.3170498013496399
14949	0.3170612156391144
14950	0.31706148386001587
14951	0.317081481218338
14952	0.3170866072177887
14953	0.31708770990371704
14954	0.31709444522857666
14955	0.31709590554237366
14956	0.31709596514701843
14957	0.31710153818130493
14958	0.3171118199825287
14959	0.3171165883541107
14960	0.31712305545806885
14961	0.31712645292282104
14962	0.31712865829467773
14963	0.31715500354766846
14964	0.31717872619628906
14965	0.3171879053115845
14966	0.31719011068344116
14967	0.3171951174736023
14968	0.3172009289264679
14969	0.3172031044960022
14970	0.31720787286758423
14971	0.31722357869148254
14972	0.3173074722290039
14973	0.3173105716705322
14974	0.3173125386238098
14975	0.3173137307167053
14976	0.3173294961452484
14977	0.31733688712120056
14978	0.3173949122428894
14979	0.3173958361148834
14980	0.3174041509628296
14981	0.3174097537994385
14982	0.31741511821746826
14983	0.317416787147522
14984	0.31741783022880554
14985	0.31742119789123535
14986	0.3174336850643158
14987	0.31744280457496643
14988	0.3174545168876648
14989	0.3174579441547394
14990	0.3174583911895752
14991	0.3174598217010498
14992	0.31746140122413635
14993	0.3174634277820587
14994	0.3174775242805481
14995	0.3174794018268585
14996	0.3174798786640167
14997	0.3174937963485718
14998	0.3175159990787506
14999	0.3175200819969177
15000	0.31752556562423706
15001	0.31752654910087585
15002	0.31752753257751465
15003	0.3175288438796997
15004	0.3175337612628937
15005	0.31753596663475037
15006	0.317604660987854
15007	0.3176129162311554
15008	0.3176174461841583
15009	0.31761983036994934
15010	0.3176463544368744
15011	0.31764811277389526
15012	0.3177298605442047
15013	0.317730188369751
15014	0.31773772835731506
15015	0.31774643063545227
15016	0.3177715241909027
15017	0.31777575612068176
15018	0.3177900016307831
15019	0.31779223680496216
15020	0.3178046643733978
15021	0.31780919432640076
15022	0.3178368806838989
15023	0.31784021854400635
15024	0.317854106426239
15025	0.31785422563552856
15026	0.3178562819957733
15027	0.3178677558898926
15028	0.31788963079452515
15029	0.31789499521255493
15030	0.31790289282798767
15031	0.31792521476745605
15032	0.3179284334182739
15033	0.3179301619529724
15034	0.3179328143596649
15035	0.31793391704559326
15036	0.31794485449790955
15037	0.3179588317871094
15038	0.31796252727508545
15039	0.31796878576278687
15040	0.317973256111145
15041	0.3179972171783447
15042	0.31800949573516846
15043	0.31801319122314453
15044	0.3180168867111206
15045	0.3180246651172638
15046	0.31803297996520996
15047	0.31803756952285767
15048	0.31803879141807556
15049	0.3180401027202606
15050	0.31804078817367554
15051	0.3180552124977112
15052	0.31805580854415894
15053	0.3180595636367798
15054	0.31806012988090515
15055	0.31807780265808105
15056	0.31809329986572266
15057	0.3180946111679077
15058	0.31809601187705994
15059	0.3180966079235077
15060	0.3181043565273285
15061	0.3181055784225464
15062	0.3181154727935791
15063	0.3181597590446472
15064	0.31816592812538147
15065	0.3181670010089874
15066	0.31817036867141724
15067	0.31824013590812683
15068	0.3182419538497925
15069	0.3182479441165924
15070	0.31826555728912354
15071	0.31826701760292053
15072	0.3182767927646637
15073	0.3182774782180786
15074	0.3182958960533142
15075	0.3183061480522156
15076	0.31830790638923645
15077	0.31830912828445435
15078	0.31831011176109314
15079	0.3183203637599945
15080	0.3183255195617676
15081	0.3183324337005615
15082	0.31841349601745605
15083	0.3184274435043335
15084	0.3184540569782257
15085	0.31845971941947937
15086	0.3184843957424164
15087	0.3185017704963684
15088	0.3185140788555145
15089	0.3185174763202667
15090	0.31852057576179504
15091	0.31852078437805176
15092	0.3185309171676636
15093	0.3185392916202545
15094	0.31854867935180664
15095	0.31854990124702454
15096	0.31855282187461853
15097	0.3185543119907379
15098	0.31856516003608704
15099	0.31856676936149597
15100	0.3185689151287079
15101	0.31860581040382385
15102	0.31861069798469543
15103	0.3186182975769043
15104	0.31862178444862366
15105	0.318630576133728
15106	0.3186464011669159
15107	0.3186497092247009
15108	0.3186519742012024
15109	0.31865227222442627
15110	0.31865447759628296
15111	0.31865644454956055
15112	0.31865808367729187
15113	0.3186926543712616
15114	0.31871193647384644
15115	0.31872814893722534
15116	0.31872862577438354
15117	0.31873923540115356
15118	0.31874051690101624
15119	0.3187516927719116
15120	0.3187735378742218
15121	0.3187766373157501
15122	0.3188032805919647
15123	0.3188146650791168
15124	0.31883540749549866
15125	0.31887057423591614
15126	0.3188718259334564
15127	0.3188736140727997
15128	0.31887584924697876
15129	0.3188876807689667
15130	0.31888797879219055
15131	0.3188897967338562
15132	0.31889835000038147
15133	0.3188991844654083
15134	0.31890085339546204
15135	0.31890571117401123
15136	0.31893229484558105
15137	0.31893670558929443
15138	0.31895217299461365
15139	0.3189525306224823
15140	0.3189539313316345
15141	0.31896278262138367
15142	0.3189646601676941
15143	0.3190116882324219
15144	0.3190370202064514
15145	0.3190385699272156
15146	0.3190404176712036
15147	0.3190421462059021
15148	0.3190567195415497
15149	0.3190627694129944
15150	0.31906813383102417
15151	0.3190779387950897
15152	0.3190854489803314
15153	0.3190886378288269
15154	0.3191744089126587
15155	0.319176584482193
15156	0.31917712092399597
15157	0.3191903829574585
15158	0.3191928565502167
15159	0.319208562374115
15160	0.31921085715293884
15161	0.31921249628067017
15162	0.31922557950019836
15163	0.31922927498817444
15164	0.3192310631275177
15165	0.31926339864730835
15166	0.31927013397216797
15167	0.31930896639823914
15168	0.3193110227584839
15169	0.31931886076927185
15170	0.31932172179222107
15171	0.3193305432796478
15172	0.3193341791629791
15173	0.31933560967445374
15174	0.31934425234794617
15175	0.3193552494049072
15176	0.3193616569042206
15177	0.31936466693878174
15178	0.319374680519104
15179	0.3193883001804352
15180	0.31939250230789185
15181	0.31939929723739624
15182	0.31940045952796936
15183	0.3194010257720947
15184	0.319452702999115
15185	0.3194565773010254
15186	0.3194880783557892
15187	0.31949034333229065
15188	0.3194974958896637
15189	0.31949907541275024
15190	0.319499671459198
15191	0.3195122182369232
15192	0.3195302486419678
15193	0.31954166293144226
15194	0.3195449113845825
15195	0.31955215334892273
15196	0.3195713460445404
15197	0.3195839524269104
15198	0.31964462995529175
15199	0.3196465075016022
15200	0.319795161485672
15201	0.31979984045028687
15202	0.3198011815547943
15203	0.3198060989379883
15204	0.3198069930076599
15205	0.31980741024017334
15206	0.31980907917022705
15207	0.3198105990886688
15208	0.3198118507862091
15209	0.3198367953300476
15210	0.3198387920856476
15211	0.3198602795600891
15212	0.31986647844314575
15213	0.3198709785938263
15214	0.31988200545310974
15215	0.31990286707878113
15216	0.31990981101989746
15217	0.31992214918136597
15218	0.3199266195297241
15219	0.31992894411087036
15220	0.3199341297149658
15221	0.31995776295661926
15222	0.31996434926986694
15223	0.31996795535087585
15224	0.3199726641178131
15225	0.3199802339076996
15226	0.31998211145401
15227	0.3199850022792816
15228	0.3199939429759979
15229	0.31999948620796204
15230	0.32000860571861267
15231	0.3200092613697052
15232	0.32001280784606934
15233	0.3200293779373169
15234	0.32002949714660645
15235	0.3200494050979614
15236	0.32005375623703003
15237	0.3200829029083252
15238	0.3200840651988983
15239	0.32012736797332764
15240	0.32014012336730957
15241	0.3201421797275543
15242	0.3201579749584198
15243	0.32016101479530334
15244	0.32017746567726135
15245	0.3201935887336731
15246	0.3201942443847656
15247	0.32019710540771484
15248	0.3202000856399536
15249	0.3202049136161804
15250	0.32020530104637146
15251	0.32020774483680725
15252	0.320210725069046
15253	0.32023489475250244
15254	0.3202398717403412
15255	0.320245623588562
15256	0.3202565908432007
15257	0.3202870190143585
15258	0.32028791308403015
15259	0.3203098475933075
15260	0.32031235098838806
15261	0.32032716274261475
15262	0.32034799456596375
15263	0.3203483819961548
15264	0.32035133242607117
15265	0.3203681409358978
15266	0.3204047381877899
15267	0.3204062283039093
15268	0.32042405009269714
15269	0.3204338252544403
15270	0.3204679787158966
15271	0.3204851448535919
15272	0.32048627734184265
15273	0.3204866945743561
15274	0.3204891085624695
15275	0.3204895257949829
15276	0.32049262523651123
15277	0.3204934895038605
15278	0.32049742341041565
15279	0.32049939036369324
15280	0.32050618529319763
15281	0.32051607966423035
15282	0.32051628828048706
15283	0.32052183151245117
15284	0.32052505016326904
15285	0.3205314874649048
15286	0.3205331265926361
15287	0.32054826617240906
15288	0.32055190205574036
15289	0.32055509090423584
15290	0.32055625319480896
15291	0.3205606937408447
15292	0.3205620050430298
15293	0.3205641806125641
15294	0.3205694854259491
15295	0.3205719292163849
15296	0.32057473063468933
15297	0.32057636976242065
15298	0.3205789029598236
15299	0.3205852210521698
15300	0.32059285044670105
15301	0.32060083746910095
15302	0.32061639428138733
15303	0.32061800360679626
15304	0.32062605023384094
15305	0.32062864303588867
15306	0.32064124941825867
15307	0.32064351439476013
15308	0.32064419984817505
15309	0.32066717743873596
15310	0.3206813633441925
15311	0.32069140672683716
15312	0.32069292664527893
15313	0.320709228515625
15314	0.32074031233787537
15315	0.32074254751205444
15316	0.3207797408103943
15317	0.32078230381011963
15318	0.32078254222869873
15319	0.32079702615737915
15320	0.3208153247833252
15321	0.320818156003952
15322	0.32082295417785645
15323	0.32082483172416687
15324	0.3208307921886444
15325	0.32083991169929504
15326	0.32085371017456055
15327	0.3208635151386261
15328	0.32086625695228577
15329	0.3208668529987335
15330	0.32087260484695435
15331	0.32087862491607666
15332	0.32088789343833923
15333	0.32089078426361084
15334	0.320892333984375
15335	0.3209003806114197
15336	0.32090064883232117
15337	0.3209078311920166
15338	0.32091835141181946
15339	0.32092946767807007
15340	0.32093408703804016
15341	0.320938378572464
15342	0.3209446370601654
15343	0.3209657669067383
15344	0.32096877694129944
15345	0.3209737241268158
15346	0.3209754228591919
15347	0.32099488377571106
15348	0.3210245668888092
15349	0.32106152176856995
15350	0.3210647702217102
15351	0.32106703519821167
15352	0.32107043266296387
15353	0.32107120752334595
15354	0.3210825026035309
15355	0.3210826814174652
15356	0.3211548328399658
15357	0.3211701214313507
15358	0.32118794322013855
15359	0.32120081782341003
15360	0.32120177149772644
15361	0.3212116062641144
15362	0.321214497089386
15363	0.3212323486804962
15364	0.3212692141532898
15365	0.3212697505950928
15366	0.32131227850914
15367	0.3213144838809967
15368	0.32131490111351013
15369	0.3213181495666504
15370	0.32132571935653687
15371	0.32133734226226807
15372	0.32135555148124695
15373	0.3213609457015991
15374	0.32136425375938416
15375	0.32138094305992126
15376	0.32138553261756897
15377	0.32139652967453003
15378	0.32139724493026733
15379	0.32139870524406433
15380	0.32141005992889404
15381	0.3214104473590851
15382	0.32141104340553284
15383	0.3214119076728821
15384	0.3214220404624939
15385	0.3214276432991028
15386	0.32142898440361023
15387	0.3214353024959564
15388	0.32150158286094666
15389	0.32152116298675537
15390	0.3215264081954956
15391	0.32153505086898804
15392	0.32153624296188354
15393	0.32155874371528625
15394	0.3215606212615967
15395	0.3215619623661041
15396	0.32157018780708313
15397	0.3216557800769806
15398	0.32166019082069397
15399	0.32166728377342224
15400	0.32167381048202515
15401	0.32168132066726685
15402	0.321689248085022
15403	0.3216917812824249
15404	0.3216935992240906
15405	0.3217019736766815
15406	0.3217025399208069
15407	0.3217068016529083
15408	0.3217132091522217
15409	0.3217211663722992
15410	0.3217228055000305
15411	0.32174208760261536
15412	0.3217453062534332
15413	0.32181528210639954
15414	0.3218163251876831
15415	0.3218245506286621
15416	0.32182615995407104
15417	0.3218337297439575
15418	0.3218595087528229
15419	0.32187333703041077
15420	0.3218826651573181
15421	0.32189837098121643
15422	0.3219074010848999
15423	0.3219084143638611
15424	0.3219194710254669
15425	0.32197755575180054
15426	0.32198333740234375
15427	0.321990966796875
15428	0.32199373841285706
15429	0.32200178503990173
15430	0.3220077157020569
15431	0.3220115900039673
15432	0.32201260328292847
15433	0.3220158517360687
15434	0.3220290541648865
15435	0.3220404088497162
15436	0.3220466375350952
15437	0.3220468759536743
15438	0.3220492899417877
15439	0.32206833362579346
15440	0.3220760226249695
15441	0.3220793604850769
15442	0.3221079707145691
15443	0.32210907340049744
15444	0.32211342453956604
15445	0.32212063670158386
15446	0.32212716341018677
15447	0.3221297562122345
15448	0.32214659452438354
15449	0.3221482038497925
15450	0.32214972376823425
15451	0.32215893268585205
15452	0.32216066122055054
15453	0.3221852779388428
15454	0.32218971848487854
15455	0.3222123682498932
15456	0.3222202956676483
15457	0.3222348988056183
15458	0.32223638892173767
15459	0.3222372829914093
15460	0.3222413659095764
15461	0.32224538922309875
15462	0.32224971055984497
15463	0.3222573399543762
15464	0.32226255536079407
15465	0.3222801089286804
15466	0.3222818970680237
15467	0.32228875160217285
15468	0.3222914934158325
15469	0.32229867577552795
15470	0.32231053709983826
15471	0.32231488823890686
15472	0.32232731580734253
15473	0.3223572075366974
15474	0.3223625421524048
15475	0.32236790657043457
15476	0.32236993312835693
15477	0.3223707377910614
15478	0.3223819434642792
15479	0.3223869204521179
15480	0.3224591910839081
15481	0.3224717378616333
15482	0.3224760591983795
15483	0.3224831223487854
15484	0.3224845230579376
15485	0.32249727845191956
15486	0.3225005865097046
15487	0.3225014805793762
15488	0.3225038945674896
15489	0.3225100636482239
15490	0.3225155472755432
15491	0.3225179612636566
15492	0.32253164052963257
15493	0.32253339886665344
15494	0.32256466150283813
15495	0.3225678503513336
15496	0.32257965207099915
15497	0.32258474826812744
15498	0.32258716225624084
15499	0.32259032130241394
15500	0.32259103655815125
15501	0.3225932717323303
15502	0.32260316610336304
15503	0.32262465357780457
15504	0.32269322872161865
15505	0.32269567251205444
15506	0.32270002365112305
15507	0.32270538806915283
15508	0.3227144777774811
15509	0.32272303104400635
15510	0.32273319363594055
15511	0.3227367699146271
15512	0.3227497637271881
15513	0.3227507174015045
15514	0.3227546215057373
15515	0.3227575719356537
15516	0.32275786995887756
15517	0.3227587342262268
15518	0.32276037335395813
15519	0.3227655589580536
15520	0.3227807581424713
15521	0.3227934241294861
15522	0.32280752062797546
15523	0.3228083550930023
15524	0.32282641530036926
15525	0.32282745838165283
15526	0.3228350281715393
15527	0.3228403329849243
15528	0.32284384965896606
15529	0.3228473961353302
15530	0.3228508532047272
15531	0.3228514492511749
15532	0.3228558599948883
15533	0.32285624742507935
15534	0.322856605052948
15535	0.3228592276573181
15536	0.3229164481163025
15537	0.3229239284992218
15538	0.32293835282325745
15539	0.3229398727416992
15540	0.3229621350765228
15541	0.3229667544364929
15542	0.32297974824905396
15543	0.32298070192337036
15544	0.32300639152526855
15545	0.3230440020561218
15546	0.3230520188808441
15547	0.323053240776062
15548	0.32309144735336304
15549	0.3230985701084137
15550	0.32310545444488525
15551	0.32310670614242554
15552	0.3231082558631897
15553	0.32320383191108704
15554	0.32320553064346313
15555	0.32320597767829895
15556	0.3233407139778137
15557	0.3233559727668762
15558	0.3233679234981537
15559	0.3233691453933716
15560	0.323384165763855
15561	0.32339292764663696
15562	0.3233950138092041
15563	0.3233957290649414
15564	0.32341212034225464
15565	0.3234274983406067
15566	0.3234286308288574
15567	0.32346245646476746
15568	0.32347214221954346
15569	0.3234741687774658
15570	0.32347506284713745
15571	0.32348477840423584
15572	0.32348740100860596
15573	0.32350534200668335
15574	0.32350701093673706
15575	0.32351961731910706
15576	0.32351982593536377
15577	0.3235282897949219
15578	0.32354459166526794
15579	0.32354632019996643
15580	0.32356491684913635
15581	0.3235667943954468
15582	0.323589563369751
15583	0.3236064910888672
15584	0.32361099123954773
15585	0.32361188530921936
15586	0.32361990213394165
15587	0.3236277997493744
15588	0.3236282169818878
15589	0.32366707921028137
15590	0.32366910576820374
15591	0.3236732482910156
15592	0.3236769139766693
15593	0.3236874043941498
15594	0.3236989676952362
15595	0.3237004578113556
15596	0.32370519638061523
15597	0.323711633682251
15598	0.32371899485588074
15599	0.3237609267234802
15600	0.3237754702568054
15601	0.3237850069999695
15602	0.32378900051116943
15603	0.3238151967525482
15604	0.32381555438041687
15605	0.3238305449485779
15606	0.32383236289024353
15607	0.3238339126110077
15608	0.32385993003845215
15609	0.3239017426967621
15610	0.32390663027763367
15611	0.3239094614982605
15612	0.32391104102134705
15613	0.3239540457725525
15614	0.32397985458374023
15615	0.32400211691856384
15616	0.32402071356773376
15617	0.3240257799625397
15618	0.32402804493904114
15619	0.32403266429901123
15620	0.32404467463493347
15621	0.3240504264831543
15622	0.3240719735622406
15623	0.3240968585014343
15624	0.324121356010437
15625	0.32412150502204895
15626	0.32413196563720703
15627	0.3241368234157562
15628	0.32416263222694397
15629	0.3241635859012604
15630	0.3241679072380066
15631	0.32417425513267517
15632	0.32418015599250793
15633	0.32418879866600037
15634	0.3241928815841675
15635	0.3241932690143585
15636	0.32420867681503296
15637	0.3242179751396179
15638	0.32422706484794617
15639	0.3242308795452118
15640	0.32424017786979675
15641	0.3242437541484833
15642	0.32424458861351013
15643	0.3242526054382324
15644	0.3242581784725189
15645	0.324259489774704
15646	0.3242625296115875
15647	0.3242747485637665
15648	0.32427510619163513
15649	0.3242877721786499
15650	0.32429027557373047
15651	0.32433173060417175
15652	0.3243323564529419
15653	0.3243350684642792
15654	0.32434138655662537
15655	0.3243488669395447
15656	0.3243650197982788
15657	0.3243676424026489
15658	0.32436951994895935
15659	0.324373722076416
15660	0.3243788778781891
15661	0.32437989115715027
15662	0.32438400387763977
15663	0.32439056038856506
15664	0.32439136505126953
15665	0.32439565658569336
15666	0.3243989050388336
15667	0.324409157037735
15668	0.3244161307811737
15669	0.32441866397857666
15670	0.32442033290863037
15671	0.3244229257106781
15672	0.3244237005710602
15673	0.32442957162857056
15674	0.3244331479072571
15675	0.32445716857910156
15676	0.32446298003196716
15677	0.32446807622909546
15678	0.3244773745536804
15679	0.32452860474586487
15680	0.3245318531990051
15681	0.3245779573917389
15682	0.3245790898799896
15683	0.32458481192588806
15684	0.32459259033203125
15685	0.32460230588912964
15686	0.3246033489704132
15687	0.32461243867874146
15688	0.32461535930633545
15689	0.32464513182640076
15690	0.324648380279541
15691	0.3246512711048126
15692	0.32465142011642456
15693	0.32465288043022156
15694	0.32466498017311096
15695	0.32471245527267456
15696	0.324714720249176
15697	0.32471963763237
15698	0.3247203230857849
15699	0.3247244954109192
15700	0.3247418701648712
15701	0.3247682452201843
15702	0.3247772455215454
15703	0.3247808814048767
15704	0.32478761672973633
15705	0.3247937262058258
15706	0.3248029351234436
15707	0.32482218742370605
15708	0.32482779026031494
15709	0.32484370470046997
15710	0.3248525559902191
15711	0.32486602663993835
15712	0.32488948106765747
15713	0.32492855191230774
15714	0.3249412477016449
15715	0.32495489716529846
15716	0.3249594271183014
15717	0.32496726512908936
15718	0.32497745752334595
15719	0.32498782873153687
15720	0.3249903917312622
15721	0.3249998390674591
15722	0.32500675320625305
15723	0.3250340521335602
15724	0.3250367045402527
15725	0.3250415027141571
15726	0.3250419795513153
15727	0.32505810260772705
15728	0.32508614659309387
15729	0.32508617639541626
15730	0.325088232755661
15731	0.32510504126548767
15732	0.32512614130973816
15733	0.32512643933296204
15734	0.32512858510017395
15735	0.3251323103904724
15736	0.3251332640647888
15737	0.32513508200645447
15738	0.3251509964466095
15739	0.32515794038772583
15740	0.3251585066318512
15741	0.32516610622406006
15742	0.32516956329345703
15743	0.3251819908618927
15744	0.3251887857913971
15745	0.32529059052467346
15746	0.3252941370010376
15747	0.32529473304748535
15748	0.32534414529800415
15749	0.32534685730934143
15750	0.32536372542381287
15751	0.325423926115036
15752	0.3254314363002777
15753	0.3254413306713104
15754	0.32544201612472534
15755	0.3254566490650177
15756	0.3254616856575012
15757	0.32546573877334595
15758	0.3254719078540802
15759	0.32549041509628296
15760	0.3254909813404083
15761	0.32549238204956055
15762	0.32549405097961426
15763	0.3255118727684021
15764	0.3255138099193573
15765	0.3255153000354767
15766	0.3255177438259125
15767	0.3255196809768677
15768	0.3255368769168854
15769	0.3255528509616852
15770	0.32555481791496277
15771	0.32555750012397766
15772	0.32556191086769104
15773	0.3255823850631714
15774	0.32558730244636536
15775	0.3255924880504608
15776	0.32559436559677124
15777	0.3256000578403473
15778	0.32560229301452637
15779	0.3256048560142517
15780	0.3256094753742218
15781	0.3256102502346039
15782	0.3256171941757202
15783	0.3256192207336426
15784	0.32562053203582764
15785	0.32563042640686035
15786	0.32569655776023865
15787	0.32569748163223267
15788	0.3257107436656952
15789	0.3257125914096832
15790	0.32571953535079956
15791	0.32573503255844116
15792	0.3257431983947754
15793	0.3257494270801544
15794	0.3257552981376648
15795	0.3257620632648468
15796	0.325764924287796
15797	0.3257680833339691
15798	0.3257942795753479
15799	0.3258029520511627
15800	0.32580313086509705
15801	0.32580482959747314
15802	0.3258097171783447
15803	0.32581189274787903
15804	0.3258220851421356
15805	0.3258320689201355
15806	0.3258480131626129
15807	0.3258512318134308
15808	0.32587575912475586
15809	0.3258802592754364
15810	0.325893372297287
15811	0.3258940279483795
15812	0.32589736580848694
15813	0.3259024918079376
15814	0.3259044587612152
15815	0.32591575384140015
15816	0.32591724395751953
15817	0.3259175717830658
15818	0.3259894847869873
15819	0.32599103450775146
15820	0.32599788904190063
15821	0.3260069787502289
15822	0.3260115683078766
15823	0.32601967453956604
15824	0.32602331042289734
15825	0.32602348923683167
15826	0.32604143023490906
15827	0.32605111598968506
15828	0.3260538578033447
15829	0.3260575830936432
15830	0.32606661319732666
15831	0.3260825574398041
15832	0.3260854184627533
15833	0.3260873258113861
15834	0.3260979652404785
15835	0.3261070251464844
15836	0.3261165916919708
15837	0.3261231780052185
15838	0.3261365592479706
15839	0.32613709568977356
15840	0.3261549472808838
15841	0.32615935802459717
15842	0.32616427540779114
15843	0.32616519927978516
15844	0.3261686861515045
15845	0.3261703848838806
15846	0.3261718153953552
15847	0.32617372274398804
15848	0.326178640127182
15849	0.32618027925491333
15850	0.32618430256843567
15851	0.32618674635887146
15852	0.3262363374233246
15853	0.3262399435043335
15854	0.32625874876976013
15855	0.3262598216533661
15856	0.3263065218925476
15857	0.32632264494895935
15858	0.3263256549835205
15859	0.32633259892463684
15860	0.32633668184280396
15861	0.32634177803993225
15862	0.3263435363769531
15863	0.3263455331325531
15864	0.3263464868068695
15865	0.32634931802749634
15866	0.3263781666755676
15867	0.32640016078948975
15868	0.32641226053237915
15869	0.326412558555603
15870	0.3264161944389343
15871	0.3264172077178955
15872	0.326417475938797
15873	0.326436311006546
15874	0.326440691947937
15875	0.32644811272621155
15876	0.32647669315338135
15877	0.32648345828056335
15878	0.32649195194244385
15879	0.326504647731781
15880	0.32650482654571533
15881	0.326509565114975
15882	0.3265244960784912
15883	0.32652467489242554
15884	0.3265305757522583
15885	0.3265365660190582
15886	0.3265366852283478
15887	0.32654082775115967
15888	0.32654112577438354
15889	0.32654446363449097
15890	0.32654815912246704
15891	0.3265591859817505
15892	0.32656121253967285
15893	0.32659539580345154
15894	0.3265954852104187
15895	0.32659605145454407
15896	0.32660403847694397
15897	0.3266046941280365
15898	0.32661139965057373
15899	0.3266132175922394
15900	0.32661935687065125
15901	0.32663512229919434
15902	0.3266596794128418
15903	0.3266647458076477
15904	0.32666754722595215
15905	0.32667076587677
15906	0.32668137550354004
15907	0.32668647170066833
15908	0.3267996907234192
15909	0.3268190026283264
15910	0.3268222510814667
15911	0.32683950662612915
15912	0.32685622572898865
15913	0.32686033844947815
15914	0.32687705755233765
15915	0.3268860876560211
15916	0.3268899917602539
15917	0.32689112424850464
15918	0.3268928527832031
15919	0.32689550518989563
15920	0.3268960416316986
15921	0.32691413164138794
15922	0.3269156813621521
15923	0.32692110538482666
15924	0.3269243836402893
15925	0.3269461691379547
15926	0.32695290446281433
15927	0.3269563317298889
15928	0.32695746421813965
15929	0.3269614577293396
15930	0.32697251439094543
15931	0.32697463035583496
15932	0.32697969675064087
15933	0.3269833028316498
15934	0.32700929045677185
15935	0.32701075077056885
15936	0.3270500600337982
15937	0.32705172896385193
15938	0.327057808637619
15939	0.32707643508911133
15940	0.3270769417285919
15941	0.32710033655166626
15942	0.3271006941795349
15943	0.32710474729537964
15944	0.32714927196502686
15945	0.32716965675354004
15946	0.32719433307647705
15947	0.32720160484313965
15948	0.3272096514701843
15949	0.32723569869995117
15950	0.3272404968738556
15951	0.3272443115711212
15952	0.3272715210914612
15953	0.32727208733558655
15954	0.3272753059864044
15955	0.3272857666015625
15956	0.327303409576416
15957	0.32730984687805176
15958	0.32731059193611145
15959	0.32731175422668457
15960	0.3273385167121887
15961	0.32734206318855286
15962	0.3273496627807617
15963	0.32735714316368103
15964	0.3273627460002899
15965	0.3273681402206421
15966	0.3273772597312927
15967	0.3273926079273224
15968	0.32739946246147156
15969	0.3274063467979431
15970	0.3274076282978058
15971	0.32740890979766846
15972	0.3274441659450531
15973	0.32744553685188293
15974	0.32745009660720825
15975	0.3274594247341156
15976	0.3274674713611603
15977	0.3274794816970825
15978	0.327480673789978
15979	0.32748138904571533
15980	0.3274840712547302
15981	0.3274862468242645
15982	0.32748648524284363
15983	0.32750388979911804
15984	0.3275425136089325
15985	0.32755205035209656
15986	0.327552855014801
15987	0.3276140093803406
15988	0.3276667892932892
15989	0.3276689052581787
15990	0.32767122983932495
15991	0.32767152786254883
15992	0.3276757597923279
15993	0.32767853140830994
15994	0.3276826739311218
15995	0.32768911123275757
15996	0.32769566774368286
15997	0.3277148902416229
15998	0.3277294337749481
15999	0.3277338147163391
16000	0.3277694284915924
16001	0.3277705907821655
16002	0.327780157327652
16003	0.327783465385437
16004	0.32778415083885193
16005	0.3277845084667206
16006	0.32778987288475037
16007	0.3277955651283264
16008	0.3277979791164398
16009	0.32780221104621887
16010	0.3278050720691681
16011	0.3278254270553589
16012	0.32783693075180054
16013	0.3278394937515259
16014	0.32784080505371094
16015	0.32784968614578247
16016	0.32785943150520325
16017	0.32786130905151367
16018	0.3278617858886719
16019	0.3278695344924927
16020	0.3278745412826538
16021	0.32788950204849243
16022	0.32788997888565063
16023	0.3278937041759491
16024	0.3279044032096863
16025	0.3279140293598175
16026	0.32791435718536377
16027	0.32791706919670105
16028	0.3279268145561218
16029	0.32794058322906494
16030	0.32795482873916626
16031	0.32795974612236023
16032	0.3279600143432617
16033	0.3279622495174408
16034	0.32796406745910645
16035	0.32796695828437805
16036	0.3279765248298645
16037	0.32798120379447937
16038	0.32798531651496887
16039	0.32798564434051514
16040	0.3279918432235718
16041	0.32799702882766724
16042	0.3280029296875
16043	0.3280077576637268
16044	0.3280170261859894
16045	0.32806965708732605
16046	0.32807067036628723
16047	0.3280753791332245
16048	0.3280811905860901
16049	0.32809486985206604
16050	0.3281204104423523
16051	0.32812270522117615
16052	0.32814937829971313
16053	0.3281746506690979
16054	0.3281939923763275
16055	0.3282008469104767
16056	0.32822898030281067
16057	0.3282395601272583
16058	0.32824093103408813
16059	0.32824525237083435
16060	0.3282601237297058
16061	0.3282684087753296
16062	0.3282783627510071
16063	0.3282814025878906
16064	0.32828444242477417
16065	0.3282867670059204
16066	0.3283066153526306
16067	0.3283073902130127
16068	0.32831695675849915
16069	0.32832249999046326
16070	0.3283328711986542
16071	0.3283369243144989
16072	0.32834741473197937
16073	0.32836422324180603
16074	0.328364759683609
16075	0.3283662796020508
16076	0.32837122678756714
16077	0.3283757269382477
16078	0.3283773958683014
16079	0.32838091254234314
16080	0.3283838927745819
16081	0.3283849358558655
16082	0.3283952474594116
16083	0.3283980190753937
16084	0.32839837670326233
16085	0.3283988833427429
16086	0.3284657895565033
16087	0.3284684419631958
16088	0.3284754455089569
16089	0.32847970724105835
16090	0.3284892439842224
16091	0.32849255204200745
16092	0.32851481437683105
16093	0.3285536766052246
16094	0.32855507731437683
16095	0.328561931848526
16096	0.3285636901855469
16097	0.32856470346450806
16098	0.328573077917099
16099	0.32857993245124817
16100	0.32858559489250183
16101	0.3285916745662689
16102	0.3286013901233673
16103	0.32860904932022095
16104	0.3286174237728119
16105	0.32862043380737305
16106	0.3286239504814148
16107	0.32862618565559387
16108	0.32863128185272217
16109	0.32864096760749817
16110	0.3286677598953247
16111	0.3286859393119812
16112	0.32870250940322876
16113	0.32871580123901367
16114	0.328716516494751
16115	0.3287379741668701
16116	0.3287421464920044
16117	0.3287579119205475
16118	0.328761488199234
16119	0.32876747846603394
16120	0.32876792550086975
16121	0.3287842571735382
16122	0.3287886679172516
16123	0.3287903368473053
16124	0.32879409193992615
16125	0.3287953734397888
16126	0.32880064845085144
16127	0.3288048207759857
16128	0.32880541682243347
16129	0.3288174867630005
16130	0.3288288414478302
16131	0.3288409411907196
16132	0.32884156703948975
16133	0.32885050773620605
16134	0.3288511037826538
16135	0.3288516700267792
16136	0.32885366678237915
16137	0.3288571834564209
16138	0.32885992527008057
16139	0.3288624882698059
16140	0.32887229323387146
16141	0.32888203859329224
16142	0.3288955092430115
16143	0.32889676094055176
16144	0.3288981318473816
16145	0.3289090096950531
16146	0.32891038060188293
16147	0.3289124369621277
16148	0.3289148211479187
16149	0.32892659306526184
16150	0.3289273977279663
16151	0.32892879843711853
16152	0.3289370834827423
16153	0.32894226908683777
16154	0.32894447445869446
16155	0.3289611041545868
16156	0.32896286249160767
16157	0.32896995544433594
16158	0.32897406816482544
16159	0.32897642254829407
16160	0.3289806842803955
16161	0.3289908468723297
16162	0.32899436354637146
16163	0.3289967179298401
16164	0.32899853587150574
16165	0.3290053904056549
16166	0.32900819182395935
16167	0.32901597023010254
16168	0.32902196049690247
16169	0.3290221393108368
16170	0.3290337324142456
16171	0.32904723286628723
16172	0.32905611395835876
16173	0.3290632963180542
16174	0.3290700614452362
16175	0.32908010482788086
16176	0.32908889651298523
16177	0.3291228413581848
16178	0.32914724946022034
16179	0.3291480541229248
16180	0.3291536867618561
16181	0.32915663719177246
16182	0.3291587233543396
16183	0.3291601240634918
16184	0.329167902469635
16185	0.32917284965515137
16186	0.3291754126548767
16187	0.32918810844421387
16188	0.32922253012657166
16189	0.3292236924171448
16190	0.3292302191257477
16191	0.3292523920536041
16192	0.32925769686698914
16193	0.32926273345947266
16194	0.32929015159606934
16195	0.32929888367652893
16196	0.329301118850708
16197	0.3293064534664154
16198	0.32932421565055847
16199	0.32932451367378235
16200	0.32933714985847473
16201	0.3293481767177582
16202	0.3293541371822357
16203	0.3293573558330536
16204	0.329361230134964
16205	0.32936421036720276
16206	0.3293651044368744
16207	0.3293668031692505
16208	0.3293772339820862
16209	0.32938477396965027
16210	0.3293902277946472
16211	0.329444944858551
16212	0.3294605314731598
16213	0.32948237657546997
16214	0.3294972777366638
16215	0.32950711250305176
16216	0.32950735092163086
16217	0.3295280635356903
16218	0.329529345035553
16219	0.32955223321914673
16220	0.3295552134513855
16221	0.3295574486255646
16222	0.32956382632255554
16223	0.3295793831348419
16224	0.3295847177505493
16225	0.32958492636680603
16226	0.3295878469944
16227	0.32959726452827454
16228	0.3296104371547699
16229	0.32961079478263855
16230	0.32961466908454895
16231	0.32961562275886536
16232	0.32964885234832764
16233	0.3296893239021301
16234	0.3297002613544464
16235	0.3297426700592041
16236	0.3297428786754608
16237	0.32974448800086975
16238	0.32974857091903687
16239	0.32975566387176514
16240	0.329765260219574
16241	0.32979264855384827
16242	0.329793781042099
16243	0.3298153579235077
16244	0.32981741428375244
16245	0.32982367277145386
16246	0.3298240303993225
16247	0.3298285901546478
16248	0.3298484683036804
16249	0.32985827326774597
16250	0.32985925674438477
16251	0.329875648021698
16252	0.32989904284477234
16253	0.32990849018096924
16254	0.32992997765541077
16255	0.32995954155921936
16256	0.32997381687164307
16257	0.3299741744995117
16258	0.3299753665924072
16259	0.32997795939445496
16260	0.3299827575683594
16261	0.32999125123023987
16262	0.32999327778816223
16263	0.3300044536590576
16264	0.3300057053565979
16265	0.33001425862312317
16266	0.33002549409866333
16267	0.33005160093307495
16268	0.3300517201423645
16269	0.330082505941391
16270	0.3300865590572357
16271	0.33009272813796997
16272	0.3300977051258087
16273	0.330134779214859
16274	0.3301461935043335
16275	0.33016154170036316
16276	0.33016237616539
16277	0.3301680386066437
16278	0.3301701247692108
16279	0.3301815688610077
16280	0.3301927447319031
16281	0.3301936686038971
16282	0.33019790053367615
16283	0.3302004933357239
16284	0.3302031457424164
16285	0.330205500125885
16286	0.33020707964897156
16287	0.3302193284034729
16288	0.33022961020469666
16289	0.3302329480648041
16290	0.3302357792854309
16291	0.33024051785469055
16292	0.3302430212497711
16293	0.3302447497844696
16294	0.3302452266216278
16295	0.33025065064430237
16296	0.33030420541763306
16297	0.3303319811820984
16298	0.3303345739841461
16299	0.3303614854812622
16300	0.3303680419921875
16301	0.33037567138671875
16302	0.33037763833999634
16303	0.33038026094436646
16304	0.33038201928138733
16305	0.3303927481174469
16306	0.3303968906402588
16307	0.33043017983436584
16308	0.3304344415664673
16309	0.3304527699947357
16310	0.3304731845855713
16311	0.33047690987586975
16312	0.3304772973060608
16313	0.3304847478866577
16314	0.33048495650291443
16315	0.3304979205131531
16316	0.33050858974456787
16317	0.33052170276641846
16318	0.33052387833595276
16319	0.33052942156791687
16320	0.3305339813232422
16321	0.3305356800556183
16322	0.33055171370506287
16323	0.3305571675300598
16324	0.33060404658317566
16325	0.33060693740844727
16326	0.33061644434928894
16327	0.3306185007095337
16328	0.33062127232551575
16329	0.33062174916267395
16330	0.3306562602519989
16331	0.330665647983551
16332	0.3306662142276764
16333	0.3306710422039032
16334	0.33067166805267334
16335	0.33067482709884644
16336	0.3306768238544464
16337	0.3306773900985718
16338	0.33069130778312683
16339	0.3306993246078491
16340	0.3307008147239685
16341	0.33070307970046997
16342	0.3307037353515625
16343	0.330708384513855
16344	0.33070945739746094
16345	0.33073151111602783
16346	0.3307570219039917
16347	0.33077290654182434
16348	0.3308113217353821
16349	0.3308127820491791
16350	0.33081677556037903
16351	0.33082160353660583
16352	0.33082982897758484
16353	0.3308374583721161
16354	0.3308396339416504
16355	0.3308399021625519
16356	0.330850750207901
16357	0.330851674079895
16358	0.3308555483818054
16359	0.3308722972869873
16360	0.3308878540992737
16361	0.33090832829475403
16362	0.33093497157096863
16363	0.3309466242790222
16364	0.3309517800807953
16365	0.3310299217700958
16366	0.33103325963020325
16367	0.3310377299785614
16368	0.3310382068157196
16369	0.33104291558265686
16370	0.3310437500476837
16371	0.3310641646385193
16372	0.33106502890586853
16373	0.33106544613838196
16374	0.331077516078949
16375	0.3310874104499817
16376	0.33108991384506226
16377	0.33109068870544434
16378	0.331092894077301
16379	0.33110111951828003
16380	0.33110511302948
16381	0.3311195373535156
16382	0.3311302363872528
16383	0.3311328589916229
16384	0.33113422989845276
16385	0.3311360478401184
16386	0.3311423659324646
16387	0.3311656713485718
16388	0.33116617798805237
16389	0.3311670422554016
16390	0.3311692774295807
16391	0.3311767578125
16392	0.3311854600906372
16393	0.33119872212409973
16394	0.3312041461467743
16395	0.33122381567955017
16396	0.33123978972435
16397	0.33124840259552
16398	0.33125039935112
16399	0.33125317096710205
16400	0.33126300573349
16401	0.33127620816230774
16402	0.33135175704956055
16403	0.33135420083999634
16404	0.33135655522346497
16405	0.3313576579093933
16406	0.33135855197906494
16407	0.33135920763015747
16408	0.33136606216430664
16409	0.3313661217689514
16410	0.33136776089668274
16411	0.33138054609298706
16412	0.33138307929039
16413	0.331575483083725
16414	0.33158233761787415
16415	0.33159253001213074
16416	0.3316217362880707
16417	0.33162444829940796
16418	0.3316245377063751
16419	0.3316560983657837
16420	0.331664115190506
16421	0.33166465163230896
16422	0.3316832482814789
16423	0.33169063925743103
16424	0.331697940826416
16425	0.33170461654663086
16426	0.33171048760414124
16427	0.33171480894088745
16428	0.33173462748527527
16429	0.33173930644989014
16430	0.331741064786911
16431	0.33174389600753784
16432	0.3317548930644989
16433	0.3317565321922302
16434	0.33175739645957947
16435	0.33188024163246155
16436	0.33188214898109436
16437	0.3318905532360077
16438	0.33190128207206726
16439	0.3319022059440613
16440	0.3319063186645508
16441	0.33190932869911194
16442	0.331910103559494
16443	0.3319498300552368
16444	0.3319531977176666
16445	0.3319602906703949
16446	0.33196696639060974
16447	0.3319687247276306
16448	0.3319701552391052
16449	0.3319730758666992
16450	0.33197566866874695
16451	0.3319793939590454
16452	0.3319911062717438
16453	0.33199456334114075
16454	0.3320045471191406
16455	0.3320062756538391
16456	0.33200952410697937
16457	0.3320155143737793
16458	0.33208924531936646
16459	0.3320894241333008
16460	0.3321366608142853
16461	0.33213794231414795
16462	0.3321499526500702
16463	0.3321833908557892
16464	0.3321886658668518
16465	0.3321993350982666
16466	0.3322077989578247
16467	0.332214891910553
16468	0.3322173058986664
16469	0.3322299122810364
16470	0.33224499225616455
16471	0.33224642276763916
16472	0.33224964141845703
16473	0.33226296305656433
16474	0.33226844668388367
16475	0.33227038383483887
16476	0.33230623602867126
16477	0.33230698108673096
16478	0.3323158025741577
16479	0.33232593536376953
16480	0.33232635259628296
16481	0.3323315680027008
16482	0.3323333263397217
16483	0.33233731985092163
16484	0.3323920667171478
16485	0.3323999345302582
16486	0.3324030637741089
16487	0.3324108421802521
16488	0.33241239190101624
16489	0.3324129581451416
16490	0.3324130177497864
16491	0.33241647481918335
16492	0.3324183523654938
16493	0.33242204785346985
16494	0.33242568373680115
16495	0.33246007561683655
16496	0.3324679434299469
16497	0.33254536986351013
16498	0.33254823088645935
16499	0.3325529098510742
16500	0.33256596326828003
16501	0.3325694501399994
16502	0.33257216215133667
16503	0.33257514238357544
16504	0.33257824182510376
16505	0.33260756731033325
16506	0.3326124846935272
16507	0.33261266350746155
16508	0.33262842893600464
16509	0.33262962102890015
16510	0.3326466381549835
16511	0.3326519727706909
16512	0.3326549828052521
16513	0.3326552212238312
16514	0.3326590955257416
16515	0.3326696753501892
16516	0.33270254731178284
16517	0.33270999789237976
16518	0.3328346908092499
16519	0.33283817768096924
16520	0.33285510540008545
16521	0.3328578472137451
16522	0.33286336064338684
16523	0.3328687250614166
16524	0.33288249373435974
16525	0.3328861892223358
16526	0.3328905403614044
16527	0.33289653062820435
16528	0.3329019248485565
16529	0.3329077959060669
16530	0.33290964365005493
16531	0.3329547345638275
16532	0.3329625427722931
16533	0.3329629898071289
16534	0.33296772837638855
16535	0.3329710066318512
16536	0.3330136239528656
16537	0.3330291509628296
16538	0.33303043246269226
16539	0.33303603529930115
16540	0.33305037021636963
16541	0.3330563008785248
16542	0.3330625295639038
16543	0.3330886662006378
16544	0.33309680223464966
16545	0.3331066370010376
16546	0.33310946822166443
16547	0.3331166207790375
16548	0.3331177234649658
16549	0.3331202268600464
16550	0.33312317728996277
16551	0.33312395215034485
16552	0.33312472701072693
16553	0.3331545889377594
16554	0.3331587612628937
16555	0.3331591486930847
16556	0.333171546459198
16557	0.3332150876522064
16558	0.33323508501052856
16559	0.33324161171913147
16560	0.3332436978816986
16561	0.33324718475341797
16562	0.3332500159740448
16563	0.33326274156570435
16564	0.33326637744903564
16565	0.33329343795776367
16566	0.3333045244216919
16567	0.33330830931663513
16568	0.33331063389778137
16569	0.33331069350242615
16570	0.33336037397384644
16571	0.33337923884391785
16572	0.33343613147735596
16573	0.333437442779541
16574	0.33344054222106934
16575	0.3334429860115051
16576	0.33344706892967224
16577	0.333452045917511
16578	0.3334832191467285
16579	0.3334908187389374
16580	0.33349522948265076
16581	0.3335055410861969
16582	0.3335128128528595
16583	0.3335193693637848
16584	0.333530992269516
16585	0.3335537612438202
16586	0.33362796902656555
16587	0.3336310088634491
16588	0.33363696932792664
16589	0.3336423933506012
16590	0.3336488604545593
16591	0.3336513936519623
16592	0.33366698026657104
16593	0.33367303013801575
16594	0.3336862027645111
16595	0.33368736505508423
16596	0.33369180560112
16597	0.33370110392570496
16598	0.33370330929756165
16599	0.333708792924881
16600	0.33371156454086304
16601	0.3337141275405884
16602	0.33371680974960327
16603	0.33372771739959717
16604	0.3337402939796448
16605	0.3337586224079132
16606	0.33375871181488037
16607	0.33375924825668335
16608	0.3337600827217102
16609	0.33376529812812805
16610	0.33376777172088623
16611	0.33377403020858765
16612	0.33381587266921997
16613	0.333816796541214
16614	0.3338170349597931
16615	0.33382466435432434
16616	0.33383455872535706
16617	0.33384355902671814
16618	0.33384501934051514
16619	0.3338479697704315
16620	0.33385801315307617
16621	0.3338644802570343
16622	0.33388060331344604
16623	0.33388108015060425
16624	0.3338817059993744
16625	0.33395257592201233
16626	0.3339686095714569
16627	0.333974152803421
16628	0.3339807391166687
16629	0.33398449420928955
16630	0.33398503065109253
16631	0.3340216279029846
16632	0.33403173089027405
16633	0.334042489528656
16634	0.3340498208999634
16635	0.3340599536895752
16636	0.3340604305267334
16637	0.3340608477592468
16638	0.3340771496295929
16639	0.3340892493724823
16640	0.3340972065925598
16641	0.3340988755226135
16642	0.33410215377807617
16643	0.3341153562068939
16644	0.334227979183197
16645	0.3342383801937103
16646	0.3342387080192566
16647	0.33424142003059387
16648	0.3342553973197937
16649	0.3342607617378235
16650	0.3342803120613098
16651	0.33428651094436646
16652	0.33430156111717224
16653	0.3343462347984314
16654	0.33434736728668213
16655	0.3343561589717865
16656	0.3343578279018402
16657	0.33438000082969666
16658	0.33438366651535034
16659	0.3343842625617981
16660	0.3343967795372009
16661	0.33441755175590515
16662	0.3344227373600006
16663	0.3344247043132782
16664	0.33443087339401245
16665	0.3344327509403229
16666	0.3344481289386749
16667	0.3344632685184479
16668	0.3344743251800537
16669	0.33447587490081787
16670	0.334503710269928
16671	0.33452412486076355
16672	0.3345271348953247
16673	0.3345411717891693
16674	0.3345426023006439
16675	0.3345520496368408
16676	0.33455532789230347
16677	0.334561288356781
16678	0.33456742763519287
16679	0.33456969261169434
16680	0.3345828056335449
16681	0.33459916710853577
16682	0.334609717130661
16683	0.33461031317710876
16684	0.3346122205257416
16685	0.33462128043174744
16686	0.33462148904800415
16687	0.3346259593963623
16688	0.3346266448497772
16689	0.33463263511657715
16690	0.33463549613952637
16691	0.33463653922080994
16692	0.33464929461479187
16693	0.33467233180999756
16694	0.3346725106239319
16695	0.33468255400657654
16696	0.3346901535987854
16697	0.3346927762031555
16698	0.3346981108188629
16699	0.3346995413303375
16700	0.33470413088798523
16701	0.3347160220146179
16702	0.3347223401069641
16703	0.3347337543964386
16704	0.3347359299659729
16705	0.3347386419773102
16706	0.3347437083721161
16707	0.3347542881965637
16708	0.3347698450088501
16709	0.3347742259502411
16710	0.33478447794914246
16711	0.3347858488559723
16712	0.3347860872745514
16713	0.33479103446006775
16714	0.33482930064201355
16715	0.3348468840122223
16716	0.33485427498817444
16717	0.33485591411590576
16718	0.334885835647583
16719	0.3348872661590576
16720	0.3348967730998993
16721	0.33489954471588135
16722	0.3349005877971649
16723	0.33490416407585144
16724	0.3349077105522156
16725	0.3349096477031708
16726	0.33492639660835266
16727	0.33492836356163025
16728	0.33494219183921814
16729	0.334943026304245
16730	0.3349494934082031
16731	0.3349551260471344
16732	0.33495673537254333
16733	0.33504825830459595
16734	0.33505380153656006
16735	0.33505508303642273
16736	0.3350554406642914
16737	0.3350638449192047
16738	0.33506953716278076
16739	0.33507370948791504
16740	0.33507484197616577
16741	0.3351138234138489
16742	0.33511608839035034
16743	0.33511796593666077
16744	0.33512255549430847
16745	0.33512815833091736
16746	0.3351316750049591
16747	0.3351520597934723
16748	0.33516407012939453
16749	0.3351672291755676
16750	0.3351711928844452
16751	0.33517247438430786
16752	0.33517447113990784
16753	0.3351806700229645
16754	0.33518218994140625
16755	0.335206001996994
16756	0.3352162539958954
16757	0.3352270722389221
16758	0.33522841334342957
16759	0.33524855971336365
16760	0.3352492153644562
16761	0.33526527881622314
16762	0.3352701663970947
16763	0.33527106046676636
16764	0.3352714776992798
16765	0.33527252078056335
16766	0.33528342843055725
16767	0.33528459072113037
16768	0.3352970778942108
16769	0.3352999687194824
16770	0.335317999124527
16771	0.33533787727355957
16772	0.3353402316570282
16773	0.33534497022628784
16774	0.3353477716445923
16775	0.33534932136535645
16776	0.33538898825645447
16777	0.33540037274360657
16778	0.3354018032550812
16779	0.33540916442871094
16780	0.3354276120662689
16781	0.33543312549591064
16782	0.3354373574256897
16783	0.33543965220451355
16784	0.33545544743537903
16785	0.3354564905166626
16786	0.3354566991329193
16787	0.33547598123550415
16788	0.33547717332839966
16789	0.33548593521118164
16790	0.33550411462783813
16791	0.33550557494163513
16792	0.3355073928833008
16793	0.33551204204559326
16794	0.33551210165023804
16795	0.3355260193347931
16796	0.33552810549736023
16797	0.3355308175086975
16798	0.33553552627563477
16799	0.33554068207740784
16800	0.3356098234653473
16801	0.33561810851097107
16802	0.33562177419662476
16803	0.33562591671943665
16804	0.3356366455554962
16805	0.3356381356716156
16806	0.33564525842666626
16807	0.33566686511039734
16808	0.33567264676094055
16809	0.3356744945049286
16810	0.33567607402801514
16811	0.3356805443763733
16812	0.33568379282951355
16813	0.3357039988040924
16814	0.33570435643196106
16815	0.33571305871009827
16816	0.33571574091911316
16817	0.3357323408126831
16818	0.3357466459274292
16819	0.3359321355819702
16820	0.33594849705696106
16821	0.33597075939178467
16822	0.33597332239151
16823	0.3359980881214142
16824	0.3360094428062439
16825	0.3360113203525543
16826	0.3360266387462616
16827	0.3360382914543152
16828	0.3360414505004883
16829	0.33604565262794495
16830	0.33605360984802246
16831	0.3360573649406433
16832	0.3360903859138489
16833	0.3360940217971802
16834	0.3360951840877533
16835	0.3361004889011383
16836	0.3361023962497711
16837	0.33610719442367554
16838	0.3361128568649292
16839	0.3361140191555023
16840	0.3361186981201172
16841	0.3361375629901886
16842	0.3361402750015259
16843	0.33614683151245117
16844	0.3361476957798004
16845	0.33616209030151367
16846	0.3361645042896271
16847	0.33616873621940613
16848	0.3361818194389343
16849	0.33619678020477295
16850	0.33620205521583557
16851	0.336212158203125
16852	0.336217999458313
16853	0.33621880412101746
16854	0.33622148633003235
16855	0.33622294664382935
16856	0.33622437715530396
16857	0.3362482786178589
16858	0.3362537920475006
16859	0.33626261353492737
16860	0.33626648783683777
16861	0.3362983167171478
16862	0.33629941940307617
16863	0.33632147312164307
16864	0.33632442355155945
16865	0.3363460302352905
16866	0.33635157346725464
16867	0.33635929226875305
16868	0.336360365152359
16869	0.33640536665916443
16870	0.33641040325164795
16871	0.3364178240299225
16872	0.33646735548973083
16873	0.33646976947784424
16874	0.33647143840789795
16875	0.3364793360233307
16876	0.3365096151828766
16877	0.3365142345428467
16878	0.33653560280799866
16879	0.33653581142425537
16880	0.33654049038887024
16881	0.3365490138530731
16882	0.3365579843521118
16883	0.3365676999092102
16884	0.3365771174430847
16885	0.33659064769744873
16886	0.336599200963974
16887	0.33661559224128723
16888	0.3366350531578064
16889	0.3366384208202362
16890	0.33665335178375244
16891	0.336664617061615
16892	0.3366740345954895
16893	0.3366747498512268
16894	0.33667728304862976
16895	0.3366815745830536
16896	0.33669933676719666
16897	0.3367132842540741
16898	0.33672061562538147
16899	0.33673736453056335
16900	0.33674710988998413
16901	0.3367559015750885
16902	0.33676421642303467
16903	0.33678722381591797
16904	0.33679085969924927
16905	0.3367924392223358
16906	0.33679255843162537
16907	0.33681634068489075
16908	0.3368346393108368
16909	0.33683469891548157
16910	0.33687180280685425
16911	0.336875855922699
16912	0.33687686920166016
16913	0.33687838912010193
16914	0.3368798494338989
16915	0.33688023686408997
16916	0.33688461780548096
16917	0.33688509464263916
16918	0.33688756823539734
16919	0.3368963301181793
16920	0.33690890669822693
16921	0.3369176685810089
16922	0.3369179368019104
16923	0.33692070841789246
16924	0.3369375765323639
16925	0.3369417190551758
16926	0.3369811177253723
16927	0.3369883596897125
16928	0.3370231091976166
16929	0.33702990412712097
16930	0.3370310664176941
16931	0.33703291416168213
16932	0.33703678846359253
16933	0.3370475769042969
16934	0.3370506763458252
16935	0.3370538353919983
16936	0.3370557725429535
16937	0.33705827593803406
16938	0.3370771110057831
16939	0.3370935618877411
16940	0.33709716796875
16941	0.3370975852012634
16942	0.3371005058288574
16943	0.337119996547699
16944	0.3371213376522064
16945	0.3371230363845825
16946	0.33713996410369873
16947	0.33716678619384766
16948	0.33717116713523865
16949	0.33717235922813416
16950	0.3371765911579132
16951	0.3371768593788147
16952	0.337189257144928
16953	0.3371918797492981
16954	0.3371928930282593
16955	0.3372006416320801
16956	0.3372025489807129
16957	0.33720576763153076
16958	0.33721303939819336
16959	0.3372342586517334
16960	0.33723533153533936
16961	0.3372355103492737
16962	0.3372401297092438
16963	0.3372405767440796
16964	0.3372522294521332
16965	0.3372584581375122
16966	0.33727553486824036
16967	0.33729106187820435
16968	0.3372918963432312
16969	0.33729299902915955
16970	0.3372986912727356
16971	0.33730795979499817
16972	0.3373185694217682
16973	0.3373219072818756
16974	0.3373253345489502
16975	0.337328165769577
16976	0.33733126521110535
16977	0.33733490109443665
16978	0.3373408615589142
16979	0.3373414874076843
16980	0.33736452460289
16981	0.3373758792877197
16982	0.33738526701927185
16983	0.3373865485191345
16984	0.33738869428634644
16985	0.3373899459838867
16986	0.3373926281929016
16987	0.33739393949508667
16988	0.33740124106407166
16989	0.33741503953933716
16990	0.3374221920967102
16991	0.33744725584983826
16992	0.33746278285980225
16993	0.3375288248062134
16994	0.33752959966659546
16995	0.33753249049186707
16996	0.3375371992588043
16997	0.33753788471221924
16998	0.3375442624092102
16999	0.33755043148994446
17000	0.33755141496658325
17001	0.3375517427921295
17002	0.33756914734840393
17003	0.3375707268714905
17004	0.33757898211479187
17005	0.3375946879386902
17006	0.3376055061817169
17007	0.3376118242740631
17008	0.3376394808292389
17009	0.33764854073524475
17010	0.3376527428627014
17011	0.33765390515327454
17012	0.33765530586242676
17013	0.33767831325531006
17014	0.3376803696155548
17015	0.33769741654396057
17016	0.3377067744731903
17017	0.33770784735679626
17018	0.33771881461143494
17019	0.33775413036346436
17020	0.3377545177936554
17021	0.3377629220485687
17022	0.33776548504829407
17023	0.3377673029899597
17024	0.33776888251304626
17025	0.3377787470817566
17026	0.3377801775932312
17027	0.3377852141857147
17028	0.3377877175807953
17029	0.33779874444007874
17030	0.33780017495155334
17031	0.337801069021225
17032	0.3378036618232727
17033	0.33781278133392334
17034	0.33781516551971436
17035	0.3378171920776367
17036	0.3378257751464844
17037	0.3378649353981018
17038	0.3378768563270569
17039	0.33788034319877625
17040	0.33788082003593445
17041	0.3378821015357971
17042	0.33788394927978516
17043	0.3378845751285553
17044	0.33789247274398804
17045	0.33789438009262085
17046	0.3378985822200775
17047	0.33789995312690735
17048	0.33791583776474
17049	0.33797961473464966
17050	0.33798325061798096
17051	0.33798372745513916
17052	0.33799177408218384
17053	0.33800584077835083
17054	0.3380108177661896
17055	0.33802059292793274
17056	0.3380213677883148
17057	0.338022381067276
17058	0.33802342414855957
17059	0.33802953362464905
17060	0.3380391001701355
17061	0.33803972601890564
17062	0.33804118633270264
17063	0.33806025981903076
17064	0.33807605504989624
17065	0.33808356523513794
17066	0.3380841016769409
17067	0.33817243576049805
17068	0.3381848633289337
17069	0.3381865620613098
17070	0.3382011353969574
17071	0.33820632100105286
17072	0.3382617235183716
17073	0.33826181292533875
17074	0.33826497197151184
17075	0.33828604221343994
17076	0.33829265832901
17077	0.3382936120033264
17078	0.33829465508461
17079	0.3382949233055115
17080	0.3382955491542816
17081	0.33829620480537415
17082	0.33829957246780396
17083	0.33830609917640686
17084	0.3383152186870575
17085	0.3383176326751709
17086	0.3383244574069977
17087	0.3383263349533081
17088	0.3383273184299469
17089	0.3383314907550812
17090	0.33833518624305725
17091	0.3383476436138153
17092	0.33835873007774353
17093	0.33836498856544495
17094	0.33836686611175537
17095	0.3383728563785553
17096	0.3383898138999939
17097	0.3383961021900177
17098	0.3384189307689667
17099	0.3384256362915039
17100	0.3384268581867218
17101	0.33842846751213074
17102	0.3384387791156769
17103	0.33844566345214844
17104	0.3384522795677185
17105	0.3384552299976349
17106	0.3384791314601898
17107	0.3385157883167267
17108	0.3385290801525116
17109	0.3385327160358429
17110	0.3385419547557831
17111	0.3385443687438965
17112	0.33854636549949646
17113	0.33854740858078003
17114	0.33855140209198
17115	0.33857306838035583
17116	0.33858364820480347
17117	0.3386125862598419
17118	0.3386191427707672
17119	0.33863168954849243
17120	0.33863189816474915
17121	0.33864131569862366
17122	0.3386419415473938
17123	0.33864519000053406
17124	0.33865073323249817
17125	0.3386599123477936
17126	0.33867350220680237
17127	0.3386782705783844
17128	0.3386852443218231
17129	0.33868566155433655
17130	0.3386881947517395
17131	0.33869668841362
17132	0.33869707584381104
17133	0.33870014548301697
17134	0.3387012779712677
17135	0.33870506286621094
17136	0.33872997760772705
17137	0.33873793482780457
17138	0.33880361914634705
17139	0.3388049900531769
17140	0.33881810307502747
17141	0.3388206958770752
17142	0.3388236463069916
17143	0.33882465958595276
17144	0.33882492780685425
17145	0.33884507417678833
17146	0.3388511538505554
17147	0.3388855457305908
17148	0.3388911187648773
17149	0.3388936221599579
17150	0.3388950228691101
17151	0.3389022946357727
17152	0.3389219343662262
17153	0.33892562985420227
17154	0.3389260172843933
17155	0.3389554023742676
17156	0.33895665407180786
17157	0.33896613121032715
17158	0.3389676511287689
17159	0.338973730802536
17160	0.3389870524406433
17161	0.3389922082424164
17162	0.33899664878845215
17163	0.3389970660209656
17164	0.33901461958885193
17165	0.3390159606933594
17166	0.3390164375305176
17167	0.33902058005332947
17168	0.33902236819267273
17169	0.3390285074710846
17170	0.3390358090400696
17171	0.33904123306274414
17172	0.33904126286506653
17173	0.3390507400035858
17174	0.3390609323978424
17175	0.33907267451286316
17176	0.33907759189605713
17177	0.3390790522098541
17178	0.3390911817550659
17179	0.3390985429286957
17180	0.33910059928894043
17181	0.3391028046607971
17182	0.3391059339046478
17183	0.3391130566596985
17184	0.3391154706478119
17185	0.33911821246147156
17186	0.3391357958316803
17187	0.33913853764533997
17188	0.33913877606391907
17189	0.3391519784927368
17190	0.3391552269458771
17191	0.33917832374572754
17192	0.3392121195793152
17193	0.33923688530921936
17194	0.3392406702041626
17195	0.3392476737499237
17196	0.33925697207450867
17197	0.33926841616630554
17198	0.3393317461013794
17199	0.33935078978538513
17200	0.33935409784317017
17201	0.33938807249069214
17202	0.33939114212989807
17203	0.3393946588039398
17204	0.3395053744316101
17205	0.33950817584991455
17206	0.33951646089553833
17207	0.33951905369758606
17208	0.33952370285987854
17209	0.3395403027534485
17210	0.3395557999610901
17211	0.3395578861236572
17212	0.33955976366996765
17213	0.33956092596054077
17214	0.3395829200744629
17215	0.33958402276039124
17216	0.3395892381668091
17217	0.33959686756134033
17218	0.3395983874797821
17219	0.33960646390914917
17220	0.3396127223968506
17221	0.33961278200149536
17222	0.3396209478378296
17223	0.33962786197662354
17224	0.3396323621273041
17225	0.33964020013809204
17226	0.33965715765953064
17227	0.33965739607810974
17228	0.3396638035774231
17229	0.33966439962387085
17230	0.3396706283092499
17231	0.33968666195869446
17232	0.33968669176101685
17233	0.33969709277153015
17234	0.339697927236557
17235	0.33970269560813904
17236	0.3397149443626404
17237	0.3397151529788971
17238	0.33972206711769104
17239	0.3397587239742279
17240	0.33976447582244873
17241	0.339767187833786
17242	0.339774489402771
17243	0.33980730175971985
17244	0.33980822563171387
17245	0.3398478031158447
17246	0.33984988927841187
17247	0.33985239267349243
17248	0.3398590683937073
17249	0.33985963463783264
17250	0.3398633897304535
17251	0.33987006545066833
17252	0.33988022804260254
17253	0.33988749980926514
17254	0.3398890495300293
17255	0.33989161252975464
17256	0.33989691734313965
17257	0.3399180471897125
17258	0.3399275839328766
17259	0.33993321657180786
17260	0.3399347960948944
17261	0.33994194865226746
17262	0.3399449288845062
17263	0.33994874358177185
17264	0.3399495780467987
17265	0.33995431661605835
17266	0.3399745523929596
17267	0.33997583389282227
17268	0.339980810880661
17269	0.34002986550331116
17270	0.3400651514530182
17271	0.34007275104522705
17272	0.3400804400444031
17273	0.34008148312568665
17274	0.34010744094848633
17275	0.34011444449424744
17276	0.34011662006378174
17277	0.34012463688850403
17278	0.34012797474861145
17279	0.34015893936157227
17280	0.3402005732059479
17281	0.3402019739151001
17282	0.3402491807937622
17283	0.34025487303733826
17284	0.34025856852531433
17285	0.3402588367462158
17286	0.34029075503349304
17287	0.34029608964920044
17288	0.34029653668403625
17289	0.34029898047447205
17290	0.34030550718307495
17291	0.34030744433403015
17292	0.3403206467628479
17293	0.3403385281562805
17294	0.3403584361076355
17295	0.34037062525749207
17296	0.34037449955940247
17297	0.3403806984424591
17298	0.3403841555118561
17299	0.340400755405426
17300	0.3404282331466675
17301	0.34044313430786133
17302	0.3404494822025299
17303	0.34047192335128784
17304	0.34047403931617737
17305	0.3404861092567444
17306	0.3404882252216339
17307	0.34049394726753235
17308	0.3404944837093353
17309	0.3404991030693054
17310	0.3405085504055023
17311	0.3405090868473053
17312	0.3405097723007202
17313	0.3405310809612274
17314	0.34053200483322144
17315	0.340534508228302
17316	0.34053510427474976
17317	0.34054118394851685
17318	0.340552419424057
17319	0.34056082367897034
17320	0.3405637741088867
17321	0.34056556224823
17322	0.34056589007377625
17323	0.34058496356010437
17324	0.340587854385376
17325	0.34059497714042664
17326	0.340602844953537
17327	0.3406032621860504
17328	0.3406321704387665
17329	0.34063422679901123
17330	0.3406488597393036
17331	0.3406495153903961
17332	0.3406641185283661
17333	0.3406674563884735
17334	0.3406839370727539
17335	0.34068793058395386
17336	0.34075260162353516
17337	0.3407781720161438
17338	0.3408198654651642
17339	0.3408217132091522
17340	0.34082767367362976
17341	0.3408636748790741
17342	0.34086957573890686
17343	0.34087273478507996
17344	0.3408736288547516
17345	0.3408741056919098
17346	0.3408783972263336
17347	0.34089145064353943
17348	0.34092405438423157
17349	0.3409271240234375
17350	0.3409416675567627
17351	0.3409954011440277
17352	0.3410290777683258
17353	0.3410347104072571
17354	0.3410348892211914
17355	0.3410530686378479
17356	0.34105488657951355
17357	0.3410758376121521
17358	0.3410801291465759
17359	0.34109067916870117
17360	0.3410972058773041
17361	0.3411063253879547
17362	0.34110766649246216
17363	0.3411097824573517
17364	0.34111112356185913
17365	0.3411189317703247
17366	0.3411330282688141
17367	0.34113678336143494
17368	0.3411503732204437
17369	0.3411509692668915
17370	0.34115126729011536
17371	0.3411600589752197
17372	0.34116455912590027
17373	0.3411655128002167
17374	0.34116679430007935
17375	0.3411915600299835
17376	0.34119805693626404
17377	0.34120017290115356
17378	0.34120360016822815
17379	0.3412042260169983
17380	0.34122219681739807
17381	0.34123900532722473
17382	0.34125879406929016
17383	0.34127628803253174
17384	0.3412778675556183
17385	0.3412778675556183
17386	0.3412850499153137
17387	0.3412933945655823
17388	0.34129589796066284
17389	0.341300904750824
17390	0.34130486845970154
17391	0.3413184881210327
17392	0.3413260579109192
17393	0.3413413465023041
17394	0.34139174222946167
17395	0.34139230847358704
17396	0.34139806032180786
17397	0.3414073884487152
17398	0.34141016006469727
17399	0.3414231538772583
17400	0.34143078327178955
17401	0.3414411246776581
17402	0.341463565826416
17403	0.34147021174430847
17404	0.3414837121963501
17405	0.3414856195449829
17406	0.34149590134620667
17407	0.34152090549468994
17408	0.3415219485759735
17409	0.34152328968048096
17410	0.3415246903896332
17411	0.3415502905845642
17412	0.3415626883506775
17413	0.34156644344329834
17414	0.34156689047813416
17415	0.34158509969711304
17416	0.34159183502197266
17417	0.341615229845047
17418	0.3416171073913574
17419	0.3416196405887604
17420	0.34168028831481934
17421	0.34168165922164917
17422	0.3416990339756012
17423	0.3417145311832428
17424	0.3417181670665741
17425	0.34172844886779785
17426	0.34173572063446045
17427	0.34173640608787537
17428	0.3417373299598694
17429	0.3417556881904602
17430	0.3417648673057556
17431	0.3417915999889374
17432	0.3417997360229492
17433	0.3418152630329132
17434	0.34182143211364746
17435	0.3418216109275818
17436	0.3418251872062683
17437	0.34182655811309814
17438	0.3418291211128235
17439	0.3418373465538025
17440	0.34183892607688904
17441	0.34186115860939026
17442	0.3418675363063812
17443	0.34188804030418396
17444	0.3418884873390198
17445	0.34189319610595703
17446	0.3419097065925598
17447	0.34192413091659546
17448	0.3419324457645416
17449	0.3419347107410431
17450	0.34197986125946045
17451	0.3419925570487976
17452	0.34200018644332886
17453	0.3420005738735199
17454	0.3420097529888153
17455	0.3420152962207794
17456	0.3420168459415436
17457	0.3420177698135376
17458	0.34203609824180603
17459	0.34204521775245667
17460	0.34204578399658203
17461	0.34204766154289246
17462	0.34205931425094604
17463	0.3420964777469635
17464	0.34210172295570374
17465	0.3421075940132141
17466	0.3421107232570648
17467	0.3421230614185333
17468	0.34212544560432434
17469	0.34212860465049744
17470	0.34214285016059875
17471	0.34215298295021057
17472	0.34216222167015076
17473	0.3421725630760193
17474	0.3421972393989563
17475	0.3422001004219055
17476	0.34221258759498596
17477	0.3422302305698395
17478	0.3422313630580902
17479	0.34223783016204834
17480	0.34223854541778564
17481	0.3422439396381378
17482	0.3422453999519348
17483	0.3422456383705139
17484	0.34225335717201233
17485	0.3422558009624481
17486	0.3422572612762451
17487	0.3422708511352539
17488	0.3422718346118927
17489	0.34227365255355835
17490	0.34227457642555237
17491	0.3422754406929016
17492	0.3422779142856598
17493	0.3422785997390747
17494	0.34230509400367737
17495	0.3423098623752594
17496	0.3423115611076355
17497	0.34233468770980835
17498	0.3423493206501007
17499	0.3423509895801544
17500	0.3423515558242798
17501	0.34239494800567627
17502	0.3424312174320221
17503	0.34243687987327576
17504	0.34245815873146057
17505	0.342475026845932
17506	0.34247833490371704
17507	0.3425165116786957
17508	0.3425459563732147
17509	0.34255024790763855
17510	0.34255078434944153
17511	0.34255194664001465
17512	0.3425590693950653
17513	0.3425658941268921
17514	0.34257009625434875
17515	0.342570960521698
17516	0.34257176518440247
17517	0.34258320927619934
17518	0.34261050820350647
17519	0.3426177501678467
17520	0.34262070059776306
17521	0.34268543124198914
17522	0.3426859974861145
17523	0.34269097447395325
17524	0.3426954746246338
17525	0.34269872307777405
17526	0.34270530939102173
17527	0.3427077531814575
17528	0.3427162766456604
17529	0.34272125363349915
17530	0.34273818135261536
17531	0.3427724540233612
17532	0.3427773714065552
17533	0.3428010046482086
17534	0.34284213185310364
17535	0.3428477346897125
17536	0.34284937381744385
17537	0.34284961223602295
17538	0.3428635001182556
17539	0.3428667187690735
17540	0.3428771495819092
17541	0.3428778052330017
17542	0.3428798019886017
17543	0.3429015874862671
17544	0.34290367364883423
17545	0.3429071307182312
17546	0.34290802478790283
17547	0.3429163992404938
17548	0.34291669726371765
17549	0.342916876077652
17550	0.3429185748100281
17551	0.3429194390773773
17552	0.34292691946029663
17553	0.3429299294948578
17554	0.3429344594478607
17555	0.3429371416568756
17556	0.3429405093193054
17557	0.34295061230659485
17558	0.3429510295391083
17559	0.34295544028282166
17560	0.34297338128089905
17561	0.3429768681526184
17562	0.34297776222229004
17563	0.34299230575561523
17564	0.3430056869983673
17565	0.34300681948661804
17566	0.3430141508579254
17567	0.3430173099040985
17568	0.3430246114730835
17569	0.34304842352867126
17570	0.3430528938770294
17571	0.3430541157722473
17572	0.34306323528289795
17573	0.3430641293525696
17574	0.3430662155151367
17575	0.3430670201778412
17576	0.34307006001472473
17577	0.343079537153244
17578	0.3430848717689514
17579	0.3431034982204437
17580	0.34311598539352417
17581	0.34312891960144043
17582	0.34321075677871704
17583	0.3432132303714752
17584	0.34321877360343933
17585	0.3433644473552704
17586	0.34336864948272705
17587	0.34337201714515686
17588	0.34337279200553894
17589	0.34337377548217773
17590	0.34337642788887024
17591	0.34345781803131104
17592	0.34346166253089905
17593	0.3434687852859497
17594	0.34348225593566895
17595	0.3435174822807312
17596	0.3435192108154297
17597	0.3435256779193878
17598	0.34352660179138184
17599	0.3435267508029938
17600	0.3435303568840027
17601	0.34353184700012207
17602	0.34353411197662354
17603	0.34353578090667725
17604	0.343558669090271
17605	0.34355977177619934
17606	0.34356069564819336
17607	0.34356680512428284
17608	0.3435676693916321
17609	0.3435846269130707
17610	0.34358489513397217
17611	0.3436012864112854
17612	0.34362664818763733
17613	0.343633234500885
17614	0.343634694814682
17615	0.3436395525932312
17616	0.34364059567451477
17617	0.3436492085456848
17618	0.3436497747898102
17619	0.34367913007736206
17620	0.3436800241470337
17621	0.34368059039115906
17622	0.3436892330646515
17623	0.343689501285553
17624	0.34369683265686035
17625	0.343706876039505
17626	0.3437070846557617
17627	0.34372562170028687
17628	0.3437422513961792
17629	0.3437439203262329
17630	0.34374547004699707
17631	0.34376704692840576
17632	0.34377172589302063
17633	0.34378495812416077
17634	0.3437858521938324
17635	0.34378781914711
17636	0.34379124641418457
17637	0.34379348158836365
17638	0.34379810094833374
17639	0.34380823373794556
17640	0.34381091594696045
17641	0.34381115436553955
17642	0.34381359815597534
17643	0.3438180088996887
17644	0.3438185453414917
17645	0.3438253104686737
17646	0.3438264727592468
17647	0.3438416123390198
17648	0.34385576844215393
17649	0.34388500452041626
17650	0.3438975214958191
17651	0.34390363097190857
17652	0.3439112603664398
17653	0.34392791986465454
17654	0.3439372181892395
17655	0.34395578503608704
17656	0.343975305557251
17657	0.34397751092910767
17658	0.34402212500572205
17659	0.34403207898139954
17660	0.3440374433994293
17661	0.344041645526886
17662	0.34404537081718445
17663	0.3440459072589874
17664	0.34405064582824707
17665	0.3440546989440918
17666	0.34406450390815735
17667	0.3440692126750946
17668	0.3440742492675781
17669	0.34407734870910645
17670	0.3440774381160736
17671	0.34415099024772644
17672	0.34416380524635315
17673	0.3441678285598755
17674	0.34417688846588135
17675	0.34418046474456787
17676	0.34418386220932007
17677	0.344184011220932
17678	0.34430423378944397
17679	0.3443043828010559
17680	0.3443213403224945
17681	0.34432417154312134
17682	0.34433114528656006
17683	0.34433797001838684
17684	0.3443410098552704
17685	0.3443550765514374
17686	0.3443584740161896
17687	0.34436318278312683
17688	0.3443649113178253
17689	0.3443661630153656
17690	0.34436658024787903
17691	0.34436771273612976
17692	0.34437838196754456
17693	0.3443865180015564
17694	0.344397634267807
17695	0.3444003164768219
17696	0.3444020450115204
17697	0.344441294670105
17698	0.34444600343704224
17699	0.344449907541275
17700	0.3444506824016571
17701	0.34445512294769287
17702	0.3444857895374298
17703	0.3444982171058655
17704	0.34451550245285034
17705	0.34451907873153687
17706	0.344523161649704
17707	0.3445291221141815
17708	0.34453001618385315
17709	0.34453442692756653
17710	0.34453609585762024
17711	0.34453698992729187
17712	0.34453722834587097
17713	0.3445552885532379
17714	0.3445582091808319
17715	0.34456726908683777
17716	0.3445722758769989
17717	0.3446033298969269
17718	0.3446037769317627
17719	0.3446130156517029
17720	0.34461358189582825
17721	0.3446396589279175
17722	0.34467417001724243
17723	0.34467801451683044
17724	0.3446844518184662
17725	0.34469887614250183
17726	0.34470227360725403
17727	0.34470757842063904
17728	0.3447081744670868
17729	0.3447096347808838
17730	0.3447149097919464
17731	0.3447182774543762
17732	0.34471985697746277
17733	0.34472689032554626
17734	0.34473153948783875
17735	0.3447335362434387
17736	0.34473419189453125
17737	0.3447369337081909
17738	0.3447408974170685
17739	0.3447641134262085
17740	0.34476736187934875
17741	0.34476885199546814
17742	0.34477517008781433
17743	0.3447806239128113
17744	0.3448180556297302
17745	0.34481891989707947
17746	0.34481942653656006
17747	0.34483104944229126
17748	0.3448353111743927
17749	0.3448357582092285
17750	0.3448624908924103
17751	0.3448631763458252
17752	0.34487223625183105
17753	0.3448808789253235
17754	0.34488266706466675
17755	0.3449521064758301
17756	0.34497782588005066
17757	0.34499579668045044
17758	0.34500107169151306
17759	0.34500426054000854
17760	0.3450256884098053
17761	0.3450259268283844
17762	0.34505242109298706
17763	0.3450714945793152
17764	0.3450852632522583
17765	0.34508633613586426
17766	0.3450978398323059
17767	0.3451043367385864
17768	0.34510907530784607
17769	0.34511375427246094
17770	0.3451250195503235
17771	0.345125675201416
17772	0.34516188502311707
17773	0.3451627492904663
17774	0.34517747163772583
17775	0.3451903462409973
17776	0.34520286321640015
17777	0.34521883726119995
17778	0.34522634744644165
17779	0.34523841738700867
17780	0.34524017572402954
17781	0.3452734649181366
17782	0.3452754318714142
17783	0.3453082740306854
17784	0.34531405568122864
17785	0.3453335464000702
17786	0.34533366560935974
17787	0.3453355133533478
17788	0.3453364670276642
17789	0.3453393876552582
17790	0.3453464210033417
17791	0.34534797072410583
17792	0.34535086154937744
17793	0.34535592794418335
17794	0.34535738825798035
17795	0.3453579843044281
17796	0.34536173939704895
17797	0.34538397192955017
17798	0.34539225697517395
17799	0.345402330160141
17800	0.34540486335754395
17801	0.34541183710098267
17802	0.34542301297187805
17803	0.3454322814941406
17804	0.3454344570636749
17805	0.3454534113407135
17806	0.3454623520374298
17807	0.34546324610710144
17808	0.3454746901988983
17809	0.3454759418964386
17810	0.3454771041870117
17811	0.3454955220222473
17812	0.34549883008003235
17813	0.34550741314888
17814	0.34551942348480225
17815	0.3455272912979126
17816	0.34553101658821106
17817	0.34553956985473633
17818	0.34555405378341675
17819	0.3455663323402405
17820	0.34557101130485535
17821	0.34558647871017456
17822	0.34558653831481934
17823	0.3455907702445984
17824	0.34559711813926697
17825	0.34560853242874146
17826	0.34560948610305786
17827	0.3456099331378937
17828	0.3456132709980011
17829	0.3456134498119354
17830	0.3456152081489563
17831	0.3456568419933319
17832	0.3456622064113617
17833	0.345673531293869
17834	0.3456801772117615
17835	0.34568190574645996
17836	0.3456873893737793
17837	0.3456938564777374
17838	0.3456958830356598
17839	0.34569746255874634
17840	0.34570157527923584
17841	0.3457103669643402
17842	0.34571442008018494
17843	0.3457162380218506
17844	0.34572678804397583
17845	0.3457372486591339
17846	0.34574127197265625
17847	0.34577280282974243
17848	0.3457770049571991
17849	0.3457777798175812
17850	0.34578007459640503
17851	0.34579896926879883
17852	0.34580302238464355
17853	0.34580931067466736
17854	0.345816433429718
17855	0.34583061933517456
17856	0.34586814045906067
17857	0.3458869457244873
17858	0.3458942770957947
17859	0.3459056317806244
17860	0.3459087610244751
17861	0.3459153175354004
17862	0.34592631459236145
17863	0.3459418714046478
17864	0.3459435701370239
17865	0.3459526300430298
17866	0.3459542989730835
17867	0.3460090756416321
17868	0.34600991010665894
17869	0.3460242450237274
17870	0.34602466225624084
17871	0.34603351354599
17872	0.34608539938926697
17873	0.3460986018180847
17874	0.34609872102737427
17875	0.34610775113105774
17876	0.34611421823501587
17877	0.34611937403678894
17878	0.3461225926876068
17879	0.3461233973503113
17880	0.3461451828479767
17881	0.34614595770835876
17882	0.34614691138267517
17883	0.34615758061408997
17884	0.3461645245552063
17885	0.34616467356681824
17886	0.34616565704345703
17887	0.34620076417922974
17888	0.3462027907371521
17889	0.34620386362075806
17890	0.34620875120162964
17891	0.3462110757827759
17892	0.3462400436401367
17893	0.34625592827796936
17894	0.3462585508823395
17895	0.34626567363739014
17896	0.3462691009044647
17897	0.34627583622932434
17898	0.34627869725227356
17899	0.34628039598464966
17900	0.3462843596935272
17901	0.3462868928909302
17902	0.34628698229789734
17903	0.34628790616989136
17904	0.34629151225090027
17905	0.34629228711128235
17906	0.346353679895401
17907	0.34635645151138306
17908	0.34637022018432617
17909	0.34637388586997986
17910	0.346378892660141
17911	0.34640365839004517
17912	0.34640559554100037
17913	0.3464086949825287
17914	0.34640878438949585
17915	0.34641173481941223
17916	0.34641924500465393
17917	0.34642931818962097
17918	0.34643617272377014
17919	0.3464411199092865
17920	0.3464415669441223
17921	0.3464582860469818
17922	0.3464641869068146
17923	0.346466064453125
17924	0.3464663326740265
17925	0.3464687764644623
17926	0.34647220373153687
17927	0.34648028016090393
17928	0.34648898243904114
17929	0.346502423286438
17930	0.34654584527015686
17931	0.34654635190963745
17932	0.34655138850212097
17933	0.34655195474624634
17934	0.34655365347862244
17935	0.34656012058258057
17936	0.3465615510940552
17937	0.34657177329063416
17938	0.34661340713500977
17939	0.34665122628211975
17940	0.34666281938552856
17941	0.3466639816761017
17942	0.34666764736175537
17943	0.34666869044303894
17944	0.3466746509075165
17945	0.3466949462890625
17946	0.346696674823761
17947	0.34671151638031006
17948	0.34671640396118164
17949	0.3467179536819458
17950	0.3467225134372711
17951	0.3467552661895752
17952	0.346760094165802
17953	0.34677761793136597
17954	0.34678781032562256
17955	0.3467988073825836
17956	0.3468063473701477
17957	0.3468087613582611
17958	0.34681183099746704
17959	0.34683215618133545
17960	0.34684816002845764
17961	0.34684836864471436
17962	0.34684860706329346
17963	0.3468906581401825
17964	0.34689968824386597
17965	0.34690845012664795
17966	0.3469158411026001
17967	0.3469170331954956
17968	0.3469202518463135
17969	0.3469220697879791
17970	0.34693628549575806
17971	0.34693729877471924
17972	0.34694069623947144
17973	0.3469574749469757
17974	0.3469914495944977
17975	0.3469953238964081
17976	0.346996009349823
17977	0.3469981849193573
17978	0.34699875116348267
17979	0.34704917669296265
17980	0.3470536470413208
17981	0.34706437587738037
17982	0.3470708429813385
17983	0.3470720648765564
17984	0.3471508026123047
17985	0.3471530079841614
17986	0.34715360403060913
17987	0.34716448187828064
17988	0.3471706211566925
17989	0.34719616174697876
17990	0.3471977412700653
17991	0.34723612666130066
17992	0.3472505807876587
17993	0.34725356101989746
17994	0.3472670614719391
17995	0.3472786545753479
17996	0.347278892993927
17997	0.34728187322616577
17998	0.34728777408599854
17999	0.34730064868927
18000	0.34731343388557434
18001	0.3473164141178131
18002	0.34732022881507874
18003	0.3473285138607025
18004	0.34734103083610535
18005	0.3473511338233948
18006	0.3473649322986603
18007	0.3473714292049408
18008	0.3473798334598541
18009	0.34738484025001526
18010	0.3473866879940033
18011	0.34738829731941223
18012	0.34739407896995544
18013	0.34739699959754944
18014	0.347409725189209
18015	0.3474116623401642
18016	0.34741753339767456
18017	0.34742632508277893
18018	0.34748756885528564
18019	0.34748801589012146
18020	0.34749045968055725
18021	0.3474943935871124
18022	0.3474964499473572
18023	0.3474999666213989
18024	0.3475005328655243
18025	0.34750157594680786
18026	0.34750896692276
18027	0.3475208878517151
18028	0.3475504517555237
18029	0.34756481647491455
18030	0.3475661277770996
18031	0.3475751578807831
18032	0.3475790321826935
18033	0.3475813865661621
18034	0.3475821912288666
18035	0.34758588671684265
18036	0.3475894629955292
18037	0.34761542081832886
18038	0.3476174473762512
18039	0.34762176871299744
18040	0.34762755036354065
18041	0.3476610779762268
18042	0.3476768136024475
18043	0.347693532705307
18044	0.3476952910423279
18045	0.34770604968070984
18046	0.3477120101451874
18047	0.347800612449646
18048	0.34780189394950867
18049	0.3478063642978668
18050	0.34780728816986084
18051	0.34780874848365784
18052	0.3478110730648041
18053	0.3478274345397949
18054	0.34783023595809937
18055	0.3478386402130127
18056	0.3478405475616455
18057	0.34784767031669617
18058	0.3478511571884155
18059	0.3478623926639557
18060	0.3478717505931854
18061	0.3478754162788391
18062	0.34790515899658203
18063	0.34790563583374023
18064	0.34791505336761475
18065	0.347933292388916
18066	0.34793931245803833
18067	0.34795448184013367
18068	0.3479647636413574
18069	0.3479718863964081
18070	0.34798476099967957
18071	0.3480358421802521
18072	0.34803617000579834
18073	0.3480408787727356
18074	0.3480416238307953
18075	0.3480457663536072
18076	0.34804731607437134
18077	0.3480479121208191
18078	0.3480495512485504
18079	0.348065048456192
18080	0.3480690121650696
18081	0.3480844497680664
18082	0.34810084104537964
18083	0.3481023609638214
18084	0.34810274839401245
18085	0.3481098711490631
18086	0.3481214940547943
18087	0.348135381937027
18088	0.348136842250824
18089	0.3481462597846985
18090	0.34814968705177307
18091	0.34815049171447754
18092	0.34815192222595215
18093	0.34815531969070435
18094	0.3481597304344177
18095	0.3481608033180237
18096	0.34816327691078186
18097	0.34817007184028625
18098	0.34818413853645325
18099	0.3481888771057129
18100	0.3482123017311096
18101	0.34821319580078125
18102	0.34822696447372437
18103	0.3482377529144287
18104	0.34823960065841675
18105	0.3482406735420227
18106	0.3482489585876465
18107	0.3482499420642853
18108	0.3482818007469177
18109	0.34828701615333557
18110	0.3482975363731384
18111	0.3483005464076996
18112	0.3483177125453949
18113	0.3483210802078247
18114	0.34832221269607544
18115	0.3483411371707916
18116	0.3483418822288513
18117	0.34834253787994385
18118	0.3483433127403259
18119	0.34834742546081543
18120	0.3483629524707794
18121	0.348370760679245
18122	0.3483729362487793
18123	0.3483819365501404
18124	0.3483954668045044
18125	0.3484029173851013
18126	0.34843236207962036
18127	0.34843823313713074
18128	0.34844183921813965
18129	0.34844300150871277
18130	0.34845784306526184
18131	0.34846067428588867
18132	0.34846097230911255
18133	0.3484669029712677
18134	0.3484790623188019
18135	0.34848552942276
18136	0.34850096702575684
18137	0.3485308587551117
18138	0.34853309392929077
18139	0.34856870770454407
18140	0.3485853374004364
18141	0.348684161901474
18142	0.34870365262031555
18143	0.34870392084121704
18144	0.3487081825733185
18145	0.3487110435962677
18146	0.3487129211425781
18147	0.3487280309200287
18148	0.3487337827682495
18149	0.348736435174942
18150	0.34874066710472107
18151	0.348744660615921
18152	0.34878087043762207
18153	0.34878140687942505
18154	0.3487928807735443
18155	0.34882652759552
18156	0.34883129596710205
18157	0.3488355875015259
18158	0.34887829422950745
18159	0.3488788902759552
18160	0.34888264536857605
18161	0.3489139676094055
18162	0.34891659021377563
18163	0.34892210364341736
18164	0.34892240166664124
18165	0.34892570972442627
18166	0.34892767667770386
18167	0.34894639253616333
18168	0.34895020723342896
18169	0.3489551246166229
18170	0.34895679354667664
18171	0.34896570444107056
18172	0.34900641441345215
18173	0.34901076555252075
18174	0.34902194142341614
18175	0.34902724623680115
18176	0.34903275966644287
18177	0.3490593433380127
18178	0.3490595817565918
18179	0.34906643629074097
18180	0.3490673303604126
18181	0.34907466173171997
18182	0.3490774929523468
18183	0.349077969789505
18184	0.3490815758705139
18185	0.34908297657966614
18186	0.3490837812423706
18187	0.3490844964981079
18188	0.3490920066833496
18189	0.3490963280200958
18190	0.34909749031066895
18191	0.3490978479385376
18192	0.34913232922554016
18193	0.34914013743400574
18194	0.34914106130599976
18195	0.3491741716861725
18196	0.34917569160461426
18197	0.3491785228252411
18198	0.3491794168949127
18199	0.3491799831390381
18200	0.34919899702072144
18201	0.3492071330547333
18202	0.34921443462371826
18203	0.3492167890071869
18204	0.34924188256263733
18205	0.34926170110702515
18206	0.34928983449935913
18207	0.34930419921875
18208	0.3493136167526245
18209	0.3493175208568573
18210	0.3493177592754364
18211	0.3493228852748871
18212	0.34932324290275574
18213	0.349330335855484
18214	0.34934911131858826
18215	0.3493500351905823
18216	0.34935685992240906
18217	0.34935879707336426
18218	0.3493681252002716
18219	0.3493775725364685
18220	0.349384605884552
18221	0.34939348697662354
18222	0.3493958115577698
18223	0.3494027256965637
18224	0.34940284490585327
18225	0.3494131863117218
18226	0.3494199514389038
18227	0.34942522644996643
18228	0.3494301438331604
18229	0.3494355082511902
18230	0.3494523763656616
18231	0.34946030378341675
18232	0.3494618237018585
18233	0.3494711220264435
18234	0.3494729697704315
18235	0.34947675466537476
18236	0.3494793474674225
18237	0.34948453307151794
18238	0.3494942784309387
18239	0.3494962453842163
18240	0.34949958324432373
18241	0.34950193762779236
18242	0.34950196743011475
18243	0.34950870275497437
18244	0.3495522141456604
18245	0.349598228931427
18246	0.349730521440506
18247	0.34974658489227295
18248	0.34976866841316223
18249	0.3498002886772156
18250	0.3498055934906006
18251	0.3498133420944214
18252	0.3498315215110779
18253	0.34984374046325684
18254	0.3498658537864685
18255	0.34986987709999084
18256	0.3498716652393341
18257	0.3498905599117279
18258	0.3498953878879547
18259	0.3498978018760681
18260	0.3499026298522949
18261	0.3499038815498352
18262	0.3499090075492859
18263	0.34991106390953064
18264	0.3499283194541931
18265	0.3499322831630707
18266	0.3499367833137512
18267	0.34994104504585266
18268	0.34994304180145264
18269	0.3500029146671295
18270	0.350004106760025
18271	0.35000547766685486
18272	0.3500087559223175
18273	0.35001736879348755
18274	0.35002395510673523
18275	0.35002660751342773
18276	0.35002967715263367
18277	0.3500351309776306
18278	0.3500371277332306
18279	0.35004106163978577
18280	0.35004866123199463
18281	0.35006362199783325
18282	0.3500668704509735
18283	0.35007867217063904
18284	0.3500838279724121
18285	0.3501315414905548
18286	0.3501351773738861
18287	0.3501373529434204
18288	0.3501414954662323
18289	0.3501428961753845
18290	0.35014453530311584
18291	0.3501597046852112
18292	0.3501698672771454
18293	0.35017386078834534
18294	0.3501741290092468
18295	0.35017457604408264
18296	0.35018280148506165
18297	0.3501897156238556
18298	0.35020220279693604
18299	0.35021495819091797
18300	0.3502175509929657
18301	0.35021910071372986
18302	0.35024333000183105
18303	0.35025152564048767
18304	0.35025617480278015
18305	0.35029593110084534
18306	0.3502984046936035
18307	0.35030946135520935
18308	0.35031160712242126
18309	0.3503420948982239
18310	0.3503432869911194
18311	0.35034582018852234
18312	0.35034888982772827
18313	0.35034915804862976
18314	0.3503502607345581
18315	0.35035642981529236
18316	0.3503574728965759
18317	0.35036367177963257
18318	0.35037606954574585
18319	0.35037946701049805
18320	0.350384384393692
18321	0.35039016604423523
18322	0.35039040446281433
18323	0.3504103422164917
18324	0.35043612122535706
18325	0.35044270753860474
18326	0.35045289993286133
18327	0.35045650601387024
18328	0.35045766830444336
18329	0.3504606783390045
18330	0.3504628837108612
18331	0.350464791059494
18332	0.350464791059494
18333	0.35048794746398926
18334	0.3504885733127594
18335	0.3505036234855652
18336	0.35050538182258606
18337	0.35051339864730835
18338	0.35051557421684265
18339	0.35052230954170227
18340	0.3505229949951172
18341	0.35053199529647827
18342	0.3505474328994751
18343	0.35055094957351685
18344	0.35055479407310486
18345	0.3505590856075287
18346	0.3505679965019226
18347	0.35059577226638794
18348	0.35062116384506226
18349	0.3506432771682739
18350	0.35065025091171265
18351	0.3506530821323395
18352	0.3506537675857544
18353	0.35065537691116333
18354	0.3506561815738678
18355	0.35066357254981995
18356	0.3506845235824585
18357	0.35068827867507935
18358	0.35069215297698975
18359	0.3506968021392822
18360	0.35069772601127625
18361	0.35070011019706726
18362	0.3507031500339508
18363	0.35071510076522827
18364	0.3507257103919983
18365	0.350728303194046
18366	0.35074880719184875
18367	0.3507518470287323
18368	0.35075703263282776
18369	0.3507574498653412
18370	0.35076573491096497
18371	0.3507723808288574
18372	0.3508567810058594
18373	0.35085800290107727
18374	0.35086217522621155
18375	0.3508637547492981
18376	0.35086512565612793
18377	0.350913405418396
18378	0.35091519355773926
18379	0.35092461109161377
18380	0.3509424328804016
18381	0.3509482443332672
18382	0.35095083713531494
18383	0.3509870767593384
18384	0.3509877622127533
18385	0.3509905934333801
18386	0.3509925603866577
18387	0.3510152995586395
18388	0.3510717451572418
18389	0.351073682308197
18390	0.35107648372650146
18391	0.3510788679122925
18392	0.35108235478401184
18393	0.3510916531085968
18394	0.35109516978263855
18395	0.35109713673591614
18396	0.3511067032814026
18397	0.3511785566806793
18398	0.351183146238327
18399	0.3511835038661957
18400	0.35118624567985535
18401	0.3511965274810791
18402	0.3511974513530731
18403	0.3512033224105835
18404	0.35120677947998047
18405	0.3512246012687683
18406	0.35123929381370544
18407	0.35124918818473816
18408	0.3512546420097351
18409	0.3512553870677948
18410	0.35125699639320374
18411	0.3512590527534485
18412	0.3512619733810425
18413	0.35126665234565735
18414	0.35126757621765137
18415	0.3512689471244812
18416	0.3512744605541229
18417	0.3512786626815796
18418	0.35129067301750183
18419	0.3513103723526001
18420	0.35139405727386475
18421	0.3514295518398285
18422	0.35142964124679565
18423	0.35144010186195374
18424	0.3514421582221985
18425	0.3514424264431
18426	0.3514435589313507
18427	0.3514900207519531
18428	0.3515052795410156
18429	0.35150688886642456
18430	0.3515070378780365
18431	0.3515092134475708
18432	0.35151439905166626
18433	0.3515161871910095
18434	0.3515172302722931
18435	0.3515198230743408
18436	0.3515767455101013
18437	0.35157710313796997
18438	0.351582407951355
18439	0.35159391164779663
18440	0.35159406065940857
18441	0.35161465406417847
18442	0.3516290783882141
18443	0.35164976119995117
18444	0.35165947675704956
18445	0.35166284441947937
18446	0.35167747735977173
18447	0.351688951253891
18448	0.3516893684864044
18449	0.3516904413700104
18450	0.35169148445129395
18451	0.35170862078666687
18452	0.35171782970428467
18453	0.3517199456691742
18454	0.35172387957572937
18455	0.3517259955406189
18456	0.3517443537712097
18457	0.35176563262939453
18458	0.351775586605072
18459	0.3517864942550659
18460	0.3518100678920746
18461	0.35182449221611023
18462	0.35182657837867737
18463	0.3518304228782654
18464	0.35183924436569214
18465	0.3518424928188324
18466	0.35184532403945923
18467	0.3518454432487488
18468	0.3518461287021637
18469	0.3518773913383484
18470	0.3518780469894409
18471	0.35188671946525574
18472	0.35188719630241394
18473	0.35191476345062256
18474	0.351915180683136
18475	0.35192859172821045
18476	0.3519369959831238
18477	0.35193946957588196
18478	0.3519550859928131
18479	0.3519844710826874
18480	0.3520064055919647
18481	0.35200878977775574
18482	0.35201096534729004
18483	0.3520125448703766
18484	0.35201796889305115
18485	0.3520216941833496
18486	0.3520316481590271
18487	0.3520369529724121
18488	0.3520386219024658
18489	0.35204461216926575
18490	0.3520458936691284
18491	0.35204631090164185
18492	0.35205981135368347
18493	0.3520655930042267
18494	0.35208210349082947
18495	0.35208749771118164
18496	0.35210540890693665
18497	0.3521130084991455
18498	0.352113276720047
18499	0.35211342573165894
18500	0.3521226942539215
18501	0.3521435558795929
18502	0.35215553641319275
18503	0.3521575331687927
18504	0.35215792059898376
18505	0.35216692090034485
18506	0.3521704375743866
18507	0.3521725833415985
18508	0.35218822956085205
18509	0.35219472646713257
18510	0.35220402479171753
18511	0.3522300720214844
18512	0.35223057866096497
18513	0.3522394597530365
18514	0.35230106115341187
18515	0.35230332612991333
18516	0.3523115813732147
18517	0.3523123860359192
18518	0.3523150384426117
18519	0.35232606530189514
18520	0.35233423113822937
18521	0.3523382246494293
18522	0.3523426949977875
18523	0.3523429036140442
18524	0.35234370827674866
18525	0.3523485064506531
18526	0.3523505628108978
18527	0.35235148668289185
18528	0.352362722158432
18529	0.3523704707622528
18530	0.35237470269203186
18531	0.3523798882961273
18532	0.3523825705051422
18533	0.3523963689804077
18534	0.35240501165390015
18535	0.35241103172302246
18536	0.35241609811782837
18537	0.35243889689445496
18538	0.3524424433708191
18539	0.3524528443813324
18540	0.3524550199508667
18541	0.3524550199508667
18542	0.35246768593788147
18543	0.35246917605400085
18544	0.35252147912979126
18545	0.3525303900241852
18546	0.3525380492210388
18547	0.3525494635105133
18548	0.3525697588920593
18549	0.3525705933570862
18550	0.35258162021636963
18551	0.3525962233543396
18552	0.35260504484176636
18553	0.3526056706905365
18554	0.3526092767715454
18555	0.3526434004306793
18556	0.3526584506034851
18557	0.35266074538230896
18558	0.3526628613471985
18559	0.35266634821891785
18560	0.35267192125320435
18561	0.3526727557182312
18562	0.35267800092697144
18563	0.3526860177516937
18564	0.3526908755302429
18565	0.3526964783668518
18566	0.3527000844478607
18567	0.3527003824710846
18568	0.3527103364467621
18569	0.3527124524116516
18570	0.3527188003063202
18571	0.3527592122554779
18572	0.35278835892677307
18573	0.35282111167907715
18574	0.3528273403644562
18575	0.3528320789337158
18576	0.35285598039627075
18577	0.3528609871864319
18578	0.35291704535484314
18579	0.3529244661331177
18580	0.3529300391674042
18581	0.3529342710971832
18582	0.352940171957016
18583	0.35294121503829956
18584	0.3529430627822876
18585	0.3529846668243408
18586	0.3529898226261139
18587	0.35304006934165955
18588	0.35304808616638184
18589	0.3531478941440582
18590	0.3531482517719269
18591	0.3531510829925537
18592	0.3531549572944641
18593	0.3531878590583801
18594	0.3532184958457947
18595	0.35321924090385437
18596	0.35323479771614075
18597	0.35325002670288086
18598	0.3532501459121704
18599	0.3532651662826538
18600	0.3532656729221344
18601	0.35327452421188354
18602	0.3532971143722534
18603	0.3533003330230713
18604	0.3533024489879608
18605	0.35330477356910706
18606	0.35330915451049805
18607	0.3533094823360443
18608	0.35331428050994873
18609	0.3533349931240082
18610	0.35333770513534546
18611	0.3533397614955902
18612	0.3533414304256439
18613	0.35334280133247375
18614	0.3533446788787842
18615	0.35334521532058716
18616	0.35335105657577515
18617	0.35336926579475403
18618	0.3533842861652374
18619	0.35338494181632996
18620	0.35339269042015076
18621	0.35339605808258057
18622	0.3534049689769745
18623	0.3534053564071655
18624	0.3534105122089386
18625	0.3534415662288666
18626	0.35345810651779175
18627	0.35351264476776123
18628	0.35351473093032837
18629	0.35354000329971313
18630	0.3535425364971161
18631	0.3535437285900116
18632	0.353568971157074
18633	0.3535749614238739
18634	0.35357755422592163
18635	0.3535780906677246
18636	0.3536027669906616
18637	0.35360822081565857
18638	0.35361042618751526
18639	0.3536105751991272
18640	0.35362672805786133
18641	0.3536268174648285
18642	0.35364246368408203
18643	0.3536505401134491
18644	0.35365116596221924
18645	0.3536575138568878
18646	0.35366761684417725
18647	0.3536781072616577
18648	0.3536868989467621
18649	0.35368984937667847
18650	0.3536946475505829
18651	0.35370469093322754
18652	0.3537132441997528
18653	0.3537159562110901
18654	0.3537481129169464
18655	0.3537505269050598
18656	0.3537602722644806
18657	0.35376524925231934
18658	0.35377371311187744
18659	0.3537878394126892
18660	0.35380926728248596
18661	0.35381031036376953
18662	0.35381126403808594
18663	0.35381993651390076
18664	0.3538263440132141
18665	0.35382717847824097
18666	0.35383275151252747
18667	0.35383379459381104
18668	0.3538419008255005
18669	0.3538457751274109
18670	0.3538527190685272
18671	0.3538602292537689
18672	0.35387155413627625
18673	0.3538764715194702
18674	0.35387787222862244
18675	0.353880912065506
18676	0.3538830578327179
18677	0.3538857102394104
18678	0.3538866937160492
18679	0.35389289259910583
18680	0.3538956046104431
18681	0.35389935970306396
18682	0.3539038598537445
18683	0.3539104461669922
18684	0.35391703248023987
18685	0.35393083095550537
18686	0.3539351224899292
18687	0.35396724939346313
18688	0.3539709150791168
18689	0.3539716303348541
18690	0.35398340225219727
18691	0.3540036678314209
18692	0.35401052236557007
18693	0.35402536392211914
18694	0.3540320098400116
18695	0.35403668880462646
18696	0.3540462553501129
18697	0.3540475368499756
18698	0.35405096411705017
18699	0.35405433177948
18700	0.3540557622909546
18701	0.35405784845352173
18702	0.3540598154067993
18703	0.35409435629844666
18704	0.35410118103027344
18705	0.35410603880882263
18706	0.354117214679718
18707	0.35412120819091797
18708	0.354121595621109
18709	0.35412344336509705
18710	0.3541255295276642
18711	0.354133665561676
18712	0.35414940118789673
18713	0.3541506826877594
18714	0.3541576862335205
18715	0.3541591167449951
18716	0.3541698157787323
18717	0.35417354106903076
18718	0.3541904091835022
18719	0.354203462600708
18720	0.3542161285877228
18721	0.35422655940055847
18722	0.3542301058769226
18723	0.35423025488853455
18724	0.35424965620040894
18725	0.3542502820491791
18726	0.3543098568916321
18727	0.3543144464492798
18728	0.35431593656539917
18729	0.3543321192264557
18730	0.3543418049812317
18731	0.3543422222137451
18732	0.35434338450431824
18733	0.35434553027153015
18734	0.3543474078178406
18735	0.3543785512447357
18736	0.35438239574432373
18737	0.35438272356987
18738	0.3543948531150818
18739	0.3544044494628906
18740	0.3544076085090637
18741	0.3544098138809204
18742	0.35440993309020996
18743	0.35441166162490845
18744	0.35443153977394104
18745	0.35443463921546936
18746	0.3544449210166931
18747	0.3544503152370453
18748	0.35447990894317627
18749	0.3544934093952179
18750	0.35450008511543274
18751	0.3545011281967163
18752	0.35450708866119385
18753	0.3545134663581848
18754	0.3545198440551758
18755	0.3545316755771637
18756	0.35453373193740845
18757	0.354537695646286
18758	0.35454437136650085
18759	0.354547917842865
18760	0.35455337166786194
18761	0.35456445813179016
18762	0.3545866906642914
18763	0.35458752512931824
18764	0.35458773374557495
18765	0.35459092259407043
18766	0.354591429233551
18767	0.35459229350090027
18768	0.3546018600463867
18769	0.3546101450920105
18770	0.354611873626709
18771	0.35461336374282837
18772	0.3546237349510193
18773	0.3546324670314789
18774	0.3546362519264221
18775	0.35465872287750244
18776	0.3546590507030487
18777	0.35467103123664856
18778	0.3546857535839081
18779	0.35468679666519165
18780	0.35469934344291687
18781	0.35472986102104187
18782	0.35473117232322693
18783	0.35477152466773987
18784	0.3547728657722473
18785	0.3547753691673279
18786	0.3547794222831726
18787	0.3547845482826233
18788	0.35480251908302307
18789	0.35480451583862305
18790	0.3548416197299957
18791	0.35484251379966736
18792	0.354848176240921
18793	0.3548526167869568
18794	0.35486868023872375
18795	0.35486939549446106
18796	0.35487282276153564
18797	0.35488030314445496
18798	0.35488301515579224
18799	0.35489556193351746
18800	0.35489577054977417
18801	0.3549651503562927
18802	0.3549683094024658
18803	0.354979544878006
18804	0.35499393939971924
18805	0.35499894618988037
18806	0.35499998927116394
18807	0.3550034165382385
18808	0.35500937700271606
18809	0.35501527786254883
18810	0.35501542687416077
18811	0.3550189435482025
18812	0.3550204038619995
18813	0.3551315665245056
18814	0.35513967275619507
18815	0.3551447093486786
18816	0.3551470935344696
18817	0.3551475405693054
18818	0.3551529049873352
18819	0.3551684319972992
18820	0.35518866777420044
18821	0.35518983006477356
18822	0.3551916480064392
18823	0.3551967442035675
18824	0.3552117943763733
18825	0.35521671175956726
18826	0.35522571206092834
18827	0.3552264869213104
18828	0.35522696375846863
18829	0.35525086522102356
18830	0.3552524447441101
18831	0.35525795817375183
18832	0.35526418685913086
18833	0.3552689552307129
18834	0.35527196526527405
18835	0.3552723824977875
18836	0.35530969500541687
18837	0.3553304076194763
18838	0.35533204674720764
18839	0.3553437292575836
18840	0.35535719990730286
18841	0.3553643822669983
18842	0.35537809133529663
18843	0.35537824034690857
18844	0.35539180040359497
18845	0.3554011285305023
18846	0.35541534423828125
18847	0.3554225265979767
18848	0.3554263710975647
18849	0.35546571016311646
18850	0.35548049211502075
18851	0.3554822504520416
18852	0.35548296570777893
18853	0.3554899990558624
18854	0.3554967939853668
18855	0.35549789667129517
18856	0.3555053770542145
18857	0.3555067479610443
18858	0.35550928115844727
18859	0.3555121123790741
18860	0.35553520917892456
18861	0.3555562198162079
18862	0.35556235909461975
18863	0.3555668890476227
18864	0.3555697202682495
18865	0.3555700480937958
18866	0.3555741310119629
18867	0.355575293302536
18868	0.3555833697319031
18869	0.3555840849876404
18870	0.3555876314640045
18871	0.3555956482887268
18872	0.3555961549282074
18873	0.355608195066452
18874	0.3556326925754547
18875	0.35563328862190247
18876	0.35563865303993225
18877	0.35564863681793213
18878	0.3556513488292694
18879	0.35571086406707764
18880	0.3557108938694
18881	0.35573071241378784
18882	0.35574209690093994
18883	0.3557531535625458
18884	0.35575997829437256
18885	0.3557685613632202
18886	0.35577020049095154
18887	0.3557767868041992
18888	0.35578304529190063
18889	0.35585489869117737
18890	0.3558809757232666
18891	0.355882853269577
18892	0.3558872640132904
18893	0.35589799284935
18894	0.355907678604126
18895	0.3559097349643707
18896	0.3559111952781677
18897	0.3559153079986572
18898	0.3559170961380005
18899	0.3559194505214691
18900	0.35592004656791687
18901	0.3559207618236542
18902	0.3559262752532959
18903	0.3559298515319824
18904	0.3559303879737854
18905	0.35594090819358826
18906	0.3559468686580658
18907	0.3559519052505493
18908	0.35595276951789856
18909	0.355957567691803
18910	0.35596659779548645
18911	0.3559761047363281
18912	0.35598525404930115
18913	0.3559887409210205
18914	0.3559916615486145
18915	0.35599419474601746
18916	0.3559976816177368
18917	0.3560134768486023
18918	0.35603025555610657
18919	0.35603126883506775
18920	0.35603365302085876
18921	0.35604456067085266
18922	0.3560563623905182
18923	0.3560660183429718
18924	0.35607606172561646
18925	0.3560766577720642
18926	0.3560875356197357
18927	0.3561045527458191
18928	0.3561064600944519
18929	0.3561405837535858
18930	0.35614317655563354
18931	0.35614636540412903
18932	0.3561632037162781
18933	0.3561640977859497
18934	0.3561677038669586
18935	0.3561840057373047
18936	0.356188029050827
18937	0.356211394071579
18938	0.3562126159667969
18939	0.3562188744544983
18940	0.3562314510345459
18941	0.3562409281730652
18942	0.356242835521698
18943	0.3562602698802948
18944	0.3562679588794708
18945	0.35626867413520813
18946	0.3562716841697693
18947	0.3562741279602051
18948	0.3562776446342468
18949	0.3563460111618042
18950	0.35634681582450867
18951	0.356361448764801
18952	0.356363981962204
18953	0.35636669397354126
18954	0.356371134519577
18955	0.3564606010913849
18956	0.35647574067115784
18957	0.35648518800735474
18958	0.35650575160980225
18959	0.35650843381881714
18960	0.35651400685310364
18961	0.356516569852829
18962	0.35652098059654236
18963	0.3565289080142975
18964	0.3565606474876404
18965	0.35657259821891785
18966	0.3565855324268341
18967	0.3565893769264221
18968	0.3566068410873413
18969	0.35661211609840393
18970	0.35661420226097107
18971	0.356615275144577
18972	0.3566160500049591
18973	0.3566187918186188
18974	0.3566281795501709
18975	0.35663917660713196
18976	0.3566490113735199
18977	0.35665640234947205
18978	0.35667872428894043
18979	0.3566838204860687
18980	0.3566936254501343
18981	0.3566998541355133
18982	0.3567081391811371
18983	0.3567121922969818
18984	0.3567204773426056
18985	0.3567695617675781
18986	0.35677072405815125
18987	0.35677534341812134
18988	0.3567781448364258
18989	0.35679319500923157
18990	0.35679349303245544
18991	0.35679638385772705
18992	0.35680341720581055
18993	0.3568100333213806
18994	0.35683274269104004
18995	0.3568335473537445
18996	0.35683706402778625
18997	0.35683897137641907
18998	0.35684141516685486
18999	0.3568461835384369
19000	0.3568550944328308
19001	0.35686174035072327
19002	0.3568638265132904
19003	0.35686638951301575
19004	0.35687437653541565
19005	0.3568747639656067
19006	0.3568955659866333
19007	0.35691961646080017
19008	0.35692355036735535
19009	0.35692429542541504
19010	0.35694795846939087
19011	0.3569495677947998
19012	0.356961727142334
19013	0.3569740056991577
19014	0.35697606205940247
19015	0.3569764196872711
19016	0.3569794297218323
19017	0.3569856882095337
19018	0.35699623823165894
19019	0.35700303316116333
19020	0.3570227324962616
19021	0.35702455043792725
19022	0.3570409119129181
19023	0.3570433557033539
19024	0.35705339908599854
19025	0.35708293318748474
19026	0.3571157157421112
19027	0.35711759328842163
19028	0.35711777210235596
19029	0.35711896419525146
19030	0.3571212589740753
19031	0.35712307691574097
19032	0.3571256399154663
19033	0.3571603000164032
19034	0.3571629226207733
19035	0.3571682870388031
19036	0.35717764496803284
19037	0.35718289017677307
19038	0.3571978509426117
19039	0.3572092652320862
19040	0.3572326898574829
19041	0.3572462499141693
19042	0.3572602868080139
19043	0.35727670788764954
19044	0.3572833836078644
19045	0.35728779435157776
19046	0.3572896420955658
19047	0.3573102653026581
19048	0.3573298752307892
19049	0.35734719038009644
19050	0.35735151171684265
19051	0.35735294222831726
19052	0.3573572039604187
19053	0.3573572635650635
19054	0.35736796259880066
19055	0.3573785722255707
19056	0.3573824465274811
19057	0.35738810896873474
19058	0.35739457607269287
19059	0.35740700364112854
19060	0.35740819573402405
19061	0.3574318289756775
19062	0.35744261741638184
19063	0.35744431614875793
19064	0.3574466109275818
19065	0.3574525713920593
19066	0.3574804663658142
19067	0.35748374462127686
19068	0.3574908673763275
19069	0.35749655961990356
19070	0.3574976623058319
19071	0.3575062155723572
19072	0.3575087785720825
19073	0.357511430978775
19074	0.35751277208328247
19075	0.35752004384994507
19076	0.35752156376838684
19077	0.35752344131469727
19078	0.3575286865234375
19079	0.35754090547561646
19080	0.3575449585914612
19081	0.3575572967529297
19082	0.35755884647369385
19083	0.3575725257396698
19084	0.35757407546043396
19085	0.35757580399513245
19086	0.35762593150138855
19087	0.3576289713382721
19088	0.35763612389564514
19089	0.35763639211654663
19090	0.3576394021511078
19091	0.3576396107673645
19092	0.3576538860797882
19093	0.3576545715332031
19094	0.3576672375202179
19095	0.35766759514808655
19096	0.357673317193985
19097	0.3576848804950714
19098	0.3576897084712982
19099	0.357695996761322
19100	0.35771405696868896
19101	0.35771444439888
19102	0.35772013664245605
19103	0.3577524423599243
19104	0.3577665388584137
19105	0.35777750611305237
19106	0.35780656337738037
19107	0.3578067421913147
19108	0.3578304052352905
19109	0.35783064365386963
19110	0.35783129930496216
19111	0.35784271359443665
19112	0.35784849524497986
19113	0.35785138607025146
19114	0.35785436630249023
19115	0.35785582661628723
19116	0.3578563928604126
19117	0.3578575551509857
19118	0.3578815162181854
19119	0.35788989067077637
19120	0.3579007089138031
19121	0.35790154337882996
19122	0.35791414976119995
19123	0.35792076587677
19124	0.3579337000846863
19125	0.3579467535018921
19126	0.3579564392566681
19127	0.3579634130001068
19128	0.3579680323600769
19129	0.35797151923179626
19130	0.357975572347641
19131	0.35797661542892456
19132	0.3579769432544708
19133	0.3579813241958618
19134	0.3579827547073364
19135	0.357994019985199
19136	0.35799911618232727
19137	0.35800597071647644
19138	0.35805273056030273
19139	0.358083039522171
19140	0.3580856919288635
19141	0.35809725522994995
19142	0.3581005036830902
19143	0.35810405015945435
19144	0.35811251401901245
19145	0.35811692476272583
19146	0.35812655091285706
19147	0.3581301271915436
19148	0.35814231634140015
19149	0.35814428329467773
19150	0.3581477403640747
19151	0.35815009474754333
19152	0.3582897484302521
19153	0.3582994043827057
19154	0.35831934213638306
19155	0.35832440853118896
19156	0.35836488008499146
19157	0.358368456363678
19158	0.3583938479423523
19159	0.3583965003490448
19160	0.3583970367908478
19161	0.3583984673023224
19162	0.358398973941803
19163	0.3584030866622925
19164	0.35840895771980286
19165	0.3584132194519043
19166	0.3585013747215271
19167	0.35850512981414795
19168	0.358521968126297
19169	0.3585495352745056
19170	0.3585626482963562
19171	0.35856303572654724
19172	0.35856515169143677
19173	0.35856717824935913
19174	0.3585711121559143
19175	0.35859552025794983
19176	0.35860469937324524
19177	0.35861119627952576
19178	0.35861682891845703
19179	0.35862091183662415
19180	0.35863250494003296
19181	0.35864388942718506
19182	0.35864806175231934
19183	0.3586515486240387
19184	0.35868746042251587
19185	0.3587018549442291
19186	0.3587031066417694
19187	0.3587052822113037
19188	0.35871195793151855
19189	0.35872334241867065
19190	0.3587234616279602
19191	0.35872626304626465
19192	0.358729749917984
19193	0.358731746673584
19194	0.35874903202056885
19195	0.35875293612480164
19196	0.358770489692688
19197	0.3587706387042999
19198	0.3587729036808014
19199	0.3587738573551178
19200	0.35879117250442505
19201	0.35880231857299805
19202	0.3588111102581024
19203	0.3588111400604248
19204	0.35881221294403076
19205	0.3588140606880188
19206	0.35882070660591125
19207	0.35883283615112305
19208	0.3588355779647827
19209	0.35883915424346924
19210	0.35884973406791687
19211	0.3588939607143402
19212	0.35889583826065063
19213	0.35890844464302063
19214	0.3589158356189728
19215	0.35891619324684143
19216	0.35892075300216675
19217	0.3589230477809906
19218	0.358945369720459
19219	0.3589465022087097
19220	0.35895058512687683
19221	0.3589547872543335
19222	0.3589717447757721
19223	0.3589908480644226
19224	0.35901734232902527
19225	0.35902586579322815
19226	0.35902726650238037
19227	0.3590349555015564
19228	0.359036922454834
19229	0.3590412735939026
19230	0.35904473066329956
19231	0.35904526710510254
19232	0.35904937982559204
19233	0.3590594232082367
19234	0.3590611517429352
19235	0.3590662181377411
19236	0.3590746223926544
19237	0.35907596349716187
19238	0.3590965270996094
19239	0.3591086268424988
19240	0.35912084579467773
19241	0.359121173620224
19242	0.3591451942920685
19243	0.35914960503578186
19244	0.3591497540473938
19245	0.3591580390930176
19246	0.3591758608818054
19247	0.3591771721839905
19248	0.3591853380203247
19249	0.3591870963573456
19250	0.3591901361942291
19251	0.35919201374053955
19252	0.3592063784599304
19253	0.35920947790145874
19254	0.3592541515827179
19255	0.3592575788497925
19256	0.35926109552383423
19257	0.3592626750469208
19258	0.3592657148838043
19259	0.35926613211631775
19260	0.3592713475227356
19261	0.3592846393585205
19262	0.35928869247436523
19263	0.3592934012413025
19264	0.35930493474006653
19265	0.35930535197257996
19266	0.3593056797981262
19267	0.35930579900741577
19268	0.35930854082107544
19269	0.35931748151779175
19270	0.3593335449695587
19271	0.3593340516090393
19272	0.3593464493751526
19273	0.3593504726886749
19274	0.35935989022254944
19275	0.359360933303833
19276	0.3593633472919464
19277	0.3593692183494568
19278	0.3593868911266327
19279	0.35940006375312805
19280	0.3594016432762146
19281	0.3594018220901489
19282	0.35940977931022644
19283	0.35941144824028015
19284	0.3594221770763397
19285	0.3594229519367218
19286	0.35943466424942017
19287	0.3594397008419037
19288	0.35944005846977234
19289	0.3594611883163452
19290	0.3594721853733063
19291	0.35948553681373596
19292	0.3595625162124634
19293	0.3595632016658783
19294	0.3595634698867798
19295	0.35959702730178833
19296	0.359600305557251
19297	0.35960298776626587
19298	0.35961127281188965
19299	0.3596121668815613
19300	0.35961538553237915
19301	0.3596446216106415
19302	0.35966137051582336
19303	0.3596682846546173
19304	0.3596738874912262
19305	0.35967788100242615
19306	0.35967913269996643
19307	0.3596874177455902
19308	0.35969313979148865
19309	0.3597002327442169
19310	0.3597141206264496
19311	0.3597232699394226
19312	0.3597241938114166
19313	0.3597301244735718
19314	0.3597355782985687
19315	0.3597427010536194
19316	0.3597443401813507
19317	0.35974717140197754
19318	0.3597496747970581
19319	0.3597545325756073
19320	0.3597587049007416
19321	0.35976094007492065
19322	0.35976219177246094
19323	0.3597668409347534
19324	0.3597687780857086
19325	0.3597700893878937
19326	0.35977238416671753
19327	0.35978367924690247
19328	0.35978859663009644
19329	0.35984405875205994
19330	0.35985007882118225
19331	0.35986578464508057
19332	0.35986605286598206
19333	0.3598710298538208
19334	0.3598766624927521
19335	0.35988566279411316
19336	0.35988709330558777
19337	0.3598877191543579
19338	0.3598940670490265
19339	0.3599129319190979
19340	0.3599244952201843
19341	0.3599260449409485
19342	0.35993093252182007
19343	0.35993748903274536
19344	0.35993820428848267
19345	0.3599399924278259
19346	0.3599523603916168
19347	0.3599574565887451
19348	0.3599650263786316
19349	0.3599787950515747
19350	0.3599809408187866
19351	0.35998407006263733
19352	0.3599971532821655
19353	0.36002132296562195
19354	0.36003002524375916
19355	0.3600302040576935
19356	0.36003926396369934
19357	0.3600727915763855
19358	0.36007604002952576
19359	0.3600783348083496
19360	0.3601025640964508
19361	0.3601140081882477
19362	0.36011484265327454
19363	0.3601169288158417
19364	0.360117107629776
19365	0.36011865735054016
19366	0.3601250648498535
19367	0.36012792587280273
19368	0.3601315915584564
19369	0.3601325452327728
19370	0.36014148592948914
19371	0.3601427972316742
19372	0.36014994978904724
19373	0.36015191674232483
19374	0.3601701557636261
19375	0.3601725995540619
19376	0.36020225286483765
19377	0.36020296812057495
19378	0.36021801829338074
19379	0.3602209985256195
19380	0.36022552847862244
19381	0.3602287471294403
19382	0.36025723814964294
19383	0.3602648079395294
19384	0.3602794110774994
19385	0.36028897762298584
19386	0.36029407382011414
19387	0.3603004217147827
19388	0.3603132665157318
19389	0.3603339195251465
19390	0.36036959290504456
19391	0.36037638783454895
19392	0.36037859320640564
19393	0.36039313673973083
19394	0.3603937327861786
19395	0.3604418933391571
19396	0.3604447841644287
19397	0.36044779419898987
19398	0.3604539632797241
19399	0.36046135425567627
19400	0.36046749353408813
19401	0.3604680895805359
19402	0.36047765612602234
19403	0.360480397939682
19404	0.36048901081085205
19405	0.36049559712409973
19406	0.3604958951473236
19407	0.3605008125305176
19408	0.3605053722858429
19409	0.3605155646800995
19410	0.3605174720287323
19411	0.3605288863182068
19412	0.36053362488746643
19413	0.3605375587940216
19414	0.3605409860610962
19415	0.3605453073978424
19416	0.3605576753616333
19417	0.36056068539619446
19418	0.36056700348854065
19419	0.36056995391845703
19420	0.36057478189468384
19421	0.3605802357196808
19422	0.36058753728866577
19423	0.3605929911136627
19424	0.3606188893318176
19425	0.3606267273426056
19426	0.3606351613998413
19427	0.3606354594230652
19428	0.3606390953063965
19429	0.36064612865448
19430	0.360648512840271
19431	0.3606506884098053
19432	0.36066967248916626
19433	0.3607034385204315
19434	0.360713392496109
19435	0.3607202172279358
19436	0.3607214391231537
19437	0.36073431372642517
19438	0.3607482314109802
19439	0.3607483506202698
19440	0.3607536256313324
19441	0.3607538938522339
19442	0.3607591688632965
19443	0.36076366901397705
19444	0.3607799708843231
19445	0.360784649848938
19446	0.3607883155345917
19447	0.36078882217407227
19448	0.3608195185661316
19449	0.36083143949508667
19450	0.36083707213401794
19451	0.3608381748199463
19452	0.360840767621994
19453	0.36084914207458496
19454	0.36085930466651917
19455	0.360872358083725
19456	0.3608742356300354
19457	0.3608747720718384
19458	0.3608790934085846
19459	0.36088332533836365
19460	0.36090087890625
19461	0.3609029948711395
19462	0.3609042763710022
19463	0.36090609431266785
19464	0.36091044545173645
19465	0.360921710729599
19466	0.36092692613601685
19467	0.36092835664749146
19468	0.3609398603439331
19469	0.3609400987625122
19470	0.3609411120414734
19471	0.36094269156455994
19472	0.3609536290168762
19473	0.3609648644924164
19474	0.3609675168991089
19475	0.36097514629364014
19476	0.3609876334667206
19477	0.3609970808029175
19478	0.361028790473938
19479	0.36105024814605713
19480	0.3610520660877228
19481	0.36107137799263
19482	0.36107560992240906
19483	0.3610782027244568
19484	0.36108824610710144
19485	0.3611086905002594
19486	0.3611232340335846
19487	0.3611256778240204
19488	0.3611258864402771
19489	0.36113104224205017
19490	0.36113324761390686
19491	0.36115631461143494
19492	0.3611595332622528
19493	0.3611617684364319
19494	0.3611883819103241
19495	0.36118873953819275
19496	0.361198365688324
19497	0.36121949553489685
19498	0.36122068762779236
19499	0.36124861240386963
19500	0.3612518906593323
19501	0.3612740933895111
19502	0.36127719283103943
19503	0.36129552125930786
19504	0.36130452156066895
19505	0.36131584644317627
19506	0.3613329827785492
19507	0.3613443076610565
19508	0.361383318901062
19509	0.36138463020324707
19510	0.36138787865638733
19511	0.3613893389701843
19512	0.3613969683647156
19513	0.36140409111976624
19514	0.361406147480011
19515	0.36140885949134827
19516	0.36142367124557495
19517	0.36142587661743164
19518	0.3614298701286316
19519	0.3614356517791748
19520	0.36143922805786133
19521	0.3614427149295807
19522	0.3614655137062073
19523	0.3614741861820221
19524	0.36147817969322205
19525	0.36148345470428467
19526	0.36149862408638
19527	0.36150261759757996
19528	0.36150693893432617
19529	0.3615100681781769
19530	0.3615163266658783
19531	0.3615169823169708
19532	0.36151987314224243
19533	0.36152225732803345
19534	0.36153584718704224
19535	0.36153697967529297
19536	0.36153876781463623
19537	0.36156606674194336
19538	0.36157160997390747
19539	0.3615720570087433
19540	0.36157625913619995
19541	0.36157745122909546
19542	0.3615782856941223
19543	0.3616015613079071
19544	0.36163613200187683
19545	0.3616372048854828
19546	0.36163824796676636
19547	0.36164069175720215
19548	0.36164337396621704
19549	0.36164575815200806
19550	0.36165904998779297
19551	0.361674040555954
19552	0.3616756200790405
19553	0.36167678236961365
19554	0.36167845129966736
19555	0.36168092489242554
19556	0.3616832196712494
19557	0.3616916835308075
19558	0.3616955280303955
19559	0.36169612407684326
19560	0.3616999089717865
19561	0.36171114444732666
19562	0.3617274761199951
19563	0.36174219846725464
19564	0.36174482107162476
19565	0.3617548942565918
19566	0.36176058650016785
19567	0.36178091168403625
19568	0.36178937554359436
19569	0.36179119348526
19570	0.36180737614631653
19571	0.3618110418319702
19572	0.3618144094944
19573	0.3618355691432953
19574	0.3618403673171997
19575	0.3618434965610504
19576	0.36185187101364136
19577	0.3618522882461548
19578	0.3618782162666321
19579	0.36193254590034485
19580	0.3619379699230194
19581	0.3619416058063507
19582	0.3619515299797058
19583	0.36195364594459534
19584	0.3619641065597534
19585	0.3619653582572937
19586	0.3619806468486786
19587	0.3619832694530487
19588	0.3619850277900696
19589	0.36200830340385437
19590	0.3620171546936035
19591	0.36203092336654663
19592	0.3620402216911316
19593	0.36206215620040894
19594	0.3620672821998596
19595	0.36207398772239685
19596	0.3620742857456207
19597	0.36208128929138184
19598	0.3620820641517639
19599	0.3620823919773102
19600	0.3620831072330475
19601	0.36208415031433105
19602	0.36210209131240845
19603	0.36216723918914795
19604	0.36217033863067627
19605	0.3621715307235718
19606	0.36217793822288513
19607	0.36218422651290894
19608	0.3621845841407776
19609	0.3622138202190399
19610	0.36221638321876526
19611	0.3622225821018219
19612	0.36222830414772034
19613	0.3622342348098755
19614	0.3622497320175171
19615	0.3622758388519287
19616	0.36228078603744507
19617	0.3622836172580719
19618	0.36228513717651367
19619	0.3622954189777374
19620	0.362305611371994
19621	0.36231276392936707
19622	0.36231863498687744
19623	0.3623187839984894
19624	0.3623376488685608
19625	0.3623392581939697
19626	0.3623443841934204
19627	0.36235252022743225
19628	0.3623535633087158
19629	0.36235541105270386
19630	0.36235833168029785
19631	0.3623602092266083
19632	0.36236223578453064
19633	0.3623683452606201
19634	0.36237257719039917
19635	0.3623763918876648
19636	0.3623775243759155
19637	0.36238130927085876
19638	0.3623891770839691
19639	0.3624116778373718
19640	0.3624165654182434
19641	0.36242058873176575
19642	0.36242255568504333
19643	0.3624401390552521
19644	0.3624504506587982
19645	0.36246415972709656
19646	0.3624653220176697
19647	0.36247679591178894
19648	0.36248138546943665
19649	0.36248162388801575
19650	0.36248481273651123
19651	0.3624856173992157
19652	0.36249247193336487
19653	0.3624933958053589
19654	0.36249789595603943
19655	0.3624984323978424
19656	0.3625184893608093
19657	0.3625186085700989
19658	0.36251887679100037
19659	0.36254239082336426
19660	0.3625471591949463
19661	0.36255714297294617
19662	0.36256033182144165
19663	0.3625623285770416
19664	0.36256587505340576
19665	0.3625754415988922
19666	0.3625777065753937
19667	0.3625780940055847
19668	0.3625792860984802
19669	0.36258405447006226
19670	0.3625853657722473
19671	0.36258915066719055
19672	0.3625907301902771
19673	0.3625985383987427
19674	0.3626575171947479
19675	0.36267954111099243
19676	0.3626805245876312
19677	0.36268413066864014
19678	0.3626847565174103
19679	0.36272162199020386
19680	0.36273738741874695
19681	0.3627883493900299
19682	0.3628045916557312
19683	0.3628320097923279
19684	0.36283543705940247
19685	0.3628389835357666
19686	0.3628413677215576
19687	0.36285749077796936
19688	0.36285996437072754
19689	0.3628668189048767
19690	0.36287474632263184
19691	0.36287546157836914
19692	0.36287936568260193
19693	0.3628874719142914
19694	0.3629198968410492
19695	0.3629206717014313
19696	0.3629220426082611
19697	0.36292460560798645
19698	0.3629322946071625
19699	0.36294665932655334
19700	0.3629519045352936
19701	0.36296436190605164
19702	0.362972617149353
19703	0.36297935247421265
19704	0.3629811406135559
19705	0.3629830479621887
19706	0.3629835546016693
19707	0.36301594972610474
19708	0.363017201423645
19709	0.36301782727241516
19710	0.36304473876953125
19711	0.36305320262908936
19712	0.36306753754615784
19713	0.3630704879760742
19714	0.36309224367141724
19715	0.3631146252155304
19716	0.3631173074245453
19717	0.36312082409858704
19718	0.3632553219795227
19719	0.36327221989631653
19720	0.3632734715938568
19721	0.36327657103538513
19722	0.3632800281047821
19723	0.36328205466270447
19724	0.36328697204589844
19725	0.3632899522781372
19726	0.3632979691028595
19727	0.36330148577690125
19728	0.3633050322532654
19729	0.3633089065551758
19730	0.36331161856651306
19731	0.36331498622894287
19732	0.3633151352405548
19733	0.3633182942867279
19734	0.36332133412361145
19735	0.3633350431919098
19736	0.3633511960506439
19737	0.36335161328315735
19738	0.36336198449134827
19739	0.363363116979599
19740	0.363364040851593
19741	0.36336714029312134
19742	0.3633677363395691
19743	0.36337506771087646
19744	0.36339670419692993
19745	0.363398939371109
19746	0.3634136915206909
19747	0.363450825214386
19748	0.36345645785331726
19749	0.36347630620002747
19750	0.3634835481643677
19751	0.36348870396614075
19752	0.36348921060562134
19753	0.36348944902420044
19754	0.3635087013244629
19755	0.36353281140327454
19756	0.363550066947937
19757	0.36356082558631897
19758	0.3635629117488861
19759	0.36357298493385315
19760	0.3635757267475128
19761	0.3635866045951843
19762	0.36359041929244995
19763	0.3635958433151245
19764	0.36360153555870056
19765	0.3636142611503601
19766	0.36361929774284363
19767	0.3636227548122406
19768	0.3636247515678406
19769	0.3636363744735718
19770	0.3636387884616852
19771	0.3636457622051239
19772	0.3636702001094818
19773	0.3636765480041504
19774	0.3636813163757324
19775	0.3637166917324066
19776	0.36374056339263916
19777	0.36374327540397644
19778	0.36374619603157043
19779	0.36375531554222107
19780	0.3637576699256897
19781	0.36378195881843567
19782	0.3637934625148773
19783	0.36379581689834595
19784	0.36379945278167725
19785	0.36380189657211304
19786	0.3638053834438324
19787	0.36380714178085327
19788	0.36381155252456665
19789	0.36381274461746216
19790	0.36382725834846497
19791	0.36382952332496643
19792	0.36383166909217834
19793	0.36383262276649475
19794	0.36383721232414246
19795	0.3638390898704529
19796	0.3638466000556946
19797	0.3638485372066498
19798	0.3638523519039154
19799	0.36385464668273926
19800	0.36390432715415955
19801	0.363922119140625
19802	0.3639231324195862
19803	0.3639257848262787
19804	0.36392760276794434
19805	0.36393213272094727
19806	0.3639433681964874
19807	0.3639587163925171
19808	0.3639605641365051
19809	0.36396247148513794
19810	0.36396369338035583
19811	0.3639690577983856
19812	0.36396950483322144
19813	0.3639707565307617
19814	0.36397144198417664
19815	0.36397260427474976
19816	0.36400365829467773
19817	0.36402297019958496
19818	0.364023894071579
19819	0.36402517557144165
19820	0.364143043756485
19821	0.3641483187675476
19822	0.36418771743774414
19823	0.3642188310623169
19824	0.3642258644104004
19825	0.3642457127571106
19826	0.3642462193965912
19827	0.3642524182796478
19828	0.3642551302909851
19829	0.3642653226852417
19830	0.3642836809158325
19831	0.3642864525318146
19832	0.36428701877593994
19833	0.3642875850200653
19834	0.36429548263549805
19835	0.3642987906932831
19836	0.364300400018692
19837	0.36431190371513367
19838	0.36431631445884705
19839	0.3643186390399933
19840	0.36432039737701416
19841	0.3643436133861542
19842	0.36434614658355713
19843	0.36435994505882263
19844	0.36436015367507935
19845	0.3643884062767029
19846	0.3643953204154968
19847	0.3643959164619446
19848	0.3643989562988281
19849	0.3644031584262848
19850	0.3644053339958191
19851	0.3644148111343384
19852	0.3644183278083801
19853	0.36444276571273804
19854	0.36445024609565735
19855	0.3644512891769409
19856	0.36445164680480957
19857	0.36445707082748413
19858	0.36447006464004517
19859	0.36447158455848694
19860	0.36448928713798523
19861	0.36449071764945984
19862	0.3645021319389343
19863	0.36451008915901184
19864	0.36451059579849243
19865	0.3645206093788147
19866	0.36453184485435486
19867	0.36453479528427124
19868	0.36453598737716675
19869	0.3645418882369995
19870	0.3645445704460144
19871	0.36455613374710083
19872	0.3645605444908142
19873	0.36457279324531555
19874	0.3645733892917633
19875	0.36458033323287964
19876	0.36458295583724976
19877	0.3645935356616974
19878	0.36459457874298096
19879	0.364601194858551
19880	0.36460375785827637
19881	0.36460426449775696
19882	0.3646090626716614
19883	0.36463049054145813
19884	0.3646354675292969
19885	0.36463862657546997
19886	0.364650696516037
19887	0.36466094851493835
19888	0.3646687865257263
19889	0.36466941237449646
19890	0.3646708130836487
19891	0.3646714985370636
19892	0.36468490958213806
19893	0.3646962344646454
19894	0.3647020161151886
19895	0.3647131025791168
19896	0.36471328139305115
19897	0.36471647024154663
19898	0.3647182285785675
19899	0.3647266924381256
19900	0.3647378087043762
19901	0.364742636680603
19902	0.3647446930408478
19903	0.36474868655204773
19904	0.3647496998310089
19905	0.36475247144699097
19906	0.36475321650505066
19907	0.3647584021091461
19908	0.36476099491119385
19909	0.36477160453796387
19910	0.364772230386734
19911	0.3647729158401489
19912	0.3647731840610504
19913	0.3647761046886444
19914	0.3647800087928772
19915	0.3647925555706024
19916	0.36479267477989197
19917	0.364793598651886
19918	0.36479634046554565
19919	0.3647986352443695
19920	0.3648010492324829
19921	0.36480945348739624
19922	0.3648112714290619
19923	0.36482176184654236
19924	0.3648301362991333
19925	0.36484357714653015
19926	0.3648700416088104
19927	0.3648776412010193
19928	0.3648832142353058
19929	0.36488446593284607
19930	0.36488500237464905
19931	0.36491572856903076
19932	0.36491841077804565
19933	0.3649231791496277
19934	0.36492711305618286
19935	0.36492860317230225
19936	0.3649321496486664
19937	0.3649322986602783
19938	0.3649550676345825
19939	0.36495649814605713
19940	0.3649598956108093
19941	0.3649618923664093
19942	0.3649725914001465
19943	0.3649728298187256
19944	0.3649783134460449
19945	0.36497950553894043
19946	0.3649819791316986
19947	0.36499470472335815
19948	0.3649977743625641
19949	0.36500340700149536
19950	0.36500537395477295
19951	0.3650122284889221
19952	0.3650189936161041
19953	0.3650296628475189
19954	0.3650391399860382
19955	0.36519303917884827
19956	0.365195631980896
19957	0.365196168422699
19958	0.3652020990848541
19959	0.36521071195602417
19960	0.3652489185333252
19961	0.3652496337890625
19962	0.3652633726596832
19963	0.3652699589729309
19964	0.36529698967933655
19965	0.3653004467487335
19966	0.36531513929367065
19967	0.3653288185596466
19968	0.36532992124557495
19969	0.36533477902412415
19970	0.365347683429718
19971	0.3654346764087677
19972	0.36543896794319153
19973	0.3654393255710602
19974	0.365447074174881
19975	0.3654499650001526
19976	0.3654741644859314
19977	0.36547908186912537
19978	0.3655059337615967
19979	0.365509569644928
19980	0.36551034450531006
19981	0.3655121326446533
19982	0.3655165731906891
19983	0.36552268266677856
19984	0.3655291497707367
19985	0.3655298948287964
19986	0.3655491769313812
19987	0.36555215716362
19988	0.3655528128147125
19989	0.36557483673095703
19990	0.3656078279018402
19991	0.3656098246574402
19992	0.36562031507492065
19993	0.36562207341194153
19994	0.3656291961669922
19995	0.3656325340270996
19996	0.36564168334007263
19997	0.3656556010246277
19998	0.3656580150127411
19999	0.365672767162323
20000	0.3656737804412842
