1	4041.0680770874023
1	4041.0680770874023
2	3747.312307357788
2	3747.312307357788
3	3835.4456424713135
3	3835.4456424713135
4	3857.985734939575
4	3857.985734939575
5	3213.829517364502
5	3213.829517364502
6	3360.191822052002
6	3360.191822052002
7	3542.2115325927734
7	3542.2115325927734
8	3597.8667736053467
8	3597.8667736053467
9	3336.16042137146
9	3336.16042137146
10	4063.697099685669
10	4063.697099685669
11	3582.2486877441406
11	3582.2486877441406
12	3657.809019088745
12	3657.809019088745
13	3625.253677368164
13	3625.253677368164
14	3794.658660888672
14	3794.658660888672
15	3688.8153553009033
15	3688.8153553009033
16	3741.772413253784
16	3741.772413253784
17	3679.6438694000244
17	3679.6438694000244
18	3832.0577144622803
18	3832.0577144622803
19	3766.3543224334717
19	3766.3543224334717
20	3930.0718307495117
20	3930.0718307495117
21	3948.2998847961426
21	3948.2998847961426
22	3459.9459171295166
22	3459.9459171295166
23	3306.2548637390137
23	3306.2548637390137
24	3249.83286857605
24	3249.83286857605
25	3593.8289165496826
25	3593.8289165496826
26	3277.721405029297
26	3277.721405029297
27	3743.5591220855713
27	3743.5591220855713
28	3299.0572452545166
28	3299.0572452545166
29	3254.1332244873047
29	3254.1332244873047
30	3261.425733566284
30	3261.425733566284
31	3252.9101371765137
31	3252.9101371765137
32	3250.6256103515625
32	3250.6256103515625
33	3255.829095840454
33	3255.829095840454
34	3135.5674266815186
34	3135.5674266815186
35	3388.680934906006
35	3388.680934906006
36	3039.292097091675
36	3039.292097091675
37	3031.320333480835
37	3031.320333480835
38	3098.520040512085
38	3098.520040512085
39	3188.4500980377197
39	3188.4500980377197
40	3692.126750946045
40	3692.126750946045
41	3043.517589569092
41	3043.517589569092
42	3172.8739738464355
42	3172.8739738464355
43	3117.542028427124
43	3117.542028427124
44	3194.430351257324
44	3194.430351257324
45	3729.9458980560303
45	3729.9458980560303
46	3444.093704223633
46	3444.093704223633
47	3286.782741546631
47	3286.782741546631
48	3453.1569480895996
48	3453.1569480895996
49	2810.6257915496826
49	2810.6257915496826
50	2373.43168258667
50	2373.43168258667
51	2609.9917888641357
51	2609.9917888641357
52	2562.5412464141846
52	2562.5412464141846
53	2390.9292221069336
53	2390.9292221069336
54	2412.2886657714844
54	2412.2886657714844
55	2565.152406692505
55	2565.152406692505
56	2521.888494491577
56	2521.888494491577
57	2452.901601791382
57	2452.901601791382
58	2452.6309967041016
58	2452.6309967041016
59	2726.6924381256104
59	2726.6924381256104
60	2612.096071243286
60	2612.096071243286
61	2443.349599838257
61	2443.349599838257
62	2474.4505882263184
62	2474.4505882263184
63	2330.4545879364014
63	2330.4545879364014
64	2186.575412750244
64	2186.575412750244
65	2187.106132507324
65	2187.106132507324
66	2131.364345550537
66	2131.364345550537
67	2175.8816242218018
67	2175.8816242218018
68	2473.766565322876
68	2473.766565322876
69	2649.4357585906982
69	2649.4357585906982
70	2747.483253479004
70	2747.483253479004
71	2476.5632152557373
71	2476.5632152557373
72	2290.875196456909
72	2290.875196456909
73	2491.3008213043213
73	2491.3008213043213
74	2549.161672592163
74	2549.161672592163
75	2570.2736377716064
75	2570.2736377716064
76	2360.305070877075
76	2360.305070877075
77	2375.9238719940186
77	2375.9238719940186
78	2494.74835395813
78	2494.74835395813
79	2561.2916946411133
79	2561.2916946411133
80	2680.7656288146973
80	2680.7656288146973
81	2508.131980895996
81	2508.131980895996
82	2502.936363220215
82	2502.936363220215
83	2328.02677154541
83	2328.02677154541
84	2398.369550704956
84	2398.369550704956
85	2327.453851699829
85	2327.453851699829
86	2479.4540405273438
86	2479.4540405273438
87	2475.4674434661865
87	2475.4674434661865
88	2369.2407608032227
88	2369.2407608032227
89	2400.3257751464844
89	2400.3257751464844
90	2811.07759475708
90	2811.07759475708
91	2462.9452228546143
91	2462.9452228546143
92	2514.8372650146484
92	2514.8372650146484
93	2458.8797092437744
93	2458.8797092437744
94	2416.3012504577637
94	2416.3012504577637
95	2219.4764614105225
95	2219.4764614105225
96	2163.0895137786865
96	2163.0895137786865
97	2388.0114555358887
97	2388.0114555358887
98	2463.7770652770996
98	2463.7770652770996
99	2548.584461212158
99	2548.584461212158
100	2671.613931655884
100	2671.613931655884
101	2002.9520988464355
101	2002.9520988464355
102	2084.7465991973877
102	2084.7465991973877
103	2301.119565963745
103	2301.119565963745
104	1853.2040119171143
104	1853.2040119171143
105	2031.4373970031738
105	2031.4373970031738
106	2134.4852447509766
106	2134.4852447509766
107	2087.076425552368
107	2087.076425552368
108	1974.5407104492188
108	1974.5407104492188
109	2277.61173248291
109	2277.61173248291
110	2586.982250213623
110	2586.982250213623
111	1892.4493789672852
111	1892.4493789672852
112	2140.669107437134
112	2140.669107437134
113	2100.5797386169434
113	2100.5797386169434
114	2047.8181838989258
114	2047.8181838989258
115	2269.9501514434814
115	2269.9501514434814
116	2033.6952209472656
116	2033.6952209472656
117	2196.153163909912
117	2196.153163909912
118	1940.345287322998
118	1940.345287322998
119	1964.9839401245117
119	1964.9839401245117
120	2414.8714542388916
120	2414.8714542388916
121	2276.8731117248535
121	2276.8731117248535
122	2059.6208572387695
122	2059.6208572387695
123	2465.2647972106934
123	2465.2647972106934
124	2497.6284503936768
124	2497.6284503936768
125	2113.662004470825
125	2113.662004470825
126	1188.072681427002
126	1188.072681427002
127	1465.2204513549805
127	1465.2204513549805
128	2260.8442306518555
128	2260.8442306518555
129	2346.5018272399902
129	2346.5018272399902
130	3012.653112411499
130	3012.653112411499
131	2283.9932441711426
131	2283.9932441711426
132	2586.681365966797
132	2586.681365966797
133	2377.5837421417236
133	2377.5837421417236
134	2520.9269523620605
134	2520.9269523620605
135	2411.3399982452393
135	2411.3399982452393
136	2542.419910430908
136	2542.419910430908
137	2427.834987640381
137	2427.834987640381
138	2642.8511142730713
138	2642.8511142730713
139	2488.9423847198486
139	2488.9423847198486
140	2815.889835357666
140	2815.889835357666
141	2487.1416091918945
141	2487.1416091918945
142	2461.238145828247
142	2461.238145828247
143	2458.6846828460693
143	2458.6846828460693
144	2272.9392051696777
144	2272.9392051696777
145	2515.183448791504
145	2515.183448791504
146	2509.8559856414795
146	2509.8559856414795
147	2207.160472869873
147	2207.160472869873
148	2451.2016773223877
148	2451.2016773223877
149	2518.4199810028076
149	2518.4199810028076
150	2865.845203399658
150	2865.845203399658
151	2385.9031200408936
151	2385.9031200408936
152	2217.616081237793
152	2217.616081237793
153	2535.3565216064453
153	2535.3565216064453
154	2638.0653381347656
154	2638.0653381347656
155	2400.3617763519287
155	2400.3617763519287
156	2367.2096729278564
156	2367.2096729278564
157	2508.254289627075
157	2508.254289627075
158	2148.9200592041016
158	2148.9200592041016
159	2444.194793701172
159	2444.194793701172
160	2842.048406600952
160	2842.048406600952
161	2467.7491188049316
161	2467.7491188049316
162	2186.201810836792
162	2186.201810836792
163	2477.5211811065674
163	2477.5211811065674
164	2370.232582092285
164	2370.232582092285
165	2430.0851821899414
165	2430.0851821899414
166	2525.3140926361084
166	2525.3140926361084
167	2530.4458141326904
167	2530.4458141326904
168	2232.5596809387207
168	2232.5596809387207
169	2537.2440814971924
169	2537.2440814971924
170	2840.6615257263184
170	2840.6615257263184
171	2445.2168941497803
171	2445.2168941497803
172	2408.0278873443604
172	2408.0278873443604
173	2313.196897506714
173	2313.196897506714
174	1931.6949844360352
174	1931.6949844360352
175	2014.4617557525635
175	2014.4617557525635
176	2043.8940525054932
176	2043.8940525054932
177	1828.7904262542725
177	1828.7904262542725
178	1846.9111919403076
178	1846.9111919403076
179	2069.5202350616455
179	2069.5202350616455
180	2661.6151332855225
180	2661.6151332855225
181	2066.835880279541
181	2066.835880279541
182	1840.744972229004
182	1840.744972229004
183	2090.912103652954
183	2090.912103652954
184	1926.257610321045
184	1926.257610321045
185	2100.0943183898926
185	2100.0943183898926
186	2058.0759048461914
186	2058.0759048461914
187	1843.468427658081
187	1843.468427658081
188	2176.345109939575
188	2176.345109939575
189	1924.8239994049072
189	1924.8239994049072
190	2468.7020778656006
190	2468.7020778656006
191	2134.580612182617
191	2134.580612182617
192	1907.9499244689941
192	1907.9499244689941
193	1949.6715068817139
193	1949.6715068817139
194	2062.446117401123
194	2062.446117401123
195	1924.0968227386475
195	1924.0968227386475
196	3155.5027961730957
196	3155.5027961730957
197	2618.6165809631348
197	2618.6165809631348
198	2505.8274269104004
198	2505.8274269104004
199	2430.612325668335
199	2430.612325668335
200	3488.1649017333984
200	3488.1649017333984
201	3642.266273498535
201	3642.266273498535
202	3457.6210975646973
202	3457.6210975646973
203	3640.5599117279053
203	3640.5599117279053
204	3462.6059532165527
204	3462.6059532165527
205	3655.992031097412
205	3655.992031097412
206	3907.687187194824
206	3907.687187194824
207	3685.2774620056152
207	3685.2774620056152
208	3620.86820602417
208	3620.86820602417
209	3472.4209308624268
209	3472.4209308624268
210	4214.103698730469
210	4214.103698730469
211	3410.472869873047
211	3410.472869873047
212	3722.384452819824
212	3722.384452819824
213	3881.962299346924
213	3881.962299346924
214	3524.064779281616
214	3524.064779281616
215	3675.523519515991
215	3675.523519515991
216	3794.9821949005127
216	3794.9821949005127
217	3777.580976486206
217	3777.580976486206
218	3705.573320388794
218	3705.573320388794
219	3540.3904914855957
219	3540.3904914855957
220	4022.9086875915527
220	4022.9086875915527
221	3799.3600368499756
221	3799.3600368499756
222	3693.786144256592
222	3693.786144256592
223	3752.4988651275635
223	3752.4988651275635
224	3391.9906616210938
224	3391.9906616210938
225	3765.178442001343
225	3765.178442001343
226	3852.386951446533
226	3852.386951446533
227	3356.3272953033447
227	3356.3272953033447
228	3454.662799835205
228	3454.662799835205
229	3586.170196533203
229	3586.170196533203
230	4028.09476852417
230	4028.09476852417
231	3539.1180515289307
231	3539.1180515289307
232	3652.3056030273438
232	3652.3056030273438
233	3309.0689182281494
233	3309.0689182281494
234	3673.9296913146973
234	3673.9296913146973
235	3666.877269744873
235	3666.877269744873
236	3673.887014389038
236	3673.887014389038
237	3469.6044921875
237	3469.6044921875
238	3663.9580726623535
238	3663.9580726623535
239	3759.962797164917
239	3759.962797164917
240	4376.295328140259
240	4376.295328140259
241	3513.500213623047
241	3513.500213623047
242	3459.0768814086914
242	3459.0768814086914
243	3853.8243770599365
243	3853.8243770599365
244	3739.4394874572754
244	3739.4394874572754
245	3616.2497997283936
245	3616.2497997283936
246	3708.7979316711426
246	3708.7979316711426
247	3676.957845687866
247	3676.957845687866
248	3788.0871295928955
248	3788.0871295928955
249	3557.293653488159
249	3557.293653488159
250	3888.6115550994873
250	3888.6115550994873
251	3132.8988075256348
251	3132.8988075256348
252	2738.565683364868
252	2738.565683364868
253	3271.4409828186035
253	3271.4409828186035
254	3237.63370513916
254	3237.63370513916
255	3228.3599376678467
255	3228.3599376678467
256	3228.9421558380127
256	3228.9421558380127
257	3235.851287841797
257	3235.851287841797
258	3345.9012508392334
258	3345.9012508392334
259	2994.297981262207
259	2994.297981262207
260	3698.91619682312
260	3698.91619682312
261	3409.971237182617
261	3409.971237182617
262	3342.0767784118652
262	3342.0767784118652
263	3448.2979774475098
263	3448.2979774475098
264	3497.6718425750732
264	3497.6718425750732
265	3456.390380859375
265	3456.390380859375
266	3359.4815731048584
266	3359.4815731048584
267	3323.3375549316406
267	3323.3375549316406
268	3204.934597015381
268	3204.934597015381
269	3381.206750869751
269	3381.206750869751
270	3832.9827785491943
270	3832.9827785491943
271	3617.737293243408
271	3617.737293243408
272	3453.308582305908
272	3453.308582305908
273	3241.5618896484375
273	3241.5618896484375
274	3543.656349182129
274	3543.656349182129
275	3743.1626319885254
275	3743.1626319885254
276	3454.296350479126
276	3454.296350479126
277	2692.213296890259
277	2692.213296890259
278	2351.271390914917
278	2351.271390914917
279	2530.029535293579
279	2530.029535293579
280	4239.840507507324
280	4239.840507507324
281	3852.55765914917
281	3852.55765914917
282	3926.7661571502686
282	3926.7661571502686
283	4046.257972717285
283	4046.257972717285
284	3631.2777996063232
284	3631.2777996063232
285	3941.6565895080566
285	3941.6565895080566
286	3669.107675552368
286	3669.107675552368
287	4016.371250152588
287	4016.371250152588
288	3923.3341217041016
288	3923.3341217041016
289	3941.1239624023438
289	3941.1239624023438
290	4514.230251312256
290	4514.230251312256
291	3758.270025253296
291	3758.270025253296
292	4128.164768218994
292	4128.164768218994
293	4223.021984100342
293	4223.021984100342
294	4170.823097229004
294	4170.823097229004
295	3282.18674659729
295	3282.18674659729
296	3716.4769172668457
296	3716.4769172668457
297	3498.1398582458496
297	3498.1398582458496
298	3758.132219314575
298	3758.132219314575
299	3587.3937606811523
299	3587.3937606811523
300	3769.6075439453125
300	3769.6075439453125
301	3611.284017562866
301	3611.284017562866
302	3343.554973602295
302	3343.554973602295
303	3703.3705711364746
303	3703.3705711364746
304	3756.480932235718
304	3756.480932235718
305	3411.3762378692627
305	3411.3762378692627
306	3389.11771774292
306	3389.11771774292
307	3748.5389709472656
307	3748.5389709472656
308	3671.3411808013916
308	3671.3411808013916
309	3665.34161567688
309	3665.34161567688
310	4243.990659713745
310	4243.990659713745
311	3723.442792892456
311	3723.442792892456
312	3565.6909942626953
312	3565.6909942626953
313	3452.4381160736084
313	3452.4381160736084
314	3808.685541152954
314	3808.685541152954
315	3294.8989868164062
315	3294.8989868164062
316	3517.8041458129883
316	3517.8041458129883
317	3793.1787967681885
317	3793.1787967681885
318	3890.347957611084
318	3890.347957611084
319	3560.9982013702393
319	3560.9982013702393
320	4174.161195755005
320	4174.161195755005
321	3500.577688217163
321	3500.577688217163
322	3781.5608978271484
322	3781.5608978271484
323	3772.4039554595947
323	3772.4039554595947
324	3801.9824028015137
324	3801.9824028015137
325	3971.6598987579346
325	3971.6598987579346
326	3762.22825050354
326	3762.22825050354
327	3716.5322303771973
327	3716.5322303771973
328	3479.9718856811523
328	3479.9718856811523
329	3320.2669620513916
329	3320.2669620513916
330	4004.032850265503
330	4004.032850265503
331	3594.463586807251
331	3594.463586807251
332	3031.5442085266113
332	3031.5442085266113
333	3246.0877895355225
333	3246.0877895355225
334	3273.4427452087402
334	3273.4427452087402
335	3256.36887550354
335	3256.36887550354
336	3056.439161300659
336	3056.439161300659
337	3045.069932937622
337	3045.069932937622
338	3400.343894958496
338	3400.343894958496
339	3334.6774578094482
339	3334.6774578094482
340	3863.0313873291016
340	3863.0313873291016
341	3446.483850479126
341	3446.483850479126
342	3341.0918712615967
342	3341.0918712615967
343	3250.8292198181152
343	3250.8292198181152
344	3191.6987895965576
344	3191.6987895965576
345	3342.2162532806396
345	3342.2162532806396
346	3546.571969985962
346	3546.571969985962
347	3756.197690963745
347	3756.197690963745
348	3138.2668018341064
348	3138.2668018341064
349	3448.8770961761475
349	3448.8770961761475
350	3956.2840461730957
350	3956.2840461730957
351	3208.308696746826
351	3208.308696746826
352	3488.741159439087
352	3488.741159439087
353	3378.781318664551
353	3378.781318664551
354	3300.7946014404297
354	3300.7946014404297
355	3482.539653778076
355	3482.539653778076
356	3515.838861465454
356	3515.838861465454
357	3306.995630264282
357	3306.995630264282
358	3619.123697280884
358	3619.123697280884
359	3658.3282947540283
359	3658.3282947540283
360	4075.8540630340576
360	4075.8540630340576
361	3708.014965057373
361	3708.014965057373
362	3740.236520767212
362	3740.236520767212
363	3677.220582962036
363	3677.220582962036
364	3718.414306640625
364	3718.414306640625
365	3785.8948707580566
365	3785.8948707580566
366	3680.7565689086914
366	3680.7565689086914
367	3735.450506210327
367	3735.450506210327
368	3784.4300270080566
368	3784.4300270080566
369	3842.766046524048
369	3842.766046524048
370	4151.978254318237
370	4151.978254318237
371	3751.094341278076
371	3751.094341278076
372	3451.4057636260986
372	3451.4057636260986
373	3587.299108505249
373	3587.299108505249
374	3700.3254890441895
374	3700.3254890441895
375	3811.7763996124268
375	3811.7763996124268
376	3787.698745727539
376	3787.698745727539
377	3740.9560680389404
377	3740.9560680389404
378	3517.1585083007812
378	3517.1585083007812
379	3750.830888748169
379	3750.830888748169
380	3926.4113903045654
380	3926.4113903045654
381	3533.2136154174805
381	3533.2136154174805
382	3550.982713699341
382	3550.982713699341
383	3655.1315784454346
383	3655.1315784454346
384	3405.7650566101074
384	3405.7650566101074
385	3653.9101600646973
385	3653.9101600646973
386	3665.5404567718506
386	3665.5404567718506
387	3528.8162231445312
387	3528.8162231445312
388	3411.1762046813965
388	3411.1762046813965
389	3648.303508758545
389	3648.303508758545
390	4195.073366165161
390	4195.073366165161
391	3832.4360847473145
391	3832.4360847473145
392	3702.472448348999
392	3702.472448348999
393	3735.2254390716553
393	3735.2254390716553
394	3474.726676940918
394	3474.726676940918
395	3776.759147644043
395	3776.759147644043
396	3334.3207836151123
396	3334.3207836151123
397	3854.8173904418945
397	3854.8173904418945
398	3729.304552078247
398	3729.304552078247
399	3736.691474914551
399	3736.691474914551
400	4408.254146575928
400	4408.254146575928
401	3703.4239768981934
401	3703.4239768981934
402	3764.9660110473633
402	3764.9660110473633
403	3575.1686096191406
403	3575.1686096191406
404	3904.1926860809326
404	3904.1926860809326
405	3880.9781074523926
405	3880.9781074523926
406	3870.2025413513184
406	3870.2025413513184
407	3465.970993041992
407	3465.970993041992
408	3329.9946784973145
408	3329.9946784973145
409	3360.9681129455566
409	3360.9681129455566
410	3641.6749954223633
410	3641.6749954223633
411	3212.7785682678223
411	3212.7785682678223
412	3189.4497871398926
412	3189.4497871398926
413	2990.9403324127197
413	2990.9403324127197
414	3243.136405944824
414	3243.136405944824
415	3081.613302230835
415	3081.613302230835
416	3262.6547813415527
416	3262.6547813415527
417	3402.3306369781494
417	3402.3306369781494
418	3384.111166000366
418	3384.111166000366
419	3329.0224075317383
419	3329.0224075317383
420	3359.882593154907
420	3359.882593154907
421	3125.685930252075
421	3125.685930252075
422	2984.189033508301
422	2984.189033508301
423	3265.9146785736084
423	3265.9146785736084
424	3448.347568511963
424	3448.347568511963
425	3132.7147483825684
425	3132.7147483825684
426	3300.863742828369
426	3300.863742828369
427	3430.7875633239746
427	3430.7875633239746
428	3421.8411445617676
428	3421.8411445617676
429	3080.806016921997
429	3080.806016921997
430	3737.319231033325
430	3737.319231033325
431	3365.583658218384
431	3365.583658218384
432	3549.468994140625
432	3549.468994140625
433	3676.440954208374
433	3676.440954208374
434	3395.5507278442383
434	3395.5507278442383
435	3686.5224838256836
435	3686.5224838256836
436	2345.6661701202393
436	2345.6661701202393
437	2488.727807998657
437	2488.727807998657
438	3828.176259994507
438	3828.176259994507
439	3786.299705505371
439	3786.299705505371
440	4232.187271118164
440	4232.187271118164
441	3267.268419265747
441	3267.268419265747
442	3741.076707839966
442	3741.076707839966
443	3759.7570419311523
443	3759.7570419311523
444	3720.796823501587
444	3720.796823501587
445	3766.1287784576416
445	3766.1287784576416
446	3522.1567153930664
446	3522.1567153930664
447	3428.0612468719482
447	3428.0612468719482
448	3254.387378692627
448	3254.387378692627
449	3448.341131210327
449	3448.341131210327
450	4096.4391231536865
450	4096.4391231536865
451	3506.5319538116455
451	3506.5319538116455
452	3662.8899574279785
452	3662.8899574279785
453	3799.3345260620117
453	3799.3345260620117
454	3745.8789348602295
454	3745.8789348602295
455	3736.682415008545
455	3736.682415008545
456	3429.7001361846924
456	3429.7001361846924
457	3724.635362625122
457	3724.635362625122
458	3637.7766132354736
458	3637.7766132354736
459	3686.988115310669
459	3686.988115310669
460	3857.91015625
460	3857.91015625
461	3719.263792037964
461	3719.263792037964
462	3726.634979248047
462	3726.634979248047
463	3853.4841537475586
463	3853.4841537475586
464	3664.078712463379
464	3664.078712463379
465	3767.5023078918457
465	3767.5023078918457
466	3508.4211826324463
466	3508.4211826324463
467	3778.797149658203
467	3778.797149658203
468	3472.7249145507812
468	3472.7249145507812
469	3873.837947845459
469	3873.837947845459
470	4290.255546569824
470	4290.255546569824
471	3646.646022796631
471	3646.646022796631
472	3764.2085552215576
472	3764.2085552215576
473	3399.4922637939453
473	3399.4922637939453
474	3318.8788890838623
474	3318.8788890838623
475	3522.381544113159
475	3522.381544113159
476	3570.775032043457
476	3570.775032043457
477	3598.926067352295
477	3598.926067352295
478	3651.5843868255615
478	3651.5843868255615
479	3367.4440383911133
479	3367.4440383911133
480	4154.881000518799
480	4154.881000518799
481	3774.26815032959
481	3774.26815032959
482	3704.977512359619
482	3704.977512359619
483	3615.7097816467285
483	3615.7097816467285
484	3706.4521312713623
484	3706.4521312713623
485	3445.6164836883545
485	3445.6164836883545
486	3593.7886238098145
486	3593.7886238098145
487	3716.2716388702393
487	3716.2716388702393
488	3694.6091651916504
488	3694.6091651916504
489	3850.369691848755
489	3850.369691848755
490	3801.8712997436523
490	3801.8712997436523
491	3235.0411415100098
491	3235.0411415100098
492	3343.7230587005615
492	3343.7230587005615
493	3335.0272178649902
493	3335.0272178649902
494	3160.3307723999023
494	3160.3307723999023
495	3527.881622314453
495	3527.881622314453
496	3368.2546615600586
496	3368.2546615600586
497	3326.7595767974854
497	3326.7595767974854
498	3171.5359687805176
498	3171.5359687805176
499	3104.9277782440186
499	3104.9277782440186
500	10305.505514144897
500	10305.505514144897
501	2343.0027961730957
501	2343.0027961730957
502	2309.96036529541
502	2309.96036529541
503	2386.0225677490234
503	2386.0225677490234
504	2138.6895179748535
504	2138.6895179748535
505	2251.824140548706
505	2251.824140548706
506	2619.755268096924
506	2619.755268096924
507	2251.417636871338
507	2251.417636871338
508	2434.713840484619
508	2434.713840484619
509	2452.0606994628906
509	2452.0606994628906
510	2612.456798553467
510	2612.456798553467
511	2514.7526264190674
511	2514.7526264190674
512	2217.6270484924316
512	2217.6270484924316
513	2432.69681930542
513	2432.69681930542
514	2369.09818649292
514	2369.09818649292
515	2496.981143951416
515	2496.981143951416
516	2474.9655723571777
516	2474.9655723571777
517	2130.444049835205
517	2130.444049835205
518	2475.334644317627
518	2475.334644317627
519	2302.5755882263184
519	2302.5755882263184
520	2912.250757217407
520	2912.250757217407
521	2307.7938556671143
521	2307.7938556671143
522	2428.518295288086
522	2428.518295288086
523	2465.1145935058594
523	2465.1145935058594
524	2430.8104515075684
524	2430.8104515075684
525	2420.366048812866
525	2420.366048812866
526	2306.6697120666504
526	2306.6697120666504
527	2454.8070430755615
527	2454.8070430755615
528	2491.274356842041
528	2491.274356842041
529	2363.0504608154297
529	2363.0504608154297
530	3007.7717304229736
530	3007.7717304229736
531	2507.02166557312
531	2507.02166557312
532	2393.5391902923584
532	2393.5391902923584
533	2260.110378265381
533	2260.110378265381
534	2023.127555847168
534	2023.127555847168
535	2233.1342697143555
535	2233.1342697143555
536	2211.6756439208984
536	2211.6756439208984
537	2510.845184326172
537	2510.845184326172
538	1796.7143058776855
538	1796.7143058776855
539	2204.7135829925537
539	2204.7135829925537
540	2866.5077686309814
540	2866.5077686309814
541	2540.5242443084717
541	2540.5242443084717
542	2374.1986751556396
542	2374.1986751556396
543	2528.8686752319336
543	2528.8686752319336
544	2434.502363204956
544	2434.502363204956
545	2426.3954162597656
545	2426.3954162597656
546	2513.6709213256836
546	2513.6709213256836
547	2172.9583740234375
547	2172.9583740234375
548	1817.0263767242432
548	1817.0263767242432
549	1992.382526397705
549	1992.382526397705
550	2262.4263763427734
550	2262.4263763427734
551	1858.9956760406494
551	1858.9956760406494
552	1814.7690296173096
552	1814.7690296173096
553	1615.2689456939697
553	1615.2689456939697
554	1764.1899585723877
554	1764.1899585723877
555	1818.9959526062012
555	1818.9959526062012
556	1902.8468132019043
556	1902.8468132019043
557	1908.5137844085693
557	1908.5137844085693
558	1860.8756065368652
558	1860.8756065368652
559	1973.6902713775635
559	1973.6902713775635
560	2259.910821914673
560	2259.910821914673
561	1676.5737533569336
561	1676.5737533569336
562	1863.7394905090332
562	1863.7394905090332
563	2011.3799571990967
563	2011.3799571990967
564	1915.4253005981445
564	1915.4253005981445
565	1971.7521667480469
565	1971.7521667480469
566	1676.1536598205566
566	1676.1536598205566
567	1796.2119579315186
567	1796.2119579315186
568	2286.6153717041016
568	2286.6153717041016
569	3109.994411468506
569	3109.994411468506
570	2724.339246749878
570	2724.339246749878
571	2275.9134769439697
571	2275.9134769439697
572	1443.411111831665
572	1443.411111831665
573	1419.861078262329
573	1419.861078262329
574	1303.516149520874
574	1303.516149520874
575	1531.7771434783936
575	1531.7771434783936
576	1385.5102062225342
576	1385.5102062225342
577	1294.0349578857422
577	1294.0349578857422
578	1161.3028049468994
578	1161.3028049468994
579	1311.8085861206055
579	1311.8085861206055
580	2494.7876930236816
580	2494.7876930236816
581	2088.6995792388916
581	2088.6995792388916
582	2137.0363235473633
582	2137.0363235473633
583	2146.881103515625
583	2146.881103515625
584	2081.6338062286377
584	2081.6338062286377
585	2066.429615020752
585	2066.429615020752
586	2115.8435344696045
586	2115.8435344696045
587	2058.2058429718018
587	2058.2058429718018
588	1949.1808414459229
588	1949.1808414459229
589	1789.2570495605469
589	1789.2570495605469
590	2468.991756439209
590	2468.991756439209
591	2199.465036392212
591	2199.465036392212
592	2157.1052074432373
592	2157.1052074432373
593	2099.452257156372
593	2099.452257156372
594	1828.8252353668213
594	1828.8252353668213
595	2099.9433994293213
595	2099.9433994293213
596	1999.7038841247559
596	1999.7038841247559
597	1984.6584796905518
597	1984.6584796905518
598	2051.654577255249
598	2051.654577255249
599	2040.558099746704
599	2040.558099746704
600	2213.5119438171387
600	2213.5119438171387
601	1204.0023803710938
601	1204.0023803710938
602	1352.4720668792725
602	1352.4720668792725
603	1415.0092601776123
603	1415.0092601776123
604	1355.0138473510742
604	1355.0138473510742
605	1286.8497371673584
605	1286.8497371673584
606	1300.9498119354248
606	1300.9498119354248
607	1335.4437351226807
607	1335.4437351226807
608	1303.7502765655518
608	1303.7502765655518
609	1400.3925323486328
609	1400.3925323486328
610	1928.595781326294
610	1928.595781326294
611	1336.5721702575684
611	1336.5721702575684
612	1243.5829639434814
612	1243.5829639434814
613	1429.513692855835
613	1429.513692855835
614	1440.9642219543457
614	1440.9642219543457
615	2564.8539066314697
615	2564.8539066314697
616	2457.5860500335693
616	2457.5860500335693
617	2458.3840370178223
617	2458.3840370178223
618	2396.923780441284
618	2396.923780441284
619	2238.877058029175
619	2238.877058029175
620	2928.2193183898926
620	2928.2193183898926
621	2432.2690963745117
621	2432.2690963745117
622	2555.4497241973877
622	2555.4497241973877
623	2836.2696170806885
623	2836.2696170806885
624	2222.285032272339
624	2222.285032272339
625	2428.9681911468506
625	2428.9681911468506
626	2335.801124572754
626	2335.801124572754
627	2219.644546508789
627	2219.644546508789
628	2226.362705230713
628	2226.362705230713
629	2744.068384170532
629	2744.068384170532
630	2778.514623641968
630	2778.514623641968
631	2411.468744277954
631	2411.468744277954
632	2467.6403999328613
632	2467.6403999328613
633	2496.6890811920166
633	2496.6890811920166
634	2306.53977394104
634	2306.53977394104
635	2457.549810409546
635	2457.549810409546
636	2524.4534015655518
636	2524.4534015655518
637	2277.921676635742
637	2277.921676635742
638	2188.3111000061035
638	2188.3111000061035
639	2286.428928375244
639	2286.428928375244
640	2928.584575653076
640	2928.584575653076
641	2491.473436355591
641	2491.473436355591
642	2490.1950359344482
642	2490.1950359344482
643	2528.3713340759277
643	2528.3713340759277
644	2375.559091567993
644	2375.559091567993
645	2535.2964401245117
645	2535.2964401245117
646	2440.8538341522217
646	2440.8538341522217
647	2701.390027999878
647	2701.390027999878
648	2186.9845390319824
648	2186.9845390319824
649	2531.891107559204
649	2531.891107559204
650	2739.6280765533447
650	2739.6280765533447
651	2234.736442565918
651	2234.736442565918
652	3467.3752784729004
652	3467.3752784729004
653	3312.5808238983154
653	3312.5808238983154
654	3497.767210006714
654	3497.767210006714
655	3609.3056201934814
655	3609.3056201934814
656	3685.0059032440186
656	3685.0059032440186
657	3697.67689704895
657	3697.67689704895
658	3836.6053104400635
658	3836.6053104400635
659	3409.4557762145996
659	3409.4557762145996
660	3892.880439758301
660	3892.880439758301
661	3468.318462371826
661	3468.318462371826
662	3464.294195175171
662	3464.294195175171
663	3317.4307346343994
663	3317.4307346343994
664	3300.762891769409
664	3300.762891769409
665	3224.644660949707
665	3224.644660949707
666	3362.8153800964355
666	3362.8153800964355
667	3291.0408973693848
667	3291.0408973693848
668	3369.234800338745
668	3369.234800338745
669	3109.2453002929688
669	3109.2453002929688
670	3607.0008277893066
670	3607.0008277893066
671	3386.0485553741455
671	3386.0485553741455
672	3461.540937423706
672	3461.540937423706
673	3162.504196166992
673	3162.504196166992
674	3452.1877765655518
674	3452.1877765655518
675	3265.09428024292
675	3265.09428024292
676	3195.17183303833
676	3195.17183303833
677	3491.276502609253
677	3491.276502609253
678	3177.116632461548
678	3177.116632461548
679	3122.133255004883
679	3122.133255004883
680	3611.725330352783
680	3611.725330352783
681	3040.118932723999
681	3040.118932723999
682	3094.9788093566895
682	3094.9788093566895
683	3329.617977142334
683	3329.617977142334
684	3070.2617168426514
684	3070.2617168426514
685	3668.024778366089
685	3668.024778366089
686	3669.5775985717773
686	3669.5775985717773
687	3376.082420349121
687	3376.082420349121
688	3605.5688858032227
688	3605.5688858032227
689	3696.0463523864746
689	3696.0463523864746
690	3961.637020111084
690	3961.637020111084
691	3783.334255218506
691	3783.334255218506
692	3783.0376625061035
692	3783.0376625061035
693	3520.6243991851807
693	3520.6243991851807
694	3762.078046798706
694	3762.078046798706
695	3822.8776454925537
695	3822.8776454925537
696	3576.7569541931152
696	3576.7569541931152
697	3785.141706466675
697	3785.141706466675
698	3547.201156616211
698	3547.201156616211
699	3790.813446044922
699	3790.813446044922
700	4319.72861289978
700	4319.72861289978
701	3627.2482872009277
701	3627.2482872009277
702	3736.725091934204
702	3736.725091934204
703	3613.612174987793
703	3613.612174987793
704	3807.901382446289
704	3807.901382446289
705	3306.3058853149414
705	3306.3058853149414
706	3376.089572906494
706	3376.089572906494
707	3135.5347633361816
707	3135.5347633361816
708	3594.9132442474365
708	3594.9132442474365
709	3570.3933238983154
709	3570.3933238983154
710	4107.570648193359
710	4107.570648193359
711	3719.4809913635254
711	3719.4809913635254
712	3405.5447578430176
712	3405.5447578430176
713	3947.1004009246826
713	3947.1004009246826
714	3687.343120574951
714	3687.343120574951
715	3446.518659591675
715	3446.518659591675
716	3757.204055786133
716	3757.204055786133
717	3835.3395462036133
717	3835.3395462036133
718	3769.951343536377
718	3769.951343536377
719	3593.874454498291
719	3593.874454498291
720	4219.783067703247
720	4219.783067703247
721	3773.556709289551
721	3773.556709289551
722	3722.4247455596924
722	3722.4247455596924
723	3553.077459335327
723	3553.077459335327
724	3914.1902923583984
724	3914.1902923583984
725	3621.1256980895996
725	3621.1256980895996
726	3870.2266216278076
726	3870.2266216278076
727	3730.1182746887207
727	3730.1182746887207
728	3784.86704826355
728	3784.86704826355
729	3880.6018829345703
729	3880.6018829345703
730	4090.2528762817383
730	4090.2528762817383
731	3682.6021671295166
731	3682.6021671295166
732	3512.6044750213623
732	3512.6044750213623
733	3672.673463821411
733	3672.673463821411
734	3621.0267543792725
734	3621.0267543792725
735	3506.927490234375
735	3506.927490234375
736	3765.9432888031006
736	3765.9432888031006
737	3552.9918670654297
737	3552.9918670654297
738	3734.8737716674805
738	3734.8737716674805
739	3690.303325653076
739	3690.303325653076
740	3973.8733768463135
740	3973.8733768463135
741	3310.699224472046
741	3310.699224472046
742	3402.782678604126
742	3402.782678604126
743	3353.792190551758
743	3353.792190551758
744	2822.6840496063232
744	2822.6840496063232
745	3367.374897003174
745	3367.374897003174
746	3327.8942108154297
746	3327.8942108154297
747	3460.1266384124756
747	3460.1266384124756
748	3418.8404083251953
748	3418.8404083251953
749	3421.9412803649902
749	3421.9412803649902
750	3942.406177520752
750	3942.406177520752
751	3550.0452518463135
751	3550.0452518463135
752	3436.3772869110107
752	3436.3772869110107
753	3218.5239791870117
753	3218.5239791870117
754	3386.4099979400635
754	3386.4099979400635
755	3432.5478076934814
755	3432.5478076934814
756	3003.838062286377
756	3003.838062286377
757	3242.3346042633057
757	3242.3346042633057
758	3279.740810394287
758	3279.740810394287
759	3368.7400817871094
759	3368.7400817871094
760	3697.4072456359863
760	3697.4072456359863
761	3435.088872909546
761	3435.088872909546
762	3572.1218585968018
762	3572.1218585968018
763	3673.2215881347656
763	3673.2215881347656
764	3565.7334327697754
764	3565.7334327697754
765	3679.980754852295
765	3679.980754852295
766	2570.242404937744
766	2570.242404937744
767	3450.8423805236816
767	3450.8423805236816
768	3755.4214000701904
768	3755.4214000701904
769	3472.8665351867676
769	3472.8665351867676
770	4275.683403015137
770	4275.683403015137
771	3600.151538848877
771	3600.151538848877
772	3938.743829727173
772	3938.743829727173
773	3750.199317932129
773	3750.199317932129
774	3826.5392780303955
774	3826.5392780303955
775	3811.587333679199
775	3811.587333679199
776	3790.203094482422
776	3790.203094482422
777	4054.3441772460938
777	4054.3441772460938
778	3790.6811237335205
778	3790.6811237335205
779	3909.417152404785
779	3909.417152404785
780	4287.586688995361
780	4287.586688995361
781	3799.743413925171
781	3799.743413925171
782	3782.7658653259277
782	3782.7658653259277
783	3651.524782180786
783	3651.524782180786
784	3358.020305633545
784	3358.020305633545
785	3555.0472736358643
785	3555.0472736358643
786	3625.4801750183105
786	3625.4801750183105
787	3676.783323287964
787	3676.783323287964
788	3398.4413146972656
788	3398.4413146972656
789	3718.8880443573
789	3718.8880443573
790	4148.144006729126
790	4148.144006729126
791	3449.4595527648926
791	3449.4595527648926
792	3713.796615600586
792	3713.796615600586
793	3512.7248764038086
793	3512.7248764038086
794	3847.784996032715
794	3847.784996032715
795	3726.4151573181152
795	3726.4151573181152
796	3605.255603790283
796	3605.255603790283
797	3702.7907371520996
797	3702.7907371520996
798	3701.5771865844727
798	3701.5771865844727
799	4014.495372772217
799	4014.495372772217
800	4468.879699707031
800	4468.879699707031
801	3958.5213661193848
801	3958.5213661193848
802	4031.796455383301
802	4031.796455383301
803	4049.891710281372
803	4049.891710281372
804	3764.3306255340576
804	3764.3306255340576
805	3768.9292430877686
805	3768.9292430877686
806	4062.8769397735596
806	4062.8769397735596
807	4129.067897796631
807	4129.067897796631
808	4096.062660217285
808	4096.062660217285
809	4042.2980785369873
809	4042.2980785369873
810	4153.516054153442
810	4153.516054153442
811	3495.2950477600098
811	3495.2950477600098
812	4023.435115814209
812	4023.435115814209
813	3433.0825805664062
813	3433.0825805664062
814	2912.1527671813965
814	2912.1527671813965
815	3500.673770904541
815	3500.673770904541
816	3646.5582847595215
816	3646.5582847595215
817	3380.1753520965576
817	3380.1753520965576
818	3539.5636558532715
818	3539.5636558532715
819	2897.7673053741455
819	2897.7673053741455
820	3785.15625
820	3785.15625
821	3277.90904045105
821	3277.90904045105
822	3231.8549156188965
822	3231.8549156188965
823	3328.994035720825
823	3328.994035720825
824	3077.8720378875732
824	3077.8720378875732
825	3139.0457153320312
825	3139.0457153320312
826	3496.629238128662
826	3496.629238128662
827	3357.0539951324463
827	3357.0539951324463
828	3339.184045791626
828	3339.184045791626
829	3453.765869140625
829	3453.765869140625
830	3859.6737384796143
830	3859.6737384796143
831	3394.7978019714355
831	3394.7978019714355
832	3444.7948932647705
832	3444.7948932647705
833	3417.1810150146484
833	3417.1810150146484
834	3395.1802253723145
834	3395.1802253723145
835	3427.2255897521973
835	3427.2255897521973
836	3407.6457023620605
836	3407.6457023620605
837	3040.1270389556885
837	3040.1270389556885
838	3156.4836502075195
838	3156.4836502075195
839	3104.9420833587646
839	3104.9420833587646
840	3634.4542503356934
840	3634.4542503356934
841	3226.9539833068848
841	3226.9539833068848
842	3686.683177947998
842	3686.683177947998
843	3514.54758644104
843	3514.54758644104
844	3620.9261417388916
844	3620.9261417388916
845	3449.970245361328
845	3449.970245361328
846	3658.233165740967
846	3658.233165740967
847	3650.6662368774414
847	3650.6662368774414
848	3458.094835281372
848	3458.094835281372
849	3685.678720474243
849	3685.678720474243
850	3931.8578243255615
850	3931.8578243255615
851	3700.685739517212
851	3700.685739517212
852	3605.100631713867
852	3605.100631713867
853	3722.684144973755
853	3722.684144973755
854	3800.1365661621094
854	3800.1365661621094
855	3722.4624156951904
855	3722.4624156951904
856	3708.054304122925
856	3708.054304122925
857	3790.1690006256104
857	3790.1690006256104
858	3440.8135414123535
858	3440.8135414123535
859	3698.8227367401123
859	3698.8227367401123
860	4190.604686737061
860	4190.604686737061
861	3460.711717605591
861	3460.711717605591
862	3452.3589611053467
862	3452.3589611053467
863	3461.864709854126
863	3461.864709854126
864	3505.8414936065674
864	3505.8414936065674
865	3621.114492416382
865	3621.114492416382
866	3299.9818325042725
866	3299.9818325042725
867	3599.9069213867188
867	3599.9069213867188
868	3582.7393531799316
868	3582.7393531799316
869	3442.9893493652344
869	3442.9893493652344
870	4050.0755310058594
870	4050.0755310058594
871	3391.293525695801
871	3391.293525695801
872	3657.978296279907
872	3657.978296279907
873	3727.6923656463623
873	3727.6923656463623
874	3655.0755500793457
874	3655.0755500793457
875	3418.433427810669
875	3418.433427810669
876	3669.8734760284424
876	3669.8734760284424
877	3693.746566772461
877	3693.746566772461
878	3434.3924522399902
878	3434.3924522399902
879	3765.296459197998
879	3765.296459197998
880	4122.854471206665
880	4122.854471206665
881	3756.4327716827393
881	3756.4327716827393
882	3222.9576110839844
882	3222.9576110839844
883	3538.2466316223145
883	3538.2466316223145
884	3587.9976749420166
884	3587.9976749420166
885	3452.9426097869873
885	3452.9426097869873
886	3597.651720046997
886	3597.651720046997
887	3311.206817626953
887	3311.206817626953
888	3595.5960750579834
888	3595.5960750579834
889	3595.4062938690186
889	3595.4062938690186
890	4234.043121337891
890	4234.043121337891
891	3666.1453247070312
891	3666.1453247070312
892	3478.808641433716
892	3478.808641433716
893	3753.800868988037
893	3753.800868988037
894	3922.73211479187
894	3922.73211479187
895	3691.7834281921387
895	3691.7834281921387
896	3722.9092121124268
896	3722.9092121124268
897	3055.5260181427
897	3055.5260181427
898	3034.816265106201
898	3034.816265106201
899	3295.4559326171875
899	3295.4559326171875
900	3725.6019115448
900	3725.6019115448
901	3317.3131942749023
901	3317.3131942749023
902	3428.1485080718994
902	3428.1485080718994
903	3113.072633743286
903	3113.072633743286
904	3358.4470748901367
904	3358.4470748901367
905	3392.5483226776123
905	3392.5483226776123
906	3439.2006397247314
906	3439.2006397247314
907	3391.340732574463
907	3391.340732574463
908	3113.2307052612305
908	3113.2307052612305
909	3257.6560974121094
909	3257.6560974121094
910	3528.367519378662
910	3528.367519378662
911	3152.214765548706
911	3152.214765548706
912	2820.2924728393555
912	2820.2924728393555
913	3244.965076446533
913	3244.965076446533
914	3235.7776165008545
914	3235.7776165008545
915	3225.17466545105
915	3225.17466545105
916	3295.379400253296
916	3295.379400253296
917	3214.7889137268066
917	3214.7889137268066
918	2910.6807708740234
918	2910.6807708740234
919	3372.260093688965
919	3372.260093688965
920	3710.3981971740723
920	3710.3981971740723
921	3625.1978874206543
921	3625.1978874206543
922	3442.802667617798
922	3442.802667617798
923	3613.8834953308105
923	3613.8834953308105
924	2525.779962539673
924	2525.779962539673
925	2281.4064025878906
925	2281.4064025878906
926	3447.856664657593
926	3447.856664657593
927	3494.422435760498
927	3494.422435760498
928	3726.4609336853027
928	3726.4609336853027
929	3675.692558288574
929	3675.692558288574
930	3942.6324367523193
930	3942.6324367523193
931	3323.68803024292
931	3323.68803024292
932	3620.676279067993
932	3620.676279067993
933	3661.2322330474854
933	3661.2322330474854
934	3559.774875640869
934	3559.774875640869
935	3716.278553009033
935	3716.278553009033
936	3660.7511043548584
936	3660.7511043548584
937	3476.874351501465
937	3476.874351501465
938	3654.963970184326
938	3654.963970184326
939	3717.42844581604
939	3717.42844581604
940	4083.682060241699
940	4083.682060241699
941	3910.778760910034
941	3910.778760910034
942	3722.505569458008
942	3722.505569458008
943	3649.22833442688
943	3649.22833442688
944	3748.9027976989746
944	3748.9027976989746
945	3461.1566066741943
945	3461.1566066741943
946	3548.01869392395
946	3548.01869392395
947	3421.217441558838
947	3421.217441558838
948	3636.4083290100098
948	3636.4083290100098
949	3371.5713024139404
949	3371.5713024139404
950	3944.9474811553955
950	3944.9474811553955
951	3597.9576110839844
951	3597.9576110839844
952	3631.364345550537
952	3631.364345550537
953	3537.208080291748
953	3537.208080291748
954	3555.9964179992676
954	3555.9964179992676
955	3588.11616897583
955	3588.11616897583
956	3542.496919631958
956	3542.496919631958
957	3597.9559421539307
957	3597.9559421539307
958	3383.3885192871094
958	3383.3885192871094
959	3698.631763458252
959	3698.631763458252
960	4147.8612422943115
960	4147.8612422943115
961	2514.9688720703125
961	2514.9688720703125
962	2524.531364440918
962	2524.531364440918
963	2435.645341873169
963	2435.645341873169
964	2179.5032024383545
964	2179.5032024383545
965	2561.765193939209
965	2561.765193939209
966	2345.7610607147217
966	2345.7610607147217
967	2050.083637237549
967	2050.083637237549
968	2428.407907485962
968	2428.407907485962
969	2491.856575012207
969	2491.856575012207
970	2897.665023803711
970	2897.665023803711
971	2479.482889175415
971	2479.482889175415
972	2390.550136566162
972	2390.550136566162
973	2197.4475383758545
973	2197.4475383758545
974	2484.111547470093
974	2484.111547470093
975	2399.608373641968
975	2399.608373641968
976	1971.5886116027832
976	1971.5886116027832
977	2019.4792747497559
977	2019.4792747497559
978	2223.8614559173584
978	2223.8614559173584
979	2027.2116661071777
979	2027.2116661071777
980	2543.0073738098145
980	2543.0073738098145
981	1853.3446788787842
981	1853.3446788787842
982	2033.601999282837
982	2033.601999282837
983	2315.319061279297
983	2315.319061279297
984	1926.7432689666748
984	1926.7432689666748
985	1894.3235874176025
985	1894.3235874176025
986	2115.0522232055664
986	2115.0522232055664
987	2116.2452697753906
987	2116.2452697753906
988	2023.2555866241455
988	2023.2555866241455
989	2038.9244556427002
989	2038.9244556427002
990	2341.0394191741943
990	2341.0394191741943
991	1873.2469081878662
991	1873.2469081878662
992	2203.928232192993
992	2203.928232192993
993	1909.5346927642822
993	1909.5346927642822
994	2174.7350692749023
994	2174.7350692749023
995	2076.3089656829834
995	2076.3089656829834
996	2109.064817428589
996	2109.064817428589
997	2498.788595199585
997	2498.788595199585
998	2376.7054080963135
998	2376.7054080963135
999	2449.2599964141846
999	2449.2599964141846
1000	17544.459342956543
1000	17544.459342956543
1001	2416.077136993408
1001	2416.077136993408
1002	2381.622314453125
1002	2381.622314453125
1003	2375.155210494995
1003	2375.155210494995
1004	2271.4366912841797
1004	2271.4366912841797
1005	2625.1351833343506
1005	2625.1351833343506
1006	2299.1321086883545
1006	2299.1321086883545
1007	2501.861333847046
1007	2501.861333847046
1008	2234.9095344543457
1008	2234.9095344543457
1009	2511.0414028167725
1009	2511.0414028167725
1010	2996.2756633758545
1010	2996.2756633758545
1011	2492.2032356262207
1011	2492.2032356262207
1012	2620.0084686279297
1012	2620.0084686279297
1013	2424.3381023406982
1013	2424.3381023406982
1014	2537.7001762390137
1014	2537.7001762390137
1015	2554.1915893554688
1015	2554.1915893554688
1016	2388.436794281006
1016	2388.436794281006
1017	2540.58837890625
1017	2540.58837890625
1018	2162.8592014312744
1018	2162.8592014312744
1019	2249.411106109619
1019	2249.411106109619
1020	2882.364511489868
1020	2882.364511489868
1021	2498.779296875
1021	2498.779296875
1022	2399.888515472412
1022	2399.888515472412
1023	2201.1213302612305
1023	2201.1213302612305
1024	2284.8851680755615
1024	2284.8851680755615
1025	2384.168863296509
1025	2384.168863296509
1026	2437.964916229248
1026	2437.964916229248
1027	2177.6516437530518
1027	2177.6516437530518
1028	2492.5034046173096
1028	2492.5034046173096
1029	1985.349178314209
1029	1985.349178314209
1030	2555.3956031799316
1030	2555.3956031799316
1031	2031.6014289855957
1031	2031.6014289855957
1032	2040.1091575622559
1032	2040.1091575622559
1033	1885.7030868530273
1033	1885.7030868530273
1034	2049.2637157440186
1034	2049.2637157440186
1035	2080.265998840332
1035	2080.265998840332
1036	2074.5410919189453
1036	2074.5410919189453
1037	2160.761594772339
1037	2160.761594772339
1038	2114.999771118164
1038	2114.999771118164
1039	2093.8382148742676
1039	2093.8382148742676
1040	2652.5490283966064
1040	2652.5490283966064
1041	2084.9318504333496
1041	2084.9318504333496
1042	1929.8946857452393
1042	1929.8946857452393
1043	2049.088716506958
1043	2049.088716506958
1044	1734.3456745147705
1044	1734.3456745147705
1045	1847.905158996582
1045	1847.905158996582
1046	2105.804920196533
1046	2105.804920196533
1047	1786.1216068267822
1047	1786.1216068267822
1048	1709.5787525177002
1048	1709.5787525177002
1049	1922.5671291351318
1049	1922.5671291351318
1050	2972.2890853881836
1050	2972.2890853881836
1051	2564.5458698272705
1051	2564.5458698272705
1052	2528.050661087036
1052	2528.050661087036
1053	1376.0972023010254
1053	1376.0972023010254
1054	1155.526876449585
1054	1155.526876449585
1055	1154.5751094818115
1055	1154.5751094818115
1056	2411.2019538879395
1056	2411.2019538879395
1057	2438.7576580047607
1057	2438.7576580047607
1058	2853.581666946411
1058	2853.581666946411
1059	2448.335886001587
1059	2448.335886001587
1060	2909.8873138427734
1060	2909.8873138427734
1061	2450.408458709717
1061	2450.408458709717
1062	2419.6677207946777
1062	2419.6677207946777
1063	2509.326696395874
1063	2509.326696395874
1064	2440.814733505249
1064	2440.814733505249
1065	2373.2402324676514
1065	2373.2402324676514
1066	2397.400379180908
1066	2397.400379180908
1067	2437.9265308380127
1067	2437.9265308380127
1068	2254.7552585601807
1068	2254.7552585601807
1069	2362.318277359009
1069	2362.318277359009
1070	2885.9028816223145
1070	2885.9028816223145
1071	1909.6767902374268
1071	1909.6767902374268
1072	2409.288167953491
1072	2409.288167953491
1073	2533.0162048339844
1073	2533.0162048339844
1074	2460.719585418701
1074	2460.719585418701
1075	2421.727418899536
1075	2421.727418899536
1076	2409.9977016448975
1076	2409.9977016448975
1077	2201.612949371338
1077	2201.612949371338
1078	2235.0363731384277
1078	2235.0363731384277
1079	2191.5132999420166
1079	2191.5132999420166
1080	3026.0705947875977
1080	3026.0705947875977
1081	2432.663917541504
1081	2432.663917541504
1082	2440.8366680145264
1082	2440.8366680145264
1083	2476.5539169311523
1083	2476.5539169311523
1084	2231.46915435791
1084	2231.46915435791
1085	2166.714668273926
1085	2166.714668273926
1086	2475.783109664917
1086	2475.783109664917
1087	2423.7592220306396
1087	2423.7592220306396
1088	2336.209535598755
1088	2336.209535598755
1089	2632.232666015625
1089	2632.232666015625
1090	3210.1073265075684
1090	3210.1073265075684
1091	2580.624580383301
1091	2580.624580383301
1092	2293.9202785491943
1092	2293.9202785491943
1093	2697.407007217407
1093	2697.407007217407
1094	2272.2561359405518
1094	2272.2561359405518
1095	2445.939779281616
1095	2445.939779281616
1096	3402.301073074341
1096	3402.301073074341
1097	3421.95987701416
1097	3421.95987701416
1098	3529.6547412872314
1098	3529.6547412872314
1099	3829.3673992156982
1099	3829.3673992156982
1100	4098.6316204071045
1100	4098.6316204071045
1101	3334.9647521972656
1101	3334.9647521972656
1102	3382.448434829712
1102	3382.448434829712
1103	3017.475366592407
1103	3017.475366592407
1104	3228.987693786621
1104	3228.987693786621
1105	3393.2785987854004
1105	3393.2785987854004
1106	2869.743824005127
1106	2869.743824005127
1107	3126.049518585205
1107	3126.049518585205
1108	3086.6448879241943
1108	3086.6448879241943
1109	3295.473098754883
1109	3295.473098754883
1110	3640.3398513793945
1110	3640.3398513793945
1111	3114.530324935913
1111	3114.530324935913
1112	3506.3202381134033
1112	3506.3202381134033
1113	3388.169050216675
1113	3388.169050216675
1114	3223.3047485351562
1114	3223.3047485351562
1115	3463.0157947540283
1115	3463.0157947540283
1116	3248.992919921875
1116	3248.992919921875
1117	3362.4508380889893
1117	3362.4508380889893
1118	3417.7465438842773
1118	3417.7465438842773
1119	3389.559745788574
1119	3389.559745788574
1120	3655.7929515838623
1120	3655.7929515838623
1121	3214.4508361816406
1121	3214.4508361816406
1122	3186.8631839752197
1122	3186.8631839752197
1123	3068.905830383301
1123	3068.905830383301
1124	3130.1887035369873
1124	3130.1887035369873
1125	3481.5194606781006
1125	3481.5194606781006
1126	3569.0507888793945
1126	3569.0507888793945
1127	3647.9640007019043
1127	3647.9640007019043
1128	3519.817590713501
1128	3519.817590713501
1129	3408.214807510376
1129	3408.214807510376
1130	3914.9129390716553
1130	3914.9129390716553
1131	3817.2993659973145
1131	3817.2993659973145
1132	3625.3082752227783
1132	3625.3082752227783
1133	3705.4402828216553
1133	3705.4402828216553
1134	3218.2822227478027
1134	3218.2822227478027
1135	3234.161853790283
1135	3234.161853790283
1136	3375.28395652771
1136	3375.28395652771
1137	3614.9680614471436
1137	3614.9680614471436
1138	3574.634313583374
1138	3574.634313583374
1139	3698.582410812378
1139	3698.582410812378
1140	4027.494430541992
1140	4027.494430541992
1141	3683.7809085845947
1141	3683.7809085845947
1142	3670.759677886963
1142	3670.759677886963
1143	3685.5177879333496
1143	3685.5177879333496
1144	3781.771659851074
1144	3781.771659851074
1145	3668.66135597229
1145	3668.66135597229
1146	3426.9299507141113
1146	3426.9299507141113
1147	3702.808141708374
1147	3702.808141708374
1148	3845.78800201416
1148	3845.78800201416
1149	3796.726703643799
1149	3796.726703643799
1150	4114.805698394775
1150	4114.805698394775
1151	3426.992416381836
1151	3426.992416381836
1152	3463.5205268859863
1152	3463.5205268859863
1153	3743.2000637054443
1153	3743.2000637054443
1154	3466.930389404297
1154	3466.930389404297
1155	4065.37127494812
1155	4065.37127494812
1156	3882.7943801879883
1156	3882.7943801879883
1157	3754.542112350464
1157	3754.542112350464
1158	3777.8680324554443
1158	3777.8680324554443
1159	3796.774387359619
1159	3796.774387359619
1160	4422.540903091431
1160	4422.540903091431
1161	3669.4014072418213
1161	3669.4014072418213
1162	3178.5244941711426
1162	3178.5244941711426
1163	3449.657440185547
1163	3449.657440185547
1164	3569.9071884155273
1164	3569.9071884155273
1165	3558.011293411255
1165	3558.011293411255
1166	3673.774480819702
1166	3673.774480819702
1167	3373.6283779144287
1167	3373.6283779144287
1168	3661.6241931915283
1168	3661.6241931915283
1169	3695.962429046631
1169	3695.962429046631
1170	4248.695850372314
1170	4248.695850372314
1171	3913.4318828582764
1171	3913.4318828582764
1172	3445.6865787506104
1172	3445.6865787506104
1173	3717.258930206299
1173	3717.258930206299
1174	3668.5924530029297
1174	3668.5924530029297
1175	3428.1280040740967
1175	3428.1280040740967
1176	3779.6664237976074
1176	3779.6664237976074
1177	3728.7728786468506
1177	3728.7728786468506
1178	3757.6348781585693
1178	3757.6348781585693
1179	3741.1160469055176
1179	3741.1160469055176
1180	4291.517496109009
1180	4291.517496109009
1181	3094.282865524292
1181	3094.282865524292
1182	3348.071575164795
1182	3348.071575164795
1183	3185.556173324585
1183	3185.556173324585
1184	3130.051374435425
1184	3130.051374435425
1185	3211.787462234497
1185	3211.787462234497
1186	3158.134937286377
1186	3158.134937286377
1187	3107.0241928100586
1187	3107.0241928100586
1188	3260.782241821289
1188	3260.782241821289
1189	3251.4283657073975
1189	3251.4283657073975
1190	3809.894800186157
1190	3809.894800186157
1191	3328.670024871826
1191	3328.670024871826
1192	3255.872964859009
1192	3255.872964859009
1193	3345.2725410461426
1193	3345.2725410461426
1194	3323.9946365356445
1194	3323.9946365356445
1195	3177.806854248047
1195	3177.806854248047
1196	3380.645990371704
1196	3380.645990371704
1197	2917.6504611968994
1197	2917.6504611968994
1198	3399.7249603271484
1198	3399.7249603271484
1199	3484.572410583496
1199	3484.572410583496
1200	3842.5567150115967
1200	3842.5567150115967
1201	3516.037702560425
1201	3516.037702560425
1202	3189.332962036133
1202	3189.332962036133
1203	3800.8668422698975
1203	3800.8668422698975
1204	3828.629970550537
1204	3828.629970550537
1205	3680.9611320495605
1205	3680.9611320495605
1206	3578.7570476531982
1206	3578.7570476531982
1207	2610.6250286102295
1207	2610.6250286102295
1208	3246.293306350708
1208	3246.293306350708
1209	3820.3814029693604
1209	3820.3814029693604
1210	4253.41010093689
1210	4253.41010093689
1211	3796.074867248535
1211	3796.074867248535
1212	3484.0433597564697
1212	3484.0433597564697
1213	3714.752197265625
1213	3714.752197265625
1214	3226.877212524414
1214	3226.877212524414
1215	3329.4835090637207
1215	3329.4835090637207
1216	3514.492988586426
1216	3514.492988586426
1217	3577.911376953125
1217	3577.911376953125
1218	3589.7738933563232
1218	3589.7738933563232
1219	3430.196523666382
1219	3430.196523666382
1220	3833.2111835479736
1220	3833.2111835479736
1221	3675.159454345703
1221	3675.159454345703
1222	3742.1445846557617
1222	3742.1445846557617
1223	3697.211742401123
1223	3697.211742401123
1224	3861.649751663208
1224	3861.649751663208
1225	3724.477529525757
1225	3724.477529525757
1226	3687.91127204895
1226	3687.91127204895
1227	3496.807336807251
1227	3496.807336807251
1228	3735.539674758911
1228	3735.539674758911
1229	3899.5819091796875
1229	3899.5819091796875
1230	4216.223478317261
1230	4216.223478317261
1231	3736.7725372314453
1231	3736.7725372314453
1232	3892.8849697113037
1232	3892.8849697113037
1233	3897.6781368255615
1233	3897.6781368255615
1234	3679.3107986450195
1234	3679.3107986450195
1235	3793.9279079437256
1235	3793.9279079437256
1236	3731.9767475128174
1236	3731.9767475128174
1237	3426.2516498565674
1237	3426.2516498565674
1238	3679.3651580810547
1238	3679.3651580810547
1239	3825.58012008667
1239	3825.58012008667
1240	3659.5675945281982
1240	3659.5675945281982
1241	3537.1809005737305
1241	3537.1809005737305
1242	3399.8522758483887
1242	3399.8522758483887
1243	3588.433027267456
1243	3588.433027267456
1244	3617.799997329712
1244	3617.799997329712
1245	3628.7360191345215
1245	3628.7360191345215
1246	3679.6467304229736
1246	3679.6467304229736
1247	3670.4859733581543
1247	3670.4859733581543
1248	3733.6225509643555
1248	3733.6225509643555
1249	3711.1458778381348
1249	3711.1458778381348
1250	3925.5709648132324
1250	3925.5709648132324
1251	3766.019105911255
1251	3766.019105911255
1252	3393.8634395599365
1252	3393.8634395599365
1253	3557.741165161133
1253	3557.741165161133
1254	3760.765314102173
1254	3760.765314102173
1255	3736.6108894348145
1255	3736.6108894348145
1256	3747.670888900757
1256	3747.670888900757
1257	3733.8526248931885
1257	3733.8526248931885
1258	3508.1374645233154
1258	3508.1374645233154
1259	3494.0037727355957
1259	3494.0037727355957
1260	3541.264057159424
1260	3541.264057159424
1261	3094.658374786377
1261	3094.658374786377
1262	3386.525869369507
1262	3386.525869369507
1263	3321.639060974121
1263	3321.639060974121
1264	3404.0958881378174
1264	3404.0958881378174
1265	3119.4753646850586
1265	3119.4753646850586
1266	3179.2142391204834
1266	3179.2142391204834
1267	3207.6170444488525
1267	3207.6170444488525
1268	3163.7284755706787
1268	3163.7284755706787
1269	3425.7240295410156
1269	3425.7240295410156
1270	3726.597547531128
1270	3726.597547531128
1271	3390.230655670166
1271	3390.230655670166
1272	3320.1675415039062
1272	3320.1675415039062
1273	3346.905469894409
1273	3346.905469894409
1274	3336.5118503570557
1274	3336.5118503570557
1275	3269.0176963806152
1275	3269.0176963806152
1276	3355.5517196655273
1276	3355.5517196655273
1277	3126.518726348877
1277	3126.518726348877
1278	3330.6264877319336
1278	3330.6264877319336
1279	3391.0646438598633
1279	3391.0646438598633
1280	3812.8957748413086
1280	3812.8957748413086
1281	3192.9852962493896
1281	3192.9852962493896
1282	3713.195562362671
1282	3713.195562362671
1283	3697.1662044525146
1283	3697.1662044525146
1284	3400.782585144043
1284	3400.782585144043
1285	3676.7992973327637
1285	3676.7992973327637
1286	3504.4095516204834
1286	3504.4095516204834
1287	3771.2790966033936
1287	3771.2790966033936
1288	3777.289390563965
1288	3777.289390563965
1289	3882.509469985962
1289	3882.509469985962
1290	3997.9312419891357
1290	3997.9312419891357
1291	3593.592643737793
1291	3593.592643737793
1292	3619.190216064453
1292	3619.190216064453
1293	3545.0103282928467
1293	3545.0103282928467
1294	3487.0963096618652
1294	3487.0963096618652
1295	3584.5813751220703
1295	3584.5813751220703
1296	3595.651865005493
1296	3595.651865005493
1297	3384.1443061828613
1297	3384.1443061828613
1298	3743.4184551239014
1298	3743.4184551239014
1299	3693.082809448242
1299	3693.082809448242
1300	4174.910545349121
1300	4174.910545349121
1301	3735.208511352539
1301	3735.208511352539
1302	3590.273857116699
1302	3590.273857116699
1303	3764.7948265075684
1303	3764.7948265075684
1304	3743.096351623535
1304	3743.096351623535
1305	3453.587293624878
1305	3453.587293624878
1306	3347.4597930908203
1306	3347.4597930908203
1307	3522.395133972168
1307	3522.395133972168
1308	3271.6941833496094
1308	3271.6941833496094
1309	3354.3381690979004
1309	3354.3381690979004
1310	4137.599945068359
1310	4137.599945068359
1311	3601.654291152954
1311	3601.654291152954
1312	3660.7675552368164
1312	3660.7675552368164
1313	3895.5423831939697
1313	3895.5423831939697
1314	3631.12473487854
1314	3631.12473487854
1315	3646.613597869873
1315	3646.613597869873
1316	3667.961835861206
1316	3667.961835861206
1317	3705.3794860839844
1317	3705.3794860839844
1318	3456.71010017395
1318	3456.71010017395
1319	3703.240394592285
1319	3703.240394592285
1320	4271.435260772705
1320	4271.435260772705
1321	3722.0070362091064
1321	3722.0070362091064
1322	3769.8724269866943
1322	3769.8724269866943
1323	3411.275625228882
1323	3411.275625228882
1324	3719.5651531219482
1324	3719.5651531219482
1325	3855.034589767456
1325	3855.034589767456
1326	3298.7282276153564
1326	3298.7282276153564
1327	3830.561876296997
1327	3830.561876296997
1328	3796.196222305298
1328	3796.196222305298
1329	3897.0205783843994
1329	3897.0205783843994
1330	3980.4487228393555
1330	3980.4487228393555
1331	3807.882785797119
1331	3807.882785797119
1332	3559.2315196990967
1332	3559.2315196990967
1333	3500.239133834839
1333	3500.239133834839
1334	3201.8353939056396
1334	3201.8353939056396
1335	3554.363012313843
1335	3554.363012313843
1336	3229.686498641968
1336	3229.686498641968
1337	3198.0409622192383
1337	3198.0409622192383
1338	2997.426748275757
1338	2997.426748275757
1339	3233.768939971924
1339	3233.768939971924
1340	3468.738794326782
1340	3468.738794326782
1341	2883.005142211914
1341	2883.005142211914
1342	3533.794164657593
1342	3533.794164657593
1343	3495.093584060669
1343	3495.093584060669
1344	3347.888708114624
1344	3347.888708114624
1345	3343.1396484375
1345	3343.1396484375
1346	3622.7757930755615
1346	3622.7757930755615
1347	3745.1720237731934
1347	3745.1720237731934
1348	3638.385534286499
1348	3638.385534286499
1349	3662.104845046997
1349	3662.104845046997
1350	4072.3681449890137
1350	4072.3681449890137
1351	3287.0121002197266
1351	3287.0121002197266
1352	3675.4095554351807
1352	3675.4095554351807
1353	3673.7444400787354
1353	3673.7444400787354
1354	3839.4994735717773
1354	3839.4994735717773
1355	3682.7521324157715
1355	3682.7521324157715
1356	3422.0871925354004
1356	3422.0871925354004
1357	3912.043809890747
1357	3912.043809890747
1358	3001.636505126953
1358	3001.636505126953
1359	2849.6909141540527
1359	2849.6909141540527
1360	3898.1690406799316
1360	3898.1690406799316
1361	3505.7966709136963
1361	3505.7966709136963
1362	3575.502872467041
1362	3575.502872467041
1363	2359.072685241699
1363	2359.072685241699
1364	2568.089723587036
1364	2568.089723587036
1365	3669.8291301727295
1365	3669.8291301727295
1366	3615.9844398498535
1366	3615.9844398498535
1367	3727.729558944702
1367	3727.729558944702
1368	3690.837860107422
1368	3690.837860107422
1369	3855.6976318359375
1369	3855.6976318359375
1370	4008.500099182129
1370	4008.500099182129
1371	3772.6263999938965
1371	3772.6263999938965
1372	3779.0801525115967
1372	3779.0801525115967
1373	3372.0688819885254
1373	3372.0688819885254
1374	3772.578477859497
1374	3772.578477859497
1375	3795.3145503997803
1375	3795.3145503997803
1376	3462.7456665039062
1376	3462.7456665039062
1377	3844.791889190674
1377	3844.791889190674
1378	3511.7862224578857
1378	3511.7862224578857
1379	3895.732879638672
1379	3895.732879638672
1380	4216.8378829956055
1380	4216.8378829956055
1381	3809.277296066284
1381	3809.277296066284
1382	3471.6410636901855
1382	3471.6410636901855
1383	3568.8586235046387
1383	3568.8586235046387
1384	3767.080545425415
1384	3767.080545425415
1385	3350.2228260040283
1385	3350.2228260040283
1386	3067.110776901245
1386	3067.110776901245
1387	3591.3891792297363
1387	3591.3891792297363
1388	3226.146936416626
1388	3226.146936416626
1389	3602.339267730713
1389	3602.339267730713
1390	4200.27494430542
1390	4200.27494430542
1391	3634.66215133667
1391	3634.66215133667
1392	3396.2643146514893
1392	3396.2643146514893
1393	3463.5462760925293
1393	3463.5462760925293
1394	3674.938917160034
1394	3674.938917160034
1395	3698.2831954956055
1395	3698.2831954956055
1396	3784.895420074463
1396	3784.895420074463
1397	2626.2948513031006
1397	2626.2948513031006
1398	2344.9997901916504
1398	2344.9997901916504
1399	2426.1717796325684
1399	2426.1717796325684
1400	2857.7146530151367
1400	2857.7146530151367
1401	2341.7787551879883
1401	2341.7787551879883
1402	2456.665515899658
1402	2456.665515899658
1403	2837.6193046569824
1403	2837.6193046569824
1404	2466.2394523620605
1404	2466.2394523620605
1405	2318.0301189422607
1405	2318.0301189422607
1406	2305.291175842285
1406	2305.291175842285
1407	2480.907678604126
1407	2480.907678604126
1408	2480.4418087005615
1408	2480.4418087005615
1409	2311.5363121032715
1409	2311.5363121032715
1410	2899.339199066162
1410	2899.339199066162
1411	2319.4830417633057
1411	2319.4830417633057
1412	2279.902219772339
1412	2279.902219772339
1413	2441.5130615234375
1413	2441.5130615234375
1414	2003.1342506408691
1414	2003.1342506408691
1415	2046.419620513916
1415	2046.419620513916
1416	1885.1349353790283
1416	1885.1349353790283
1417	2068.880081176758
1417	2068.880081176758
1418	2062.0760917663574
1418	2062.0760917663574
1419	2051.2001514434814
1419	2051.2001514434814
1420	2335.0882530212402
1420	2335.0882530212402
1421	1901.2887477874756
1421	1901.2887477874756
1422	2096.511125564575
1422	2096.511125564575
1423	2114.358901977539
1423	2114.358901977539
1424	2162.5397205352783
1424	2162.5397205352783
1425	2184.131622314453
1425	2184.131622314453
1426	2179.723024368286
1426	2179.723024368286
1427	2131.8228244781494
1427	2131.8228244781494
1428	2148.5958099365234
1428	2148.5958099365234
1429	2147.0067501068115
1429	2147.0067501068115
1430	2534.2938899993896
1430	2534.2938899993896
1431	1940.0572776794434
1431	1940.0572776794434
1432	2134.309768676758
1432	2134.309768676758
1433	2182.3019981384277
1433	2182.3019981384277
1434	2575.043201446533
1434	2575.043201446533
1435	2463.6740684509277
1435	2463.6740684509277
1436	2457.3686122894287
1436	2457.3686122894287
1437	2432.339906692505
1437	2432.339906692505
1438	2508.2743167877197
1438	2508.2743167877197
1439	2413.0914211273193
1439	2413.0914211273193
1440	2900.528907775879
1440	2900.528907775879
1441	2467.5452709198
1441	2467.5452709198
1442	2297.983169555664
1442	2297.983169555664
1443	2351.0758876800537
1443	2351.0758876800537
1444	2579.073429107666
1444	2579.073429107666
1445	2549.1325855255127
1445	2549.1325855255127
1446	2277.7340412139893
1446	2277.7340412139893
1447	2492.438316345215
1447	2492.438316345215
1448	2536.2327098846436
1448	2536.2327098846436
1449	2132.857322692871
1449	2132.857322692871
1450	2973.8597869873047
1450	2973.8597869873047
1451	2515.1431560516357
1451	2515.1431560516357
1452	2453.1919956207275
1452	2453.1919956207275
1453	2427.2871017456055
1453	2427.2871017456055
1454	2529.989719390869
1454	2529.989719390869
1455	2497.2152709960938
1455	2497.2152709960938
1456	2489.8080825805664
1456	2489.8080825805664
1457	2458.467960357666
1457	2458.467960357666
1458	2441.2922859191895
1458	2441.2922859191895
1459	2516.5061950683594
1459	2516.5061950683594
1460	2743.527889251709
1460	2743.527889251709
1461	2413.639783859253
1461	2413.639783859253
1462	2269.7794437408447
1462	2269.7794437408447
1463	2485.361337661743
1463	2485.361337661743
1464	2536.4773273468018
1464	2536.4773273468018
1465	2459.333658218384
1465	2459.333658218384
1466	2510.993480682373
1466	2510.993480682373
1467	2366.358757019043
1467	2366.358757019043
1468	2782.944917678833
1468	2782.944917678833
1469	2453.840494155884
1469	2453.840494155884
1470	2984.3697547912598
1470	2984.3697547912598
1471	2433.074474334717
1471	2433.074474334717
1472	2573.3299255371094
1472	2573.3299255371094
1473	2403.216600418091
1473	2403.216600418091
1474	2551.647424697876
1474	2551.647424697876
1475	2439.98384475708
1475	2439.98384475708
1476	2334.7930908203125
1476	2334.7930908203125
1477	2506.8445205688477
1477	2506.8445205688477
1478	2537.4622344970703
1478	2537.4622344970703
1479	2457.7624797821045
1479	2457.7624797821045
1480	2744.6048259735107
1480	2744.6048259735107
1481	1989.8412227630615
1481	1989.8412227630615
1482	2049.4632720947266
1482	2049.4632720947266
1483	1804.72993850708
1483	1804.72993850708
1484	2057.9419136047363
1484	2057.9419136047363
1485	1863.5227680206299
1485	1863.5227680206299
1486	1927.0350933074951
1486	1927.0350933074951
1487	2028.7213325500488
1487	2028.7213325500488
1488	2010.4529857635498
1488	2010.4529857635498
1489	1861.6063594818115
1489	1861.6063594818115
1490	2586.949586868286
1490	2586.949586868286
1491	1921.9982624053955
1491	1921.9982624053955
1492	2075.5608081817627
1492	2075.5608081817627
1493	2144.9179649353027
1493	2144.9179649353027
1494	2135.671854019165
1494	2135.671854019165
1495	2126.607656478882
1495	2126.607656478882
1496	1892.0834064483643
1496	1892.0834064483643
1497	2081.3393592834473
1497	2081.3393592834473
1498	1946.2766647338867
1498	1946.2766647338867
1499	2054.0668964385986
1499	2054.0668964385986
1500	10072.75414466858
1500	10072.75414466858
1501	2406.0096740722656
1501	2406.0096740722656
1502	2226.1998653411865
1502	2226.1998653411865
1503	2327.192544937134
1503	2327.192544937134
1504	2377.0222663879395
1504	2377.0222663879395
1505	2469.578266143799
1505	2469.578266143799
1506	2382.784605026245
1506	2382.784605026245
1507	2381.7238807678223
1507	2381.7238807678223
1508	2436.6116523742676
1508	2436.6116523742676
1509	2402.423620223999
1509	2402.423620223999
1510	3132.7948570251465
1510	3132.7948570251465
1511	2569.877862930298
1511	2569.877862930298
1512	2190.2267932891846
1512	2190.2267932891846
1513	2523.9646434783936
1513	2523.9646434783936
1514	2551.198720932007
1514	2551.198720932007
1515	2239.612340927124
1515	2239.612340927124
1516	2450.02818107605
1516	2450.02818107605
1517	2531.010150909424
1517	2531.010150909424
1518	2422.956705093384
1518	2422.956705093384
1519	2773.379325866699
1519	2773.379325866699
1520	3143.4459686279297
1520	3143.4459686279297
1521	2303.658962249756
1521	2303.658962249756
1522	2436.614751815796
1522	2436.614751815796
1523	2672.804832458496
1523	2672.804832458496
1524	2278.7089347839355
1524	2278.7089347839355
1525	3053.8647174835205
1525	3053.8647174835205
1526	2563.7121200561523
1526	2563.7121200561523
1527	2494.190454483032
1527	2494.190454483032
1528	2505.885124206543
1528	2505.885124206543
1529	2493.1979179382324
1529	2493.1979179382324
1530	3702.1472454071045
1530	3702.1472454071045
1531	3503.664970397949
1531	3503.664970397949
1532	3533.708095550537
1532	3533.708095550537
1533	3856.046676635742
1533	3856.046676635742
1534	3345.400810241699
1534	3345.400810241699
1535	3402.7092456817627
1535	3402.7092456817627
1536	3652.8542041778564
1536	3652.8542041778564
1537	3706.2487602233887
1537	3706.2487602233887
1538	3015.5673027038574
1538	3015.5673027038574
1539	3143.148899078369
1539	3143.148899078369
1540	3495.098352432251
1540	3495.098352432251
1541	3333.5156440734863
1541	3333.5156440734863
1542	3368.041515350342
1542	3368.041515350342
1543	3511.215925216675
1543	3511.215925216675
1544	3366.2896156311035
1544	3366.2896156311035
1545	3379.23002243042
1545	3379.23002243042
1546	3422.7049350738525
1546	3422.7049350738525
1547	3513.8638019561768
1547	3513.8638019561768
1548	3635.7173919677734
1548	3635.7173919677734
1549	3458.0724239349365
1549	3458.0724239349365
1550	3922.3153591156006
1550	3922.3153591156006
1551	3381.6921710968018
1551	3381.6921710968018
1552	3556.0555458068848
1552	3556.0555458068848
1553	3170.4087257385254
1553	3170.4087257385254
1554	3485.5306148529053
1554	3485.5306148529053
1555	3468.096971511841
1555	3468.096971511841
1556	3041.067600250244
1556	3041.067600250244
1557	3138.2315158843994
1557	3138.2315158843994
1558	3429.249048233032
1558	3429.249048233032
1559	3450.505495071411
1559	3450.505495071411
1560	4366.12343788147
1560	4366.12343788147
1561	3905.686378479004
1561	3905.686378479004
1562	3614.619016647339
1562	3614.619016647339
1563	3607.656240463257
1563	3607.656240463257
1564	3766.303539276123
1564	3766.303539276123
1565	3961.8961811065674
1565	3961.8961811065674
1566	3686.0713958740234
1566	3686.0713958740234
1567	4175.661325454712
1567	4175.661325454712
1568	3926.3052940368652
1568	3926.3052940368652
1569	3908.674955368042
1569	3908.674955368042
1570	4721.0962772369385
1570	4721.0962772369385
1571	4414.283275604248
1571	4414.283275604248
1572	3529.1993618011475
1572	3529.1993618011475
1573	3772.132635116577
1573	3772.132635116577
1574	3891.9363021850586
1574	3891.9363021850586
1575	3511.2571716308594
1575	3511.2571716308594
1576	3826.8728256225586
1576	3826.8728256225586
1577	3791.311502456665
1577	3791.311502456665
1578	3806.6508769989014
1578	3806.6508769989014
1579	3595.5967903137207
1579	3595.5967903137207
1580	4225.986957550049
1580	4225.986957550049
1581	3528.0544757843018
1581	3528.0544757843018
1582	3559.556007385254
1582	3559.556007385254
1583	3459.2366218566895
1583	3459.2366218566895
1584	3226.274013519287
1584	3226.274013519287
1585	3671.4680194854736
1585	3671.4680194854736
1586	3665.7557487487793
1586	3665.7557487487793
1587	3390.4411792755127
1587	3390.4411792755127
1588	3461.737871170044
1588	3461.737871170044
1589	3702.4519443511963
1589	3702.4519443511963
1590	4179.621458053589
1590	4179.621458053589
1591	3591.9296741485596
1591	3591.9296741485596
1592	3674.757242202759
1592	3674.757242202759
1593	3770.99347114563
1593	3770.99347114563
1594	3425.5189895629883
1594	3425.5189895629883
1595	3455.146074295044
1595	3455.146074295044
1596	3761.5153789520264
1596	3761.5153789520264
1597	3575.080156326294
1597	3575.080156326294
1598	3585.491180419922
1598	3585.491180419922
1599	3506.370782852173
1599	3506.370782852173
1600	4021.1234092712402
1600	4021.1234092712402
1601	3658.0090522766113
1601	3658.0090522766113
1602	3734.708547592163
1602	3734.708547592163
1603	3383.2132816314697
1603	3383.2132816314697
1604	3420.374870300293
1604	3420.374870300293
1605	3734.5268726348877
1605	3734.5268726348877
1606	3677.7544021606445
1606	3677.7544021606445
1607	3712.268352508545
1607	3712.268352508545
1608	3700.047254562378
1608	3700.047254562378
1609	3741.1577701568604
1609	3741.1577701568604
1610	3932.7638149261475
1610	3932.7638149261475
1611	3875.7693767547607
1611	3875.7693767547607
1612	3964.6661281585693
1612	3964.6661281585693
1613	3510.7874870300293
1613	3510.7874870300293
1614	3579.1351795196533
1614	3579.1351795196533
1615	3288.048028945923
1615	3288.048028945923
1616	3392.2035694122314
1616	3392.2035694122314
1617	3123.802423477173
1617	3123.802423477173
1618	3407.0796966552734
1618	3407.0796966552734
1619	3098.783254623413
1619	3098.783254623413
1620	3687.836170196533
1620	3687.836170196533
1621	3468.01495552063
1621	3468.01495552063
1622	3448.899745941162
1622	3448.899745941162
1623	3459.5000743865967
1623	3459.5000743865967
1624	3159.238576889038
1624	3159.238576889038
1625	3279.0749073028564
1625	3279.0749073028564
1626	3403.28311920166
1626	3403.28311920166
1627	3066.3232803344727
1627	3066.3232803344727
1628	3301.8386363983154
1628	3301.8386363983154
1629	3411.242723464966
1629	3411.242723464966
1630	3599.382162094116
1630	3599.382162094116
1631	3363.8386726379395
1631	3363.8386726379395
1632	3371.4780807495117
1632	3371.4780807495117
1633	3420.283079147339
1633	3420.283079147339
1634	3393.4974670410156
1634	3393.4974670410156
1635	3194.6499347686768
1635	3194.6499347686768
1636	3565.530300140381
1636	3565.530300140381
1637	3710.4122638702393
1637	3710.4122638702393
1638	3247.286558151245
1638	3247.286558151245
1639	3712.8260135650635
1639	3712.8260135650635
1640	3157.1357250213623
1640	3157.1357250213623
1641	2748.4984397888184
1641	2748.4984397888184
1642	3889.530897140503
1642	3889.530897140503
1643	3491.7538166046143
1643	3491.7538166046143
1644	3807.234525680542
1644	3807.234525680542
1645	3464.848279953003
1645	3464.848279953003
1646	3943.9151287078857
1646	3943.9151287078857
1647	3772.9263305664062
1647	3772.9263305664062
1648	3519.833564758301
1648	3519.833564758301
1649	3757.5771808624268
1649	3757.5771808624268
1650	4330.757617950439
1650	4330.757617950439
1651	3548.503637313843
1651	3548.503637313843
1652	3548.854351043701
1652	3548.854351043701
1653	3569.5648193359375
1653	3569.5648193359375
1654	3330.605983734131
1654	3330.605983734131
1655	3586.2720012664795
1655	3586.2720012664795
1656	3380.890369415283
1656	3380.890369415283
1657	3759.4711780548096
1657	3759.4711780548096
1658	3648.111581802368
1658	3648.111581802368
1659	3662.5401973724365
1659	3662.5401973724365
1660	4112.205982208252
1660	4112.205982208252
1661	3658.951997756958
1661	3658.951997756958
1662	3579.0576934814453
1662	3579.0576934814453
1663	3619.464159011841
1663	3619.464159011841
1664	3643.2645320892334
1664	3643.2645320892334
1665	3771.54541015625
1665	3771.54541015625
1666	3531.2159061431885
1666	3531.2159061431885
1667	3773.64444732666
1667	3773.64444732666
1668	3546.445608139038
1668	3546.445608139038
1669	3476.3712882995605
1669	3476.3712882995605
1670	4280.357599258423
1670	4280.357599258423
1671	3807.358980178833
1671	3807.358980178833
1672	3515.150785446167
1672	3515.150785446167
1673	3789.0872955322266
1673	3789.0872955322266
1674	3594.104528427124
1674	3594.104528427124
1675	3791.8598651885986
1675	3791.8598651885986
1676	3777.926445007324
1676	3777.926445007324
1677	3891.850233078003
1677	3891.850233078003
1678	3510.854721069336
1678	3510.854721069336
1679	3244.328737258911
1679	3244.328737258911
1680	4210.270643234253
1680	4210.270643234253
1681	3781.6221714019775
1681	3781.6221714019775
1682	3624.4871616363525
1682	3624.4871616363525
1683	3558.8533878326416
1683	3558.8533878326416
1684	3788.4697914123535
1684	3788.4697914123535
1685	3655.794858932495
1685	3655.794858932495
1686	3755.1193237304688
1686	3755.1193237304688
1687	3413.4089946746826
1687	3413.4089946746826
1688	3729.8693656921387
1688	3729.8693656921387
1689	3782.193660736084
1689	3782.193660736084
1690	4267.754077911377
1690	4267.754077911377
1691	3752.6936531066895
1691	3752.6936531066895
1692	3487.2663021087646
1692	3487.2663021087646
1693	3482.9676151275635
1693	3482.9676151275635
1694	3123.7518787384033
1694	3123.7518787384033
1695	3250.0691413879395
1695	3250.0691413879395
1696	3389.643669128418
1696	3389.643669128418
1697	3410.902500152588
1697	3410.902500152588
1698	3374.7200965881348
1698	3374.7200965881348
1699	3431.519031524658
1699	3431.519031524658
1700	3819.855213165283
1700	3819.855213165283
1701	3097.311496734619
1701	3097.311496734619
1702	3481.1837673187256
1702	3481.1837673187256
1703	3438.190460205078
1703	3438.190460205078
1704	2942.8651332855225
1704	2942.8651332855225
1705	2889.5492553710938
1705	2889.5492553710938
1706	3055.636405944824
1706	3055.636405944824
1707	3255.5410861968994
1707	3255.5410861968994
1708	3321.12193107605
1708	3321.12193107605
1709	3035.8104705810547
1709	3035.8104705810547
1710	3551.335096359253
1710	3551.335096359253
1711	3065.225601196289
1711	3065.225601196289
1712	3466.6998386383057
1712	3466.6998386383057
1713	3120.7213401794434
1713	3120.7213401794434
1714	3346.423625946045
1714	3346.423625946045
1715	3713.3424282073975
1715	3713.3424282073975
1716	3468.6832427978516
1716	3468.6832427978516
1717	3682.4347972869873
1717	3682.4347972869873
1718	3493.6797618865967
1718	3493.6797618865967
1719	3451.883316040039
1719	3451.883316040039
1720	4315.219163894653
1720	4315.219163894653
1721	3780.034303665161
1721	3780.034303665161
1722	3763.3700370788574
1722	3763.3700370788574
1723	3819.9591636657715
1723	3819.9591636657715
1724	3750.913381576538
1724	3750.913381576538
1725	3217.918634414673
1725	3217.918634414673
1726	3551.715612411499
1726	3551.715612411499
1727	3646.373987197876
1727	3646.373987197876
1728	3338.9761447906494
1728	3338.9761447906494
1729	3712.8543853759766
1729	3712.8543853759766
1730	4140.722751617432
1730	4140.722751617432
1731	3529.2649269104004
1731	3529.2649269104004
1732	3636.4059448242188
1732	3636.4059448242188
1733	3717.3004150390625
1733	3717.3004150390625
1734	3333.338737487793
1734	3333.338737487793
1735	3652.6341438293457
1735	3652.6341438293457
1736	3563.1258487701416
1736	3563.1258487701416
1737	3643.7454223632812
1737	3643.7454223632812
1738	3828.272819519043
1738	3828.272819519043
1739	3709.974527359009
1739	3709.974527359009
1740	4347.020387649536
1740	4347.020387649536
1741	3507.6870918273926
1741	3507.6870918273926
1742	3595.4880714416504
1742	3595.4880714416504
1743	3305.161476135254
1743	3305.161476135254
1744	3378.4306049346924
1744	3378.4306049346924
1745	3733.095645904541
1745	3733.095645904541
1746	3664.8919582366943
1746	3664.8919582366943
1747	3644.0770626068115
1747	3644.0770626068115
1748	3663.65909576416
1748	3663.65909576416
1749	3607.330560684204
1749	3607.330560684204
1750	4265.171527862549
1750	4265.171527862549
1751	3694.404363632202
1751	3694.404363632202
1752	3754.1143894195557
1752	3754.1143894195557
1753	3438.2615089416504
1753	3438.2615089416504
1754	3747.7283477783203
1754	3747.7283477783203
1755	3765.3961181640625
1755	3765.3961181640625
1756	3791.5005683898926
1756	3791.5005683898926
1757	3946.5668201446533
1757	3946.5668201446533
1758	3780.8518409729004
1758	3780.8518409729004
1759	3478.5163402557373
1759	3478.5163402557373
1760	4056.523561477661
1760	4056.523561477661
1761	3751.30295753479
1761	3751.30295753479
1762	3813.9290809631348
1762	3813.9290809631348
1763	3895.1873779296875
1763	3895.1873779296875
1764	3427.9611110687256
1764	3427.9611110687256
1765	3895.617723464966
1765	3895.617723464966
1766	3506.761074066162
1766	3506.761074066162
1767	3495.305061340332
1767	3495.305061340332
1768	3491.751194000244
1768	3491.751194000244
1769	3546.100616455078
1769	3546.100616455078
1770	3668.076276779175
1770	3668.076276779175
1771	3267.072916030884
1771	3267.072916030884
1772	3038.794994354248
1772	3038.794994354248
1773	3325.9830474853516
1773	3325.9830474853516
1774	3271.944999694824
1774	3271.944999694824
1775	3335.2553844451904
1775	3335.2553844451904
1776	3267.0602798461914
1776	3267.0602798461914
1777	3360.366106033325
1777	3360.366106033325
1778	3360.5048656463623
1778	3360.5048656463623
1779	3298.4137535095215
1779	3298.4137535095215
1780	3847.8615283966064
1780	3847.8615283966064
1781	3253.8633346557617
1781	3253.8633346557617
1782	3425.8804321289062
1782	3425.8804321289062
1783	3424.2312908172607
1783	3424.2312908172607
1784	3440.556764602661
1784	3440.556764602661
1785	3509.960651397705
1785	3509.960651397705
1786	3455.2345275878906
1786	3455.2345275878906
1787	3447.1678733825684
1787	3447.1678733825684
1788	3309.08203125
1788	3309.08203125
1789	3459.5983028411865
1789	3459.5983028411865
1790	3881.4175128936768
1790	3881.4175128936768
1791	3453.5090923309326
1791	3453.5090923309326
1792	3449.2897987365723
1792	3449.2897987365723
1793	3202.280044555664
1793	3202.280044555664
1794	3525.3961086273193
1794	3525.3961086273193
1795	2230.0667762756348
1795	2230.0667762756348
1796	2210.705041885376
1796	2210.705041885376
1797	3522.078275680542
1797	3522.078275680542
1798	3736.820697784424
1798	3736.820697784424
1799	3698.826789855957
1799	3698.826789855957
1800	4245.64003944397
1800	4245.64003944397
1801	3710.810899734497
1801	3710.810899734497
1802	3691.298723220825
1802	3691.298723220825
1803	3405.780792236328
1803	3405.780792236328
1804	3773.509740829468
1804	3773.509740829468
1805	3941.2317276000977
1805	3941.2317276000977
1806	3730.6690216064453
1806	3730.6690216064453
1807	3775.174856185913
1807	3775.174856185913
1808	3756.418228149414
1808	3756.418228149414
1809	3779.604911804199
1809	3779.604911804199
1810	4263.997554779053
1810	4263.997554779053
1811	3795.0997352600098
1811	3795.0997352600098
1812	3378.222942352295
1812	3378.222942352295
1813	3605.5116653442383
1813	3605.5116653442383
1814	3491.4894104003906
1814	3491.4894104003906
1815	3366.224765777588
1815	3366.224765777588
1816	3300.261974334717
1816	3300.261974334717
1817	3725.297689437866
1817	3725.297689437866
1818	3593.0755138397217
1818	3593.0755138397217
1819	3723.36483001709
1819	3723.36483001709
1820	3867.330551147461
1820	3867.330551147461
1821	3528.9885997772217
1821	3528.9885997772217
1822	3637.9449367523193
1822	3637.9449367523193
1823	3722.5699424743652
1823	3722.5699424743652
1824	3624.4418621063232
1824	3624.4418621063232
1825	3632.304906845093
1825	3632.304906845093
1826	2505.3184032440186
1826	2505.3184032440186
1827	2136.605739593506
1827	2136.605739593506
1828	2141.580581665039
1828	2141.580581665039
1829	2482.9916954040527
1829	2482.9916954040527
1830	2870.189905166626
1830	2870.189905166626
1831	2315.135717391968
1831	2315.135717391968
1832	2389.225959777832
1832	2389.225959777832
1833	2505.281686782837
1833	2505.281686782837
1834	2386.385440826416
1834	2386.385440826416
1835	2490.2548789978027
1835	2490.2548789978027
1836	2448.6896991729736
1836	2448.6896991729736
1837	2237.1299266815186
1837	2237.1299266815186
1838	2488.1017208099365
1838	2488.1017208099365
1839	2518.474817276001
1839	2518.474817276001
1840	2662.7092361450195
1840	2662.7092361450195
1841	2509.56130027771
1841	2509.56130027771
1842	2513.641119003296
1842	2513.641119003296
1843	2476.4223098754883
1843	2476.4223098754883
1844	2479.2957305908203
1844	2479.2957305908203
1845	2021.7211246490479
1845	2021.7211246490479
1846	2257.828712463379
1846	2257.828712463379
1847	1858.2890033721924
1847	1858.2890033721924
1848	1824.6691226959229
1848	1824.6691226959229
1849	2070.2545642852783
1849	2070.2545642852783
1850	2442.1980381011963
1850	2442.1980381011963
1851	1939.9096965789795
1851	1939.9096965789795
1852	1970.2355861663818
1852	1970.2355861663818
1853	1911.9656085968018
1853	1911.9656085968018
1854	1643.3687210083008
1854	1643.3687210083008
1855	1735.6748580932617
1855	1735.6748580932617
1856	1879.850149154663
1856	1879.850149154663
1857	1835.8981609344482
1857	1835.8981609344482
1858	1675.5638122558594
1858	1675.5638122558594
1859	1972.0561504364014
1859	1972.0561504364014
1860	2661.1528396606445
1860	2661.1528396606445
1861	1981.1301231384277
1861	1981.1301231384277
1862	1922.6672649383545
1862	1922.6672649383545
1863	1946.1896419525146
1863	1946.1896419525146
1864	1926.1984825134277
1864	1926.1984825134277
1865	2250.8108615875244
1865	2250.8108615875244
1866	2933.081865310669
1866	2933.081865310669
1867	1687.9096031188965
1867	1687.9096031188965
1868	1669.2399978637695
1868	1669.2399978637695
1869	2366.708517074585
1869	2366.708517074585
1870	3103.306531906128
1870	3103.306531906128
1871	2535.2563858032227
1871	2535.2563858032227
1872	2441.633939743042
1872	2441.633939743042
1873	2041.6440963745117
1873	2041.6440963745117
1874	2466.4242267608643
1874	2466.4242267608643
1875	2273.089647293091
1875	2273.089647293091
1876	2537.468194961548
1876	2537.468194961548
1877	2488.835096359253
1877	2488.835096359253
1878	2491.8885231018066
1878	2491.8885231018066
1879	2339.273452758789
1879	2339.273452758789
1880	2944.6051120758057
1880	2944.6051120758057
1881	2435.520648956299
1881	2435.520648956299
1882	2555.02986907959
1882	2555.02986907959
1883	2221.6317653656006
1883	2221.6317653656006
1884	2606.579065322876
1884	2606.579065322876
1885	2451.4877796173096
1885	2451.4877796173096
1886	2391.2534713745117
1886	2391.2534713745117
1887	2454.8280239105225
1887	2454.8280239105225
1888	2626.682758331299
1888	2626.682758331299
1889	2464.9298191070557
1889	2464.9298191070557
1890	2759.7312927246094
1890	2759.7312927246094
1891	2567.119359970093
1891	2567.119359970093
1892	2475.5096435546875
1892	2475.5096435546875
1893	2457.3748111724854
1893	2457.3748111724854
1894	2226.017951965332
1894	2226.017951965332
1895	2558.4967136383057
1895	2558.4967136383057
1896	2546.5128421783447
1896	2546.5128421783447
1897	2453.3982276916504
1897	2453.3982276916504
1898	2522.4153995513916
1898	2522.4153995513916
1899	2473.947048187256
1899	2473.947048187256
1900	2889.3470764160156
1900	2889.3470764160156
1901	2291.5825843811035
1901	2291.5825843811035
1902	2480.65447807312
1902	2480.65447807312
1903	2401.5543460845947
1903	2401.5543460845947
1904	2391.402244567871
1904	2391.402244567871
1905	2164.4740104675293
1905	2164.4740104675293
1906	2561.7332458496094
1906	2561.7332458496094
1907	2378.218650817871
1907	2378.218650817871
1908	2685.4076385498047
1908	2685.4076385498047
1909	2294.6746349334717
1909	2294.6746349334717
1910	2941.6110515594482
1910	2941.6110515594482
1911	2439.998149871826
1911	2439.998149871826
1912	2157.264232635498
1912	2157.264232635498
1913	1892.364501953125
1913	1892.364501953125
1914	2041.9058799743652
1914	2041.9058799743652
1915	2080.697536468506
1915	2080.697536468506
1916	2079.0340900421143
1916	2079.0340900421143
1917	2069.3674087524414
1917	2069.3674087524414
1918	1803.1609058380127
1918	1803.1609058380127
1919	2122.3161220550537
1919	2122.3161220550537
1920	2730.175018310547
1920	2730.175018310547
1921	1835.219144821167
1921	1835.219144821167
1922	2117.016315460205
1922	2117.016315460205
1923	1953.068494796753
1923	1953.068494796753
1924	1924.8099327087402
1924	1924.8099327087402
1925	1880.6886672973633
1925	1880.6886672973633
1926	2249.035120010376
1926	2249.035120010376
1927	2090.4555320739746
1927	2090.4555320739746
1928	1971.5521335601807
1928	1971.5521335601807
1929	2104.4509410858154
1929	2104.4509410858154
1930	2613.781452178955
1930	2613.781452178955
1931	1999.6705055236816
1931	1999.6705055236816
1932	2277.91690826416
1932	2277.91690826416
1933	2381.8159103393555
1933	2381.8159103393555
1934	2503.718137741089
1934	2503.718137741089
1935	1890.845537185669
1935	1890.845537185669
1936	1367.4821853637695
1936	1367.4821853637695
1937	1432.1632385253906
1937	1432.1632385253906
1938	2220.0255393981934
1938	2220.0255393981934
1939	2353.067636489868
1939	2353.067636489868
1940	2760.3964805603027
1940	2760.3964805603027
1941	2248.663902282715
1941	2248.663902282715
1942	2476.4010906219482
1942	2476.4010906219482
1943	2254.556179046631
1943	2254.556179046631
1944	2423.661470413208
1944	2423.661470413208
1945	2606.6274642944336
1945	2606.6274642944336
1946	2391.7930126190186
1946	2391.7930126190186
1947	2533.1389904022217
1947	2533.1389904022217
1948	2513.61083984375
1948	2513.61083984375
1949	2558.3198070526123
1949	2558.3198070526123
1950	3004.0409564971924
1950	3004.0409564971924
1951	2283.214569091797
1951	2283.214569091797
1952	2389.5673751831055
1952	2389.5673751831055
1953	2301.9893169403076
1953	2301.9893169403076
1954	2425.9190559387207
1954	2425.9190559387207
1955	2220.964193344116
1955	2220.964193344116
1956	2432.438611984253
1956	2432.438611984253
1957	2255.5365562438965
1957	2255.5365562438965
1958	2567.8298473358154
1958	2567.8298473358154
1959	2499.305009841919
1959	2499.305009841919
1960	2989.041566848755
1960	2989.041566848755
1961	2563.809394836426
1961	2563.809394836426
1962	2301.251173019409
1962	2301.251173019409
1963	2530.5142402648926
1963	2530.5142402648926
1964	2489.9120330810547
1964	2489.9120330810547
1965	2472.2416400909424
1965	2472.2416400909424
1966	3073.922634124756
1966	3073.922634124756
1967	2702.6824951171875
1967	2702.6824951171875
1968	2396.796226501465
1968	2396.796226501465
1969	2640.2530670166016
1969	2640.2530670166016
1970	3064.0223026275635
1970	3064.0223026275635
1971	2451.771020889282
1971	2451.771020889282
1972	3504.053831100464
1972	3504.053831100464
1973	3565.807104110718
1973	3565.807104110718
1974	3500.9796619415283
1974	3500.9796619415283
1975	3646.2652683258057
1975	3646.2652683258057
1976	3666.579008102417
1976	3666.579008102417
1977	3859.6949577331543
1977	3859.6949577331543
1978	3693.483591079712
1978	3693.483591079712
1979	3800.7311820983887
1979	3800.7311820983887
1980	4197.652101516724
1980	4197.652101516724
1981	3777.8987884521484
1981	3777.8987884521484
1982	3758.4774494171143
1982	3758.4774494171143
1983	3769.892930984497
1983	3769.892930984497
1984	3027.001142501831
1984	3027.001142501831
1985	3205.104112625122
1985	3205.104112625122
1986	3345.6778526306152
1986	3345.6778526306152
1987	3397.7808952331543
1987	3397.7808952331543
1988	3588.427782058716
1988	3588.427782058716
1989	3303.6296367645264
1989	3303.6296367645264
1990	3856.724739074707
1990	3856.724739074707
1991	3218.2419300079346
1991	3218.2419300079346
1992	3616.037130355835
1992	3616.037130355835
1993	3186.2876415252686
1993	3186.2876415252686
1994	3424.453020095825
1994	3424.453020095825
1995	3483.124256134033
1995	3483.124256134033
1996	3646.1923122406006
1996	3646.1923122406006
1997	3091.7704105377197
1997	3091.7704105377197
1998	2892.9882049560547
1998	2892.9882049560547
1999	3137.040376663208
1999	3137.040376663208
2000	21874.81689453125
2000	21874.81689453125
2001	3791.332721710205
2001	3791.332721710205
2002	3442.883253097534
2002	3442.883253097534
2003	3861.4561557769775
2003	3861.4561557769775
2004	3642.292261123657
2004	3642.292261123657
2005	3539.074659347534
2005	3539.074659347534
2006	3661.2677574157715
2006	3661.2677574157715
2007	3867.649793624878
2007	3867.649793624878
2008	3733.910322189331
2008	3733.910322189331
2009	3450.5202770233154
2009	3450.5202770233154
2010	4196.59686088562
2010	4196.59686088562
2011	3757.0624351501465
2011	3757.0624351501465
2012	3465.094566345215
2012	3465.094566345215
2013	3724.3478298187256
2013	3724.3478298187256
2014	3804.8417568206787
2014	3804.8417568206787
2015	3739.5272254943848
2015	3739.5272254943848
2016	3692.5578117370605
2016	3692.5578117370605
2017	3812.6437664031982
2017	3812.6437664031982
2018	3893.9716815948486
2018	3893.9716815948486
2019	3811.9912147521973
2019	3811.9912147521973
2020	4215.931177139282
2020	4215.931177139282
2021	3600.532054901123
2021	3600.532054901123
2022	3808.544397354126
2022	3808.544397354126
2023	3573.4307765960693
2023	3573.4307765960693
2024	3652.2505283355713
2024	3652.2505283355713
2025	3377.50244140625
2025	3377.50244140625
2026	3622.861385345459
2026	3622.861385345459
2027	3328.052043914795
2027	3328.052043914795
2028	3645.7207202911377
2028	3645.7207202911377
2029	3773.33402633667
2029	3773.33402633667
2030	4156.83126449585
2030	4156.83126449585
2031	3722.968816757202
2031	3722.968816757202
2032	3507.171630859375
2032	3507.171630859375
2033	3908.792734146118
2033	3908.792734146118
2034	3702.810287475586
2034	3702.810287475586
2035	3784.3077182769775
2035	3784.3077182769775
2036	3725.721836090088
2036	3725.721836090088
2037	3748.805522918701
2037	3748.805522918701
2038	3874.605894088745
2038	3874.605894088745
2039	3774.4739055633545
2039	3774.4739055633545
2040	4254.2314529418945
2040	4254.2314529418945
2041	3545.380115509033
2041	3545.380115509033
2042	3502.265214920044
2042	3502.265214920044
2043	3413.17081451416
2043	3413.17081451416
2044	3131.580352783203
2044	3131.580352783203
2045	3388.8792991638184
2045	3388.8792991638184
2046	3630.190372467041
2046	3630.190372467041
2047	3463.0565643310547
2047	3463.0565643310547
2048	3097.7776050567627
2048	3097.7776050567627
2049	3187.6578330993652
2049	3187.6578330993652
2050	3705.339193344116
2050	3705.339193344116
2051	3378.5195350646973
2051	3378.5195350646973
2052	3258.7618827819824
2052	3258.7618827819824
2053	3228.9037704467773
2053	3228.9037704467773
2054	3225.100517272949
2054	3225.100517272949
2055	3294.163703918457
2055	3294.163703918457
2056	3315.7527446746826
2056	3315.7527446746826
2057	3414.1159057617188
2057	3414.1159057617188
2058	3241.6460514068604
2058	3241.6460514068604
2059	3314.9447441101074
2059	3314.9447441101074
2060	4102.532148361206
2060	4102.532148361206
2061	3400.0532627105713
2061	3400.0532627105713
2062	3163.440465927124
2062	3163.440465927124
2063	3149.094343185425
2063	3149.094343185425
2064	3395.637273788452
2064	3395.637273788452
2065	3641.8468952178955
2065	3641.8468952178955
2066	3641.8051719665527
2066	3641.8051719665527
2067	3708.8706493377686
2067	3708.8706493377686
2068	3456.5720558166504
2068	3456.5720558166504
2069	2564.829111099243
2069	2564.829111099243
2070	3659.101963043213
2070	3659.101963043213
2071	3795.8385944366455
2071	3795.8385944366455
2072	3770.2574729919434
2072	3770.2574729919434
2073	3700.235605239868
2073	3700.235605239868
2074	3799.5240688323975
2074	3799.5240688323975
2075	3718.500852584839
2075	3718.500852584839
2076	3774.883985519409
2076	3774.883985519409
2077	3593.20068359375
2077	3593.20068359375
2078	3426.820993423462
2078	3426.820993423462
2079	3179.213523864746
2079	3179.213523864746
2080	4023.8964557647705
2080	4023.8964557647705
2081	3700.7498741149902
2081	3700.7498741149902
2082	3774.4641304016113
2082	3774.4641304016113
2083	3801.3827800750732
2083	3801.3827800750732
2084	3875.0617504119873
2084	3875.0617504119873
2085	3622.5364208221436
2085	3622.5364208221436
2086	3833.7881565093994
2086	3833.7881565093994
2087	4042.8051948547363
2087	4042.8051948547363
2088	3919.65651512146
2088	3919.65651512146
2089	3742.3465251922607
2089	3742.3465251922607
2090	4083.4670066833496
2090	4083.4670066833496
2091	3967.7889347076416
2091	3967.7889347076416
2092	4097.172737121582
2092	4097.172737121582
2093	4152.090311050415
2093	4152.090311050415
2094	4079.866886138916
2094	4079.866886138916
2095	4000.0951290130615
2095	4000.0951290130615
2096	3996.2568283081055
2096	3996.2568283081055
2097	3817.511796951294
2097	3817.511796951294
2098	4267.926931381226
2098	4267.926931381226
2099	3736.1702919006348
2099	3736.1702919006348
2100	3930.811643600464
2100	3930.811643600464
2101	3523.3850479125977
2101	3523.3850479125977
2102	3496.2494373321533
2102	3496.2494373321533
2103	3584.484338760376
2103	3584.484338760376
2104	3548.5527515411377
2104	3548.5527515411377
2105	3612.071752548218
2105	3612.071752548218
2106	3594.245433807373
2106	3594.245433807373
2107	3566.32661819458
2107	3566.32661819458
2108	3438.549280166626
2108	3438.549280166626
2109	3651.8545150756836
2109	3651.8545150756836
2110	4135.91456413269
2110	4135.91456413269
2111	3621.396780014038
2111	3621.396780014038
2112	3651.773452758789
2112	3651.773452758789
2113	3709.1944217681885
2113	3709.1944217681885
2114	3712.041139602661
2114	3712.041139602661
2115	3858.5848808288574
2115	3858.5848808288574
2116	3700.073480606079
2116	3700.073480606079
2117	3757.3628425598145
2117	3757.3628425598145
2118	3438.1983280181885
2118	3438.1983280181885
2119	3657.8941345214844
2119	3657.8941345214844
2120	4175.031423568726
2120	4175.031423568726
2121	3724.4505882263184
2121	3724.4505882263184
2122	3473.0429649353027
2122	3473.0429649353027
2123	3364.882707595825
2123	3364.882707595825
2124	3118.6442375183105
2124	3118.6442375183105
2125	3538.489818572998
2125	3538.489818572998
2126	3349.302291870117
2126	3349.302291870117
2127	3186.992883682251
2127	3186.992883682251
2128	3185.350179672241
2128	3185.350179672241
2129	3146.18182182312
2129	3146.18182182312
2130	3643.9075469970703
2130	3643.9075469970703
2131	3290.058135986328
2131	3290.058135986328
2132	3240.661859512329
2132	3240.661859512329
2133	3299.638032913208
2133	3299.638032913208
2134	3262.815475463867
2134	3262.815475463867
2135	3338.0942344665527
2135	3338.0942344665527
2136	3119.0409660339355
2136	3119.0409660339355
2137	3378.105878829956
2137	3378.105878829956
2138	3081.0680389404297
2138	3081.0680389404297
2139	3368.201732635498
2139	3368.201732635498
2140	3814.02587890625
2140	3814.02587890625
2141	3356.982469558716
2141	3356.982469558716
2142	2989.347457885742
2142	2989.347457885742
2143	3383.1772804260254
2143	3383.1772804260254
2144	3566.4145946502686
2144	3566.4145946502686
2145	3432.78431892395
2145	3432.78431892395
2146	3758.0394744873047
2146	3758.0394744873047
2147	3676.2688159942627
2147	3676.2688159942627
2148	3380.18536567688
2148	3380.18536567688
2149	3589.024305343628
2149	3589.024305343628
2150	3787.327527999878
2150	3787.327527999878
2151	3646.019220352173
2151	3646.019220352173
2152	3651.2603759765625
2152	3651.2603759765625
2153	3464.268922805786
2153	3464.268922805786
2154	3670.9024906158447
2154	3670.9024906158447
2155	3568.4893131256104
2155	3568.4893131256104
2156	3812.5383853912354
2156	3812.5383853912354
2157	3697.683334350586
2157	3697.683334350586
2158	3532.374382019043
2158	3532.374382019043
2159	3749.934196472168
2159	3749.934196472168
2160	3812.478542327881
2160	3812.478542327881
2161	3510.6570720672607
2161	3510.6570720672607
2162	3541.890859603882
2162	3541.890859603882
2163	3798.3109951019287
2163	3798.3109951019287
2164	3539.724349975586
2164	3539.724349975586
2165	3355.210065841675
2165	3355.210065841675
2166	3595.501661300659
2166	3595.501661300659
2167	3585.4499340057373
2167	3585.4499340057373
2168	3402.559757232666
2168	3402.559757232666
2169	3464.4742012023926
2169	3464.4742012023926
2170	4158.998250961304
2170	4158.998250961304
2171	3786.7369651794434
2171	3786.7369651794434
2172	3706.4566612243652
2172	3706.4566612243652
2173	3692.6000118255615
2173	3692.6000118255615
2174	3690.609931945801
2174	3690.609931945801
2175	3803.4515380859375
2175	3803.4515380859375
2176	3685.245990753174
2176	3685.245990753174
2177	3734.530448913574
2177	3734.530448913574
2178	3757.448196411133
2178	3757.448196411133
2179	3524.7395038604736
2179	3524.7395038604736
2180	4120.464324951172
2180	4120.464324951172
2181	3767.409086227417
2181	3767.409086227417
2182	3790.5898094177246
2182	3790.5898094177246
2183	3790.0662422180176
2183	3790.0662422180176
2184	3681.166410446167
2184	3681.166410446167
2185	3893.616199493408
2185	3893.616199493408
2186	3477.858543395996
2186	3477.858543395996
2187	3453.676223754883
2187	3453.676223754883
2188	3601.5517711639404
2188	3601.5517711639404
2189	3506.540060043335
2189	3506.540060043335
2190	3955.268383026123
2190	3955.268383026123
2191	3801.7265796661377
2191	3801.7265796661377
2192	3359.913110733032
2192	3359.913110733032
2193	3608.9558601379395
2193	3608.9558601379395
2194	3623.33083152771
2194	3623.33083152771
2195	3637.4459266662598
2195	3637.4459266662598
2196	3687.5829696655273
2196	3687.5829696655273
2197	3687.647581100464
2197	3687.647581100464
2198	3691.7388439178467
2198	3691.7388439178467
2199	3377.980947494507
2199	3377.980947494507
2200	3878.582715988159
2200	3878.582715988159
2201	3093.238115310669
2201	3093.238115310669
2202	3273.930788040161
2202	3273.930788040161
2203	3321.67911529541
2203	3321.67911529541
2204	3082.728147506714
2204	3082.728147506714
2205	3041.942834854126
2205	3041.942834854126
2206	3405.4689407348633
2206	3405.4689407348633
2207	3368.4139251708984
2207	3368.4139251708984
2208	3432.8877925872803
2208	3432.8877925872803
2209	3425.441026687622
2209	3425.441026687622
2210	3467.7491188049316
2210	3467.7491188049316
2211	3065.8860206604004
2211	3065.8860206604004
2212	3070.8601474761963
2212	3070.8601474761963
2213	2901.0679721832275
2213	2901.0679721832275
2214	3255.821466445923
2214	3255.821466445923
2215	3297.6839542388916
2215	3297.6839542388916
2216	3283.8335037231445
2216	3283.8335037231445
2217	3357.020378112793
2217	3357.020378112793
2218	3319.1514015197754
2218	3319.1514015197754
2219	3486.2561225891113
2219	3486.2561225891113
2220	3739.2897605895996
2220	3739.2897605895996
2221	3382.4563026428223
2221	3382.4563026428223
2222	3343.942880630493
2222	3343.942880630493
2223	3566.356897354126
2223	3566.356897354126
2224	3788.142204284668
2224	3788.142204284668
2225	3393.5165405273438
2225	3393.5165405273438
2226	3711.763620376587
2226	3711.763620376587
2227	2813.2691383361816
2227	2813.2691383361816
2228	2556.009531021118
2228	2556.009531021118
2229	3202.9478549957275
2229	3202.9478549957275
2230	4345.125913619995
2230	4345.125913619995
2231	3754.1494369506836
2231	3754.1494369506836
2232	3827.7597427368164
2232	3827.7597427368164
2233	3754.573345184326
2233	3754.573345184326
2234	3771.8849182128906
2234	3771.8849182128906
2235	3720.7462787628174
2235	3720.7462787628174
2236	3196.889638900757
2236	3196.889638900757
2237	3555.5872917175293
2237	3555.5872917175293
2238	2968.7483310699463
2238	2968.7483310699463
2239	3494.738817214966
2239	3494.738817214966
2240	4069.4124698638916
2240	4069.4124698638916
2241	3572.6170539855957
2241	3572.6170539855957
2242	3597.633123397827
2242	3597.633123397827
2243	3536.3497734069824
2243	3536.3497734069824
2244	3787.273168563843
2244	3787.273168563843
2245	3644.69313621521
2245	3644.69313621521
2246	3521.8160152435303
2246	3521.8160152435303
2247	3634.721040725708
2247	3634.721040725708
2248	3571.157455444336
2248	3571.157455444336
2249	3661.9627475738525
2249	3661.9627475738525
2250	4164.251327514648
2250	4164.251327514648
2251	3736.488103866577
2251	3736.488103866577
2252	3631.277084350586
2252	3631.277084350586
2253	3700.502395629883
2253	3700.502395629883
2254	3719.827890396118
2254	3719.827890396118
2255	3715.1544094085693
2255	3715.1544094085693
2256	3479.870319366455
2256	3479.870319366455
2257	3001.171588897705
2257	3001.171588897705
2258	2215.8968448638916
2258	2215.8968448638916
2259	2494.6651458740234
2259	2494.6651458740234
2260	2894.44899559021
2260	2894.44899559021
2261	2194.0243244171143
2261	2194.0243244171143
2262	2256.351947784424
2262	2256.351947784424
2263	2168.2705879211426
2263	2168.2705879211426
2264	2228.7282943725586
2264	2228.7282943725586
2265	2424.2007732391357
2265	2424.2007732391357
2266	2475.736618041992
2266	2475.736618041992
2267	2219.9666500091553
2267	2219.9666500091553
2268	2194.3061351776123
2268	2194.3061351776123
2269	2209.451675415039
2269	2209.451675415039
2270	2959.721803665161
2270	2959.721803665161
2271	2470.5677032470703
2271	2470.5677032470703
2272	2196.3601112365723
2272	2196.3601112365723
2273	2435.180187225342
2273	2435.180187225342
2274	2511.441230773926
2274	2511.441230773926
2275	2423.2099056243896
2275	2423.2099056243896
2276	2288.985252380371
2276	2288.985252380371
2277	2234.516382217407
2277	2234.516382217407
2278	2513.6783123016357
2278	2513.6783123016357
2279	2064.3160343170166
2279	2064.3160343170166
2280	2484.9133491516113
2280	2484.9133491516113
2281	1924.4439601898193
2281	1924.4439601898193
2282	2042.7334308624268
2282	2042.7334308624268
2283	2037.6713275909424
2283	2037.6713275909424
2284	1999.4969367980957
2284	1999.4969367980957
2285	2129.9283504486084
2285	2129.9283504486084
2286	2049.1628646850586
2286	2049.1628646850586
2287	2119.65012550354
2287	2119.65012550354
2288	2108.823537826538
2288	2108.823537826538
2289	2102.628469467163
2289	2102.628469467163
2290	2390.920877456665
2290	2390.920877456665
2291	2127.365827560425
2291	2127.365827560425
2292	2179.945468902588
2292	2179.945468902588
2293	2234.840154647827
2293	2234.840154647827
2294	1929.6977519989014
2294	1929.6977519989014
2295	1929.2631149291992
2295	1929.2631149291992
2296	2133.180618286133
2296	2133.180618286133
2297	2146.284341812134
2297	2146.284341812134
2298	2116.31178855896
2298	2116.31178855896
2299	2110.887050628662
2299	2110.887050628662
2300	2723.825454711914
2300	2723.825454711914
2301	2505.37109375
2301	2505.37109375
2302	2444.566488265991
2302	2444.566488265991
2303	2305.7353496551514
2303	2305.7353496551514
2304	2433.0263137817383
2304	2433.0263137817383
2305	2290.2538776397705
2305	2290.2538776397705
2306	2521.6407775878906
2306	2521.6407775878906
2307	2501.2893676757812
2307	2501.2893676757812
2308	2514.7457122802734
2308	2514.7457122802734
2309	2190.856456756592
2309	2190.856456756592
2310	2711.5211486816406
2310	2711.5211486816406
2311	2272.0139026641846
2311	2272.0139026641846
2312	2664.8170948028564
2312	2664.8170948028564
2313	2422.0285415649414
2313	2422.0285415649414
2314	2637.2363567352295
2314	2637.2363567352295
2315	2455.094575881958
2315	2455.094575881958
2316	2274.8465538024902
2316	2274.8465538024902
2317	2216.203212738037
2317	2216.203212738037
2318	2505.448579788208
2318	2505.448579788208
2319	2546.0827350616455
2319	2546.0827350616455
2320	2869.3203926086426
2320	2869.3203926086426
2321	2753.638982772827
2321	2753.638982772827
2322	2397.148370742798
2322	2397.148370742798
2323	2561.4523887634277
2323	2561.4523887634277
2324	2503.619909286499
2324	2503.619909286499
2325	2312.663793563843
2325	2312.663793563843
2326	2595.7677364349365
2326	2595.7677364349365
2327	2476.03702545166
2327	2476.03702545166
2328	2423.8650798797607
2328	2423.8650798797607
2329	2450.5069255828857
2329	2450.5069255828857
2330	3043.231248855591
2330	3043.231248855591
2331	2219.594717025757
2331	2219.594717025757
2332	2475.2235412597656
2332	2475.2235412597656
2333	2586.7772102355957
2333	2586.7772102355957
2334	2423.0573177337646
2334	2423.0573177337646
2335	2232.2123050689697
2335	2232.2123050689697
2336	2221.6856479644775
2336	2221.6856479644775
2337	2569.7193145751953
2337	2569.7193145751953
2338	2326.1711597442627
2338	2326.1711597442627
2339	2248.922824859619
2339	2248.922824859619
2340	2912.6856327056885
2340	2912.6856327056885
2341	2304.4967651367188
2341	2304.4967651367188
2342	2240.370273590088
2342	2240.370273590088
2343	2250.662088394165
2343	2250.662088394165
2344	2234.5051765441895
2344	2234.5051765441895
2345	2538.2230281829834
2345	2538.2230281829834
2346	2379.519462585449
2346	2379.519462585449
2347	2450.0675201416016
2347	2450.0675201416016
2348	2542.7210330963135
2348	2542.7210330963135
2349	1885.0126266479492
2349	1885.0126266479492
2350	2183.51411819458
2350	2183.51411819458
2351	1769.174337387085
2351	1769.174337387085
2352	1892.5037384033203
2352	1892.5037384033203
2353	2009.5291137695312
2353	2009.5291137695312
2354	1815.5691623687744
2354	1815.5691623687744
2355	1749.2210865020752
2355	1749.2210865020752
2356	2000.58913230896
2356	2000.58913230896
2357	1922.806739807129
2357	1922.806739807129
2358	1941.2734508514404
2358	1941.2734508514404
2359	1898.1876373291016
2359	1898.1876373291016
2360	2396.782159805298
2360	2396.782159805298
2361	1813.6334419250488
2361	1813.6334419250488
2362	2196.577548980713
2362	2196.577548980713
2363	2208.03165435791
2363	2208.03165435791
2364	1274.0321159362793
2364	1274.0321159362793
2365	1329.8306465148926
2365	1329.8306465148926
2366	1323.218822479248
2366	1323.218822479248
2367	2255.2289962768555
2367	2255.2289962768555
2368	2033.0734252929688
2368	2033.0734252929688
2369	2512.8839015960693
2369	2512.8839015960693
2370	2718.9817428588867
2370	2718.9817428588867
2371	2542.0258045196533
2371	2542.0258045196533
2372	1186.368703842163
2372	1186.368703842163
2373	1398.381233215332
2373	1398.381233215332
2374	1304.9330711364746
2374	1304.9330711364746
2375	2461.9486331939697
2375	2461.9486331939697
2376	2223.0708599090576
2376	2223.0708599090576
2377	2268.4712409973145
2377	2268.4712409973145
2378	2407.3548316955566
2378	2407.3548316955566
2379	2478.030204772949
2379	2478.030204772949
2380	2903.6033153533936
2380	2903.6033153533936
2381	2252.265691757202
2381	2252.265691757202
2382	2464.451789855957
2382	2464.451789855957
2383	2373.9843368530273
2383	2373.9843368530273
2384	2306.441307067871
2384	2306.441307067871
2385	2507.399320602417
2385	2507.399320602417
2386	2445.4047679901123
2386	2445.4047679901123
2387	2526.3869762420654
2387	2526.3869762420654
2388	2419.808864593506
2388	2419.808864593506
2389	2245.332956314087
2389	2245.332956314087
2390	2866.4486408233643
2390	2866.4486408233643
2391	2470.8187580108643
2391	2470.8187580108643
2392	2516.967296600342
2392	2516.967296600342
2393	2498.061180114746
2393	2498.061180114746
2394	2118.1750297546387
2394	2118.1750297546387
2395	2276.405096054077
2395	2276.405096054077
2396	1997.9124069213867
2396	1997.9124069213867
2397	2599.9221801757812
2397	2599.9221801757812
2398	2524.601459503174
2398	2524.601459503174
2399	2391.7698860168457
2399	2391.7698860168457
2400	2845.2394008636475
2400	2845.2394008636475
2401	2709.784746170044
2401	2709.784746170044
2402	2495.450496673584
2402	2495.450496673584
2403	2547.6815700531006
2403	2547.6815700531006
2404	2622.6136684417725
2404	2622.6136684417725
2405	2352.309465408325
2405	2352.309465408325
2406	2444.6980953216553
2406	2444.6980953216553
2407	2941.692352294922
2407	2941.692352294922
2408	3294.9414253234863
2408	3294.9414253234863
2409	3567.8610801696777
2409	3567.8610801696777
2410	4019.840717315674
2410	4019.840717315674
2411	3518.3207988739014
2411	3518.3207988739014
2412	3369.1747188568115
2412	3369.1747188568115
2413	3568.1638717651367
2413	3568.1638717651367
2414	3807.363510131836
2414	3807.363510131836
2415	3668.910264968872
2415	3668.910264968872
2416	3705.66463470459
2416	3705.66463470459
2417	3528.0795097351074
2417	3528.0795097351074
2418	3718.369483947754
2418	3718.369483947754
2419	3672.436237335205
2419	3672.436237335205
2420	3995.7528114318848
2420	3995.7528114318848
2421	3756.7825317382812
2421	3756.7825317382812
2422	3259.3321800231934
2422	3259.3321800231934
2423	3364.6514415740967
2423	3364.6514415740967
2424	3091.020107269287
2424	3091.020107269287
2425	3399.5792865753174
2425	3399.5792865753174
2426	3346.1005687713623
2426	3346.1005687713623
2427	3415.560483932495
2427	3415.560483932495
2428	3341.175079345703
2428	3341.175079345703
2429	3412.248134613037
2429	3412.248134613037
2430	3879.946708679199
2430	3879.946708679199
2431	3466.607093811035
2431	3466.607093811035
2432	3428.5366535186768
2432	3428.5366535186768
2433	3046.3359355926514
2433	3046.3359355926514
2434	3299.008369445801
2434	3299.008369445801
2435	3172.9249954223633
2435	3172.9249954223633
2436	3098.642349243164
2436	3098.642349243164
2437	3085.8964920043945
2437	3085.8964920043945
2438	3370.228052139282
2438	3370.228052139282
2439	3051.0787963867188
2439	3051.0787963867188
2440	3674.2048263549805
2440	3674.2048263549805
2441	3367.628574371338
2441	3367.628574371338
2442	3285.8829498291016
2442	3285.8829498291016
2443	3336.2085819244385
2443	3336.2085819244385
2444	3374.319314956665
2444	3374.319314956665
2445	3602.621078491211
2445	3602.621078491211
2446	3684.8604679107666
2446	3684.8604679107666
2447	3744.5812225341797
2447	3744.5812225341797
2448	3819.6260929107666
2448	3819.6260929107666
2449	3810.871362686157
2449	3810.871362686157
2450	4039.3028259277344
2450	4039.3028259277344
2451	3727.2491455078125
2451	3727.2491455078125
2452	3576.2689113616943
2452	3576.2689113616943
2453	3729.0244102478027
2453	3729.0244102478027
2454	3497.5497722625732
2454	3497.5497722625732
2455	3796.9937324523926
2455	3796.9937324523926
2456	3776.430606842041
2456	3776.430606842041
2457	3548.8829612731934
2457	3548.8829612731934
2458	3864.4015789031982
2458	3864.4015789031982
2459	3577.2292613983154
2459	3577.2292613983154
2460	3853.6081314086914
2460	3853.6081314086914
2461	3555.0386905670166
2461	3555.0386905670166
2462	3370.612621307373
2462	3370.612621307373
2463	3602.9605865478516
2463	3602.9605865478516
2464	3618.5379028320312
2464	3618.5379028320312
2465	3422.475814819336
2465	3422.475814819336
2466	3486.194372177124
2466	3486.194372177124
2467	3387.0575428009033
2467	3387.0575428009033
2468	3757.704734802246
2468	3757.704734802246
2469	3707.5111865997314
2469	3707.5111865997314
2470	4136.522531509399
2470	4136.522531509399
2471	3697.1092224121094
2471	3697.1092224121094
2472	3658.1954956054688
2472	3658.1954956054688
2473	3745.151996612549
2473	3745.151996612549
2474	3517.0652866363525
2474	3517.0652866363525
2475	3384.983539581299
2475	3384.983539581299
2476	3782.1884155273438
2476	3782.1884155273438
2477	3492.337703704834
2477	3492.337703704834
2478	3852.5919914245605
2478	3852.5919914245605
2479	3522.2270488739014
2479	3522.2270488739014
2480	4278.209686279297
2480	4278.209686279297
2481	3755.176067352295
2481	3755.176067352295
2482	3579.1077613830566
2482	3579.1077613830566
2483	3823.711156845093
2483	3823.711156845093
2484	3832.7174186706543
2484	3832.7174186706543
2485	3743.865966796875
2485	3743.865966796875
2486	3461.982488632202
2486	3461.982488632202
2487	3526.358127593994
2487	3526.358127593994
2488	3766.7481899261475
2488	3766.7481899261475
2489	3353.94287109375
2489	3353.94287109375
2490	4022.921085357666
2490	4022.921085357666
2491	3756.3841342926025
2491	3756.3841342926025
2492	3684.513807296753
2492	3684.513807296753
2493	3704.3709754943848
2493	3704.3709754943848
2494	3502.697229385376
2494	3502.697229385376
2495	3706.8259716033936
2495	3706.8259716033936
2496	3716.952085494995
2496	3716.952085494995
2497	3806.3902854919434
2497	3806.3902854919434
2498	3668.3616638183594
2498	3668.3616638183594
2499	3445.2736377716064
2499	3445.2736377716064
2500	13474.936246871948
2500	13474.936246871948
2501	3195.3933238983154
2501	3195.3933238983154
2502	3422.1646785736084
2502	3422.1646785736084
2503	3415.70782661438
2503	3415.70782661438
2504	3305.8078289031982
2504	3305.8078289031982
2505	3452.6400566101074
2505	3452.6400566101074
2506	3423.435926437378
2506	3423.435926437378
2507	3812.5054836273193
2507	3812.5054836273193
2508	3819.715738296509
2508	3819.715738296509
2509	3668.757677078247
2509	3668.757677078247
2510	3042.6557064056396
2510	3042.6557064056396
2511	2607.8083515167236
2511	2607.8083515167236
2512	3743.569850921631
2512	3743.569850921631
2513	3612.487316131592
2513	3612.487316131592
2514	3565.864086151123
2514	3565.864086151123
2515	3276.900291442871
2515	3276.900291442871
2516	3608.8712215423584
2516	3608.8712215423584
2517	3702.606678009033
2517	3702.606678009033
2518	3595.590829849243
2518	3595.590829849243
2519	3613.274335861206
2519	3613.274335861206
2520	3893.3818340301514
2520	3893.3818340301514
2521	3675.0149726867676
2521	3675.0149726867676
2522	3570.336103439331
2522	3570.336103439331
2523	3455.111026763916
2523	3455.111026763916
2524	3722.912549972534
2524	3722.912549972534
2525	3672.5642681121826
2525	3672.5642681121826
2526	3372.82395362854
2526	3372.82395362854
2527	3523.6027240753174
2527	3523.6027240753174
2528	3498.9724159240723
2528	3498.9724159240723
2529	3677.523374557495
2529	3677.523374557495
2530	4220.068693161011
2530	4220.068693161011
2531	3853.2445430755615
2531	3853.2445430755615
2532	3735.928773880005
2532	3735.928773880005
2533	3798.938989639282
2533	3798.938989639282
2534	3505.3045749664307
2534	3505.3045749664307
2535	3543.0924892425537
2535	3543.0924892425537
2536	4003.1964778900146
2536	4003.1964778900146
2537	3433.807134628296
2537	3433.807134628296
2538	3461.0037803649902
2538	3461.0037803649902
2539	3590.3656482696533
2539	3590.3656482696533
2540	4247.525215148926
2540	4247.525215148926
2541	3681.6906929016113
2541	3681.6906929016113
2542	3552.7102947235107
2542	3552.7102947235107
2543	3699.5441913604736
2543	3699.5441913604736
2544	3640.68603515625
2544	3640.68603515625
2545	3620.543956756592
2545	3620.543956756592
2546	3629.7740936279297
2546	3629.7740936279297
2547	3506.657838821411
2547	3506.657838821411
2548	3793.135404586792
2548	3793.135404586792
2549	3439.4912719726562
2549	3439.4912719726562
2550	4117.949962615967
2550	4117.949962615967
2551	3541.5306091308594
2551	3541.5306091308594
2552	3716.7131900787354
2552	3716.7131900787354
2553	3791.517496109009
2553	3791.517496109009
2554	3542.17791557312
2554	3542.17791557312
2555	3488.585948944092
2555	3488.585948944092
2556	3702.1846771240234
2556	3702.1846771240234
2557	3770.2581882476807
2557	3770.2581882476807
2558	3828.5391330718994
2558	3828.5391330718994
2559	3819.373846054077
2559	3819.373846054077
2560	4219.973087310791
2560	4219.973087310791
2561	3796.6980934143066
2561	3796.6980934143066
2562	3822.3695755004883
2562	3822.3695755004883
2563	2934.027910232544
2563	2934.027910232544
2564	3171.854257583618
2564	3171.854257583618
2565	2968.2066440582275
2565	2968.2066440582275
2566	3113.8932704925537
2566	3113.8932704925537
2567	3242.9115772247314
2567	3242.9115772247314
2568	3334.554672241211
2568	3334.554672241211
2569	3217.0228958129883
2569	3217.0228958129883
2570	3687.753200531006
2570	3687.753200531006
2571	3048.945426940918
2571	3048.945426940918
2572	3371.98805809021
2572	3371.98805809021
2573	3323.0626583099365
2573	3323.0626583099365
2574	3264.610528945923
2574	3264.610528945923
2575	3414.3548011779785
2575	3414.3548011779785
2576	3384.312629699707
2576	3384.312629699707
2577	3147.93062210083
2577	3147.93062210083
2578	3421.656608581543
2578	3421.656608581543
2579	3420.6013679504395
2579	3420.6013679504395
2580	3641.660690307617
2580	3641.660690307617
2581	3235.934257507324
2581	3235.934257507324
2582	3449.512720108032
2582	3449.512720108032
2583	3012.004852294922
2583	3012.004852294922
2584	3346.332311630249
2584	3346.332311630249
2585	3415.324926376343
2585	3415.324926376343
2586	3720.6408977508545
2586	3720.6408977508545
2587	3428.7610054016113
2587	3428.7610054016113
2588	3718.7552452087402
2588	3718.7552452087402
2589	3671.1034774780273
2589	3671.1034774780273
2590	4061.3882541656494
2590	4061.3882541656494
2591	3517.897367477417
2591	3517.897367477417
2592	3576.6444206237793
2592	3576.6444206237793
2593	3605.156421661377
2593	3605.156421661377
2594	3676.151990890503
2594	3676.151990890503
2595	3342.6918983459473
2595	3342.6918983459473
2596	3640.4268741607666
2596	3640.4268741607666
2597	3411.073684692383
2597	3411.073684692383
2598	3581.3112258911133
2598	3581.3112258911133
2599	3697.0160007476807
2599	3697.0160007476807
2600	4132.172346115112
2600	4132.172346115112
2601	3728.024482727051
2601	3728.024482727051
2602	3417.768955230713
2602	3417.768955230713
2603	3737.107515335083
2603	3737.107515335083
2604	3383.2757472991943
2604	3383.2757472991943
2605	3485.1009845733643
2605	3485.1009845733643
2606	3704.3840885162354
2606	3704.3840885162354
2607	3763.564109802246
2607	3763.564109802246
2608	3778.141736984253
2608	3778.141736984253
2609	3651.092767715454
2609	3651.092767715454
2610	4155.366897583008
2610	4155.366897583008
2611	3187.544584274292
2611	3187.544584274292
2612	3504.185438156128
2612	3504.185438156128
2613	3577.35276222229
2613	3577.35276222229
2614	3783.1735610961914
2614	3783.1735610961914
2615	3590.3401374816895
2615	3590.3401374816895
2616	3772.498369216919
2616	3772.498369216919
2617	3710.343360900879
2617	3710.343360900879
2618	3695.7197189331055
2618	3695.7197189331055
2619	3703.6125659942627
2619	3703.6125659942627
2620	4235.415458679199
2620	4235.415458679199
2621	3747.987985610962
2621	3747.987985610962
2622	3398.2527256011963
2622	3398.2527256011963
2623	3728.5263538360596
2623	3728.5263538360596
2624	3460.7982635498047
2624	3460.7982635498047
2625	3811.033010482788
2625	3811.033010482788
2626	3504.3301582336426
2626	3504.3301582336426
2627	3852.8454303741455
2627	3852.8454303741455
2628	3817.0547485351562
2628	3817.0547485351562
2629	3907.0398807525635
2629	3907.0398807525635
2630	4349.828481674194
2630	4349.828481674194
2631	3892.3110961914062
2631	3892.3110961914062
2632	4019.4382667541504
2632	4019.4382667541504
2633	3707.749366760254
2633	3707.749366760254
2634	3688.854455947876
2634	3688.854455947876
2635	4139.071226119995
2635	4139.071226119995
2636	3863.629102706909
2636	3863.629102706909
2637	3954.548120498657
2637	3954.548120498657
2638	4125.997066497803
2638	4125.997066497803
2639	3657.4907302856445
2639	3657.4907302856445
2640	4349.557161331177
2640	4349.557161331177
2641	3849.259376525879
2641	3849.259376525879
2642	3080.5089473724365
2642	3080.5089473724365
2643	3277.984619140625
2643	3277.984619140625
2644	3246.0975646972656
2644	3246.0975646972656
2645	3483.480453491211
2645	3483.480453491211
2646	3179.264783859253
2646	3179.264783859253
2647	3082.111120223999
2647	3082.111120223999
2648	3241.6555881500244
2648	3241.6555881500244
2649	2956.4225673675537
2649	2956.4225673675537
2650	3746.7281818389893
2650	3746.7281818389893
2651	3108.839273452759
2651	3108.839273452759
2652	3225.559711456299
2652	3225.559711456299
2653	3333.8191509246826
2653	3333.8191509246826
2654	3406.86297416687
2654	3406.86297416687
2655	3338.826894760132
2655	3338.826894760132
2656	3391.119956970215
2656	3391.119956970215
2657	3359.2634201049805
2657	3359.2634201049805
2658	3419.625997543335
2658	3419.625997543335
2659	3124.3858337402344
2659	3124.3858337402344
2660	4052.598476409912
2660	4052.598476409912
2661	3223.6218452453613
2661	3223.6218452453613
2662	3378.1306743621826
2662	3378.1306743621826
2663	3361.1607551574707
2663	3361.1607551574707
2664	3851.294755935669
2664	3851.294755935669
2665	3715.7957553863525
2665	3715.7957553863525
2666	3470.952272415161
2666	3470.952272415161
2667	2969.3305492401123
2667	2969.3305492401123
2668	2437.288761138916
2668	2437.288761138916
2669	3233.2963943481445
2669	3233.2963943481445
2670	4244.647026062012
2670	4244.647026062012
2671	3806.5128326416016
2671	3806.5128326416016
2672	3431.0266971588135
2672	3431.0266971588135
2673	3453.32670211792
2673	3453.32670211792
2674	3473.6151695251465
2674	3473.6151695251465
2675	3551.2218475341797
2675	3551.2218475341797
2676	3574.0246772766113
2676	3574.0246772766113
2677	3684.998035430908
2677	3684.998035430908
2678	3721.9693660736084
2678	3721.9693660736084
2679	3654.318332672119
2679	3654.318332672119
2680	4280.636310577393
2680	4280.636310577393
2681	3645.113468170166
2681	3645.113468170166
2682	3681.0402870178223
2682	3681.0402870178223
2683	3419.1393852233887
2683	3419.1393852233887
2684	3865.4625415802
2684	3865.4625415802
2685	3723.6294746398926
2685	3723.6294746398926
2686	3724.8852252960205
2686	3724.8852252960205
2687	3473.9325046539307
2687	3473.9325046539307
2688	3661.571979522705
2688	3661.571979522705
2689	3772.6526260375977
2689	3772.6526260375977
2690	4163.126707077026
2690	4163.126707077026
2691	3410.7439517974854
2691	3410.7439517974854
2692	3856.945037841797
2692	3856.945037841797
2693	3875.8747577667236
2693	3875.8747577667236
2694	2907.3832035064697
2694	2907.3832035064697
2695	2482.38205909729
2695	2482.38205909729
2696	2626.3511180877686
2696	2626.3511180877686
2697	2487.6654148101807
2697	2487.6654148101807
2698	2208.3442211151123
2698	2208.3442211151123
2699	2336.1763954162598
2699	2336.1763954162598
2700	3073.0347633361816
2700	3073.0347633361816
2701	2256.232500076294
2701	2256.232500076294
2702	2572.000503540039
2702	2572.000503540039
2703	2519.589424133301
2703	2519.589424133301
2704	2509.727716445923
2704	2509.727716445923
2705	2227.2603511810303
2705	2227.2603511810303
2706	2566.2033557891846
2706	2566.2033557891846
2707	2497.3723888397217
2707	2497.3723888397217
2708	2481.410503387451
2708	2481.410503387451
2709	2238.0216121673584
2709	2238.0216121673584
2710	2949.4643211364746
2710	2949.4643211364746
2711	2480.3037643432617
2711	2480.3037643432617
2712	2346.6219902038574
2712	2346.6219902038574
2713	2497.94602394104
2713	2497.94602394104
2714	2447.2010135650635
2714	2447.2010135650635
2715	2512.674570083618
2715	2512.674570083618
2716	2385.3635787963867
2716	2385.3635787963867
2717	2066.150665283203
2717	2066.150665283203
2718	2115.903377532959
2718	2115.903377532959
2719	2014.9872303009033
2719	2014.9872303009033
2720	2478.316068649292
2720	2478.316068649292
2721	1869.1692352294922
2721	1869.1692352294922
2722	1904.5367240905762
2722	1904.5367240905762
2723	2020.3087329864502
2723	2020.3087329864502
2724	1933.9513778686523
2724	1933.9513778686523
2725	2170.705556869507
2725	2170.705556869507
2726	2122.398614883423
2726	2122.398614883423
2727	2138.493776321411
2727	2138.493776321411
2728	2175.2073764801025
2728	2175.2073764801025
2729	2145.691156387329
2729	2145.691156387329
2730	2290.783643722534
2730	2290.783643722534
2731	2180.699348449707
2731	2180.699348449707
2732	2288.5470390319824
2732	2288.5470390319824
2733	2069.5409774780273
2733	2069.5409774780273
2734	2057.2004318237305
2734	2057.2004318237305
2735	2121.9046115875244
2735	2121.9046115875244
2736	1973.6816883087158
2736	1973.6816883087158
2737	2105.8480739593506
2737	2105.8480739593506
2738	2298.997402191162
2738	2298.997402191162
2739	2399.4648456573486
2739	2399.4648456573486
2740	3079.2624950408936
2740	3079.2624950408936
2741	2403.2325744628906
2741	2403.2325744628906
2742	2449.5654106140137
2742	2449.5654106140137
2743	2471.264600753784
2743	2471.264600753784
2744	2466.6261672973633
2744	2466.6261672973633
2745	2397.205114364624
2745	2397.205114364624
2746	2488.931655883789
2746	2488.931655883789
2747	2493.9255714416504
2747	2493.9255714416504
2748	2498.032569885254
2748	2498.032569885254
2749	2504.6896934509277
2749	2504.6896934509277
2750	2866.5170669555664
2750	2866.5170669555664
2751	2364.9237155914307
2751	2364.9237155914307
2752	2659.864902496338
2752	2659.864902496338
2753	2469.4862365722656
2753	2469.4862365722656
2754	2452.277898788452
2754	2452.277898788452
2755	2396.941661834717
2755	2396.941661834717
2756	2585.3145122528076
2756	2585.3145122528076
2757	2507.6687335968018
2757	2507.6687335968018
2758	2475.9695529937744
2758	2475.9695529937744
2759	2458.8513374328613
2759	2458.8513374328613
2760	3002.7151107788086
2760	3002.7151107788086
2761	2466.7961597442627
2761	2466.7961597442627
2762	2420.509099960327
2762	2420.509099960327
2763	2587.3353481292725
2763	2587.3353481292725
2764	2309.936046600342
2764	2309.936046600342
2765	2440.397024154663
2765	2440.397024154663
2766	2259.617328643799
2766	2259.617328643799
2767	2424.7677326202393
2767	2424.7677326202393
2768	2574.676513671875
2768	2574.676513671875
2769	2261.3086700439453
2769	2261.3086700439453
2770	2746.969699859619
2770	2746.969699859619
2771	2783.886671066284
2771	2783.886671066284
2772	2208.4014415740967
2772	2208.4014415740967
2773	2319.0629482269287
2773	2319.0629482269287
2774	2515.09952545166
2774	2515.09952545166
2775	2404.041051864624
2775	2404.041051864624
2776	2243.792772293091
2776	2243.792772293091
2777	2485.551595687866
2777	2485.551595687866
2778	2218.0960178375244
2778	2218.0960178375244
2779	2589.118242263794
2779	2589.118242263794
2780	2625.0078678131104
2780	2625.0078678131104
2781	2454.139232635498
2781	2454.139232635498
2782	2482.063055038452
2782	2482.063055038452
2783	2421.87762260437
2783	2421.87762260437
2784	2416.757345199585
2784	2416.757345199585
2785	2533.421277999878
2785	2533.421277999878
2786	2416.1672592163086
2786	2416.1672592163086
2787	1980.6122779846191
2787	1980.6122779846191
2788	2078.911304473877
2788	2078.911304473877
2789	2006.6261291503906
2789	2006.6261291503906
2790	2483.74605178833
2790	2483.74605178833
2791	1959.9428176879883
2791	1959.9428176879883
2792	2018.676996231079
2792	2018.676996231079
2793	2083.951950073242
2793	2083.951950073242
2794	2134.428024291992
2794	2134.428024291992
2795	2023.8068103790283
2795	2023.8068103790283
2796	2093.2023525238037
2796	2093.2023525238037
2797	2100.698471069336
2797	2100.698471069336
2798	2108.6978912353516
2798	2108.6978912353516
2799	1959.5026969909668
2799	1959.5026969909668
2800	2567.0785903930664
2800	2567.0785903930664
2801	1868.4358596801758
2801	1868.4358596801758
2802	2115.7360076904297
2802	2115.7360076904297
2803	2158.193588256836
2803	2158.193588256836
2804	1993.910789489746
2804	1993.910789489746
2805	2033.7553024291992
2805	2033.7553024291992
2806	1984.3461513519287
2806	1984.3461513519287
2807	2446.4595317840576
2807	2446.4595317840576
2808	2504.2879581451416
2808	2504.2879581451416
2809	2507.808208465576
2809	2507.808208465576
2810	2207.0772647857666
2810	2207.0772647857666
2811	1292.9368019104004
2811	1292.9368019104004
2812	1342.6403999328613
2812	1342.6403999328613
2813	2156.048536300659
2813	2156.048536300659
2814	2310.267448425293
2814	2310.267448425293
2815	2469.355344772339
2815	2469.355344772339
2816	2496.948719024658
2816	2496.948719024658
2817	2489.194869995117
2817	2489.194869995117
2818	2408.4272384643555
2818	2408.4272384643555
2819	2557.5132369995117
2819	2557.5132369995117
2820	2996.2170124053955
2820	2996.2170124053955
2821	2179.8346042633057
2821	2179.8346042633057
2822	2302.9563426971436
2822	2302.9563426971436
2823	2520.805597305298
2823	2520.805597305298
2824	2500.5619525909424
2824	2500.5619525909424
2825	2250.8902549743652
2825	2250.8902549743652
2826	2468.167304992676
2826	2468.167304992676
2827	2255.8884620666504
2827	2255.8884620666504
2828	2442.2683715820312
2828	2442.2683715820312
2829	2451.242446899414
2829	2451.242446899414
2830	2872.6494312286377
2830	2872.6494312286377
2831	2518.6386108398438
2831	2518.6386108398438
2832	2268.7034606933594
2832	2268.7034606933594
2833	2439.1467571258545
2833	2439.1467571258545
2834	2556.7524433135986
2834	2556.7524433135986
2835	2169.4350242614746
2835	2169.4350242614746
2836	2496.4308738708496
2836	2496.4308738708496
2837	2208.8420391082764
2837	2208.8420391082764
2838	2633.965492248535
2838	2633.965492248535
2839	2629.180431365967
2839	2629.180431365967
2840	2914.630889892578
2840	2914.630889892578
2841	2215.2321338653564
2841	2215.2321338653564
2842	3498.014211654663
2842	3498.014211654663
2843	3531.2108993530273
2843	3531.2108993530273
2844	3521.235704421997
2844	3521.235704421997
2845	3602.623462677002
2845	3602.623462677002
2846	3718.1239128112793
2846	3718.1239128112793
2847	3720.188617706299
2847	3720.188617706299
2848	3757.6327323913574
2848	3757.6327323913574
2849	3680.020809173584
2849	3680.020809173584
2850	4356.089353561401
2850	4356.089353561401
2851	3950.211763381958
2851	3950.211763381958
2852	3636.575937271118
2852	3636.575937271118
2853	4057.3017597198486
2853	4057.3017597198486
2854	3907.1733951568604
2854	3907.1733951568604
2855	3978.940010070801
2855	3978.940010070801
2856	3732.210397720337
2856	3732.210397720337
2857	3723.8762378692627
2857	3723.8762378692627
2858	3752.030611038208
2858	3752.030611038208
2859	4084.3703746795654
2859	4084.3703746795654
2860	4258.302211761475
2860	4258.302211761475
2861	3515.3589248657227
2861	3515.3589248657227
2862	3656.4786434173584
2862	3656.4786434173584
2863	3397.498369216919
2863	3397.498369216919
2864	3329.7038078308105
2864	3329.7038078308105
2865	3884.3774795532227
2865	3884.3774795532227
2866	2910.9652042388916
2866	2910.9652042388916
2867	3079.0398120880127
2867	3079.0398120880127
2868	3299.3056774139404
2868	3299.3056774139404
2869	3113.34490776062
2869	3113.34490776062
2870	3677.777051925659
2870	3677.777051925659
2871	3252.009391784668
2871	3252.009391784668
2872	3279.805898666382
2872	3279.805898666382
2873	3192.5013065338135
2873	3192.5013065338135
2874	3406.935691833496
2874	3406.935691833496
2875	3330.153465270996
2875	3330.153465270996
2876	3362.2517585754395
2876	3362.2517585754395
2877	3337.5093936920166
2877	3337.5093936920166
2878	3374.7379779815674
2878	3374.7379779815674
2879	3194.241762161255
2879	3194.241762161255
2880	3646.0673809051514
2880	3646.0673809051514
2881	3399.9416828155518
2881	3399.9416828155518
2882	3412.5399589538574
2882	3412.5399589538574
2883	3592.7531719207764
2883	3592.7531719207764
2884	3796.9164848327637
2884	3796.9164848327637
2885	3685.577630996704
2885	3685.577630996704
2886	3740.3364181518555
2886	3740.3364181518555
2887	3536.458730697632
2887	3536.458730697632
2888	3786.3004207611084
2888	3786.3004207611084
2889	3342.397928237915
2889	3342.397928237915
2890	4072.9095935821533
2890	4072.9095935821533
2891	3607.1560382843018
2891	3607.1560382843018
2892	3607.7492237091064
2892	3607.7492237091064
2893	3657.423734664917
2893	3657.423734664917
2894	3729.3081283569336
2894	3729.3081283569336
2895	3703.7620544433594
2895	3703.7620544433594
2896	3624.850034713745
2896	3624.850034713745
2897	3721.5030193328857
2897	3721.5030193328857
2898	3469.95210647583
2898	3469.95210647583
2899	3727.2415161132812
2899	3727.2415161132812
2900	4194.208145141602
2900	4194.208145141602
2901	3724.475383758545
2901	3724.475383758545
2902	3537.125587463379
2902	3537.125587463379
2903	3759.1230869293213
2903	3759.1230869293213
2904	3684.760808944702
2904	3684.760808944702
2905	3814.927577972412
2905	3814.927577972412
2906	3458.0931663513184
2906	3458.0931663513184
2907	3732.692241668701
2907	3732.692241668701
2908	3830.1753997802734
2908	3830.1753997802734
2909	3502.394437789917
2909	3502.394437789917
2910	4212.8400802612305
2910	4212.8400802612305
2911	3833.493947982788
2911	3833.493947982788
2912	3659.961700439453
2912	3659.961700439453
2913	3543.692111968994
2913	3543.692111968994
2914	3697.854518890381
2914	3697.854518890381
2915	3563.349723815918
2915	3563.349723815918
2916	3776.015281677246
2916	3776.015281677246
2917	3671.353578567505
2917	3671.353578567505
2918	3798.58660697937
2918	3798.58660697937
2919	3723.5567569732666
2919	3723.5567569732666
2920	4131.887674331665
2920	4131.887674331665
2921	3728.0595302581787
2921	3728.0595302581787
2922	3702.483892440796
2922	3702.483892440796
2923	3696.272850036621
2923	3696.272850036621
2924	3531.641960144043
2924	3531.641960144043
2925	3729.879856109619
2925	3729.879856109619
2926	3792.1345233917236
2926	3792.1345233917236
2927	3788.2776260375977
2927	3788.2776260375977
2928	3753.3605098724365
2928	3753.3605098724365
2929	3585.9923362731934
2929	3585.9923362731934
2930	4407.081365585327
2930	4407.081365585327
2931	3837.4733924865723
2931	3837.4733924865723
2932	3772.818088531494
2932	3772.818088531494
2933	3829.6213150024414
2933	3829.6213150024414
2934	3821.7267990112305
2934	3821.7267990112305
2935	3788.970947265625
2935	3788.970947265625
2936	3795.290470123291
2936	3795.290470123291
2937	3765.6848430633545
2937	3765.6848430633545
2938	2884.3133449554443
2938	2884.3133449554443
2939	3240.659236907959
2939	3240.659236907959
2940	3502.214193344116
2940	3502.214193344116
2941	3010.6871128082275
2941	3010.6871128082275
2942	3025.2277851104736
2942	3025.2277851104736
2943	3263.380527496338
2943	3263.380527496338
2944	3242.3322200775146
2944	3242.3322200775146
2945	2911.912679672241
2945	2911.912679672241
2946	3402.1177291870117
2946	3402.1177291870117
2947	3369.598627090454
2947	3369.598627090454
2948	3428.3177852630615
2948	3428.3177852630615
2949	3132.7054500579834
2949	3132.7054500579834
2950	3887.1803283691406
2950	3887.1803283691406
2951	3191.547632217407
2951	3191.547632217407
2952	3525.9435176849365
2952	3525.9435176849365
2953	3486.0947132110596
2953	3486.0947132110596
2954	3597.18656539917
2954	3597.18656539917
2955	3475.478410720825
2955	3475.478410720825
2956	3591.130256652832
2956	3591.130256652832
2957	3407.7510833740234
2957	3407.7510833740234
2958	3479.0380001068115
2958	3479.0380001068115
2959	3410.4270935058594
2959	3410.4270935058594
2960	4231.877326965332
2960	4231.877326965332
2961	3493.5433864593506
2961	3493.5433864593506
2962	3579.265832901001
2962	3579.265832901001
2963	3470.6332683563232
2963	3470.6332683563232
2964	2592.125415802002
2964	2592.125415802002
2965	2019.8583602905273
2965	2019.8583602905273
2966	3561.9914531707764
2966	3561.9914531707764
2967	3514.3685340881348
2967	3514.3685340881348
2968	3744.133472442627
2968	3744.133472442627
2969	3633.807420730591
2969	3633.807420730591
2970	4105.953216552734
2970	4105.953216552734
2971	3635.2524757385254
2971	3635.2524757385254
2972	3733.6103916168213
2972	3733.6103916168213
2973	3701.1890411376953
2973	3701.1890411376953
2974	3728.271245956421
2974	3728.271245956421
2975	4010.019540786743
2975	4010.019540786743
2976	3515.4435634613037
2976	3515.4435634613037
2977	3722.6452827453613
2977	3722.6452827453613
2978	3813.4329319000244
2978	3813.4329319000244
2979	3817.6536560058594
2979	3817.6536560058594
2980	4233.264923095703
2980	4233.264923095703
2981	3771.0278034210205
2981	3771.0278034210205
2982	3735.1391315460205
2982	3735.1391315460205
2983	3868.515729904175
2983	3868.515729904175
2984	3775.320053100586
2984	3775.320053100586
2985	3475.8048057556152
2985	3475.8048057556152
2986	3480.7283878326416
2986	3480.7283878326416
2987	3785.604238510132
2987	3785.604238510132
2988	3705.563545227051
2988	3705.563545227051
2989	4001.9590854644775
2989	4001.9590854644775
2990	4308.833360671997
2990	4308.833360671997
2991	3562.981128692627
2991	3562.981128692627
2992	3673.158884048462
2992	3673.158884048462
2993	3544.963836669922
2993	3544.963836669922
2994	3638.873338699341
2994	3638.873338699341
2995	3723.748207092285
2995	3723.748207092285
2996	3393.7456607818604
2996	3393.7456607818604
2997	3480.947971343994
2997	3480.947971343994
2998	3561.1159801483154
2998	3561.1159801483154
2999	3670.733690261841
2999	3670.733690261841
3000	21332.375526428223
3000	21332.375526428223
3001	3086.719751358032
3001	3086.719751358032
3002	3283.6408615112305
3002	3283.6408615112305
3003	3271.4080810546875
3003	3271.4080810546875
3004	3242.7380084991455
3004	3242.7380084991455
3005	3029.4244289398193
3005	3029.4244289398193
3006	3369.723081588745
3006	3369.723081588745
3007	3296.6272830963135
3007	3296.6272830963135
3008	3421.8552112579346
3008	3421.8552112579346
3009	3385.06817817688
3009	3385.06817817688
3010	3867.180347442627
3010	3867.180347442627
3011	3358.114719390869
3011	3358.114719390869
3012	3210.041046142578
3012	3210.041046142578
3013	3549.7655868530273
3013	3549.7655868530273
3014	3396.446943283081
3014	3396.446943283081
3015	3208.517551422119
3015	3208.517551422119
3016	3046.358823776245
3016	3046.358823776245
3017	2891.4895057678223
3017	2891.4895057678223
3018	3195.9803104400635
3018	3195.9803104400635
3019	3191.5266513824463
3019	3191.5266513824463
3020	3652.0893573760986
3020	3652.0893573760986
3021	3618.009090423584
3021	3618.009090423584
3022	3629.7194957733154
3022	3629.7194957733154
3023	3367.140531539917
3023	3367.140531539917
3024	3384.1300010681152
3024	3384.1300010681152
3025	3429.1908740997314
3025	3429.1908740997314
3026	3764.2080783843994
3026	3764.2080783843994
3027	3644.5515155792236
3027	3644.5515155792236
3028	3708.8544368743896
3028	3708.8544368743896
3029	3570.763111114502
3029	3570.763111114502
3030	4476.49073600769
3030	4476.49073600769
3031	3784.7580909729004
3031	3784.7580909729004
3032	3823.4362602233887
3032	3823.4362602233887
3033	3545.562744140625
3033	3545.562744140625
3034	3542.647123336792
3034	3542.647123336792
3035	3548.0918884277344
3035	3548.0918884277344
3036	3689.2621517181396
3036	3689.2621517181396
3037	3639.4221782684326
3037	3639.4221782684326
3038	3626.9631385803223
3038	3626.9631385803223
3039	3793.168783187866
3039	3793.168783187866
3040	4020.732641220093
3040	4020.732641220093
3041	3750.2012252807617
3041	3750.2012252807617
3042	3441.272974014282
3042	3441.272974014282
3043	3700.2406120300293
3043	3700.2406120300293
3044	3813.1022453308105
3044	3813.1022453308105
3045	3795.9182262420654
3045	3795.9182262420654
3046	3587.877035140991
3046	3587.877035140991
3047	3802.662134170532
3047	3802.662134170532
3048	3708.862543106079
3048	3708.862543106079
3049	3797.9326248168945
3049	3797.9326248168945
3050	4201.959133148193
3050	4201.959133148193
3051	3908.1976413726807
3051	3908.1976413726807
3052	3831.218719482422
3052	3831.218719482422
3053	3477.2963523864746
3053	3477.2963523864746
3054	3432.9833984375
3054	3432.9833984375
3055	3374.495029449463
3055	3374.495029449463
3056	3563.689708709717
3056	3563.689708709717
3057	3711.941957473755
3057	3711.941957473755
3058	3460.3371620178223
3058	3460.3371620178223
3059	3742.3882484436035
3059	3742.3882484436035
3060	3865.0903701782227
3060	3865.0903701782227
3061	3644.1054344177246
3061	3644.1054344177246
3062	3487.311601638794
3062	3487.311601638794
3063	3753.1611919403076
3063	3753.1611919403076
3064	3720.576047897339
3064	3720.576047897339
3065	3798.200845718384
3065	3798.200845718384
3066	3795.0265407562256
3066	3795.0265407562256
3067	3731.6384315490723
3067	3731.6384315490723
3068	3927.508592605591
3068	3927.508592605591
3069	3439.791202545166
3069	3439.791202545166
3070	4031.374216079712
3070	4031.374216079712
3071	3563.1179809570312
3071	3563.1179809570312
3072	3785.9466075897217
3072	3785.9466075897217
3073	3259.5601081848145
3073	3259.5601081848145
3074	3818.82643699646
3074	3818.82643699646
3075	3189.4421577453613
3075	3189.4421577453613
3076	3314.3606185913086
3076	3314.3606185913086
3077	3142.3823833465576
3077	3142.3823833465576
3078	3262.965440750122
3078	3262.965440750122
3079	3310.5602264404297
3079	3310.5602264404297
3080	3512.0303630828857
3080	3512.0303630828857
3081	3195.091485977173
3081	3195.091485977173
3082	3385.145902633667
3082	3385.145902633667
3083	3389.9717330932617
3083	3389.9717330932617
3084	3532.9179763793945
3084	3532.9179763793945
3085	3553.809404373169
3085	3553.809404373169
3086	3221.4651107788086
3086	3221.4651107788086
3087	3151.212453842163
3087	3151.212453842163
3088	3443.7930583953857
3088	3443.7930583953857
3089	3471.2042808532715
3089	3471.2042808532715
3090	3868.8526153564453
3090	3868.8526153564453
3091	3380.1026344299316
3091	3380.1026344299316
3092	3512.5646591186523
3092	3512.5646591186523
3093	3426.921844482422
3093	3426.921844482422
3094	3250.1749992370605
3094	3250.1749992370605
3095	3515.944242477417
3095	3515.944242477417
3096	3531.4781665802
3096	3531.4781665802
3097	3753.7150382995605
3097	3753.7150382995605
3098	3427.6301860809326
3098	3427.6301860809326
3099	3541.227340698242
3099	3541.227340698242
3100	3218.1031703948975
3100	3218.1031703948975
3101	2183.826446533203
3101	2183.826446533203
3102	3229.2964458465576
3102	3229.2964458465576
3103	3364.750623703003
3103	3364.750623703003
3104	3484.833002090454
3104	3484.833002090454
3105	3371.6108798980713
3105	3371.6108798980713
3106	3380.604028701782
3106	3380.604028701782
3107	3691.761255264282
3107	3691.761255264282
3108	3876.1861324310303
3108	3876.1861324310303
3109	3577.0280361175537
3109	3577.0280361175537
3110	3975.299119949341
3110	3975.299119949341
3111	3720.919132232666
3111	3720.919132232666
3112	3663.9227867126465
3112	3663.9227867126465
3113	3753.7076473236084
3113	3753.7076473236084
3114	4002.293348312378
3114	4002.293348312378
3115	3916.713237762451
3115	3916.713237762451
3116	3835.5326652526855
3116	3835.5326652526855
3117	3502.366542816162
3117	3502.366542816162
3118	3813.0691051483154
3118	3813.0691051483154
3119	3547.20139503479
3119	3547.20139503479
3120	2956.5112590789795
3120	2956.5112590789795
3121	2340.106964111328
3121	2340.106964111328
3122	2394.148588180542
3122	2394.148588180542
3123	2465.4462337493896
3123	2465.4462337493896
3124	2187.0803833007812
3124	2187.0803833007812
3125	2564.542531967163
3125	2564.542531967163
3126	2467.0777320861816
3126	2467.0777320861816
3127	2414.5452976226807
3127	2414.5452976226807
3128	2540.3261184692383
3128	2540.3261184692383
3129	2212.952136993408
3129	2212.952136993408
3130	2899.4414806365967
3130	2899.4414806365967
3131	2309.6001148223877
3131	2309.6001148223877
3132	2556.429147720337
3132	2556.429147720337
3133	2124.2117881774902
3133	2124.2117881774902
3134	2611.8252277374268
3134	2611.8252277374268
3135	2283.993721008301
3135	2283.993721008301
3136	2340.503692626953
3136	2340.503692626953
3137	2353.6858558654785
3137	2353.6858558654785
3138	2760.1711750030518
3138	2760.1711750030518
3139	2525.740623474121
3139	2525.740623474121
3140	2859.4186305999756
3140	2859.4186305999756
3141	2578.9661407470703
3141	2578.9661407470703
3142	2324.808359146118
3142	2324.808359146118
3143	2337.3024463653564
3143	2337.3024463653564
3144	2362.152099609375
3144	2362.152099609375
3145	2305.5319786071777
3145	2305.5319786071777
3146	2498.3901977539062
3146	2498.3901977539062
3147	3067.110300064087
3147	3067.110300064087
3148	2604.621410369873
3148	2604.621410369873
3149	2490.31138420105
3149	2490.31138420105
3150	2355.803966522217
3150	2355.803966522217
3151	2149.0180492401123
3151	2149.0180492401123
3152	2068.480968475342
3152	2068.480968475342
3153	2057.567596435547
3153	2057.567596435547
3154	2400.4344940185547
3154	2400.4344940185547
3155	1866.9886589050293
3155	1866.9886589050293
3156	1883.6417198181152
3156	1883.6417198181152
3157	1967.954158782959
3157	1967.954158782959
3158	2085.463285446167
3158	2085.463285446167
3159	2100.8729934692383
3159	2100.8729934692383
3160	2602.412223815918
3160	2602.412223815918
3161	1841.585397720337
3161	1841.585397720337
3162	2136.464834213257
3162	2136.464834213257
3163	2137.169361114502
3163	2137.169361114502
3164	2137.232780456543
3164	2137.232780456543
3165	2166.4955615997314
3165	2166.4955615997314
3166	2065.932512283325
3166	2065.932512283325
3167	2145.4286575317383
3167	2145.4286575317383
3168	2111.0074520111084
3168	2111.0074520111084
3169	1932.464838027954
3169	1932.464838027954
3170	2855.2348613739014
3170	2855.2348613739014
3171	2373.504400253296
3171	2373.504400253296
3172	2547.0221042633057
3172	2547.0221042633057
3173	2018.1033611297607
3173	2018.1033611297607
3174	2639.56880569458
3174	2639.56880569458
3175	2176.1324405670166
3175	2176.1324405670166
3176	2520.4498767852783
3176	2520.4498767852783
3177	2378.2613277435303
3177	2378.2613277435303
3178	2573.892831802368
3178	2573.892831802368
3179	2454.921245574951
3179	2454.921245574951
3180	2733.865261077881
3180	2733.865261077881
3181	2451.3821601867676
3181	2451.3821601867676
3182	2485.8570098876953
3182	2485.8570098876953
3183	2260.915517807007
3183	2260.915517807007
3184	2734.88712310791
3184	2734.88712310791
3185	2274.8258113861084
3185	2274.8258113861084
3186	2306.3344955444336
3186	2306.3344955444336
3187	2331.112861633301
3187	2331.112861633301
3188	2450.385332107544
3188	2450.385332107544
3189	2483.13570022583
3189	2483.13570022583
3190	2799.523115158081
3190	2799.523115158081
3191	2528.4931659698486
3191	2528.4931659698486
3192	2348.752737045288
3192	2348.752737045288
3193	2438.1818771362305
3193	2438.1818771362305
3194	2279.6497344970703
3194	2279.6497344970703
3195	2530.3587913513184
3195	2530.3587913513184
3196	2491.2269115448
3196	2491.2269115448
3197	2478.2626628875732
3197	2478.2626628875732
3198	2495.7876205444336
3198	2495.7876205444336
3199	2485.2452278137207
3199	2485.2452278137207
3200	2981.5173149108887
3200	2981.5173149108887
3201	2288.7790203094482
3201	2288.7790203094482
3202	2243.504762649536
3202	2243.504762649536
3203	2517.5392627716064
3203	2517.5392627716064
3204	2539.3264293670654
3204	2539.3264293670654
3205	2460.742473602295
3205	2460.742473602295
3206	2248.6510276794434
3206	2248.6510276794434
3207	2452.3675441741943
3207	2452.3675441741943
3208	2458.993911743164
3208	2458.993911743164
3209	2543.3480739593506
3209	2543.3480739593506
3210	2902.169704437256
3210	2902.169704437256
3211	2425.119638442993
3211	2425.119638442993
3212	2534.1012477874756
3212	2534.1012477874756
3213	2362.83540725708
3213	2362.83540725708
3214	2430.2494525909424
3214	2430.2494525909424
3215	2543.0071353912354
3215	2543.0071353912354
3216	2380.458116531372
3216	2380.458116531372
3217	2206.5088748931885
3217	2206.5088748931885
3218	2056.3507080078125
3218	2056.3507080078125
3219	1872.7192878723145
3219	1872.7192878723145
3220	2551.6648292541504
3220	2551.6648292541504
3221	1897.9675769805908
3221	1897.9675769805908
3222	1807.4817657470703
3222	1807.4817657470703
3223	1879.7249794006348
3223	1879.7249794006348
3224	2011.2640857696533
3224	2011.2640857696533
3225	2211.561918258667
3225	2211.561918258667
3226	2168.06697845459
3226	2168.06697845459
3227	1881.9973468780518
3227	1881.9973468780518
3228	1947.9751586914062
3228	1947.9751586914062
3229	2169.264554977417
3229	2169.264554977417
3230	2635.315418243408
3230	2635.315418243408
3231	1960.2022171020508
3231	1960.2022171020508
3232	1885.2381706237793
3232	1885.2381706237793
3233	2107.8639030456543
3233	2107.8639030456543
3234	1940.5381679534912
3234	1940.5381679534912
3235	2172.2893714904785
3235	2172.2893714904785
3236	2129.7779083251953
3236	2129.7779083251953
3237	2095.2374935150146
3237	2095.2374935150146
3238	2464.968204498291
3238	2464.968204498291
3239	2556.9543838500977
3239	2556.9543838500977
3240	2955.711841583252
3240	2955.711841583252
3241	1423.8412380218506
3241	1423.8412380218506
3242	1332.188367843628
3242	1332.188367843628
3243	2023.155927658081
3243	2023.155927658081
3244	2471.6811180114746
3244	2471.6811180114746
3245	2463.6151790618896
3245	2463.6151790618896
3246	2223.325729370117
3246	2223.325729370117
3247	2619.9443340301514
3247	2619.9443340301514
3248	2446.5534687042236
3248	2446.5534687042236
3249	2274.5742797851562
3249	2274.5742797851562
3250	2776.7858505249023
3250	2776.7858505249023
3251	2501.5861988067627
3251	2501.5861988067627
3252	2376.50990486145
3252	2376.50990486145
3253	2277.5306701660156
3253	2277.5306701660156
3254	2441.387414932251
3254	2441.387414932251
3255	2508.46004486084
3255	2508.46004486084
3256	2748.1846809387207
3256	2748.1846809387207
3257	4069.2436695098877
3257	4069.2436695098877
3258	2351.8669605255127
3258	2351.8669605255127
3259	2558.5291385650635
3259	2558.5291385650635
3260	2909.001350402832
3260	2909.001350402832
3261	2574.976921081543
3261	2574.976921081543
3262	2272.1405029296875
3262	2272.1405029296875
3263	2325.8557319641113
3263	2325.8557319641113
3264	2498.8651275634766
3264	2498.8651275634766
3265	2450.3254890441895
3265	2450.3254890441895
3266	3269.1597938537598
3266	3269.1597938537598
3267	3575.025796890259
3267	3575.025796890259
3268	3273.371934890747
3268	3273.371934890747
3269	3663.5494232177734
3269	3663.5494232177734
3270	3831.7220211029053
3270	3831.7220211029053
3271	3344.6476459503174
3271	3344.6476459503174
3272	3661.94486618042
3272	3661.94486618042
3273	3814.3317699432373
3273	3814.3317699432373
3274	3691.585063934326
3274	3691.585063934326
3275	3539.8213863372803
3275	3539.8213863372803
3276	3275.3405570983887
3276	3275.3405570983887
3277	3826.176404953003
3277	3826.176404953003
3278	3784.9903106689453
3278	3784.9903106689453
3279	3736.123561859131
3279	3736.123561859131
3280	4070.554494857788
3280	4070.554494857788
3281	3802.6037216186523
3281	3802.6037216186523
3282	3815.3605461120605
3282	3815.3605461120605
3283	3753.380298614502
3283	3753.380298614502
3284	3595.12996673584
3284	3595.12996673584
3285	3869.683265686035
3285	3869.683265686035
3286	3590.96360206604
3286	3590.96360206604
3287	3497.088670730591
3287	3497.088670730591
3288	3798.5379695892334
3288	3798.5379695892334
3289	3837.5141620635986
3289	3837.5141620635986
3290	4104.851722717285
3290	4104.851722717285
3291	3376.1026859283447
3291	3376.1026859283447
3292	2908.156156539917
3292	2908.156156539917
3293	3137.0015144348145
3293	3137.0015144348145
3294	2920.258045196533
3294	2920.258045196533
3295	3206.5067291259766
3295	3206.5067291259766
3296	3056.2005043029785
3296	3056.2005043029785
3297	3337.9664421081543
3297	3337.9664421081543
3298	3355.1418781280518
3298	3355.1418781280518
3299	3317.673921585083
3299	3317.673921585083
3300	3790.473699569702
3300	3790.473699569702
3301	3116.5881156921387
3301	3116.5881156921387
3302	3215.804100036621
3302	3215.804100036621
3303	3356.174945831299
3303	3356.174945831299
3304	3412.0681285858154
3304	3412.0681285858154
3305	3453.6054134368896
3305	3453.6054134368896
3306	3313.995838165283
3306	3313.995838165283
3307	3424.8085021972656
3307	3424.8085021972656
3308	3282.536506652832
3308	3282.536506652832
3309	3439.1820430755615
3309	3439.1820430755615
3310	3978.316068649292
3310	3978.316068649292
3311	3444.8046684265137
3311	3444.8046684265137
3312	3984.602451324463
3312	3984.602451324463
3313	3759.037494659424
3313	3759.037494659424
3314	3530.6713581085205
3314	3530.6713581085205
3315	3553.7540912628174
3315	3553.7540912628174
3316	3566.5411949157715
3316	3566.5411949157715
3317	3626.756191253662
3317	3626.756191253662
3318	3369.4114685058594
3318	3369.4114685058594
3319	3373.5709190368652
3319	3373.5709190368652
3320	4171.920537948608
3320	4171.920537948608
3321	3701.8401622772217
3321	3701.8401622772217
3322	3360.25333404541
3322	3360.25333404541
3323	3713.1564617156982
3323	3713.1564617156982
3324	3813.8623237609863
3324	3813.8623237609863
3325	3445.594310760498
3325	3445.594310760498
3326	3636.2624168395996
3326	3636.2624168395996
3327	3790.966272354126
3327	3790.966272354126
3328	3774.512529373169
3328	3774.512529373169
3329	3787.2884273529053
3329	3787.2884273529053
3330	4268.724679946899
3330	4268.724679946899
3331	3756.51216506958
3331	3756.51216506958
3332	3885.5764865875244
3332	3885.5764865875244
3333	3819.2360401153564
3333	3819.2360401153564
3334	3777.5421142578125
3334	3777.5421142578125
3335	3577.991485595703
3335	3577.991485595703
3336	3808.1140518188477
3336	3808.1140518188477
3337	3530.117988586426
3337	3530.117988586426
3338	3813.3392333984375
3338	3813.3392333984375
3339	3266.0295963287354
3339	3266.0295963287354
3340	4101.889133453369
3340	4101.889133453369
3341	3619.379758834839
3341	3619.379758834839
3342	3711.9362354278564
3342	3711.9362354278564
3343	3601.6173362731934
3343	3601.6173362731934
3344	3724.604368209839
3344	3724.604368209839
3345	3696.237325668335
3345	3696.237325668335
3346	3713.593006134033
3346	3713.593006134033
3347	3707.446336746216
3347	3707.446336746216
3348	3742.9299354553223
3348	3742.9299354553223
3349	3437.0670318603516
3349	3437.0670318603516
3350	4270.1051235198975
3350	4270.1051235198975
3351	3747.3385334014893
3351	3747.3385334014893
3352	3447.422742843628
3352	3447.422742843628
3353	3781.566381454468
3353	3781.566381454468
3354	3497.162103652954
3354	3497.162103652954
3355	3845.881700515747
3355	3845.881700515747
3356	3793.00856590271
3356	3793.00856590271
3357	3855.0546169281006
3357	3855.0546169281006
3358	3522.1729278564453
3358	3522.1729278564453
3359	3759.5739364624023
3359	3759.5739364624023
3360	4063.896656036377
3360	4063.896656036377
3361	3412.5747680664062
3361	3412.5747680664062
3362	3402.369737625122
3362	3402.369737625122
3363	3642.890214920044
3363	3642.890214920044
3364	3834.366798400879
3364	3834.366798400879
3365	3490.668773651123
3365	3490.668773651123
3366	3482.3782444000244
3366	3482.3782444000244
3367	3576.1024951934814
3367	3576.1024951934814
3368	3500.9005069732666
3368	3500.9005069732666
3369	3609.1344356536865
3369	3609.1344356536865
3370	4221.1010456085205
3370	4221.1010456085205
3371	3389.7385597229004
3371	3389.7385597229004
3372	3616.9285774230957
3372	3616.9285774230957
3373	3737.933874130249
3373	3737.933874130249
3374	3774.0395069122314
3374	3774.0395069122314
3375	3715.9321308135986
3375	3715.9321308135986
3376	3420.3715324401855
3376	3420.3715324401855
3377	2888.826608657837
3377	2888.826608657837
3378	3454.728364944458
3378	3454.728364944458
3379	3826.519250869751
3379	3826.519250869751
3380	3298.990488052368
3380	3298.990488052368
3381	3131.309747695923
3381	3131.309747695923
3382	3327.8918266296387
3382	3327.8918266296387
3383	3414.9158000946045
3383	3414.9158000946045
3384	3172.255516052246
3384	3172.255516052246
3385	3356.7707538604736
3385	3356.7707538604736
3386	3384.9496841430664
3386	3384.9496841430664
3387	3521.367073059082
3387	3521.367073059082
3388	3711.78936958313
3388	3711.78936958313
3389	3733.6349487304688
3389	3733.6349487304688
3390	4211.4763259887695
3390	4211.4763259887695
3391	2585.1962566375732
3391	2585.1962566375732
3392	2604.9883365631104
3392	2604.9883365631104
3393	3793.954372406006
3393	3793.954372406006
3394	3817.878007888794
3394	3817.878007888794
3395	3572.7574825286865
3395	3572.7574825286865
3396	3732.679843902588
3396	3732.679843902588
3397	3587.113618850708
3397	3587.113618850708
3398	3888.7581825256348
3398	3888.7581825256348
3399	3601.7355918884277
3399	3601.7355918884277
3400	4347.917795181274
3400	4347.917795181274
3401	3550.4443645477295
3401	3550.4443645477295
3402	3255.6540966033936
3402	3255.6540966033936
3403	3590.437650680542
3403	3590.437650680542
3404	3469.599723815918
3404	3469.599723815918
3405	3622.809410095215
3405	3622.809410095215
3406	3355.8919429779053
3406	3355.8919429779053
3407	3698.4827518463135
3407	3698.4827518463135
3408	3799.4885444641113
3408	3799.4885444641113
3409	3741.577625274658
3409	3741.577625274658
3410	4196.320056915283
3410	4196.320056915283
3411	3885.7030868530273
3411	3885.7030868530273
3412	3488.067865371704
3412	3488.067865371704
3413	3780.965566635132
3413	3780.965566635132
3414	3774.5957374572754
3414	3774.5957374572754
3415	3862.443208694458
3415	3862.443208694458
3416	3918.7655448913574
3416	3918.7655448913574
3417	3804.8675060272217
3417	3804.8675060272217
3418	3868.9839839935303
3418	3868.9839839935303
3419	3826.4644145965576
3419	3826.4644145965576
3420	4324.912548065186
3420	4324.912548065186
3421	3818.1068897247314
3421	3818.1068897247314
3422	4007.2996616363525
3422	4007.2996616363525
3423	3572.556495666504
3423	3572.556495666504
3424	3807.135820388794
3424	3807.135820388794
3425	3540.600538253784
3425	3540.600538253784
3426	3503.093481063843
3426	3503.093481063843
3427	3575.719118118286
3427	3575.719118118286
3428	3624.620199203491
3428	3624.620199203491
3429	3302.7098178863525
3429	3302.7098178863525
3430	4301.023006439209
3430	4301.023006439209
3431	3780.3170680999756
3431	3780.3170680999756
3432	3376.856565475464
3432	3376.856565475464
3433	3979.0947437286377
3433	3979.0947437286377
3434	3512.5882625579834
3434	3512.5882625579834
3435	3753.847122192383
3435	3753.847122192383
3436	3702.0702362060547
3436	3702.0702362060547
3437	3664.5383834838867
3437	3664.5383834838867
3438	3729.710340499878
3438	3729.710340499878
3439	3792.9201126098633
3439	3792.9201126098633
3440	4329.617500305176
3440	4329.617500305176
3441	3812.3834133148193
3441	3812.3834133148193
3442	3421.5750694274902
3442	3421.5750694274902
3443	3402.0988941192627
3443	3402.0988941192627
3444	3144.643545150757
3444	3144.643545150757
3445	3411.7887020111084
3445	3411.7887020111084
3446	3287.6839637756348
3446	3287.6839637756348
3447	3142.6429748535156
3447	3142.6429748535156
3448	3428.8508892059326
3448	3428.8508892059326
3449	3447.960376739502
3449	3447.960376739502
3450	3912.9533767700195
3450	3912.9533767700195
3451	3393.4779167175293
3451	3393.4779167175293
3452	3058.173656463623
3452	3058.173656463623
3453	3158.677339553833
3453	3158.677339553833
3454	3306.532621383667
3454	3306.532621383667
3455	3296.919345855713
3455	3296.919345855713
3456	3376.8599033355713
3456	3376.8599033355713
3457	3417.5384044647217
3457	3417.5384044647217
3458	3128.9000511169434
3458	3128.9000511169434
3459	3340.944290161133
3459	3340.944290161133
3460	4118.24893951416
3460	4118.24893951416
3461	3364.1562461853027
3461	3364.1562461853027
3462	3464.250326156616
3462	3464.250326156616
3463	3441.958427429199
3463	3441.958427429199
3464	3854.6359539031982
3464	3854.6359539031982
3465	3404.059648513794
3465	3404.059648513794
3466	3739.8436069488525
3466	3739.8436069488525
3467	3767.1172618865967
3467	3767.1172618865967
3468	3854.372262954712
3468	3854.372262954712
3469	3819.3271160125732
3469	3819.3271160125732
3470	4034.2814922332764
3470	4034.2814922332764
3471	3522.1285820007324
3471	3522.1285820007324
3472	3884.6828937530518
3472	3884.6828937530518
3473	3802.849292755127
3473	3802.849292755127
3474	3799.7405529022217
3474	3799.7405529022217
3475	3843.30415725708
3475	3843.30415725708
3476	3737.6227378845215
3476	3737.6227378845215
3477	3639.206886291504
3477	3639.206886291504
3478	3582.822561264038
3478	3582.822561264038
3479	3658.3914756774902
3479	3658.3914756774902
3480	4045.9630489349365
3480	4045.9630489349365
3481	3427.133321762085
3481	3427.133321762085
3482	3451.343774795532
3482	3451.343774795532
3483	3512.0139122009277
3483	3512.0139122009277
3484	3425.158977508545
3484	3425.158977508545
3485	3616.0736083984375
3485	3616.0736083984375
3486	3735.86368560791
3486	3735.86368560791
3487	3734.853982925415
3487	3734.853982925415
3488	3763.8838291168213
3488	3763.8838291168213
3489	3859.421491622925
3489	3859.421491622925
3490	4046.4720726013184
3490	4046.4720726013184
3491	3750.1254081726074
3491	3750.1254081726074
3492	3607.7747344970703
3492	3607.7747344970703
3493	3944.4007873535156
3493	3944.4007873535156
3494	3574.388027191162
3494	3574.388027191162
3495	3579.1015625
3495	3579.1015625
3496	3518.284320831299
3496	3518.284320831299
3497	3708.4736824035645
3497	3708.4736824035645
3498	3428.5099506378174
3498	3428.5099506378174
3499	3654.4578075408936
3499	3654.4578075408936
3500	14902.610778808594
3500	14902.610778808594
3501	3422.6584434509277
3501	3422.6584434509277
3502	3594.4740772247314
3502	3594.4740772247314
3503	3369.405746459961
3503	3369.405746459961
3504	3560.634136199951
3504	3560.634136199951
3505	3335.8752727508545
3505	3335.8752727508545
3506	3171.8435287475586
3506	3171.8435287475586
3507	3192.730665206909
3507	3192.730665206909
3508	3399.3544578552246
3508	3399.3544578552246
3509	3288.095235824585
3509	3288.095235824585
3510	3776.6363620758057
3510	3776.6363620758057
3511	3364.1622066497803
3511	3364.1622066497803
3512	3383.6779594421387
3512	3383.6779594421387
3513	3226.8285751342773
3513	3226.8285751342773
3514	3401.5867710113525
3514	3401.5867710113525
3515	3182.5292110443115
3515	3182.5292110443115
3516	3368.154764175415
3516	3368.154764175415
3517	3432.352304458618
3517	3432.352304458618
3518	3438.663959503174
3518	3438.663959503174
3519	3616.9357299804688
3519	3616.9357299804688
3520	3684.454917907715
3520	3684.454917907715
3521	3367.664098739624
3521	3367.664098739624
3522	3588.5307788848877
3522	3588.5307788848877
3523	3810.6889724731445
3523	3810.6889724731445
3524	3753.0558109283447
3524	3753.0558109283447
3525	3783.9226722717285
3525	3783.9226722717285
3526	2644.7508335113525
3526	2644.7508335113525
3527	2616.220235824585
3527	2616.220235824585
3528	2370.0335025787354
3528	2370.0335025787354
3529	2119.6558475494385
3529	2119.6558475494385
3530	2412.57381439209
3530	2412.57381439209
3531	3037.2514724731445
3531	3037.2514724731445
3532	2940.8743381500244
3532	2940.8743381500244
3533	3395.3616619110107
3533	3395.3616619110107
3534	3338.871479034424
3534	3338.871479034424
3535	3122.3039627075195
3535	3122.3039627075195
3536	3368.891716003418
3536	3368.891716003418
3537	3321.8817710876465
3537	3321.8817710876465
3538	3336.578845977783
3538	3336.578845977783
3539	3153.9900302886963
3539	3153.9900302886963
3540	3917.7448749542236
3540	3917.7448749542236
3541	3441.2999153137207
3541	3441.2999153137207
3542	3277.7087688446045
3542	3277.7087688446045
3543	3477.587938308716
3543	3477.587938308716
3544	3410.3636741638184
3544	3410.3636741638184
3545	3227.3542881011963
3545	3227.3542881011963
3546	1881.8085193634033
3546	1881.8085193634033
3547	1833.3537578582764
3547	1833.3537578582764
3548	1834.1894149780273
3548	1834.1894149780273
3549	1804.8851490020752
3549	1804.8851490020752
3550	2760.692596435547
3550	2760.692596435547
3551	2101.5608310699463
3551	2101.5608310699463
3552	1426.2075424194336
3552	1426.2075424194336
3553	1430.798053741455
3553	1430.798053741455
3554	1326.1523246765137
3554	1326.1523246765137
3555	1379.2126178741455
3555	1379.2126178741455
3556	1419.0990924835205
3556	1419.0990924835205
3557	1432.2178363800049
3557	1432.2178363800049
3558	1440.6111240386963
3558	1440.6111240386963
3559	1455.1384449005127
3559	1455.1384449005127
3560	1885.6935501098633
3560	1885.6935501098633
3561	1360.9592914581299
3561	1360.9592914581299
3562	1389.4927501678467
3562	1389.4927501678467
3563	1361.0756397247314
3563	1361.0756397247314
3564	1553.8809299468994
3564	1553.8809299468994
3565	2160.8643531799316
3565	2160.8643531799316
3566	2337.562084197998
3566	2337.562084197998
3567	2492.5854206085205
3567	2492.5854206085205
3568	2534.4178676605225
3568	2534.4178676605225
3569	2555.675506591797
3569	2555.675506591797
3570	2901.5979766845703
3570	2901.5979766845703
3571	2349.8895168304443
3571	2349.8895168304443
3572	2648.679733276367
3572	2648.679733276367
3573	2503.6187171936035
3573	2503.6187171936035
3574	2416.344165802002
3574	2416.344165802002
3575	2429.8596382141113
3575	2429.8596382141113
3576	2493.542432785034
3576	2493.542432785034
3577	2569.4751739501953
3577	2569.4751739501953
3578	2519.4242000579834
3578	2519.4242000579834
3579	2607.5265407562256
3579	2607.5265407562256
3580	3275.096654891968
3580	3275.096654891968
3581	2490.2184009552
3581	2490.2184009552
3582	2481.489419937134
3582	2481.489419937134
3583	2536.668539047241
3583	2536.668539047241
3584	2525.3710746765137
3584	2525.3710746765137
3585	2555.032968521118
3585	2555.032968521118
3586	2312.403440475464
3586	2312.403440475464
3587	2477.6759147644043
3587	2477.6759147644043
3588	2578.6290168762207
3588	2578.6290168762207
3589	2531.378984451294
3589	2531.378984451294
3590	2803.1606674194336
3590	2803.1606674194336
3591	2277.860641479492
3591	2277.860641479492
3592	2536.6528034210205
3592	2536.6528034210205
3593	2446.6285705566406
3593	2446.6285705566406
3594	2626.5718936920166
3594	2626.5718936920166
3595	2267.8840160369873
3595	2267.8840160369873
3596	2529.561996459961
3596	2529.561996459961
3597	2355.997085571289
3597	2355.997085571289
3598	2364.673614501953
3598	2364.673614501953
3599	2518.7134742736816
3599	2518.7134742736816
3600	2900.4287719726562
3600	2900.4287719726562
3601	2509.315013885498
3601	2509.315013885498
3602	2623.5978603363037
3602	2623.5978603363037
3603	2465.6050205230713
3603	2465.6050205230713
3604	2433.391809463501
3604	2433.391809463501
3605	2381.279230117798
3605	2381.279230117798
3606	2449.0368366241455
3606	2449.0368366241455
3607	2426.729917526245
3607	2426.729917526245
3608	2346.010684967041
3608	2346.010684967041
3609	1743.9777851104736
3609	1743.9777851104736
3610	2511.2733840942383
3610	2511.2733840942383
3611	1665.4877662658691
3611	1665.4877662658691
3612	1917.994499206543
3612	1917.994499206543
3613	1891.4167881011963
3613	1891.4167881011963
3614	2394.9708938598633
3614	2394.9708938598633
3615	2211.721658706665
3615	2211.721658706665
3616	2127.8910636901855
3616	2127.8910636901855
3617	2113.902807235718
3617	2113.902807235718
3618	2124.4139671325684
3618	2124.4139671325684
3619	2120.598077774048
3619	2120.598077774048
3620	2618.0195808410645
3620	2618.0195808410645
3621	2174.992084503174
3621	2174.992084503174
3622	2213.313102722168
3622	2213.313102722168
3623	2183.838129043579
3623	2183.838129043579
3624	2235.145092010498
3624	2235.145092010498
3625	2134.223699569702
3625	2134.223699569702
3626	2081.0770988464355
3626	2081.0770988464355
3627	2237.2264862060547
3627	2237.2264862060547
3628	2413.275718688965
3628	2413.275718688965
3629	2407.318592071533
3629	2407.318592071533
3630	3093.0135250091553
3630	3093.0135250091553
3631	2406.681537628174
3631	2406.681537628174
3632	2413.954257965088
3632	2413.954257965088
3633	2544.3952083587646
3633	2544.3952083587646
3634	2456.2132358551025
3634	2456.2132358551025
3635	2504.920482635498
3635	2504.920482635498
3636	2552.8645515441895
3636	2552.8645515441895
3637	2438.9169216156006
3637	2438.9169216156006
3638	2516.902446746826
3638	2516.902446746826
3639	2440.607786178589
3639	2440.607786178589
3640	2921.8623638153076
3640	2921.8623638153076
3641	2498.6681938171387
3641	2498.6681938171387
3642	2244.819402694702
3642	2244.819402694702
3643	2598.909854888916
3643	2598.909854888916
3644	2551.4039993286133
3644	2551.4039993286133
3645	2330.599546432495
3645	2330.599546432495
3646	2301.04923248291
3646	2301.04923248291
3647	2444.27227973938
3647	2444.27227973938
3648	2565.793514251709
3648	2565.793514251709
3649	2511.1734867095947
3649	2511.1734867095947
3650	2752.85005569458
3650	2752.85005569458
3651	2732.544183731079
3651	2732.544183731079
3652	2621.415615081787
3652	2621.415615081787
3653	2446.75350189209
3653	2446.75350189209
3654	2327.528715133667
3654	2327.528715133667
3655	2324.707269668579
3655	2324.707269668579
3656	2429.542064666748
3656	2429.542064666748
3657	2467.1216011047363
3657	2467.1216011047363
3658	2428.2631874084473
3658	2428.2631874084473
3659	2426.0494709014893
3659	2426.0494709014893
3660	3004.751443862915
3660	3004.751443862915
3661	2276.1740684509277
3661	2276.1740684509277
3662	2568.8304901123047
3662	2568.8304901123047
3663	2005.4938793182373
3663	2005.4938793182373
3664	2296.8199253082275
3664	2296.8199253082275
3665	2637.1519565582275
3665	2637.1519565582275
3666	2484.6343994140625
3666	2484.6343994140625
3667	2494.6036338806152
3667	2494.6036338806152
3668	2386.741876602173
3668	2386.741876602173
3669	2575.05202293396
3669	2575.05202293396
3670	2746.671676635742
3670	2746.671676635742
3671	2330.692768096924
3671	2330.692768096924
3672	2436.688184738159
3672	2436.688184738159
3673	2581.0742378234863
3673	2581.0742378234863
3674	2520.8775997161865
3674	2520.8775997161865
3675	2102.5164127349854
3675	2102.5164127349854
3676	2061.913013458252
3676	2061.913013458252
3677	2050.259828567505
3677	2050.259828567505
3678	2093.435525894165
3678	2093.435525894165
3679	2047.7585792541504
3679	2047.7585792541504
3680	2508.941173553467
3680	2508.941173553467
3681	2127.9423236846924
3681	2127.9423236846924
3682	2174.415111541748
3682	2174.415111541748
3683	2264.343023300171
3683	2264.343023300171
3684	2269.0367698669434
3684	2269.0367698669434
3685	2149.120092391968
3685	2149.120092391968
3686	2077.5039196014404
3686	2077.5039196014404
3687	2284.167528152466
3687	2284.167528152466
3688	2211.0300064086914
3688	2211.0300064086914
3689	2111.0875606536865
3689	2111.0875606536865
3690	2733.3080768585205
3690	2733.3080768585205
3691	1915.137529373169
3691	1915.137529373169
3692	2174.4210720062256
3692	2174.4210720062256
3693	2093.842029571533
3693	2093.842029571533
3694	2658.3385467529297
3694	2658.3385467529297
3695	3491.7261600494385
3695	3491.7261600494385
3696	3586.9152545928955
3696	3586.9152545928955
3697	3356.5897941589355
3697	3356.5897941589355
3698	2312.814712524414
3698	2312.814712524414
3699	2910.078287124634
3699	2910.078287124634
3700	4168.867826461792
3700	4168.867826461792
3701	4030.944585800171
3701	4030.944585800171
3702	3743.3128356933594
3702	3743.3128356933594
3703	3749.704360961914
3703	3749.704360961914
3704	3811.6531372070312
3704	3811.6531372070312
3705	3900.5563259124756
3705	3900.5563259124756
3706	3753.7269592285156
3706	3753.7269592285156
3707	3813.629150390625
3707	3813.629150390625
3708	3808.1154823303223
3708	3808.1154823303223
3709	3779.996156692505
3709	3779.996156692505
3710	4373.88277053833
3710	4373.88277053833
3711	3569.90122795105
3711	3569.90122795105
3712	3801.363945007324
3712	3801.363945007324
3713	3893.733024597168
3713	3893.733024597168
3714	3620.565176010132
3714	3620.565176010132
3715	3843.038558959961
3715	3843.038558959961
3716	4461.716651916504
3716	4461.716651916504
3717	3384.8628997802734
3717	3384.8628997802734
3718	3601.2353897094727
3718	3601.2353897094727
3719	3650.238513946533
3719	3650.238513946533
3720	3828.1843662261963
3720	3828.1843662261963
3721	3417.5307750701904
3721	3417.5307750701904
3722	3746.3715076446533
3722	3746.3715076446533
3723	3421.462059020996
3723	3421.462059020996
3724	3635.679006576538
3724	3635.679006576538
3725	3735.2099418640137
3725	3735.2099418640137
3726	3792.5615310668945
3726	3792.5615310668945
3727	3820.0106620788574
3727	3820.0106620788574
3728	3612.6174926757812
3728	3612.6174926757812
3729	3744.1980838775635
3729	3744.1980838775635
3730	4223.926782608032
3730	4223.926782608032
3731	3740.6656742095947
3731	3740.6656742095947
3732	3895.418167114258
3732	3895.418167114258
3733	3710.3793621063232
3733	3710.3793621063232
3734	3559.361219406128
3734	3559.361219406128
3735	3610.790967941284
3735	3610.790967941284
3736	3479.9516201019287
3736	3479.9516201019287
3737	3345.466136932373
3737	3345.466136932373
3738	3769.2558765411377
3738	3769.2558765411377
3739	3667.7656173706055
3739	3667.7656173706055
3740	3956.312656402588
3740	3956.312656402588
3741	4263.839483261108
3741	4263.839483261108
3742	3931.6048622131348
3742	3931.6048622131348
3743	3532.2630405426025
3743	3532.2630405426025
3744	3827.0785808563232
3744	3827.0785808563232
3745	3463.686943054199
3745	3463.686943054199
3746	3685.129404067993
3746	3685.129404067993
3747	3544.7475910186768
3747	3544.7475910186768
3748	3157.6898097991943
3748	3157.6898097991943
3749	3110.877275466919
3749	3110.877275466919
3750	4014.012336730957
3750	4014.012336730957
3751	3216.158628463745
3751	3216.158628463745
3752	3439.5101070404053
3752	3439.5101070404053
3753	3368.8132762908936
3753	3368.8132762908936
3754	3414.4363403320312
3754	3414.4363403320312
3755	3482.956886291504
3755	3482.956886291504
3756	3467.7531719207764
3756	3467.7531719207764
3757	3088.0537033081055
3757	3088.0537033081055
3758	3269.850969314575
3758	3269.850969314575
3759	3288.0311012268066
3759	3288.0311012268066
3760	3825.481653213501
3760	3825.481653213501
3761	3191.7741298675537
3761	3191.7741298675537
3762	3360.950708389282
3762	3360.950708389282
3763	3403.959035873413
3763	3403.959035873413
3764	3342.738151550293
3764	3342.738151550293
3765	3434.2291355133057
3765	3434.2291355133057
3766	3523.2696533203125
3766	3523.2696533203125
3767	3456.6121101379395
3767	3456.6121101379395
3768	3505.117654800415
3768	3505.117654800415
3769	3903.675317764282
3769	3903.675317764282
3770	4266.024112701416
3770	4266.024112701416
3771	3615.5011653900146
3771	3615.5011653900146
3772	3451.274633407593
3772	3451.274633407593
3773	3781.1279296875
3773	3781.1279296875
3774	3849.139451980591
3774	3849.139451980591
3775	3830.312967300415
3775	3830.312967300415
3776	3983.3266735076904
3776	3983.3266735076904
3777	4009.2573165893555
3777	4009.2573165893555
3778	3912.853240966797
3778	3912.853240966797
3779	3950.1094818115234
3779	3950.1094818115234
3780	3902.546167373657
3780	3902.546167373657
3781	3857.6507568359375
3781	3857.6507568359375
3782	3627.671241760254
3782	3627.671241760254
3783	3620.244264602661
3783	3620.244264602661
3784	3709.0775966644287
3784	3709.0775966644287
3785	3785.315752029419
3785	3785.315752029419
3786	3636.197328567505
3786	3636.197328567505
3787	3795.070171356201
3787	3795.070171356201
3788	3508.9216232299805
3788	3508.9216232299805
3789	3818.6957836151123
3789	3818.6957836151123
3790	4521.905183792114
3790	4521.905183792114
3791	3818.171739578247
3791	3818.171739578247
3792	3736.330509185791
3792	3736.330509185791
3793	3571.9614028930664
3793	3571.9614028930664
3794	3540.9975051879883
3794	3540.9975051879883
3795	3698.9049911499023
3795	3698.9049911499023
3796	3841.101884841919
3796	3841.101884841919
3797	3795.182466506958
3797	3795.182466506958
3798	3549.9649047851562
3798	3549.9649047851562
3799	3863.3811473846436
3799	3863.3811473846436
3800	4340.583324432373
3800	4340.583324432373
3801	3534.048080444336
3801	3534.048080444336
3802	3616.7190074920654
3802	3616.7190074920654
3803	3839.3774032592773
3803	3839.3774032592773
3804	3831.300735473633
3804	3831.300735473633
3805	3594.243049621582
3805	3594.243049621582
3806	3790.0259494781494
3806	3790.0259494781494
3807	3802.471399307251
3807	3802.471399307251
3808	3718.9555168151855
3808	3718.9555168151855
3809	3573.6844539642334
3809	3573.6844539642334
3810	4078.8776874542236
3810	4078.8776874542236
3811	3466.9976234436035
3811	3466.9976234436035
3812	3642.5766944885254
3812	3642.5766944885254
3813	3454.418182373047
3813	3454.418182373047
3814	3433.0856800079346
3814	3433.0856800079346
3815	3549.419641494751
3815	3549.419641494751
3816	3984.4212532043457
3816	3984.4212532043457
3817	3588.042736053467
3817	3588.042736053467
3818	3811.5923404693604
3818	3811.5923404693604
3819	3894.1500186920166
3819	3894.1500186920166
3820	4248.479127883911
3820	4248.479127883911
3821	3343.5332775115967
3821	3343.5332775115967
3822	3432.0335388183594
3822	3432.0335388183594
3823	3412.686824798584
3823	3412.686824798584
3824	3477.2582054138184
3824	3477.2582054138184
3825	3108.3810329437256
3825	3108.3810329437256
3826	3431.3511848449707
3826	3431.3511848449707
3827	3487.642526626587
3827	3487.642526626587
3828	3216.4454460144043
3828	3216.4454460144043
3829	3531.0420989990234
3829	3531.0420989990234
3830	4138.042688369751
3830	4138.042688369751
3831	3711.0941410064697
3831	3711.0941410064697
3832	3488.3792400360107
3832	3488.3792400360107
3833	3097.869396209717
3833	3097.869396209717
3834	3240.021228790283
3834	3240.021228790283
3835	3231.356620788574
3835	3231.356620788574
3836	3305.156946182251
3836	3305.156946182251
3837	3436.202049255371
3837	3436.202049255371
3838	3365.3814792633057
3838	3365.3814792633057
3839	3224.350690841675
3839	3224.350690841675
3840	3919.400691986084
3840	3919.400691986084
3841	3544.057607650757
3841	3544.057607650757
3842	3673.66361618042
3842	3673.66361618042
3843	3336.6482257843018
3843	3336.6482257843018
3844	3724.060297012329
3844	3724.060297012329
3845	2655.245542526245
3845	2655.245542526245
3846	3388.9880180358887
3846	3388.9880180358887
3847	3983.4647178649902
3847	3983.4647178649902
3848	3739.5052909851074
3848	3739.5052909851074
3849	4043.7803268432617
3849	4043.7803268432617
3850	4266.4830684661865
3850	4266.4830684661865
3851	4113.67392539978
3851	4113.67392539978
3852	4100.0847816467285
3852	4100.0847816467285
3853	3810.4867935180664
3853	3810.4867935180664
3854	4077.512741088867
3854	4077.512741088867
3855	4123.987436294556
3855	4123.987436294556
3856	4085.6528282165527
3856	4085.6528282165527
3857	3876.494884490967
3857	3876.494884490967
3858	4102.856159210205
3858	4102.856159210205
3859	3960.6199264526367
3859	3960.6199264526367
3860	4539.382457733154
3860	4539.382457733154
3861	4081.7811489105225
3861	4081.7811489105225
3862	2953.2251358032227
3862	2953.2251358032227
3863	3692.1725273132324
3863	3692.1725273132324
3864	3822.0157623291016
3864	3822.0157623291016
3865	3750.9000301361084
3865	3750.9000301361084
3866	3642.535924911499
3866	3642.535924911499
3867	3787.733316421509
3867	3787.733316421509
3868	3795.165777206421
3868	3795.165777206421
3869	3899.7721672058105
3869	3899.7721672058105
3870	4417.85454750061
3870	4417.85454750061
3871	3839.751720428467
3871	3839.751720428467
3872	3818.375825881958
3872	3818.375825881958
3873	3702.568769454956
3873	3702.568769454956
3874	3823.1041431427
3874	3823.1041431427
3875	3741.3408756256104
3875	3741.3408756256104
3876	3640.685558319092
3876	3640.685558319092
3877	3876.3279914855957
3877	3876.3279914855957
3878	3871.7942237854004
3878	3871.7942237854004
3879	3842.2670364379883
3879	3842.2670364379883
3880	4010.2500915527344
3880	4010.2500915527344
3881	3549.015522003174
3881	3549.015522003174
3882	3858.4532737731934
3882	3858.4532737731934
3883	3662.6999378204346
3883	3662.6999378204346
3884	3556.4844608306885
3884	3556.4844608306885
3885	3328.0179500579834
3885	3328.0179500579834
3886	3668.5991287231445
3886	3668.5991287231445
3887	3656.3127040863037
3887	3656.3127040863037
3888	3726.194381713867
3888	3726.194381713867
3889	3608.104467391968
3889	3608.104467391968
3890	4544.43621635437
3890	4544.43621635437
3891	3479.5258045196533
3891	3479.5258045196533
3892	3763.2694244384766
3892	3763.2694244384766
3893	3833.2550525665283
3893	3833.2550525665283
3894	3483.5126399993896
3894	3483.5126399993896
3895	3662.3334884643555
3895	3662.3334884643555
3896	3514.228343963623
3896	3514.228343963623
3897	2812.3605251312256
3897	2812.3605251312256
3898	3106.07647895813
3898	3106.07647895813
3899	3242.220401763916
3899	3242.220401763916
3900	3674.006223678589
3900	3674.006223678589
3901	3250.8184909820557
3901	3250.8184909820557
3902	3150.59757232666
3902	3150.59757232666
3903	3181.324243545532
3903	3181.324243545532
3904	3408.017873764038
3904	3408.017873764038
3905	3494.826316833496
3905	3494.826316833496
3906	3082.2479724884033
3906	3082.2479724884033
3907	3419.633626937866
3907	3419.633626937866
3908	3527.769088745117
3908	3527.769088745117
3909	3507.502317428589
3909	3507.502317428589
3910	3947.6325511932373
3910	3947.6325511932373
3911	3467.1854972839355
3911	3467.1854972839355
3912	3185.8761310577393
3912	3185.8761310577393
3913	3468.151092529297
3913	3468.151092529297
3914	3229.3498516082764
3914	3229.3498516082764
3915	3697.7622509002686
3915	3697.7622509002686
3916	3438.9381408691406
3916	3438.9381408691406
3917	3494.3718910217285
3917	3494.3718910217285
3918	3570.844888687134
3918	3570.844888687134
3919	3501.9783973693848
3919	3501.9783973693848
3920	4328.449487686157
3920	4328.449487686157
3921	3867.401599884033
3921	3867.401599884033
3922	3647.6869583129883
3922	3647.6869583129883
3923	3761.00492477417
3923	3761.00492477417
3924	3468.60671043396
3924	3468.60671043396
3925	3983.595609664917
3925	3983.595609664917
3926	3876.5878677368164
3926	3876.5878677368164
3927	3595.527172088623
3927	3595.527172088623
3928	3840.712070465088
3928	3840.712070465088
3929	3488.3813858032227
3929	3488.3813858032227
3930	4447.226047515869
3930	4447.226047515869
3931	3762.099027633667
3931	3762.099027633667
3932	3891.366481781006
3932	3891.366481781006
3933	3801.4516830444336
3933	3801.4516830444336
3934	3280.381202697754
3934	3280.381202697754
3935	3593.254804611206
3935	3593.254804611206
3936	3675.5459308624268
3936	3675.5459308624268
3937	3486.441135406494
3937	3486.441135406494
3938	3638.4613513946533
3938	3638.4613513946533
3939	3688.65966796875
3939	3688.65966796875
3940	4395.207643508911
3940	4395.207643508911
3941	3497.1261024475098
3941	3497.1261024475098
3942	3519.4010734558105
3942	3519.4010734558105
3943	3588.202714920044
3943	3588.202714920044
3944	3616.9075965881348
3944	3616.9075965881348
3945	3798.1321811676025
3945	3798.1321811676025
3946	3750.0412464141846
3946	3750.0412464141846
3947	3827.7554512023926
3947	3827.7554512023926
3948	3851.855993270874
3948	3851.855993270874
3949	3815.2244091033936
3949	3815.2244091033936
3950	4510.024547576904
3950	4510.024547576904
3951	3607.7914237976074
3951	3607.7914237976074
3952	3822.284460067749
3952	3822.284460067749
3953	3857.5000762939453
3953	3857.5000762939453
3954	3783.893585205078
3954	3783.893585205078
3955	3611.506462097168
3955	3611.506462097168
3956	3295.642375946045
3956	3295.642375946045
3957	3601.5892028808594
3957	3601.5892028808594
3958	3599.1971492767334
3958	3599.1971492767334
3959	3586.3819122314453
3959	3586.3819122314453
3960	4346.521377563477
3960	4346.521377563477
3961	3714.7867679595947
3961	3714.7867679595947
3962	3762.5443935394287
3962	3762.5443935394287
3963	3710.5135917663574
3963	3710.5135917663574
3964	3796.823263168335
3964	3796.823263168335
3965	4004.167079925537
3965	4004.167079925537
3966	3461.58504486084
3966	3461.58504486084
3967	3792.813777923584
3967	3792.813777923584
3968	3703.1328678131104
3968	3703.1328678131104
3969	3119.542121887207
3969	3119.542121887207
3970	3742.6095008850098
3970	3742.6095008850098
3971	2257.3013305664062
3971	2257.3013305664062
3972	1964.2066955566406
3972	1964.2066955566406
3973	1963.1340503692627
3973	1963.1340503692627
3974	2159.8751544952393
3974	2159.8751544952393
3975	2323.847770690918
3975	2323.847770690918
3976	2300.0993728637695
3976	2300.0993728637695
3977	2145.771026611328
3977	2145.771026611328
3978	1928.4555912017822
3978	1928.4555912017822
3979	2260.0464820861816
3979	2260.0464820861816
3980	2827.0015716552734
3980	2827.0015716552734
3981	1935.0109100341797
3981	1935.0109100341797
3982	2309.854030609131
3982	2309.854030609131
3983	2228.1594276428223
3983	2228.1594276428223
3984	2239.562749862671
3984	2239.562749862671
3985	2095.200300216675
3985	2095.200300216675
3986	2196.484327316284
3986	2196.484327316284
3987	2269.995927810669
3987	2269.995927810669
3988	2663.466453552246
3988	2663.466453552246
3989	2444.355249404907
3989	2444.355249404907
3990	2616.10746383667
3990	2616.10746383667
3991	1466.2528038024902
3991	1466.2528038024902
3992	1529.891014099121
3992	1529.891014099121
3993	2593.681812286377
3993	2593.681812286377
3994	2702.226161956787
3994	2702.226161956787
3995	2500.7874965667725
3995	2500.7874965667725
3996	2622.9910850524902
3996	2622.9910850524902
3997	2533.7255001068115
3997	2533.7255001068115
3998	2302.588939666748
3998	2302.588939666748
3999	2457.0934772491455
3999	2457.0934772491455
4000	17502.956867218018
4000	17502.956867218018
4001	2562.485694885254
4001	2562.485694885254
4002	2525.8877277374268
4002	2525.8877277374268
4003	2568.864345550537
4003	2568.864345550537
4004	2434.847354888916
4004	2434.847354888916
4005	2214.0467166900635
4005	2214.0467166900635
4006	2479.9816608428955
4006	2479.9816608428955
4007	2201.9221782684326
4007	2201.9221782684326
4008	2534.7273349761963
4008	2534.7273349761963
4009	2619.373559951782
4009	2619.373559951782
4010	2725.438356399536
4010	2725.438356399536
4011	2360.102891921997
4011	2360.102891921997
4012	2528.4786224365234
4012	2528.4786224365234
4013	2724.6460914611816
4013	2724.6460914611816
4014	2656.1262607574463
4014	2656.1262607574463
4015	2546.398878097534
4015	2546.398878097534
4016	2498.8160133361816
4016	2498.8160133361816
4017	2598.268747329712
4017	2598.268747329712
4018	2352.264881134033
4018	2352.264881134033
4019	2300.048828125
4019	2300.048828125
4020	2543.1160926818848
4020	2543.1160926818848
4021	2118.0145740509033
4021	2118.0145740509033
4022	2020.7552909851074
4022	2020.7552909851074
4023	2102.062225341797
4023	2102.062225341797
4024	2138.198137283325
4024	2138.198137283325
4025	1959.0237140655518
4025	1959.0237140655518
4026	2209.580659866333
4026	2209.580659866333
4027	2230.673313140869
4027	2230.673313140869
4028	1985.9917163848877
4028	1985.9917163848877
4029	2198.2576847076416
4029	2198.2576847076416
4030	2829.420566558838
4030	2829.420566558838
4031	2043.3366298675537
4031	2043.3366298675537
4032	1942.22092628479
4032	1942.22092628479
4033	2331.3963413238525
4033	2331.3963413238525
4034	2295.5048084259033
4034	2295.5048084259033
4035	2209.5718383789062
4035	2209.5718383789062
4036	2166.980981826782
4036	2166.980981826782
4037	2175.8155822753906
4037	2175.8155822753906
4038	2391.7582035064697
4038	2391.7582035064697
4039	2486.384868621826
4039	2486.384868621826
4040	3086.691379547119
4040	3086.691379547119
4041	2349.8828411102295
4041	2349.8828411102295
4042	2288.141965866089
4042	2288.141965866089
4043	2563.6558532714844
4043	2563.6558532714844
4044	2529.9360752105713
4044	2529.9360752105713
4045	2442.0244693756104
4045	2442.0244693756104
4046	2513.2553577423096
4046	2513.2553577423096
4047	2546.105146408081
4047	2546.105146408081
4048	2528.6285877227783
4048	2528.6285877227783
4049	2365.347146987915
4049	2365.347146987915
4050	3001.76739692688
4050	3001.76739692688
4051	2588.573932647705
4051	2588.573932647705
4052	2589.705467224121
4052	2589.705467224121
4053	2260.2272033691406
4053	2260.2272033691406
4054	2788.1014347076416
4054	2788.1014347076416
4055	2518.8567638397217
4055	2518.8567638397217
4056	2540.7941341400146
4056	2540.7941341400146
4057	2570.002317428589
4057	2570.002317428589
4058	2643.3804035186768
4058	2643.3804035186768
4059	2578.944444656372
4059	2578.944444656372
4060	3020.4808712005615
4060	3020.4808712005615
4061	2609.0238094329834
4061	2609.0238094329834
4062	2567.0254230499268
4062	2567.0254230499268
4063	2740.0577068328857
4063	2740.0577068328857
4064	2541.887044906616
4064	2541.887044906616
4065	2707.667589187622
4065	2707.667589187622
4066	2630.76114654541
4066	2630.76114654541
4067	2559.797763824463
4067	2559.797763824463
4068	2626.307487487793
4068	2626.307487487793
4069	2484.9250316619873
4069	2484.9250316619873
4070	2811.5315437316895
4070	2811.5315437316895
4071	2511.587142944336
4071	2511.587142944336
4072	2862.0681762695312
4072	2862.0681762695312
4073	2654.533624649048
4073	2654.533624649048
4074	2529.5004844665527
4074	2529.5004844665527
4075	2467.288017272949
4075	2467.288017272949
4076	2612.6651763916016
4076	2612.6651763916016
4077	2306.3154220581055
4077	2306.3154220581055
4078	2520.2744007110596
4078	2520.2744007110596
4079	2630.549430847168
4079	2630.549430847168
4080	3104.900121688843
4080	3104.900121688843
4081	2548.525094985962
4081	2548.525094985962
4082	2303.4889698028564
4082	2303.4889698028564
4083	2583.41908454895
4083	2583.41908454895
4084	1967.0743942260742
4084	1967.0743942260742
4085	2162.8897190093994
4085	2162.8897190093994
4086	2340.460777282715
4086	2340.460777282715
4087	2390.244960784912
4087	2390.244960784912
4088	2172.0032691955566
4088	2172.0032691955566
4089	2288.4294986724854
4089	2288.4294986724854
4090	2757.4799060821533
4090	2757.4799060821533
4091	2272.895336151123
4091	2272.895336151123
4092	2888.58699798584
4092	2888.58699798584
4093	3044.447422027588
4093	3044.447422027588
4094	3201.1754512786865
4094	3201.1754512786865
4095	2964.9345874786377
4095	2964.9345874786377
4096	3319.3674087524414
4096	3319.3674087524414
4097	3320.798397064209
4097	3320.798397064209
4098	3281.899929046631
4098	3281.899929046631
4099	3355.637311935425
4099	3355.637311935425
4100	3819.8070526123047
4100	3819.8070526123047
4101	3331.118583679199
4101	3331.118583679199
4102	3395.644426345825
4102	3395.644426345825
4103	3153.78475189209
4103	3153.78475189209
4104	3660.104990005493
4104	3660.104990005493
4105	3709.7129821777344
4105	3709.7129821777344
4106	3491.168975830078
4106	3491.168975830078
4107	3386.065721511841
4107	3386.065721511841
4108	2570.033550262451
4108	2570.033550262451
4109	3205.8920860290527
4109	3205.8920860290527
4110	3993.0617809295654
4110	3993.0617809295654
4111	3630.023717880249
4111	3630.023717880249
4112	3771.0258960723877
4112	3771.0258960723877
4113	3785.0382328033447
4113	3785.0382328033447
4114	3961.7443084716797
4114	3961.7443084716797
4115	3761.197328567505
4115	3761.197328567505
4116	4035.5889797210693
4116	4035.5889797210693
4117	3448.942184448242
4117	3448.942184448242
4118	3514.7604942321777
4118	3514.7604942321777
4119	3319.648027420044
4119	3319.648027420044
4120	4151.679039001465
4120	4151.679039001465
4121	3653.0516147613525
4121	3653.0516147613525
4122	3658.3194732666016
4122	3658.3194732666016
4123	3485.1534366607666
4123	3485.1534366607666
4124	3463.580846786499
4124	3463.580846786499
4125	3797.0430850982666
4125	3797.0430850982666
4126	3536.163568496704
4126	3536.163568496704
4127	3621.9115257263184
4127	3621.9115257263184
4128	3490.7591342926025
4128	3490.7591342926025
4129	3437.4144077301025
4129	3437.4144077301025
4130	4166.2023067474365
4130	4166.2023067474365
4131	3776.8194675445557
4131	3776.8194675445557
4132	3785.5358123779297
4132	3785.5358123779297
4133	3325.9987831115723
4133	3325.9987831115723
4134	3595.864772796631
4134	3595.864772796631
4135	3658.437728881836
4135	3658.437728881836
4136	3553.372859954834
4136	3553.372859954834
4137	3554.7704696655273
4137	3554.7704696655273
4138	3471.729278564453
4138	3471.729278564453
4139	3782.5868129730225
4139	3782.5868129730225
4140	4135.579347610474
4140	4135.579347610474
4141	3770.0631618499756
4141	3770.0631618499756
4142	3737.9987239837646
4142	3737.9987239837646
4143	3746.4423179626465
4143	3746.4423179626465
4144	3770.742416381836
4144	3770.742416381836
4145	3793.1032180786133
4145	3793.1032180786133
4146	3792.2122478485107
4146	3792.2122478485107
4147	3768.409252166748
4147	3768.409252166748
4148	3756.880521774292
4148	3756.880521774292
4149	3891.350269317627
4149	3891.350269317627
4150	3952.3677825927734
4150	3952.3677825927734
4151	3464.7433757781982
4151	3464.7433757781982
4152	3759.7808837890625
4152	3759.7808837890625
4153	3539.7109985351562
4153	3539.7109985351562
4154	3936.2881183624268
4154	3936.2881183624268
4155	3770.435571670532
4155	3770.435571670532
4156	3818.0081844329834
4156	3818.0081844329834
4157	3838.527202606201
4157	3838.527202606201
4158	3339.0889167785645
4158	3339.0889167785645
4159	3151.252508163452
4159	3151.252508163452
4160	3705.8920860290527
4160	3705.8920860290527
4161	3417.499303817749
4161	3417.499303817749
4162	3284.8806381225586
4162	3284.8806381225586
4163	3373.0363845825195
4163	3373.0363845825195
4164	3030.03191947937
4164	3030.03191947937
4165	3034.284830093384
4165	3034.284830093384
4166	3366.804838180542
4166	3366.804838180542
4167	3492.687940597534
4167	3492.687940597534
4168	3134.453773498535
4168	3134.453773498535
4169	3466.1002159118652
4169	3466.1002159118652
4170	3990.2539253234863
4170	3990.2539253234863
4171	3414.7543907165527
4171	3414.7543907165527
4172	3179.5220375061035
4172	3179.5220375061035
4173	3480.771541595459
4173	3480.771541595459
4174	3645.914077758789
4174	3645.914077758789
4175	3179.3203353881836
4175	3179.3203353881836
4176	3393.848180770874
4176	3393.848180770874
4177	3155.2696228027344
4177	3155.2696228027344
4178	3261.568307876587
4178	3261.568307876587
4179	3169.309139251709
4179	3169.309139251709
4180	3812.086820602417
4180	3812.086820602417
4181	3673.3791828155518
4181	3673.3791828155518
4182	3697.1614360809326
4182	3697.1614360809326
4183	3582.0298194885254
4183	3582.0298194885254
4184	3488.454818725586
4184	3488.454818725586
4185	3772.141456604004
4185	3772.141456604004
4186	3744.8253631591797
4186	3744.8253631591797
4187	3835.324764251709
4187	3835.324764251709
4188	3773.465633392334
4188	3773.465633392334
4189	3797.205924987793
4189	3797.205924987793
4190	4261.943340301514
4190	4261.943340301514
4191	3804.0413856506348
4191	3804.0413856506348
4192	3770.724296569824
4192	3770.724296569824
4193	3492.6600456237793
4193	3492.6600456237793
4194	3765.124797821045
4194	3765.124797821045
4195	3785.6435775756836
4195	3785.6435775756836
4196	3784.229278564453
4196	3784.229278564453
4197	3603.318691253662
4197	3603.318691253662
4198	3842.6780700683594
4198	3842.6780700683594
4199	3621.0505962371826
4199	3621.0505962371826
4200	4001.163959503174
4200	4001.163959503174
4201	3790.353536605835
4201	3790.353536605835
4202	3504.6987533569336
4202	3504.6987533569336
4203	3941.4098262786865
4203	3941.4098262786865
4204	3516.429901123047
4204	3516.429901123047
4205	3618.942975997925
4205	3618.942975997925
4206	3604.238986968994
4206	3604.238986968994
4207	3386.225938796997
4207	3386.225938796997
4208	3574.8326778411865
4208	3574.8326778411865
4209	3436.3133907318115
4209	3436.3133907318115
4210	3869.9734210968018
4210	3869.9734210968018
4211	3687.2124671936035
4211	3687.2124671936035
4212	3761.1541748046875
4212	3761.1541748046875
4213	3755.7594776153564
4213	3755.7594776153564
4214	3753.4022331237793
4214	3753.4022331237793
4215	3741.243839263916
4215	3741.243839263916
4216	3962.8820419311523
4216	3962.8820419311523
4217	3804.786443710327
4217	3804.786443710327
4218	3805.6907653808594
4218	3805.6907653808594
4219	3833.3442211151123
4219	3833.3442211151123
4220	4203.648805618286
4220	4203.648805618286
4221	3333.402633666992
4221	3333.402633666992
4222	3817.964792251587
4222	3817.964792251587
4223	3933.2408905029297
4223	3933.2408905029297
4224	3758.8250637054443
4224	3758.8250637054443
4225	3824.7764110565186
4225	3824.7764110565186
4226	3659.0583324432373
4226	3659.0583324432373
4227	3993.0312633514404
4227	3993.0312633514404
4228	3831.7031860351562
4228	3831.7031860351562
4229	3886.4879608154297
4229	3886.4879608154297
4230	4142.098665237427
4230	4142.098665237427
4231	3588.545083999634
4231	3588.545083999634
4232	3620.249032974243
4232	3620.249032974243
4233	3548.145532608032
4233	3548.145532608032
4234	3279.700517654419
4234	3279.700517654419
4235	3387.517213821411
4235	3387.517213821411
4236	3336.557626724243
4236	3336.557626724243
4237	3283.374786376953
4237	3283.374786376953
4238	3438.039541244507
4238	3438.039541244507
4239	3391.4411067962646
4239	3391.4411067962646
4240	3873.1601238250732
4240	3873.1601238250732
4241	3431.7800998687744
4241	3431.7800998687744
4242	3449.012041091919
4242	3449.012041091919
4243	3457.887887954712
4243	3457.887887954712
4244	3473.649501800537
4244	3473.649501800537
4245	3480.8056354522705
4245	3480.8056354522705
4246	3197.4692344665527
4246	3197.4692344665527
4247	3497.6139068603516
4247	3497.6139068603516
4248	3252.440929412842
4248	3252.440929412842
4249	3285.2723598480225
4249	3285.2723598480225
4250	4077.484369277954
4250	4077.484369277954
4251	3486.9251251220703
4251	3486.9251251220703
4252	3249.1447925567627
4252	3249.1447925567627
4253	3520.214557647705
4253	3520.214557647705
4254	3335.1075649261475
4254	3335.1075649261475
4255	3541.0938262939453
4255	3541.0938262939453
4256	3274.4133472442627
4256	3274.4133472442627
4257	3631.8774223327637
4257	3631.8774223327637
4258	3381.209373474121
4258	3381.209373474121
4259	2176.572322845459
4259	2176.572322845459
4260	2953.1586170196533
4260	2953.1586170196533
4261	3760.3893280029297
4261	3760.3893280029297
4262	3655.101776123047
4262	3655.101776123047
4263	3534.792184829712
4263	3534.792184829712
4264	3782.1969985961914
4264	3782.1969985961914
4265	3813.8587474823
4265	3813.8587474823
4266	3527.6336669921875
4266	3527.6336669921875
4267	3860.722303390503
4267	3860.722303390503
4268	3787.4326705932617
4268	3787.4326705932617
4269	3923.7546920776367
4269	3923.7546920776367
4270	4517.247438430786
4270	4517.247438430786
4271	3778.3095836639404
4271	3778.3095836639404
4272	3841.42804145813
4272	3841.42804145813
4273	3961.8136882781982
4273	3961.8136882781982
4274	3580.460786819458
4274	3580.460786819458
4275	3919.4915294647217
4275	3919.4915294647217
4276	3845.5865383148193
4276	3845.5865383148193
4277	3800.5402088165283
4277	3800.5402088165283
4278	3559.911012649536
4278	3559.911012649536
4279	3756.865978240967
4279	3756.865978240967
4280	4076.586961746216
4280	4076.586961746216
4281	3604.75754737854
4281	3604.75754737854
4282	3648.4551429748535
4282	3648.4551429748535
4283	3608.143091201782
4283	3608.143091201782
4284	3243.2620525360107
4284	3243.2620525360107
4285	3638.1759643554688
4285	3638.1759643554688
4286	3427.002429962158
4286	3427.002429962158
4287	3494.175672531128
4287	3494.175672531128
4288	3497.3902702331543
4288	3497.3902702331543
4289	3707.4103355407715
4289	3707.4103355407715
4290	4001.7595291137695
4290	4001.7595291137695
4291	3576.6615867614746
4291	3576.6615867614746
4292	3633.6357593536377
4292	3633.6357593536377
4293	3654.9007892608643
4293	3654.9007892608643
4294	3647.5822925567627
4294	3647.5822925567627
4295	3657.7916145324707
4295	3657.7916145324707
4296	3589.6589756011963
4296	3589.6589756011963
4297	3730.1509380340576
4297	3730.1509380340576
4298	3674.3266582489014
4298	3674.3266582489014
4299	3762.648344039917
4299	3762.648344039917
4300	4224.663019180298
4300	4224.663019180298
4301	3853.917121887207
4301	3853.917121887207
4302	3786.792039871216
4302	3786.792039871216
4303	3880.1207542419434
4303	3880.1207542419434
4304	3753.1723976135254
4304	3753.1723976135254
4305	3662.579298019409
4305	3662.579298019409
4306	3565.850257873535
4306	3565.850257873535
4307	3898.0860710144043
4307	3898.0860710144043
4308	3499.5992183685303
4308	3499.5992183685303
4309	3919.8877811431885
4309	3919.8877811431885
4310	3435.490846633911
4310	3435.490846633911
4311	3002.232789993286
4311	3002.232789993286
4312	3166.07928276062
4312	3166.07928276062
4313	3201.937437057495
4313	3201.937437057495
4314	3369.8978424072266
4314	3369.8978424072266
4315	2858.8757514953613
4315	2858.8757514953613
4316	3285.4461669921875
4316	3285.4461669921875
4317	3348.069429397583
4317	3348.069429397583
4318	3319.196939468384
4318	3319.196939468384
4319	3418.8382625579834
4319	3418.8382625579834
4320	3930.626630783081
4320	3930.626630783081
4321	3406.6481590270996
4321	3406.6481590270996
4322	3163.0699634552
4322	3163.0699634552
4323	3473.391056060791
4323	3473.391056060791
4324	3665.128707885742
4324	3665.128707885742
4325	3436.630964279175
4325	3436.630964279175
4326	3287.4739170074463
4326	3287.4739170074463
4327	3096.116781234741
4327	3096.116781234741
4328	2940.4075145721436
4328	2940.4075145721436
4329	3501.8341541290283
4329	3501.8341541290283
4330	3609.794855117798
4330	3609.794855117798
4331	3428.424596786499
4331	3428.424596786499
4332	3647.4080085754395
4332	3647.4080085754395
4333	3655.144214630127
4333	3655.144214630127
4334	3758.5573196411133
4334	3758.5573196411133
4335	3699.632167816162
4335	3699.632167816162
4336	3749.413251876831
4336	3749.413251876831
4337	3839.354991912842
4337	3839.354991912842
4338	3775.834798812866
4338	3775.834798812866
4339	3571.288585662842
4339	3571.288585662842
4340	4261.636257171631
4340	4261.636257171631
4341	3667.595863342285
4341	3667.595863342285
4342	3627.5792121887207
4342	3627.5792121887207
4343	4038.865089416504
4343	4038.865089416504
4344	3998.701333999634
4344	3998.701333999634
4345	4017.298698425293
4345	4017.298698425293
4346	4030.4770469665527
4346	4030.4770469665527
4347	3710.805892944336
4347	3710.805892944336
4348	4052.5591373443604
4348	4052.5591373443604
4349	3722.8856086730957
4349	3722.8856086730957
4350	4055.093288421631
4350	4055.093288421631
4351	3751.600742340088
4351	3751.600742340088
4352	3570.5654621124268
4352	3570.5654621124268
4353	3587.4087810516357
4353	3587.4087810516357
4354	3949.883460998535
4354	3949.883460998535
4355	3925.3857135772705
4355	3925.3857135772705
4356	3972.5794792175293
4356	3972.5794792175293
4357	4151.784420013428
4357	4151.784420013428
4358	3818.0928230285645
4358	3818.0928230285645
4359	3226.2017726898193
4359	3226.2017726898193
4360	4169.963359832764
4360	4169.963359832764
4361	3773.693799972534
4361	3773.693799972534
4362	3492.0952320098877
4362	3492.0952320098877
4363	3756.1020851135254
4363	3756.1020851135254
4364	3509.990692138672
4364	3509.990692138672
4365	2663.8169288635254
4365	2663.8169288635254
4366	2437.8161430358887
4366	2437.8161430358887
4367	2504.9593448638916
4367	2504.9593448638916
4368	2352.416753768921
4368	2352.416753768921
4369	2534.0378284454346
4369	2534.0378284454346
4370	3208.1573009490967
4370	3208.1573009490967
4371	2459.2950344085693
4371	2459.2950344085693
4372	2601.490020751953
4372	2601.490020751953
4373	2577.2435665130615
4373	2577.2435665130615
4374	2470.447063446045
4374	2470.447063446045
4375	2480.8948040008545
4375	2480.8948040008545
4376	2484.0595722198486
4376	2484.0595722198486
4377	2332.7062129974365
4377	2332.7062129974365
4378	2519.1118717193604
4378	2519.1118717193604
4379	2474.9646186828613
4379	2474.9646186828613
4380	3090.2042388916016
4380	3090.2042388916016
4381	2518.641710281372
4381	2518.641710281372
4382	2101.519823074341
4382	2101.519823074341
4383	2085.489511489868
4383	2085.489511489868
4384	1913.9618873596191
4384	1913.9618873596191
4385	2110.2871894836426
4385	2110.2871894836426
4386	2261.817693710327
4386	2261.817693710327
4387	2081.040859222412
4387	2081.040859222412
4388	2172.9114055633545
4388	2172.9114055633545
4389	2013.826608657837
4389	2013.826608657837
4390	2842.6573276519775
4390	2842.6573276519775
4391	2204.596996307373
4391	2204.596996307373
4392	2283.332586288452
4392	2283.332586288452
4393	1918.910026550293
4393	1918.910026550293
4394	2040.276288986206
4394	2040.276288986206
4395	1954.2291164398193
4395	1954.2291164398193
4396	2113.3737564086914
4396	2113.3737564086914
4397	2116.471290588379
4397	2116.471290588379
4398	2171.935796737671
4398	2171.935796737671
4399	2106.2705516815186
4399	2106.2705516815186
4400	2682.4700832366943
4400	2682.4700832366943
4401	2504.8253536224365
4401	2504.8253536224365
4402	2468.320608139038
4402	2468.320608139038
4403	2398.07391166687
4403	2398.07391166687
4404	1473.7310409545898
4404	1473.7310409545898
4405	1339.2584323883057
4405	1339.2584323883057
4406	2215.731143951416
4406	2215.731143951416
4407	2465.085744857788
4407	2465.085744857788
4408	2479.206323623657
4408	2479.206323623657
4409	2371.8912601470947
4409	2371.8912601470947
4410	2744.075298309326
4410	2744.075298309326
4411	2385.8134746551514
4411	2385.8134746551514
4412	2470.241069793701
4412	2470.241069793701
4413	2120.8810806274414
4413	2120.8810806274414
4414	2699.559211730957
4414	2699.559211730957
4415	2269.0627574920654
4415	2269.0627574920654
4416	2540.1861667633057
4416	2540.1861667633057
4417	2494.626760482788
4417	2494.626760482788
4418	2332.568645477295
4418	2332.568645477295
4419	2479.607105255127
4419	2479.607105255127
4420	3139.0867233276367
4420	3139.0867233276367
4421	2421.635389328003
4421	2421.635389328003
4422	2404.0725231170654
4422	2404.0725231170654
4423	2449.6757984161377
4423	2449.6757984161377
4424	2437.436580657959
4424	2437.436580657959
4425	2320.626735687256
4425	2320.626735687256
4426	2348.6380577087402
4426	2348.6380577087402
4427	2509.7897052764893
4427	2509.7897052764893
4428	2522.940158843994
4428	2522.940158843994
4429	2452.0859718322754
4429	2452.0859718322754
4430	2953.993797302246
4430	2953.993797302246
4431	2441.8864250183105
4431	2441.8864250183105
4432	2292.9275035858154
4432	2292.9275035858154
4433	2241.946220397949
4433	2241.946220397949
4434	2430.169105529785
4434	2430.169105529785
4435	2296.196222305298
4435	2296.196222305298
4436	2458.9269161224365
4436	2458.9269161224365
4437	2326.7159461975098
4437	2326.7159461975098
4438	2729.9752235412598
4438	2729.9752235412598
4439	2472.249984741211
4439	2472.249984741211
4440	3282.9747200012207
4440	3282.9747200012207
4441	2216.7232036590576
4441	2216.7232036590576
4442	2459.806203842163
4442	2459.806203842163
4443	2433.419942855835
4443	2433.419942855835
4444	2512.2480392456055
4444	2512.2480392456055
4445	2513.169765472412
4445	2513.169765472412
4446	2642.315149307251
4446	2642.315149307251
4447	2536.592721939087
4447	2536.592721939087
4448	2551.814079284668
4448	2551.814079284668
4449	2470.27325630188
4449	2470.27325630188
4450	2823.4152793884277
4450	2823.4152793884277
4451	2159.418821334839
4451	2159.418821334839
4452	2080.0817012786865
4452	2080.0817012786865
4453	1933.9826107025146
4453	1933.9826107025146
4454	1990.0851249694824
4454	1990.0851249694824
4455	1869.1613674163818
4455	1869.1613674163818
4456	2127.1772384643555
4456	2127.1772384643555
4457	2118.978977203369
4457	2118.978977203369
4458	2244.703769683838
4458	2244.703769683838
4459	2197.791814804077
4459	2197.791814804077
4460	2456.7768573760986
4460	2456.7768573760986
4461	2216.4244651794434
4461	2216.4244651794434
4462	2141.087770462036
4462	2141.087770462036
4463	2177.429676055908
4463	2177.429676055908
4464	2182.2805404663086
4464	2182.2805404663086
4465	2022.5987434387207
4465	2022.5987434387207
4466	2214.254856109619
4466	2214.254856109619
4467	2138.282060623169
4467	2138.282060623169
4468	2189.9490356445312
4468	2189.9490356445312
4469	2530.3452014923096
4469	2530.3452014923096
4470	3018.5141563415527
4470	3018.5141563415527
4471	2508.6662769317627
4471	2508.6662769317627
4472	2598.586320877075
4472	2598.586320877075
4473	2197.849750518799
4473	2197.849750518799
4474	2406.2678813934326
4474	2406.2678813934326
4475	2511.8727684020996
4475	2511.8727684020996
4476	2629.593849182129
4476	2629.593849182129
4477	2348.7913608551025
4477	2348.7913608551025
4478	2513.357639312744
4478	2513.357639312744
4479	2261.9967460632324
4479	2261.9967460632324
4480	2986.2380027770996
4480	2986.2380027770996
4481	2428.2162189483643
4481	2428.2162189483643
4482	2485.570192337036
4482	2485.570192337036
4483	2786.410331726074
4483	2786.410331726074
4484	2236.067295074463
4484	2236.067295074463
4485	2591.9241905212402
4485	2591.9241905212402
4486	2586.1716270446777
4486	2586.1716270446777
4487	2482.574939727783
4487	2482.574939727783
4488	2270.659923553467
4488	2270.659923553467
4489	2491.597890853882
4489	2491.597890853882
4490	2986.555337905884
4490	2986.555337905884
4491	2349.2441177368164
4491	2349.2441177368164
4492	2619.8573112487793
4492	2619.8573112487793
4493	2443.4406757354736
4493	2443.4406757354736
4494	2498.7289905548096
4494	2498.7289905548096
4495	2282.456398010254
4495	2282.456398010254
4496	2324.139356613159
4496	2324.139356613159
4497	2721.0707664489746
4497	2721.0707664489746
4498	2371.5758323669434
4498	2371.5758323669434
4499	2328.1145095825195
4499	2328.1145095825195
4500	14818.437099456787
4500	14818.437099456787
4501	3651.3452529907227
4501	3651.3452529907227
4502	3321.7086791992188
4502	3321.7086791992188
4503	3412.7798080444336
4503	3412.7798080444336
4504	3273.7088203430176
4504	3273.7088203430176
4505	3440.3862953186035
4505	3440.3862953186035
4506	3475.6319522857666
4506	3475.6319522857666
4507	3125.5602836608887
4507	3125.5602836608887
4508	3501.8248558044434
4508	3501.8248558044434
4509	3233.7374687194824
4509	3233.7374687194824
4510	3984.992742538452
4510	3984.992742538452
4511	3520.068883895874
4511	3520.068883895874
4512	3498.2192516326904
4512	3498.2192516326904
4513	3244.3132400512695
4513	3244.3132400512695
4514	3479.65931892395
4514	3479.65931892395
4515	3540.6103134155273
4515	3540.6103134155273
4516	3169.0304279327393
4516	3169.0304279327393
4517	3131.8259239196777
4517	3131.8259239196777
4518	2913.4891033172607
4518	2913.4891033172607
4519	3252.6042461395264
4519	3252.6042461395264
4520	3550.4980087280273
4520	3550.4980087280273
4521	3351.062536239624
4521	3351.062536239624
4522	3476.7379760742188
4522	3476.7379760742188
4523	3814.7189617156982
4523	3814.7189617156982
4524	3682.584047317505
4524	3682.584047317505
4525	3506.7319869995117
4525	3506.7319869995117
4526	3356.818914413452
4526	3356.818914413452
4527	2599.8990535736084
4527	2599.8990535736084
4528	3260.261297225952
4528	3260.261297225952
4529	3586.3213539123535
4529	3586.3213539123535
4530	4287.733316421509
4530	4287.733316421509
4531	3794.813394546509
4531	3794.813394546509
4532	3737.0247840881348
4532	3737.0247840881348
4533	3756.751298904419
4533	3756.751298904419
4534	3471.574306488037
4534	3471.574306488037
4535	3391.8843269348145
4535	3391.8843269348145
4536	3200.373649597168
4536	3200.373649597168
4537	3656.346082687378
4537	3656.346082687378
4538	3738.0409240722656
4538	3738.0409240722656
4539	3621.112585067749
4539	3621.112585067749
4540	4505.542516708374
4540	4505.542516708374
4541	3887.061357498169
4541	3887.061357498169
4542	3857.686996459961
4542	3857.686996459961
4543	3988.8060092926025
4543	3988.8060092926025
4544	3919.8927879333496
4544	3919.8927879333496
4545	4083.6830139160156
4545	4083.6830139160156
4546	3710.2198600769043
4546	3710.2198600769043
4547	4052.2141456604004
4547	4052.2141456604004
4548	4026.9150733947754
4548	4026.9150733947754
4549	3961.909770965576
4549	3961.909770965576
4550	4541.6624546051025
4550	4541.6624546051025
4551	4258.808374404907
4551	4258.808374404907
4552	3933.432102203369
4552	3933.432102203369
4553	4280.052185058594
4553	4280.052185058594
4554	4338.348865509033
4554	4338.348865509033
4555	3963.6192321777344
4555	3963.6192321777344
4556	3546.8966960906982
4556	3546.8966960906982
4557	3716.230630874634
4557	3716.230630874634
4558	3590.7952785491943
4558	3590.7952785491943
4559	3710.1714611053467
4559	3710.1714611053467
4560	4099.312305450439
4560	4099.312305450439
4561	3616.7421340942383
4561	3616.7421340942383
4562	3317.638874053955
4562	3317.638874053955
4563	3639.5516395568848
4563	3639.5516395568848
4564	3694.3066120147705
4564	3694.3066120147705
4565	3642.3466205596924
4565	3642.3466205596924
4566	3707.48233795166
4566	3707.48233795166
4567	3676.2192249298096
4567	3676.2192249298096
4568	3689.6564960479736
4568	3689.6564960479736
4569	3825.9074687957764
4569	3825.9074687957764
4570	4183.018684387207
4570	4183.018684387207
4571	3745.823383331299
4571	3745.823383331299
4572	3686.52606010437
4572	3686.52606010437
4573	3807.6958656311035
4573	3807.6958656311035
4574	3949.2015838623047
4574	3949.2015838623047
4575	3801.807641983032
4575	3801.807641983032
4576	3825.2015113830566
4576	3825.2015113830566
4577	3830.8589458465576
4577	3830.8589458465576
4578	3457.6938152313232
4578	3457.6938152313232
4579	3193.427801132202
4579	3193.427801132202
4580	3855.262279510498
4580	3855.262279510498
4581	3419.2028045654297
4581	3419.2028045654297
4582	3463.033437728882
4582	3463.033437728882
4583	3416.231393814087
4583	3416.231393814087
4584	3188.241720199585
4584	3188.241720199585
4585	3125.765562057495
4585	3125.765562057495
4586	3235.072374343872
4586	3235.072374343872
4587	3330.310106277466
4587	3330.310106277466
4588	3290.1298999786377
4588	3290.1298999786377
4589	3143.779516220093
4589	3143.779516220093
4590	3611.466646194458
4590	3611.466646194458
4591	3070.0535774230957
4591	3070.0535774230957
4592	3344.7699546813965
4592	3344.7699546813965
4593	3307.9452514648438
4593	3307.9452514648438
4594	3255.7244300842285
4594	3255.7244300842285
4595	3405.8499336242676
4595	3405.8499336242676
4596	3526.984453201294
4596	3526.984453201294
4597	3543.897867202759
4597	3543.897867202759
4598	3418.7092781066895
4598	3418.7092781066895
4599	3148.691177368164
4599	3148.691177368164
4600	4372.147798538208
4600	4372.147798538208
4601	3824.4082927703857
4601	3824.4082927703857
4602	3760.1871490478516
4602	3760.1871490478516
4603	3828.709840774536
4603	3828.709840774536
4604	3525.2928733825684
4604	3525.2928733825684
4605	3843.7907695770264
4605	3843.7907695770264
4606	3525.9435176849365
4606	3525.9435176849365
4607	3934.1375827789307
4607	3934.1375827789307
4608	3644.946336746216
4608	3644.946336746216
4609	3806.931495666504
4609	3806.931495666504
4610	4103.31392288208
4610	4103.31392288208
4611	3875.5972385406494
4611	3875.5972385406494
4612	3435.0826740264893
4612	3435.0826740264893
4613	3319.6492195129395
4613	3319.6492195129395
4614	3644.045829772949
4614	3644.045829772949
4615	3586.7080688476562
4615	3586.7080688476562
4616	3385.1802349090576
4616	3385.1802349090576
4617	3387.2151374816895
4617	3387.2151374816895
4618	3743.847131729126
4618	3743.847131729126
4619	3605.090379714966
4619	3605.090379714966
4620	4306.405067443848
4620	4306.405067443848
4621	3727.2419929504395
4621	3727.2419929504395
4622	3786.5426540374756
4622	3786.5426540374756
4623	3849.46346282959
4623	3849.46346282959
4624	3751.832962036133
4624	3751.832962036133
4625	3694.7522163391113
4625	3694.7522163391113
4626	3750.7643699645996
4626	3750.7643699645996
4627	3822.237968444824
4627	3822.237968444824
4628	3881.6170692443848
4628	3881.6170692443848
4629	3729.0492057800293
4629	3729.0492057800293
4630	4330.395460128784
4630	4330.395460128784
4631	3787.921667098999
4631	3787.921667098999
4632	3536.0679626464844
4632	3536.0679626464844
4633	3369.2421913146973
4633	3369.2421913146973
4634	3443.7708854675293
4634	3443.7708854675293
4635	3678.8296699523926
4635	3678.8296699523926
4636	3666.8057441711426
4636	3666.8057441711426
4637	3945.3115463256836
4637	3945.3115463256836
4638	3491.704225540161
4638	3491.704225540161
4639	3720.5848693847656
4639	3720.5848693847656
4640	4245.131254196167
4640	4245.131254196167
4641	3763.247013092041
4641	3763.247013092041
4642	3681.668281555176
4642	3681.668281555176
4643	3769.1421508789062
4643	3769.1421508789062
4644	3535.4366302490234
4644	3535.4366302490234
4645	3776.102304458618
4645	3776.102304458618
4646	3822.3061561584473
4646	3822.3061561584473
4647	3785.153388977051
4647	3785.153388977051
4648	3912.7185344696045
4648	3912.7185344696045
4649	3928.1129837036133
4649	3928.1129837036133
4650	4298.673868179321
4650	4298.673868179321
4651	3856.2161922454834
4651	3856.2161922454834
4652	3761.8348598480225
4652	3761.8348598480225
4653	3588.284969329834
4653	3588.284969329834
4654	3491.943597793579
4654	3491.943597793579
4655	3602.8642654418945
4655	3602.8642654418945
4656	3414.0677452087402
4656	3414.0677452087402
4657	3174.992561340332
4657	3174.992561340332
4658	3122.465133666992
4658	3122.465133666992
4659	3078.484058380127
4659	3078.484058380127
4660	3628.488302230835
4660	3628.488302230835
4661	3336.0273838043213
4661	3336.0273838043213
4662	2919.3553924560547
4662	2919.3553924560547
4663	3075.671434402466
4663	3075.671434402466
4664	3391.6361331939697
4664	3391.6361331939697
4665	3338.2556438446045
4665	3338.2556438446045
4666	3394.4406509399414
4666	3394.4406509399414
4667	3315.1321411132812
4667	3315.1321411132812
4668	3391.387701034546
4668	3391.387701034546
4669	3127.765893936157
4669	3127.765893936157
4670	3901.730537414551
4670	3901.730537414551
4671	3419.0316200256348
4671	3419.0316200256348
4672	3262.676477432251
4672	3262.676477432251
4673	3229.8600673675537
4673	3229.8600673675537
4674	3725.6314754486084
4674	3725.6314754486084
4675	3567.1067237854004
4675	3567.1067237854004
4676	3502.295970916748
4676	3502.295970916748
4677	3438.0037784576416
4677	3438.0037784576416
4678	2629.4949054718018
4678	2629.4949054718018
4679	3510.591745376587
4679	3510.591745376587
4680	4457.088470458984
4680	4457.088470458984
4681	3913.480281829834
4681	3913.480281829834
4682	3213.725805282593
4682	3213.725805282593
4683	3568.9868927001953
4683	3568.9868927001953
4684	3563.2333755493164
4684	3563.2333755493164
4685	3612.783908843994
4685	3612.783908843994
4686	3676.3064861297607
4686	3676.3064861297607
4687	3704.2717933654785
4687	3704.2717933654785
4688	3765.9757137298584
4688	3765.9757137298584
4689	3938.6513233184814
4689	3938.6513233184814
4690	4065.5453205108643
4690	4065.5453205108643
4691	3539.5474433898926
4691	3539.5474433898926
4692	3248.241901397705
4692	3248.241901397705
4693	3843.355894088745
4693	3843.355894088745
4694	3778.7601947784424
4694	3778.7601947784424
4695	3736.1507415771484
4695	3736.1507415771484
4696	3825.7148265838623
4696	3825.7148265838623
4697	3692.033052444458
4697	3692.033052444458
4698	3937.896728515625
4698	3937.896728515625
4699	3782.0489406585693
4699	3782.0489406585693
4700	4495.124816894531
4700	4495.124816894531
4701	3756.3724517822266
4701	3756.3724517822266
4702	3792.279005050659
4702	3792.279005050659
4703	3834.594249725342
4703	3834.594249725342
4704	3867.924451828003
4704	3867.924451828003
4705	3856.458902359009
4705	3856.458902359009
4706	3529.9742221832275
4706	3529.9742221832275
4707	3593.397617340088
4707	3593.397617340088
4708	3623.776435852051
4708	3623.776435852051
4709	3772.2129821777344
4709	3772.2129821777344
4710	4074.8684406280518
4710	4074.8684406280518
4711	3452.084541320801
4711	3452.084541320801
4712	3666.8286323547363
4712	3666.8286323547363
4713	3705.0981521606445
4713	3705.0981521606445
4714	3719.749927520752
4714	3719.749927520752
4715	3691.2293434143066
4715	3691.2293434143066
4716	3767.80366897583
4716	3767.80366897583
4717	3863.6951446533203
4717	3863.6951446533203
4718	3766.404151916504
4718	3766.404151916504
4719	3781.4643383026123
4719	3781.4643383026123
4720	4355.477094650269
4720	4355.477094650269
4721	3318.948268890381
4721	3318.948268890381
4722	3287.49418258667
4722	3287.49418258667
4723	3597.9225635528564
4723	3597.9225635528564
4724	3639.34588432312
4724	3639.34588432312
4725	3333.341360092163
4725	3333.341360092163
4726	3787.7018451690674
4726	3787.7018451690674
4727	3608.715057373047
4727	3608.715057373047
4728	3112.705945968628
4728	3112.705945968628
4729	3177.123785018921
4729	3177.123785018921
4730	3581.4356803894043
4730	3581.4356803894043
4731	3293.440103530884
4731	3293.440103530884
4732	3521.9967365264893
4732	3521.9967365264893
4733	3334.0485095977783
4733	3334.0485095977783
4734	3149.9485969543457
4734	3149.9485969543457
4735	3394.9217796325684
4735	3394.9217796325684
4736	3355.872869491577
4736	3355.872869491577
4737	3223.771095275879
4737	3223.771095275879
4738	3375.225067138672
4738	3375.225067138672
4739	3024.462938308716
4739	3024.462938308716
4740	3971.2860584259033
4740	3971.2860584259033
4741	3370.4349994659424
4741	3370.4349994659424
4742	3105.5872440338135
4742	3105.5872440338135
4743	3327.186107635498
4743	3327.186107635498
4744	3208.9483737945557
4744	3208.9483737945557
4745	3392.0276165008545
4745	3392.0276165008545
4746	3368.3083057403564
4746	3368.3083057403564
4747	3393.0113315582275
4747	3393.0113315582275
4748	3321.5036392211914
4748	3321.5036392211914
4749	3903.3572673797607
4749	3903.3572673797607
4750	4181.60605430603
4750	4181.60605430603
4751	3782.6104164123535
4751	3782.6104164123535
4752	3493.290424346924
4752	3493.290424346924
4753	3806.0953617095947
4753	3806.0953617095947
4754	3575.4756927490234
4754	3575.4756927490234
4755	3263.129234313965
4755	3263.129234313965
4756	3573.756217956543
4756	3573.756217956543
4757	3553.741216659546
4757	3553.741216659546
4758	3670.226573944092
4758	3670.226573944092
4759	3667.2191619873047
4759	3667.2191619873047
4760	4177.285194396973
4760	4177.285194396973
4761	3448.207139968872
4761	3448.207139968872
4762	3916.846990585327
4762	3916.846990585327
4763	3711.8349075317383
4763	3711.8349075317383
4764	3685.302495956421
4764	3685.302495956421
4765	3752.9895305633545
4765	3752.9895305633545
4766	3802.570343017578
4766	3802.570343017578
4767	3729.4960021972656
4767	3729.4960021972656
4768	3735.8603477478027
4768	3735.8603477478027
4769	3653.740406036377
4769	3653.740406036377
4770	2877.392053604126
4770	2877.392053604126
4771	2646.543264389038
4771	2646.543264389038
4772	2073.997974395752
4772	2073.997974395752
4773	2536.82017326355
4773	2536.82017326355
4774	2269.892930984497
4774	2269.892930984497
4775	2496.481418609619
4775	2496.481418609619
4776	2533.212184906006
4776	2533.212184906006
4777	2564.600944519043
4777	2564.600944519043
4778	2346.076488494873
4778	2346.076488494873
4779	2657.866954803467
4779	2657.866954803467
4780	3066.0784244537354
4780	3066.0784244537354
4781	2606.727123260498
4781	2606.727123260498
4782	2482.4869632720947
4782	2482.4869632720947
4783	2530.8759212493896
4783	2530.8759212493896
4784	2417.6650047302246
4784	2417.6650047302246
4785	2431.6463470458984
4785	2431.6463470458984
4786	2540.4343605041504
4786	2540.4343605041504
4787	2495.143175125122
4787	2495.143175125122
4788	2337.985038757324
4788	2337.985038757324
4789	2324.3770599365234
4789	2324.3770599365234
4790	3156.5182209014893
4790	3156.5182209014893
4791	2390.9900188446045
4791	2390.9900188446045
4792	2350.9764671325684
4792	2350.9764671325684
4793	2446.429967880249
4793	2446.429967880249
4794	2425.7562160491943
4794	2425.7562160491943
4795	2314.7237300872803
4795	2314.7237300872803
4796	2389.5702362060547
4796	2389.5702362060547
4797	2185.012102127075
4797	2185.012102127075
4798	2201.319694519043
4798	2201.319694519043
4799	2097.743034362793
4799	2097.743034362793
4800	2664.0782356262207
4800	2664.0782356262207
4801	2149.4314670562744
4801	2149.4314670562744
4802	2039.9398803710938
4802	2039.9398803710938
4803	2109.3738079071045
4803	2109.3738079071045
4804	2408.9202880859375
4804	2408.9202880859375
4805	2221.9033241271973
4805	2221.9033241271973
4806	2247.1635341644287
4806	2247.1635341644287
4807	2165.024995803833
4807	2165.024995803833
4808	2027.8127193450928
4808	2027.8127193450928
4809	2150.038719177246
4809	2150.038719177246
4810	2445.6169605255127
4810	2445.6169605255127
4811	1806.6425323486328
4811	1806.6425323486328
4812	2045.142412185669
4812	2045.142412185669
4813	1975.3751754760742
4813	1975.3751754760742
4814	2068.437337875366
4814	2068.437337875366
4815	1899.2836475372314
4815	1899.2836475372314
4816	2361.586809158325
4816	2361.586809158325
4817	2348.405599594116
4817	2348.405599594116
4818	2677.4885654449463
4818	2677.4885654449463
4819	1266.423225402832
4819	1266.423225402832
4820	1779.7484397888184
4820	1779.7484397888184
4821	2540.337324142456
4821	2540.337324142456
4822	2936.511754989624
4822	2936.511754989624
4823	2084.221839904785
4823	2084.221839904785
4824	1667.0808792114258
4824	1667.0808792114258
4825	1647.514820098877
4825	1647.514820098877
4826	2468.766450881958
4826	2468.766450881958
4827	2708.1854343414307
4827	2708.1854343414307
4828	2509.8369121551514
4828	2509.8369121551514
4829	2496.5479373931885
4829	2496.5479373931885
4830	2746.328830718994
4830	2746.328830718994
4831	2500.2779960632324
4831	2500.2779960632324
4832	2591.660261154175
4832	2591.660261154175
4833	2816.0738945007324
4833	2816.0738945007324
4834	2558.9826107025146
4834	2558.9826107025146
4835	2693.7246322631836
4835	2693.7246322631836
4836	2536.4203453063965
4836	2536.4203453063965
4837	2516.39723777771
4837	2516.39723777771
4838	2588.8209342956543
4838	2588.8209342956543
4839	2562.7241134643555
4839	2562.7241134643555
4840	3122.1580505371094
4840	3122.1580505371094
4841	2554.287910461426
4841	2554.287910461426
4842	2488.2876873016357
4842	2488.2876873016357
4843	2521.4481353759766
4843	2521.4481353759766
4844	2310.838460922241
4844	2310.838460922241
4845	2430.8269023895264
4845	2430.8269023895264
4846	2519.6778774261475
4846	2519.6778774261475
4847	2475.4533767700195
4847	2475.4533767700195
4848	2747.931957244873
4848	2747.931957244873
4849	2268.4879302978516
4849	2268.4879302978516
4850	2974.4303226470947
4850	2974.4303226470947
4851	2205.963134765625
4851	2205.963134765625
4852	2246.354103088379
4852	2246.354103088379
4853	2639.131546020508
4853	2639.131546020508
4854	2445.192813873291
4854	2445.192813873291
4855	2548.304319381714
4855	2548.304319381714
4856	2491.9793605804443
4856	2491.9793605804443
4857	2498.6493587493896
4857	2498.6493587493896
4858	2456.2995433807373
4858	2456.2995433807373
4859	2259.7196102142334
4859	2259.7196102142334
4860	3071.9993114471436
4860	3071.9993114471436
4861	2602.0920276641846
4861	2602.0920276641846
4862	2589.149236679077
4862	2589.149236679077
4863	2368.4427738189697
4863	2368.4427738189697
4864	2095.8566665649414
4864	2095.8566665649414
4865	2160.0990295410156
4865	2160.0990295410156
4866	2050.025701522827
4866	2050.025701522827
4867	2059.9305629730225
4867	2059.9305629730225
4868	2261.2485885620117
4868	2261.2485885620117
4869	2099.5213985443115
4869	2099.5213985443115
4870	2515.28000831604
4870	2515.28000831604
4871	1992.9618835449219
4871	1992.9618835449219
4872	2309.38982963562
4872	2309.38982963562
4873	2148.5488414764404
4873	2148.5488414764404
4874	2121.216058731079
4874	2121.216058731079
4875	2291.5291786193848
4875	2291.5291786193848
4876	2170.092821121216
4876	2170.092821121216
4877	2213.087320327759
4877	2213.087320327759
4878	2257.8911781311035
4878	2257.8911781311035
4879	2196.274995803833
4879	2196.274995803833
4880	2575.8910179138184
4880	2575.8910179138184
4881	2195.9354877471924
4881	2195.9354877471924
4882	2292.076826095581
4882	2292.076826095581
4883	2364.5694255828857
4883	2364.5694255828857
4884	2449.8229026794434
4884	2449.8229026794434
4885	2548.0363368988037
4885	2548.0363368988037
4886	2459.824800491333
4886	2459.824800491333
4887	2410.144805908203
4887	2410.144805908203
4888	2451.7104625701904
4888	2451.7104625701904
4889	2731.5690517425537
4889	2731.5690517425537
4890	3080.122947692871
4890	3080.122947692871
4891	2582.829475402832
4891	2582.829475402832
4892	2555.4962158203125
4892	2555.4962158203125
4893	2524.2698192596436
4893	2524.2698192596436
4894	2542.707681655884
4894	2542.707681655884
4895	2684.483528137207
4895	2684.483528137207
4896	2611.2959384918213
4896	2611.2959384918213
4897	2602.6270389556885
4897	2602.6270389556885
4898	2934.782028198242
4898	2934.782028198242
4899	3211.566209793091
4899	3211.566209793091
4900	3272.404909133911
4900	3272.404909133911
4901	2359.5080375671387
4901	2359.5080375671387
4902	2514.136791229248
4902	2514.136791229248
4903	3114.732265472412
4903	3114.732265472412
4904	2371.3138103485107
4904	2371.3138103485107
4905	3219.3140983581543
4905	3219.3140983581543
4906	3368.3252334594727
4906	3368.3252334594727
4907	3538.200855255127
4907	3538.200855255127
4908	3462.8851413726807
4908	3462.8851413726807
4909	3621.7942237854004
4909	3621.7942237854004
4910	4456.68363571167
4910	4456.68363571167
4911	3800.1110553741455
4911	3800.1110553741455
4912	3720.4394340515137
4912	3720.4394340515137
4913	3713.637113571167
4913	3713.637113571167
4914	3576.8654346466064
4914	3576.8654346466064
4915	3759.056329727173
4915	3759.056329727173
4916	3813.4140968322754
4916	3813.4140968322754
4917	3788.712501525879
4917	3788.712501525879
4918	3771.7697620391846
4918	3771.7697620391846
4919	3831.20059967041
4919	3831.20059967041
4920	4183.405876159668
4920	4183.405876159668
4921	3824.6986865997314
4921	3824.6986865997314
4922	3853.809595108032
4922	3853.809595108032
4923	3560.52565574646
4923	3560.52565574646
4924	3871.454954147339
4924	3871.454954147339
4925	3797.0950603485107
4925	3797.0950603485107
4926	4072.6304054260254
4926	4072.6304054260254
4927	3854.9680709838867
4927	3854.9680709838867
4928	3986.8557453155518
4928	3986.8557453155518
4929	3576.549530029297
4929	3576.549530029297
4930	3663.5138988494873
4930	3663.5138988494873
4931	3206.148386001587
4931	3206.148386001587
4932	3362.2429370880127
4932	3362.2429370880127
4933	3066.3273334503174
4933	3066.3273334503174
4934	3434.473752975464
4934	3434.473752975464
4935	2866.3971424102783
4935	2866.3971424102783
4936	3371.5412616729736
4936	3371.5412616729736
4937	3088.7703895568848
4937	3088.7703895568848
4938	3670.8455085754395
4938	3670.8455085754395
4939	3405.1153659820557
4939	3405.1153659820557
4940	3934.8819255828857
4940	3934.8819255828857
4941	3441.2059783935547
4941	3441.2059783935547
4942	3443.9754486083984
4942	3443.9754486083984
4943	3426.8012046813965
4943	3426.8012046813965
4944	3539.0517711639404
4944	3539.0517711639404
4945	3472.2776412963867
4945	3472.2776412963867
4946	3710.6568813323975
4946	3710.6568813323975
4947	3465.65842628479
4947	3465.65842628479
4948	3480.705738067627
4948	3480.705738067627
4949	3497.6184368133545
4949	3497.6184368133545
4950	4034.0592861175537
4950	4034.0592861175537
4951	3593.9159393310547
4951	3593.9159393310547
4952	3942.8412914276123
4952	3942.8412914276123
4953	3404.5050144195557
4953	3404.5050144195557
4954	2595.649242401123
4954	2595.649242401123
4955	3525.857448577881
4955	3525.857448577881
4956	3909.5871448516846
4956	3909.5871448516846
4957	3784.177303314209
4957	3784.177303314209
4958	3881.7882537841797
4958	3881.7882537841797
4959	3788.379192352295
4959	3788.379192352295
4960	4392.048120498657
4960	4392.048120498657
4961	3821.9385147094727
4961	3821.9385147094727
4962	3725.9321212768555
4962	3725.9321212768555
4963	3794.1906452178955
4963	3794.1906452178955
4964	4005.6779384613037
4964	4005.6779384613037
4965	3809.1421127319336
4965	3809.1421127319336
4966	3699.6443271636963
4966	3699.6443271636963
4967	3834.8517417907715
4967	3834.8517417907715
4968	3903.958797454834
4968	3903.958797454834
4969	3530.050039291382
4969	3530.050039291382
4970	4306.799650192261
4970	4306.799650192261
4971	3367.2280311584473
4971	3367.2280311584473
4972	3900.7604122161865
4972	3900.7604122161865
4973	3723.95396232605
4973	3723.95396232605
4974	3891.591787338257
4974	3891.591787338257
4975	3778.514862060547
4975	3778.514862060547
4976	3691.2360191345215
4976	3691.2360191345215
4977	3205.911636352539
4977	3205.911636352539
4978	3768.2087421417236
4978	3768.2087421417236
4979	3760.6043815612793
4979	3760.6043815612793
4980	4401.246070861816
4980	4401.246070861816
4981	3507.2073936462402
4981	3507.2073936462402
4982	3763.2312774658203
4982	3763.2312774658203
4983	3617.353677749634
4983	3617.353677749634
4984	3815.2527809143066
4984	3815.2527809143066
4985	3771.1684703826904
4985	3771.1684703826904
4986	3835.0491523742676
4986	3835.0491523742676
4987	3780.195713043213
4987	3780.195713043213
4988	3850.733518600464
4988	3850.733518600464
4989	3818.0830478668213
4989	3818.0830478668213
4990	4078.531265258789
4990	4078.531265258789
4991	3838.7396335601807
4991	3838.7396335601807
4992	3821.3438987731934
4992	3821.3438987731934
4993	4126.908779144287
4993	4126.908779144287
4994	3576.0207176208496
4994	3576.0207176208496
4995	3461.606740951538
4995	3461.606740951538
4996	3638.1680965423584
4996	3638.1680965423584
4997	3436.890125274658
4997	3436.890125274658
4998	3529.796600341797
4998	3529.796600341797
4999	3823.391914367676
4999	3823.391914367676
5000	19519.001722335815
5000	19519.001722335815
5001	3535.2327823638916
5001	3535.2327823638916
5002	3450.8538246154785
5002	3450.8538246154785
5003	3372.8785514831543
5003	3372.8785514831543
5004	3012.5579833984375
5004	3012.5579833984375
5005	3405.787944793701
5005	3405.787944793701
5006	3312.7434253692627
5006	3312.7434253692627
5007	3349.886417388916
5007	3349.886417388916
5008	3521.6617584228516
5008	3521.6617584228516
5009	3666.0330295562744
5009	3666.0330295562744
5010	4195.955276489258
5010	4195.955276489258
5011	3784.1780185699463
5011	3784.1780185699463
5012	3864.320755004883
5012	3864.320755004883
5013	3786.1270904541016
5013	3786.1270904541016
5014	3823.3001232147217
5014	3823.3001232147217
5015	3761.201858520508
5015	3761.201858520508
5016	3537.8012657165527
5016	3537.8012657165527
5017	3544.0948009490967
5017	3544.0948009490967
5018	3842.6566123962402
5018	3842.6566123962402
5019	3620.6328868865967
5019	3620.6328868865967
5020	4331.104755401611
5020	4331.104755401611
5021	3733.816146850586
5021	3733.816146850586
5022	3277.557849884033
5022	3277.557849884033
5023	3594.2184925079346
5023	3594.2184925079346
5024	3651.613235473633
5024	3651.613235473633
5025	3386.3978385925293
5025	3386.3978385925293
5026	3644.014835357666
5026	3644.014835357666
5027	3732.9256534576416
5027	3732.9256534576416
5028	3756.3586235046387
5028	3756.3586235046387
5029	3736.3505363464355
5029	3736.3505363464355
5030	4083.814859390259
5030	4083.814859390259
5031	3843.9931869506836
5031	3843.9931869506836
5032	3601.7894744873047
5032	3601.7894744873047
5033	3463.7320041656494
5033	3463.7320041656494
5034	3662.036180496216
5034	3662.036180496216
5035	3770.3967094421387
5035	3770.3967094421387
5036	3801.868200302124
5036	3801.868200302124
5037	4057.3272705078125
5037	4057.3272705078125
5038	3986.208915710449
5038	3986.208915710449
5039	4018.3238983154297
5039	4018.3238983154297
5040	4414.303541183472
5040	4414.303541183472
5041	4006.939172744751
5041	4006.939172744751
5042	3958.5583209991455
5042	3958.5583209991455
5043	4110.22162437439
5043	4110.22162437439
5044	4310.3883266448975
5044	4310.3883266448975
5045	4110.9559535980225
5045	4110.9559535980225
5046	4287.277698516846
5046	4287.277698516846
5047	3836.4500999450684
5047	3836.4500999450684
5048	4025.83384513855
5048	4025.83384513855
5049	3870.3296184539795
5049	3870.3296184539795
5050	4578.587532043457
5050	4578.587532043457
5051	3650.5255699157715
5051	3650.5255699157715
5052	3885.7123851776123
5052	3885.7123851776123
5053	3698.9617347717285
5053	3698.9617347717285
5054	3789.365291595459
5054	3789.365291595459
5055	3688.758373260498
5055	3688.758373260498
5056	3589.4148349761963
5056	3589.4148349761963
5057	3787.755012512207
5057	3787.755012512207
5058	3824.4614601135254
5058	3824.4614601135254
5059	3742.5756454467773
5059	3742.5756454467773
5060	4022.5696563720703
5060	4022.5696563720703
5061	3534.2276096343994
5061	3534.2276096343994
5062	3402.096748352051
5062	3402.096748352051
5063	3423.3181476593018
5063	3423.3181476593018
5064	3415.499210357666
5064	3415.499210357666
5065	3449.03826713562
5065	3449.03826713562
5066	3429.3904304504395
5066	3429.3904304504395
5067	3399.162769317627
5067	3399.162769317627
5068	3526.721239089966
5068	3526.721239089966
5069	3490.0403022766113
5069	3490.0403022766113
5070	4038.0876064300537
5070	4038.0876064300537
5071	3185.987710952759
5071	3185.987710952759
5072	3180.704355239868
5072	3180.704355239868
5073	2840.108871459961
5073	2840.108871459961
5074	3107.257604598999
5074	3107.257604598999
5075	3321.0816383361816
5075	3321.0816383361816
5076	3358.557939529419
5076	3358.557939529419
5077	3333.0941200256348
5077	3333.0941200256348
5078	3417.8035259246826
5078	3417.8035259246826
5079	3400.822401046753
5079	3400.822401046753
5080	3789.473533630371
5080	3789.473533630371
5081	3526.5727043151855
5081	3526.5727043151855
5082	3478.278160095215
5082	3478.278160095215
5083	3779.980182647705
5083	3779.980182647705
5084	3548.267602920532
5084	3548.267602920532
5085	2419.4161891937256
5085	2419.4161891937256
5086	3488.206386566162
5086	3488.206386566162
5087	3827.329397201538
5087	3827.329397201538
5088	3739.0291690826416
5088	3739.0291690826416
5089	3817.455768585205
5089	3817.455768585205
5090	4467.428207397461
5090	4467.428207397461
5091	3542.250633239746
5091	3542.250633239746
5092	3885.739326477051
5092	3885.739326477051
5093	3595.0357913970947
5093	3595.0357913970947
5094	3529.3965339660645
5094	3529.3965339660645
5095	3764.761209487915
5095	3764.761209487915
5096	3651.923894882202
5096	3651.923894882202
5097	3455.029010772705
5097	3455.029010772705
5098	3669.644832611084
5098	3669.644832611084
5099	3647.46356010437
5099	3647.46356010437
5100	4105.659246444702
5100	4105.659246444702
5101	3514.1541957855225
5101	3514.1541957855225
5102	3502.804756164551
5102	3502.804756164551
5103	3714.343547821045
5103	3714.343547821045
5104	3616.6532039642334
5104	3616.6532039642334
5105	3843.7321186065674
5105	3843.7321186065674
5106	3765.669345855713
5106	3765.669345855713
5107	3683.4850311279297
5107	3683.4850311279297
5108	3807.220935821533
5108	3807.220935821533
5109	3792.5124168395996
5109	3792.5124168395996
5110	4440.7854080200195
5110	4440.7854080200195
5111	3846.646308898926
5111	3846.646308898926
5112	3358.7732315063477
5112	3358.7732315063477
5113	3791.675806045532
5113	3791.675806045532
5114	3254.3485164642334
5114	3254.3485164642334
5115	3296.234607696533
5115	3296.234607696533
5116	3629.006862640381
5116	3629.006862640381
5117	3647.2816467285156
5117	3647.2816467285156
5118	3653.332233428955
5118	3653.332233428955
5119	3713.322877883911
5119	3713.322877883911
5120	4176.570892333984
5120	4176.570892333984
5121	3852.189064025879
5121	3852.189064025879
5122	3746.762990951538
5122	3746.762990951538
5123	3819.99135017395
5123	3819.99135017395
5124	3494.1699504852295
5124	3494.1699504852295
5125	3752.190113067627
5125	3752.190113067627
5126	3527.881860733032
5126	3527.881860733032
5127	3509.6397399902344
5127	3509.6397399902344
5128	3615.0059700012207
5128	3615.0059700012207
5129	3904.676914215088
5129	3904.676914215088
5130	4080.3661346435547
5130	4080.3661346435547
5131	3580.6169509887695
5131	3580.6169509887695
5132	3648.8869190216064
5132	3648.8869190216064
5133	3385.650157928467
5133	3385.650157928467
5134	3606.111526489258
5134	3606.111526489258
5135	3007.8465938568115
5135	3007.8465938568115
5136	3032.613754272461
5136	3032.613754272461
5137	3274.531364440918
5137	3274.531364440918
5138	3332.775592803955
5138	3332.775592803955
5139	3332.4053287506104
5139	3332.4053287506104
5140	3902.8067588806152
5140	3902.8067588806152
5141	3281.6641330718994
5141	3281.6641330718994
5142	3250.16188621521
5142	3250.16188621521
5143	3415.595054626465
5143	3415.595054626465
5144	3149.728536605835
5144	3149.728536605835
5145	3502.8295516967773
5145	3502.8295516967773
5146	3385.6356143951416
5146	3385.6356143951416
5147	3500.441789627075
5147	3500.441789627075
5148	3245.584011077881
5148	3245.584011077881
5149	3452.207565307617
5149	3452.207565307617
5150	3807.637929916382
5150	3807.637929916382
5151	3484.1833114624023
5151	3484.1833114624023
5152	3587.6219272613525
5152	3587.6219272613525
5153	3468.898057937622
5153	3468.898057937622
5154	3500.771999359131
5154	3500.771999359131
5155	3165.3857231140137
5155	3165.3857231140137
5156	3480.4558753967285
5156	3480.4558753967285
5157	3529.625654220581
5157	3529.625654220581
5158	3560.9049797058105
5158	3560.9049797058105
5159	3269.8922157287598
5159	3269.8922157287598
5160	4303.123474121094
5160	4303.123474121094
5161	3571.2666511535645
5161	3571.2666511535645
5162	3634.7484588623047
5162	3634.7484588623047
5163	3386.380434036255
5163	3386.380434036255
5164	3864.3710613250732
5164	3864.3710613250732
5165	3613.884687423706
5165	3613.884687423706
5166	3320.0271129608154
5166	3320.0271129608154
5167	3737.067461013794
5167	3737.067461013794
5168	3755.4993629455566
5168	3755.4993629455566
5169	3716.705799102783
5169	3716.705799102783
5170	4483.0615520477295
5170	4483.0615520477295
5171	3461.30108833313
5171	3461.30108833313
5172	3722.8896617889404
5172	3722.8896617889404
5173	3750.1919269561768
5173	3750.1919269561768
5174	3476.895809173584
5174	3476.895809173584
5175	3786.7374420166016
5175	3786.7374420166016
5176	3760.443687438965
5176	3760.443687438965
5177	2527.926206588745
5177	2527.926206588745
5178	2509.29594039917
5178	2509.29594039917
5179	2508.6300373077393
5179	2508.6300373077393
5180	3146.3778018951416
5180	3146.3778018951416
5181	2591.5019512176514
5181	2591.5019512176514
5182	2518.3441638946533
5182	2518.3441638946533
5183	2513.1795406341553
5183	2513.1795406341553
5184	2313.6870861053467
5184	2313.6870861053467
5185	2492.0437335968018
5185	2492.0437335968018
5186	2504.7807693481445
5186	2504.7807693481445
5187	2401.0722637176514
5187	2401.0722637176514
5188	2506.892204284668
5188	2506.892204284668
5189	2558.4304332733154
5189	2558.4304332733154
5190	2931.8954944610596
5190	2931.8954944610596
5191	2412.933349609375
5191	2412.933349609375
5192	2493.314504623413
5192	2493.314504623413
5193	2232.5379848480225
5193	2232.5379848480225
5194	2234.7633838653564
5194	2234.7633838653564
5195	2520.944833755493
5195	2520.944833755493
5196	2463.055372238159
5196	2463.055372238159
5197	2518.944263458252
5197	2518.944263458252
5198	2491.0125732421875
5198	2491.0125732421875
5199	2482.0709228515625
5199	2482.0709228515625
5200	3308.366298675537
5200	3308.366298675537
5201	2513.7698650360107
5201	2513.7698650360107
5202	2729.109525680542
5202	2729.109525680542
5203	2519.458770751953
5203	2519.458770751953
5204	2562.511444091797
5204	2562.511444091797
5205	2150.2082347869873
5205	2150.2082347869873
5206	2252.560615539551
5206	2252.560615539551
5207	1873.0707168579102
5207	1873.0707168579102
5208	2107.4390411376953
5208	2107.4390411376953
5209	2132.3189735412598
5209	2132.3189735412598
5210	2430.4039478302
5210	2430.4039478302
5211	1974.9341011047363
5211	1974.9341011047363
5212	2214.4615650177
5212	2214.4615650177
5213	1935.716152191162
5213	1935.716152191162
5214	2213.393449783325
5214	2213.393449783325
5215	2243.004322052002
5215	2243.004322052002
5216	2153.2604694366455
5216	2153.2604694366455
5217	2275.0394344329834
5217	2275.0394344329834
5218	2185.2855682373047
5218	2185.2855682373047
5219	2191.7312145233154
5219	2191.7312145233154
5220	2498.051643371582
5220	2498.051643371582
5221	2227.6477813720703
5221	2227.6477813720703
5222	2239.691734313965
5222	2239.691734313965
5223	2377.561092376709
5223	2377.561092376709
5224	2569.519281387329
5224	2569.519281387329
5225	2549.9844551086426
5225	2549.9844551086426
5226	1447.2978115081787
5226	1447.2978115081787
5227	1312.967300415039
5227	1312.967300415039
5228	2125.9026527404785
5228	2125.9026527404785
5229	2253.725051879883
5229	2253.725051879883
5230	2774.6334075927734
5230	2774.6334075927734
5231	2503.6866664886475
5231	2503.6866664886475
5232	2502.7778148651123
5232	2502.7778148651123
5233	2364.557981491089
5233	2364.557981491089
5234	2592.761516571045
5234	2592.761516571045
5235	2278.991937637329
5235	2278.991937637329
5236	2448.395013809204
5236	2448.395013809204
5237	2578.5043239593506
5237	2578.5043239593506
5238	2533.285140991211
5238	2533.285140991211
5239	2327.4357318878174
5239	2327.4357318878174
5240	2957.045316696167
5240	2957.045316696167
5241	2435.2939128875732
5241	2435.2939128875732
5242	2397.9332447052
5242	2397.9332447052
5243	2559.081554412842
5243	2559.081554412842
5244	2503.0479431152344
5244	2503.0479431152344
5245	2441.8997764587402
5245	2441.8997764587402
5246	2435.563087463379
5246	2435.563087463379
5247	2456.8636417388916
5247	2456.8636417388916
5248	2479.0122509002686
5248	2479.0122509002686
5249	2598.306894302368
5249	2598.306894302368
5250	2875.6072521209717
5250	2875.6072521209717
5251	2375.507116317749
5251	2375.507116317749
5252	2333.7738513946533
5252	2333.7738513946533
5253	2638.8373374938965
5253	2638.8373374938965
5254	2156.134843826294
5254	2156.134843826294
5255	2460.9758853912354
5255	2460.9758853912354
5256	2434.3490600585938
5256	2434.3490600585938
5257	2476.8102169036865
5257	2476.8102169036865
5258	2476.2868881225586
5258	2476.2868881225586
5259	2438.9045238494873
5259	2438.9045238494873
5260	3019.819974899292
5260	3019.819974899292
5261	2463.134288787842
5261	2463.134288787842
5262	2517.958402633667
5262	2517.958402633667
5263	2400.2513885498047
5263	2400.2513885498047
5264	2494.469165802002
5264	2494.469165802002
5265	2608.7403297424316
5265	2608.7403297424316
5266	2450.274705886841
5266	2450.274705886841
5267	2589.9016857147217
5267	2589.9016857147217
5268	2265.7480239868164
5268	2265.7480239868164
5269	2577.7173042297363
5269	2577.7173042297363
5270	2786.625862121582
5270	2786.625862121582
5271	2218.285083770752
5271	2218.285083770752
5272	1925.0829219818115
5272	1925.0829219818115
5273	1972.158670425415
5273	1972.158670425415
5274	1814.4123554229736
5274	1814.4123554229736
5275	1815.0923252105713
5275	1815.0923252105713
5276	2043.694019317627
5276	2043.694019317627
5277	2096.2727069854736
5277	2096.2727069854736
5278	2193.185806274414
5278	2193.185806274414
5279	1868.3640956878662
5279	1868.3640956878662
5280	2689.6936893463135
5280	2689.6936893463135
5281	2015.5396461486816
5281	2015.5396461486816
5282	1935.4629516601562
5282	1935.4629516601562
5283	2025.860071182251
5283	2025.860071182251
5284	2016.9603824615479
5284	2016.9603824615479
5285	2423.7005710601807
5285	2423.7005710601807
5286	1932.3954582214355
5286	1932.3954582214355
5287	1400.3746509552002
5287	1400.3746509552002
5288	1487.1997833251953
5288	1487.1997833251953
5289	2509.284257888794
5289	2509.284257888794
5290	3224.393606185913
5290	3224.393606185913
5291	2549.33500289917
5291	2549.33500289917
5292	2140.559434890747
5292	2140.559434890747
5293	2525.3686904907227
5293	2525.3686904907227
5294	2222.964286804199
5294	2222.964286804199
5295	2410.0592136383057
5295	2410.0592136383057
5296	2271.026849746704
5296	2271.026849746704
5297	2470.1545238494873
5297	2470.1545238494873
5298	2406.006336212158
5298	2406.006336212158
5299	2243.2103157043457
5299	2243.2103157043457
5300	3017.68159866333
5300	3017.68159866333
5301	2583.1058025360107
5301	2583.1058025360107
5302	2109.530210494995
5302	2109.530210494995
5303	2660.85147857666
5303	2660.85147857666
5304	2514.4054889678955
5304	2514.4054889678955
5305	2547.919988632202
5305	2547.919988632202
5306	2517.134666442871
5306	2517.134666442871
5307	2575.659990310669
5307	2575.659990310669
5308	2343.135356903076
5308	2343.135356903076
5309	2441.1890506744385
5309	2441.1890506744385
5310	4375.118017196655
5310	4375.118017196655
5311	2523.5559940338135
5311	2523.5559940338135
5312	2506.0880184173584
5312	2506.0880184173584
5313	3563.5247230529785
5313	3563.5247230529785
5314	3493.5781955718994
5314	3493.5781955718994
5315	3284.867763519287
5315	3284.867763519287
5316	3744.4839477539062
5316	3744.4839477539062
5317	3651.3776779174805
5317	3651.3776779174805
5318	3730.0100326538086
5318	3730.0100326538086
5319	3698.899745941162
5319	3698.899745941162
5320	3993.821144104004
5320	3993.821144104004
5321	3452.239990234375
5321	3452.239990234375
5322	3713.8328552246094
5322	3713.8328552246094
5323	3847.667932510376
5323	3847.667932510376
5324	4001.469373703003
5324	4001.469373703003
5325	3714.4620418548584
5325	3714.4620418548584
5326	3803.1580448150635
5326	3803.1580448150635
5327	3773.2155323028564
5327	3773.2155323028564
5328	3812.5696182250977
5328	3812.5696182250977
5329	3546.947479248047
5329	3546.947479248047
5330	4005.168914794922
5330	4005.168914794922
5331	3872.4169731140137
5331	3872.4169731140137
5332	3756.282329559326
5332	3756.282329559326
5333	3795.2444553375244
5333	3795.2444553375244
5334	3828.092336654663
5334	3828.092336654663
5335	3822.354793548584
5335	3822.354793548584
5336	3606.823682785034
5336	3606.823682785034
5337	3462.0401859283447
5337	3462.0401859283447
5338	3096.780776977539
5338	3096.780776977539
5339	3042.879581451416
5339	3042.879581451416
5340	3693.6662197113037
5340	3693.6662197113037
5341	2903.873920440674
5341	2903.873920440674
5342	3271.2085247039795
5342	3271.2085247039795
5343	3260.8087062835693
5343	3260.8087062835693
5344	3410.8996391296387
5344	3410.8996391296387
5345	3381.0431957244873
5345	3381.0431957244873
5346	3433.333158493042
5346	3433.333158493042
5347	3399.604082107544
5347	3399.604082107544
5348	3437.5033378601074
5348	3437.5033378601074
5349	3147.6337909698486
5349	3147.6337909698486
5350	3752.5413036346436
5350	3752.5413036346436
5351	3460.6845378875732
5351	3460.6845378875732
5352	3443.251371383667
5352	3443.251371383667
5353	3568.7527656555176
5353	3568.7527656555176
5354	3178.4355640411377
5354	3178.4355640411377
5355	3214.805841445923
5355	3214.805841445923
5356	3404.3543338775635
5356	3404.3543338775635
5357	3270.339250564575
5357	3270.339250564575
5358	3668.463706970215
5358	3668.463706970215
5359	3494.0760135650635
5359	3494.0760135650635
5360	4045.8879470825195
5360	4045.8879470825195
5361	3223.6719131469727
5361	3223.6719131469727
5362	2134.751796722412
5362	2134.751796722412
5363	3273.256301879883
5363	3273.256301879883
5364	3499.9523162841797
5364	3499.9523162841797
5365	3871.7000484466553
5365	3871.7000484466553
5366	3459.5396518707275
5366	3459.5396518707275
5367	3673.2776165008545
5367	3673.2776165008545
5368	3749.5663166046143
5368	3749.5663166046143
5369	3473.665714263916
5369	3473.665714263916
5370	4040.3547286987305
5370	4040.3547286987305
5371	3617.2688007354736
5371	3617.2688007354736
5372	3741.338014602661
5372	3741.338014602661
5373	3745.4378604888916
5373	3745.4378604888916
5374	3719.881534576416
5374	3719.881534576416
5375	3803.2002449035645
5375	3803.2002449035645
5376	3734.2469692230225
5376	3734.2469692230225
5377	3806.5128326416016
5377	3806.5128326416016
5378	3844.6874618530273
5378	3844.6874618530273
5379	3840.4791355133057
5379	3840.4791355133057
5380	4329.443454742432
5380	4329.443454742432
5381	3831.3515186309814
5381	3831.3515186309814
5382	3844.9928760528564
5382	3844.9928760528564
5383	3543.5562133789062
5383	3543.5562133789062
5384	3515.530824661255
5384	3515.530824661255
5385	3356.886625289917
5385	3356.886625289917
5386	3591.325283050537
5386	3591.325283050537
5387	3695.3580379486084
5387	3695.3580379486084
5388	3653.4578800201416
5388	3653.4578800201416
5389	3689.3701553344727
5389	3689.3701553344727
5390	4188.966512680054
5390	4188.966512680054
5391	3595.5898761749268
5391	3595.5898761749268
5392	3515.7222747802734
5392	3515.7222747802734
5393	3727.725028991699
5393	3727.725028991699
5394	3785.5260372161865
5394	3785.5260372161865
5395	3720.6554412841797
5395	3720.6554412841797
5396	3752.842664718628
5396	3752.842664718628
5397	3851.093292236328
5397	3851.093292236328
5398	3777.470827102661
5398	3777.470827102661
5399	3531.9736003875732
5399	3531.9736003875732
5400	4407.723903656006
5400	4407.723903656006
5401	3702.3580074310303
5401	3702.3580074310303
5402	3949.2135047912598
5402	3949.2135047912598
5403	3799.386978149414
5403	3799.386978149414
5404	3549.7255325317383
5404	3549.7255325317383
5405	3804.541826248169
5405	3804.541826248169
5406	3659.9795818328857
5406	3659.9795818328857
5407	3393.1405544281006
5407	3393.1405544281006
5408	3699.747323989868
5408	3699.747323989868
5409	3448.899745941162
5409	3448.899745941162
5410	4229.31432723999
5410	4229.31432723999
5411	3801.987886428833
5411	3801.987886428833
5412	3473.6175537109375
5412	3473.6175537109375
5413	3368.5898780822754
5413	3368.5898780822754
5414	3380.955934524536
5414	3380.955934524536
5415	3373.9640712738037
5415	3373.9640712738037
5416	3337.4717235565186
5416	3337.4717235565186
5417	3482.8994274139404
5417	3482.8994274139404
5418	3087.5210762023926
5418	3087.5210762023926
5419	3428.7540912628174
5419	3428.7540912628174
5420	3987.225294113159
5420	3987.225294113159
5421	3195.2900886535645
5421	3195.2900886535645
5422	3548.3627319335938
5422	3548.3627319335938
5423	3225.712537765503
5423	3225.712537765503
5424	3487.1132373809814
5424	3487.1132373809814
5425	3449.3045806884766
5425	3449.3045806884766
5426	3488.6209964752197
5426	3488.6209964752197
5427	3522.880792617798
5427	3522.880792617798
5428	3295.038938522339
5428	3295.038938522339
5429	3304.7537803649902
5429	3304.7537803649902
5430	3512.9165649414062
5430	3512.9165649414062
5431	3239.813804626465
5431	3239.813804626465
5432	3364.1440868377686
5432	3364.1440868377686
5433	3776.8044471740723
5433	3776.8044471740723
5434	3605.0658226013184
5434	3605.0658226013184
5435	3658.994197845459
5435	3658.994197845459
5436	3736.975908279419
5436	3736.975908279419
5437	3896.1377143859863
5437	3896.1377143859863
5438	3844.3448543548584
5438	3844.3448543548584
5439	3773.141622543335
5439	3773.141622543335
5440	4289.877891540527
5440	4289.877891540527
5441	3571.3894367218018
5441	3571.3894367218018
5442	3536.854028701782
5442	3536.854028701782
5443	3788.588523864746
5443	3788.588523864746
5444	3872.091054916382
5444	3872.091054916382
5445	3524.4882106781006
5445	3524.4882106781006
5446	3859.252691268921
5446	3859.252691268921
5447	3840.245485305786
5447	3840.245485305786
5448	3434.6134662628174
5448	3434.6134662628174
5449	3572.0157623291016
5449	3572.0157623291016
5450	4147.179126739502
5450	4147.179126739502
5451	3652.883768081665
5451	3652.883768081665
5452	3702.2745609283447
5452	3702.2745609283447
5453	3426.509141921997
5453	3426.509141921997
5454	3478.1832695007324
5454	3478.1832695007324
5455	3597.752571105957
5455	3597.752571105957
5456	3786.86261177063
5456	3786.86261177063
5457	3708.3563804626465
5457	3708.3563804626465
5458	3568.6633586883545
5458	3568.6633586883545
5459	3715.352773666382
5459	3715.352773666382
5460	4241.466522216797
5460	4241.466522216797
5461	3915.601968765259
5461	3915.601968765259
5462	3751.8091201782227
5462	3751.8091201782227
5463	3850.3220081329346
5463	3850.3220081329346
5464	3483.722925186157
5464	3483.722925186157
5465	3790.560722351074
5465	3790.560722351074
5466	3859.055757522583
5466	3859.055757522583
5467	3823.622226715088
5467	3823.622226715088
5468	3797.153949737549
5468	3797.153949737549
5469	3855.132579803467
5469	3855.132579803467
5470	4479.666709899902
5470	4479.666709899902
5471	3787.3594760894775
5471	3787.3594760894775
5472	3549.4823455810547
5472	3549.4823455810547
5473	3381.338119506836
5473	3381.338119506836
5474	3271.40736579895
5474	3271.40736579895
5475	3653.5322666168213
5475	3653.5322666168213
5476	3613.96861076355
5476	3613.96861076355
5477	3673.781394958496
5477	3673.781394958496
5478	3720.1223373413086
5478	3720.1223373413086
5479	3678.8411140441895
5479	3678.8411140441895
5480	3951.9615173339844
5480	3951.9615173339844
5481	3318.372964859009
5481	3318.372964859009
5482	3760.7579231262207
5482	3760.7579231262207
5483	3753.800392150879
5483	3753.800392150879
5484	3906.4395427703857
5484	3906.4395427703857
5485	3244.985818862915
5485	3244.985818862915
5486	3498.661994934082
5486	3498.661994934082
5487	3366.176128387451
5487	3366.176128387451
5488	3122.783660888672
5488	3122.783660888672
5489	3472.1784591674805
5489	3472.1784591674805
5490	3890.2430534362793
5490	3890.2430534362793
5491	3447.7288722991943
5491	3447.7288722991943
5492	3501.734972000122
5492	3501.734972000122
5493	3236.8059158325195
5493	3236.8059158325195
5494	3195.655107498169
5494	3195.655107498169
5495	3239.445924758911
5495	3239.445924758911
5496	3212.3937606811523
5496	3212.3937606811523
5497	3430.1576614379883
5497	3430.1576614379883
5498	3489.9380207061768
5498	3489.9380207061768
5499	3390.2668952941895
5499	3390.2668952941895
5500	14564.687490463257
5500	14564.687490463257
5501	3766.974925994873
5501	3766.974925994873
5502	3811.3930225372314
5502	3811.3930225372314
5503	3519.57631111145
5503	3519.57631111145
5504	3438.835620880127
5504	3438.835620880127
5505	3804.753541946411
5505	3804.753541946411
5506	3493.547201156616
5506	3493.547201156616
5507	3758.1872940063477
5507	3758.1872940063477
5508	3826.8914222717285
5508	3826.8914222717285
5509	3718.412160873413
5509	3718.412160873413
5510	3965.808629989624
5510	3965.808629989624
5511	3625.40602684021
5511	3625.40602684021
5512	3633.979082107544
5512	3633.979082107544
5513	3641.7369842529297
5513	3641.7369842529297
5514	3671.0448265075684
5514	3671.0448265075684
5515	3752.2220611572266
5515	3752.2220611572266
5516	3736.4861965179443
5516	3736.4861965179443
5517	3553.0519485473633
5517	3553.0519485473633
5518	3784.578323364258
5518	3784.578323364258
5519	3764.834403991699
5519	3764.834403991699
5520	4310.095310211182
5520	4310.095310211182
5521	3826.5180587768555
5521	3826.5180587768555
5522	3555.586338043213
5522	3555.586338043213
5523	3489.8598194122314
5523	3489.8598194122314
5524	3707.2179317474365
5524	3707.2179317474365
5525	3802.1745681762695
5525	3802.1745681762695
5526	3796.8435287475586
5526	3796.8435287475586
5527	3527.8210639953613
5527	3527.8210639953613
5528	3547.8124618530273
5528	3547.8124618530273
5529	3595.385789871216
5529	3595.385789871216
5530	4326.874017715454
5530	4326.874017715454
5531	3639.7173404693604
5531	3639.7173404693604
5532	3407.581567764282
5532	3407.581567764282
5533	3735.908031463623
5533	3735.908031463623
5534	3833.625316619873
5534	3833.625316619873
5535	3643.6657905578613
5535	3643.6657905578613
5536	3748.901128768921
5536	3748.901128768921
5537	3756.748914718628
5537	3756.748914718628
5538	3795.7394123077393
5538	3795.7394123077393
5539	3463.689088821411
5539	3463.689088821411
5540	3957.810401916504
5540	3957.810401916504
5541	3898.362874984741
5541	3898.362874984741
5542	4057.5973987579346
5542	4057.5973987579346
5543	4015.644311904907
5543	4015.644311904907
5544	3348.5496044158936
5544	3348.5496044158936
5545	3181.1561584472656
5545	3181.1561584472656
5546	3268.061399459839
5546	3268.061399459839
5547	3139.3163204193115
5547	3139.3163204193115
5548	3390.2482986450195
5548	3390.2482986450195
5549	3194.505214691162
5549	3194.505214691162
5550	4116.912603378296
5550	4116.912603378296
5551	3276.4532566070557
5551	3276.4532566070557
5552	3740.506887435913
5552	3740.506887435913
5553	3549.635171890259
5553	3549.635171890259
5554	3569.2920684814453
5554	3569.2920684814453
5555	3353.290796279907
5555	3353.290796279907
5556	3863.6438846588135
5556	3863.6438846588135
5557	3387.4990940093994
5557	3387.4990940093994
5558	3523.6384868621826
5558	3523.6384868621826
5559	3133.822441101074
5559	3133.822441101074
5560	3903.1405448913574
5560	3903.1405448913574
5561	3406.041383743286
5561	3406.041383743286
5562	2137.4521255493164
5562	2137.4521255493164
5563	2174.401044845581
5563	2174.401044845581
5564	2132.4450969696045
5564	2132.4450969696045
5565	2361.8595600128174
5565	2361.8595600128174
5566	2596.529722213745
5566	2596.529722213745
5567	2345.9362983703613
5567	2345.9362983703613
5568	2580.7888507843018
5568	2580.7888507843018
5569	2499.5696544647217
5569	2499.5696544647217
5570	2981.4014434814453
5570	2981.4014434814453
5571	2464.4315242767334
5571	2464.4315242767334
5572	2394.5701122283936
5572	2394.5701122283936
5573	2499.180555343628
5573	2499.180555343628
5574	2545.0050830841064
5574	2545.0050830841064
5575	2506.3681602478027
5575	2506.3681602478027
5576	2502.9847621917725
5576	2502.9847621917725
5577	2469.78759765625
5577	2469.78759765625
5578	2309.1235160827637
5578	2309.1235160827637
5579	2639.1656398773193
5579	2639.1656398773193
5580	2847.4717140197754
5580	2847.4717140197754
5581	2669.4910526275635
5581	2669.4910526275635
5582	2380.6893825531006
5582	2380.6893825531006
5583	2400.8400440216064
5583	2400.8400440216064
5584	2427.846670150757
5584	2427.846670150757
5585	2266.488790512085
5585	2266.488790512085
5586	2652.055263519287
5586	2652.055263519287
5587	2464.8563861846924
5587	2464.8563861846924
5588	2459.2819213867188
5588	2459.2819213867188
5589	2382.6773166656494
5589	2382.6773166656494
5590	3184.2501163482666
5590	3184.2501163482666
5591	2544.2371368408203
5591	2544.2371368408203
5592	2542.5338745117188
5592	2542.5338745117188
5593	2531.010866165161
5593	2531.010866165161
5594	2490.7498359680176
5594	2490.7498359680176
5595	2537.3802185058594
5595	2537.3802185058594
5596	2549.487352371216
5596	2549.487352371216
5597	2589.341163635254
5597	2589.341163635254
5598	2451.896905899048
5598	2451.896905899048
5599	2627.188205718994
5599	2627.188205718994
5600	2799.562931060791
5600	2799.562931060791
5601	2560.6932640075684
5601	2560.6932640075684
5602	2488.563299179077
5602	2488.563299179077
5603	2491.722345352173
5603	2491.722345352173
5604	2602.3178100585938
5604	2602.3178100585938
5605	2262.326955795288
5605	2262.326955795288
5606	2469.4061279296875
5606	2469.4061279296875
5607	1989.736557006836
5607	1989.736557006836
5608	2563.906669616699
5608	2563.906669616699
5609	2529.219388961792
5609	2529.219388961792
5610	2915.282964706421
5610	2915.282964706421
5611	2058.326482772827
5611	2058.326482772827
5612	2149.9524116516113
5612	2149.9524116516113
5613	2093.196392059326
5613	2093.196392059326
5614	1950.0617980957031
5614	1950.0617980957031
5615	2076.792001724243
5615	2076.792001724243
5616	2080.521821975708
5616	2080.521821975708
5617	2149.6365070343018
5617	2149.6365070343018
5618	2200.8216381073
5618	2200.8216381073
5619	2178.68971824646
5619	2178.68971824646
5620	2694.7340965270996
5620	2694.7340965270996
5621	2036.7984771728516
5621	2036.7984771728516
5622	2133.7528228759766
5622	2133.7528228759766
5623	1955.7075500488281
5623	1955.7075500488281
5624	2191.788673400879
5624	2191.788673400879
5625	2125.0224113464355
5625	2125.0224113464355
5626	2065.4683113098145
5626	2065.4683113098145
5627	1997.9629516601562
5627	1997.9629516601562
5628	2205.380439758301
5628	2205.380439758301
5629	2218.134641647339
5629	2218.134641647339
5630	3127.70676612854
5630	3127.70676612854
5631	2551.7539978027344
5631	2551.7539978027344
5632	1681.593894958496
5632	1681.593894958496
5633	1410.5169773101807
5633	1410.5169773101807
5634	1420.363426208496
5634	1420.363426208496
5635	2473.4556674957275
5635	2473.4556674957275
5636	2570.9400177001953
5636	2570.9400177001953
5637	2339.6859169006348
5637	2339.6859169006348
5638	2637.9361152648926
5638	2637.9361152648926
5639	2518.0349349975586
5639	2518.0349349975586
5640	3189.4264221191406
5640	3189.4264221191406
5641	2530.2772521972656
5641	2530.2772521972656
5642	2302.5290966033936
5642	2302.5290966033936
5643	2473.375082015991
5643	2473.375082015991
5644	2669.060707092285
5644	2669.060707092285
5645	2509.709596633911
5645	2509.709596633911
5646	2523.8959789276123
5646	2523.8959789276123
5647	2258.678913116455
5647	2258.678913116455
5648	2491.589069366455
5648	2491.589069366455
5649	2314.8694038391113
5649	2314.8694038391113
5650	3119.3318367004395
5650	3119.3318367004395
5651	2367.856979370117
5651	2367.856979370117
5652	2733.6056232452393
5652	2733.6056232452393
5653	2589.475631713867
5653	2589.475631713867
5654	2426.7590045928955
5654	2426.7590045928955
5655	2618.360757827759
5655	2618.360757827759
5656	2586.6446495056152
5656	2586.6446495056152
5657	2502.105474472046
5657	2502.105474472046
5658	2436.9447231292725
5658	2436.9447231292725
5659	2335.2267742156982
5659	2335.2267742156982
5660	3017.091751098633
5660	3017.091751098633
5661	2490.7238483428955
5661	2490.7238483428955
5662	2557.202100753784
5662	2557.202100753784
5663	2621.8624114990234
5663	2621.8624114990234
5664	2568.169593811035
5664	2568.169593811035
5665	2543.3852672576904
5665	2543.3852672576904
5666	2271.2974548339844
5666	2271.2974548339844
5667	2648.495674133301
5667	2648.495674133301
5668	2658.0638885498047
5668	2658.0638885498047
5669	2257.587194442749
5669	2257.587194442749
5670	2646.9221115112305
5670	2646.9221115112305
5671	2664.3853187561035
5671	2664.3853187561035
5672	2524.693250656128
5672	2524.693250656128
5673	2694.3795680999756
5673	2694.3795680999756
5674	2520.5001831054688
5674	2520.5001831054688
5675	2522.399663925171
5675	2522.399663925171
5676	2477.9763221740723
5676	2477.9763221740723
5677	1920.6640720367432
5677	1920.6640720367432
5678	1863.908290863037
5678	1863.908290863037
5679	1959.076166152954
5679	1959.076166152954
5680	2461.886167526245
5680	2461.886167526245
5681	2127.2246837615967
5681	2127.2246837615967
5682	2098.1223583221436
5682	2098.1223583221436
5683	1954.8149108886719
5683	1954.8149108886719
5684	2177.302360534668
5684	2177.302360534668
5685	2158.104419708252
5685	2158.104419708252
5686	2135.8580589294434
5686	2135.8580589294434
5687	2139.2619609832764
5687	2139.2619609832764
5688	2183.2964420318604
5688	2183.2964420318604
5689	2216.9065475463867
5689	2216.9065475463867
5690	2455.1448822021484
5690	2455.1448822021484
5691	2179.861307144165
5691	2179.861307144165
5692	2044.0590381622314
5692	2044.0590381622314
5693	3427.316904067993
5693	3427.316904067993
5694	2830.117702484131
5694	2830.117702484131
5695	2365.0119304656982
5695	2365.0119304656982
5696	3544.856309890747
5696	3544.856309890747
5697	3604.262113571167
5697	3604.262113571167
5698	3488.311767578125
5698	3488.311767578125
5699	3425.1861572265625
5699	3425.1861572265625
5700	4276.675462722778
5700	4276.675462722778
5701	3465.393543243408
5701	3465.393543243408
5702	3847.16534614563
5702	3847.16534614563
5703	3870.9824085235596
5703	3870.9824085235596
5704	3749.6767044067383
5704	3749.6767044067383
5705	3466.2857055664062
5705	3466.2857055664062
5706	3471.0519313812256
5706	3471.0519313812256
5707	3814.913749694824
5707	3814.913749694824
5708	3711.7512226104736
5708	3711.7512226104736
5709	3800.631284713745
5709	3800.631284713745
5710	4402.068853378296
5710	4402.068853378296
5711	3891.7014598846436
5711	3891.7014598846436
5712	3823.127508163452
5712	3823.127508163452
5713	3774.662494659424
5713	3774.662494659424
5714	3799.260139465332
5714	3799.260139465332
5715	3871.751070022583
5715	3871.751070022583
5716	3828.0422687530518
5716	3828.0422687530518
5717	3803.1373023986816
5717	3803.1373023986816
5718	3586.3306522369385
5718	3586.3306522369385
5719	3603.349208831787
5719	3603.349208831787
5720	4178.375005722046
5720	4178.375005722046
5721	3390.6922340393066
5721	3390.6922340393066
5722	3658.4627628326416
5722	3658.4627628326416
5723	3646.3825702667236
5723	3646.3825702667236
5724	3598.174571990967
5724	3598.174571990967
5725	3612.4813556671143
5725	3612.4813556671143
5726	3492.7875995635986
5726	3492.7875995635986
5727	3507.1449279785156
5727	3507.1449279785156
5728	3754.8248767852783
5728	3754.8248767852783
5729	4042.0892238616943
5729	4042.0892238616943
5730	4257.337331771851
5730	4257.337331771851
5731	3789.813280105591
5731	3789.813280105591
5732	3802.349090576172
5732	3802.349090576172
5733	3655.55477142334
5733	3655.55477142334
5734	3960.3590965270996
5734	3960.3590965270996
5735	3790.9305095672607
5735	3790.9305095672607
5736	3789.5357608795166
5736	3789.5357608795166
5737	3582.240343093872
5737	3582.240343093872
5738	3844.8023796081543
5738	3844.8023796081543
5739	3584.13028717041
5739	3584.13028717041
5740	4160.107612609863
5740	4160.107612609863
5741	3797.5714206695557
5741	3797.5714206695557
5742	3872.7688789367676
5742	3872.7688789367676
5743	3984.3831062316895
5743	3984.3831062316895
5744	3862.316846847534
5744	3862.316846847534
5745	3670.9694862365723
5745	3670.9694862365723
5746	3216.423511505127
5746	3216.423511505127
5747	3431.4472675323486
5747	3431.4472675323486
5748	3422.339677810669
5748	3422.339677810669
5749	3466.8197631835938
5749	3466.8197631835938
5750	3792.9012775421143
5750	3792.9012775421143
5751	3546.325206756592
5751	3546.325206756592
5752	3609.6954345703125
5752	3609.6954345703125
5753	3748.124837875366
5753	3748.124837875366
5754	3633.5697174072266
5754	3633.5697174072266
5755	3657.7563285827637
5755	3657.7563285827637
5756	3689.1255378723145
5756	3689.1255378723145
5757	3798.482894897461
5757	3798.482894897461
5758	3479.207754135132
5758	3479.207754135132
5759	3278.2866954803467
5759	3278.2866954803467
5760	4414.546489715576
5760	4414.546489715576
5761	3834.920883178711
5761	3834.920883178711
5762	2791.287899017334
5762	2791.287899017334
5763	3698.791265487671
5763	3698.791265487671
5764	3310.002565383911
5764	3310.002565383911
5765	3583.101272583008
5765	3583.101272583008
5766	3621.4804649353027
5766	3621.4804649353027
5767	3268.613815307617
5767	3268.613815307617
5768	3798.4306812286377
5768	3798.4306812286377
5769	3844.4266319274902
5769	3844.4266319274902
5770	3913.044214248657
5770	3913.044214248657
5771	2685.434103012085
5771	2685.434103012085
5772	2376.523017883301
5772	2376.523017883301
5773	3668.7216758728027
5773	3668.7216758728027
5774	3678.8060665130615
5774	3678.8060665130615
5775	3908.8265895843506
5775	3908.8265895843506
5776	3517.942190170288
5776	3517.942190170288
5777	3586.6305828094482
5777	3586.6305828094482
5778	3821.458339691162
5778	3821.458339691162
5779	3682.4066638946533
5779	3682.4066638946533
5780	4442.085266113281
5780	4442.085266113281
5781	3732.5408458709717
5781	3732.5408458709717
5782	3813.6327266693115
5782	3813.6327266693115
5783	3836.4975452423096
5783	3836.4975452423096
5784	3542.15931892395
5784	3542.15931892395
5785	3807.0859909057617
5785	3807.0859909057617
5786	3525.6173610687256
5786	3525.6173610687256
5787	3522.8710174560547
5787	3522.8710174560547
5788	3922.096014022827
5788	3922.096014022827
5789	3735.502004623413
5789	3735.502004623413
5790	4591.427564620972
5790	4591.427564620972
5791	3794.987440109253
5791	3794.987440109253
5792	3587.7037048339844
5792	3587.7037048339844
5793	3739.11452293396
5793	3739.11452293396
5794	3470.9997177124023
5794	3470.9997177124023
5795	3707.7741622924805
5795	3707.7741622924805
5796	3487.290620803833
5796	3487.290620803833
5797	3892.958879470825
5797	3892.958879470825
5798	3641.929864883423
5798	3641.929864883423
5799	3895.415782928467
5799	3895.415782928467
5800	4267.843246459961
5800	4267.843246459961
5801	3827.133893966675
5801	3827.133893966675
5802	3934.2164993286133
5802	3934.2164993286133
5803	3528.6636352539062
5803	3528.6636352539062
5804	3914.198160171509
5804	3914.198160171509
5805	3404.050827026367
5805	3404.050827026367
5806	3609.9748611450195
5806	3609.9748611450195
5807	3564.589738845825
5807	3564.589738845825
5808	3931.2736988067627
5808	3931.2736988067627
5809	3901.823043823242
5809	3901.823043823242
5810	4281.682252883911
5810	4281.682252883911
5811	3736.3650798797607
5811	3736.3650798797607
5812	4029.604434967041
5812	4029.604434967041
5813	3789.0169620513916
5813	3789.0169620513916
5814	3887.5741958618164
5814	3887.5741958618164
5815	3783.259153366089
5815	3783.259153366089
5816	3906.7533016204834
5816	3906.7533016204834
5817	3857.6111793518066
5817	3857.6111793518066
5818	3516.805648803711
5818	3516.805648803711
5819	3291.9352054595947
5819	3291.9352054595947
5820	4346.529006958008
5820	4346.529006958008
5821	3124.42946434021
5821	3124.42946434021
5822	3366.7540550231934
5822	3366.7540550231934
5823	3035.5732440948486
5823	3035.5732440948486
5824	3096.9276428222656
5824	3096.9276428222656
5825	3157.8762531280518
5825	3157.8762531280518
5826	3398.37384223938
5826	3398.37384223938
5827	3165.285348892212
5827	3165.285348892212
5828	3315.347671508789
5828	3315.347671508789
5829	3422.1179485321045
5829	3422.1179485321045
5830	3947.052478790283
5830	3947.052478790283
5831	3416.4814949035645
5831	3416.4814949035645
5832	3499.162197113037
5832	3499.162197113037
5833	3511.7995738983154
5833	3511.7995738983154
5834	3498.6746311187744
5834	3498.6746311187744
5835	3460.8068466186523
5835	3460.8068466186523
5836	3437.0973110198975
5836	3437.0973110198975
5837	2889.674663543701
5837	2889.674663543701
5838	3501.1065006256104
5838	3501.1065006256104
5839	3288.5329723358154
5839	3288.5329723358154
5840	4010.0769996643066
5840	4010.0769996643066
5841	3526.5891551971436
5841	3526.5891551971436
5842	3241.6207790374756
5842	3241.6207790374756
5843	3279.4058322906494
5843	3279.4058322906494
5844	3467.574119567871
5844	3467.574119567871
5845	3684.833288192749
5845	3684.833288192749
5846	3669.2655086517334
5846	3669.2655086517334
5847	3838.3326530456543
5847	3838.3326530456543
5848	3873.8436698913574
5848	3873.8436698913574
5849	3755.28883934021
5849	3755.28883934021
5850	4069.6606636047363
5850	4069.6606636047363
5851	3567.4636363983154
5851	3567.4636363983154
5852	3778.7771224975586
5852	3778.7771224975586
5853	3883.737087249756
5853	3883.737087249756
5854	3847.4011421203613
5854	3847.4011421203613
5855	3843.555450439453
5855	3843.555450439453
5856	3818.7692165374756
5856	3818.7692165374756
5857	4012.695789337158
5857	4012.695789337158
5858	3757.620334625244
5858	3757.620334625244
5859	3401.553153991699
5859	3401.553153991699
5860	4176.819562911987
5860	4176.819562911987
5861	3547.693967819214
5861	3547.693967819214
5862	3599.928379058838
5862	3599.928379058838
5863	3833.176374435425
5863	3833.176374435425
5864	3554.107189178467
5864	3554.107189178467
5865	3782.646894454956
5865	3782.646894454956
5866	3965.0959968566895
5866	3965.0959968566895
5867	3280.708074569702
5867	3280.708074569702
5868	3602.3640632629395
5868	3602.3640632629395
5869	3649.4503021240234
5869	3649.4503021240234
5870	4113.89684677124
5870	4113.89684677124
5871	3811.114549636841
5871	3811.114549636841
5872	3752.9237270355225
5872	3752.9237270355225
5873	3613.5880947113037
5873	3613.5880947113037
5874	3710.014820098877
5874	3710.014820098877
5875	3717.7677154541016
5875	3717.7677154541016
5876	3702.018976211548
5876	3702.018976211548
5877	3757.8532695770264
5877	3757.8532695770264
5878	3556.985378265381
5878	3556.985378265381
5879	3832.120895385742
5879	3832.120895385742
5880	4514.784336090088
5880	4514.784336090088
5881	3472.470760345459
5881	3472.470760345459
5882	3524.686336517334
5882	3524.686336517334
5883	3836.131811141968
5883	3836.131811141968
5884	3812.669038772583
5884	3812.669038772583
5885	3832.0837020874023
5885	3832.0837020874023
5886	3808.422327041626
5886	3808.422327041626
5887	3872.4422454833984
5887	3872.4422454833984
5888	3874.086856842041
5888	3874.086856842041
5889	3772.5539207458496
5889	3772.5539207458496
5890	4273.065567016602
5890	4273.065567016602
5891	3533.5779190063477
5891	3533.5779190063477
5892	3546.7076301574707
5892	3546.7076301574707
5893	3196.514844894409
5893	3196.514844894409
5894	3323.2345581054688
5894	3323.2345581054688
5895	3261.5115642547607
5895	3261.5115642547607
5896	3050.607442855835
5896	3050.607442855835
5897	3311.1369609832764
5897	3311.1369609832764
5898	3282.506227493286
5898	3282.506227493286
5899	3364.736318588257
5899	3364.736318588257
5900	4189.631938934326
5900	4189.631938934326
5901	3309.978723526001
5901	3309.978723526001
5902	3444.206714630127
5902	3444.206714630127
5903	3251.3771057128906
5903	3251.3771057128906
5904	3261.018991470337
5904	3261.018991470337
5905	3388.0739212036133
5905	3388.0739212036133
5906	3312.397241592407
5906	3312.397241592407
5907	3493.819236755371
5907	3493.819236755371
5908	3324.8960971832275
5908	3324.8960971832275
5909	3102.1039485931396
5909	3102.1039485931396
5910	3995.774030685425
5910	3995.774030685425
5911	3430.6771755218506
5911	3430.6771755218506
5912	3541.2094593048096
5912	3541.2094593048096
5913	3601.105213165283
5913	3601.105213165283
5914	3772.549629211426
5914	3772.549629211426
5915	3724.7211933135986
5915	3724.7211933135986
5916	3484.604835510254
5916	3484.604835510254
5917	2545.3944206237793
5917	2545.3944206237793
5918	3031.161069869995
5918	3031.161069869995
5919	3278.4817218780518
5919	3278.4817218780518
5920	4214.269161224365
5920	4214.269161224365
5921	3543.7939167022705
5921	3543.7939167022705
5922	3402.4507999420166
5922	3402.4507999420166
5923	3700.7579803466797
5923	3700.7579803466797
5924	3711.7459774017334
5924	3711.7459774017334
5925	3557.0831298828125
5925	3557.0831298828125
5926	3856.5127849578857
5926	3856.5127849578857
5927	3793.889284133911
5927	3793.889284133911
5928	3764.0552520751953
5928	3764.0552520751953
5929	3852.6504039764404
5929	3852.6504039764404
5930	4480.976104736328
5930	4480.976104736328
5931	3561.0928535461426
5931	3561.0928535461426
5932	3614.055871963501
5932	3614.055871963501
5933	3716.6318893432617
5933	3716.6318893432617
5934	3582.312822341919
5934	3582.312822341919
5935	4004.749536514282
5935	4004.749536514282
5936	3770.676612854004
5936	3770.676612854004
5937	3923.9304065704346
5937	3923.9304065704346
5938	3602.3194789886475
5938	3602.3194789886475
5939	3770.9906101226807
5939	3770.9906101226807
5940	4539.737224578857
5940	4539.737224578857
5941	3930.68790435791
5941	3930.68790435791
5942	3877.9242038726807
5942	3877.9242038726807
5943	3858.5565090179443
5943	3858.5565090179443
5944	3499.459981918335
5944	3499.459981918335
5945	3372.753143310547
5945	3372.753143310547
5946	3355.0639152526855
5946	3355.0639152526855
5947	3614.704370498657
5947	3614.704370498657
5948	3723.609209060669
5948	3723.609209060669
5949	3381.962537765503
5949	3381.962537765503
5950	4230.068922042847
5950	4230.068922042847
5951	3762.7413272857666
5951	3762.7413272857666
5952	3732.011318206787
5952	3732.011318206787
5953	3752.5224685668945
5953	3752.5224685668945
5954	3555.9041500091553
5954	3555.9041500091553
5955	3712.4905586242676
5955	3712.4905586242676
5956	3533.9407920837402
5956	3533.9407920837402
5957	3612.607717514038
5957	3612.607717514038
5958	3839.7481441497803
5958	3839.7481441497803
5959	3820.53804397583
5959	3820.53804397583
5960	4268.691062927246
5960	4268.691062927246
5961	3977.5280952453613
5961	3977.5280952453613
5962	3997.246265411377
5962	3997.246265411377
5963	3669.9512004852295
5963	3669.9512004852295
5964	3808.7334632873535
5964	3808.7334632873535
5965	3902.390241622925
5965	3902.390241622925
5966	3571.2192058563232
5966	3571.2192058563232
5967	3180.8676719665527
5967	3180.8676719665527
5968	3174.2312908172607
5968	3174.2312908172607
5969	2825.298309326172
5969	2825.298309326172
5970	3679.5499324798584
5970	3679.5499324798584
5971	3227.020263671875
5971	3227.020263671875
5972	3301.6932010650635
5972	3301.6932010650635
5973	2978.393316268921
5973	2978.393316268921
5974	3628.784418106079
5974	3628.784418106079
5975	3153.714179992676
5975	3153.714179992676
5976	3121.330976486206
5976	3121.330976486206
5977	3488.004446029663
5977	3488.004446029663
5978	3422.8296279907227
5978	3422.8296279907227
5979	3426.5389442443848
5979	3426.5389442443848
5980	3730.062484741211
5980	3730.062484741211
5981	3413.7980937957764
5981	3413.7980937957764
5982	3594.0961837768555
5982	3594.0961837768555
5983	2101.3238430023193
5983	2101.3238430023193
5984	2056.140422821045
5984	2056.140422821045
5985	1984.0896129608154
5985	1984.0896129608154
5986	2544.604539871216
5986	2544.604539871216
5987	2589.956283569336
5987	2589.956283569336
5988	2528.2773971557617
5988	2528.2773971557617
5989	2582.925796508789
5989	2582.925796508789
5990	3086.916446685791
5990	3086.916446685791
5991	2570.176601409912
5991	2570.176601409912
5992	2792.292594909668
5992	2792.292594909668
5993	2492.586851119995
5993	2492.586851119995
5994	2253.694772720337
5994	2253.694772720337
5995	2435.873031616211
5995	2435.873031616211
5996	2577.519178390503
5996	2577.519178390503
5997	2359.816312789917
5997	2359.816312789917
5998	2538.640022277832
5998	2538.640022277832
5999	2648.892879486084
5999	2648.892879486084
6000	17951.14755630493
6000	17951.14755630493
6001	2555.6483268737793
6001	2555.6483268737793
6002	2576.9009590148926
6002	2576.9009590148926
6003	2549.3826866149902
6003	2549.3826866149902
6004	2479.1312217712402
6004	2479.1312217712402
6005	2407.6268672943115
6005	2407.6268672943115
6006	2302.647113800049
6006	2302.647113800049
6007	2539.060592651367
6007	2539.060592651367
6008	2445.208787918091
6008	2445.208787918091
6009	2586.331367492676
6009	2586.331367492676
6010	2866.806983947754
6010	2866.806983947754
6011	2488.593816757202
6011	2488.593816757202
6012	2545.3474521636963
6012	2545.3474521636963
6013	2524.9712467193604
6013	2524.9712467193604
6014	2314.6841526031494
6014	2314.6841526031494
6015	2464.2395973205566
6015	2464.2395973205566
6016	2550.2305030822754
6016	2550.2305030822754
6017	2332.0302963256836
6017	2332.0302963256836
6018	1926.8665313720703
6018	1926.8665313720703
6019	2100.428581237793
6019	2100.428581237793
6020	2498.356342315674
6020	2498.356342315674
6021	2197.8511810302734
6021	2197.8511810302734
6022	2200.8345127105713
6022	2200.8345127105713
6023	2249.013662338257
6023	2249.013662338257
6024	2154.0703773498535
6024	2154.0703773498535
6025	2147.218942642212
6025	2147.218942642212
6026	1865.295171737671
6026	1865.295171737671
6027	2237.1652126312256
6027	2237.1652126312256
6028	2238.654136657715
6028	2238.654136657715
6029	2170.4790592193604
6029	2170.4790592193604
6030	2665.30704498291
6030	2665.30704498291
6031	1979.7711372375488
6031	1979.7711372375488
6032	2210.942268371582
6032	2210.942268371582
6033	2252.7339458465576
6033	2252.7339458465576
6034	2575.8185386657715
6034	2575.8185386657715
6035	2570.7759857177734
6035	2570.7759857177734
6036	2801.514148712158
6036	2801.514148712158
6037	1339.3173217773438
6037	1339.3173217773438
6038	1504.5578479766846
6038	1504.5578479766846
6039	2487.9984855651855
6039	2487.9984855651855
6040	2957.378387451172
6040	2957.378387451172
6041	2425.784111022949
6041	2425.784111022949
6042	2354.8598289489746
6042	2354.8598289489746
6043	2534.2845916748047
6043	2534.2845916748047
6044	2248.276710510254
6044	2248.276710510254
6045	2153.7461280822754
6045	2153.7461280822754
6046	2679.6529293060303
6046	2679.6529293060303
6047	2415.9443378448486
6047	2415.9443378448486
6048	2100.0380516052246
6048	2100.0380516052246
6049	2418.567419052124
6049	2418.567419052124
6050	3105.731248855591
6050	3105.731248855591
6051	2599.792242050171
6051	2599.792242050171
6052	2538.020610809326
6052	2538.020610809326
6053	2465.796709060669
6053	2465.796709060669
6054	2535.8710289001465
6054	2535.8710289001465
6055	2355.565309524536
6055	2355.565309524536
6056	2600.4860401153564
6056	2600.4860401153564
6057	2461.2176418304443
6057	2461.2176418304443
6058	2340.409755706787
6058	2340.409755706787
6059	2503.2641887664795
6059	2503.2641887664795
6060	3046.2350845336914
6060	3046.2350845336914
6061	2521.8863487243652
6061	2521.8863487243652
6062	2303.8766384124756
6062	2303.8766384124756
6063	2523.686647415161
6063	2523.686647415161
6064	2561.969757080078
6064	2561.969757080078
6065	2488.2190227508545
6065	2488.2190227508545
6066	2337.062358856201
6066	2337.062358856201
6067	2434.6485137939453
6067	2434.6485137939453
6068	2739.3877506256104
6068	2739.3877506256104
6069	2538.2795333862305
6069	2538.2795333862305
6070	2844.881772994995
6070	2844.881772994995
6071	2491.772413253784
6071	2491.772413253784
6072	2520.9813117980957
6072	2520.9813117980957
6073	2122.8573322296143
6073	2122.8573322296143
6074	2499.9430179595947
6074	2499.9430179595947
6075	2623.6066818237305
6075	2623.6066818237305
6076	2506.0980319976807
6076	2506.0980319976807
6077	2257.483720779419
6077	2257.483720779419
6078	2343.1780338287354
6078	2343.1780338287354
6079	2582.9007625579834
6079	2582.9007625579834
6080	3033.712148666382
6080	3033.712148666382
6081	1966.5253162384033
6081	1966.5253162384033
6082	2086.7326259613037
6082	2086.7326259613037
6083	2046.0889339447021
6083	2046.0889339447021
6084	2089.8125171661377
6084	2089.8125171661377
6085	2114.283561706543
6085	2114.283561706543
6086	2128.43918800354
6086	2128.43918800354
6087	2345.116376876831
6087	2345.116376876831
6088	2050.473213195801
6088	2050.473213195801
6089	2158.860445022583
6089	2158.860445022583
6090	2813.119888305664
6090	2813.119888305664
6091	2237.903118133545
6091	2237.903118133545
6092	2809.8526000976562
6092	2809.8526000976562
6093	2284.235715866089
6093	2284.235715866089
6094	2033.3521366119385
6094	2033.3521366119385
6095	3055.0599098205566
6095	3055.0599098205566
6096	2905.0960540771484
6096	2905.0960540771484
6097	3280.289888381958
6097	3280.289888381958
6098	3456.7227363586426
6098	3456.7227363586426
6099	3446.5813636779785
6099	3446.5813636779785
6100	4344.816207885742
6100	4344.816207885742
6101	3639.9195194244385
6101	3639.9195194244385
6102	3469.3076610565186
6102	3469.3076610565186
6103	3780.8785438537598
6103	3780.8785438537598
6104	3851.6242504119873
6104	3851.6242504119873
6105	4023.648262023926
6105	4023.648262023926
6106	3812.9215240478516
6106	3812.9215240478516
6107	3742.511034011841
6107	3742.511034011841
6108	3520.491361618042
6108	3520.491361618042
6109	3773.0472087860107
6109	3773.0472087860107
6110	4274.74308013916
6110	4274.74308013916
6111	3475.1858711242676
6111	3475.1858711242676
6112	3667.1862602233887
6112	3667.1862602233887
6113	3789.400815963745
6113	3789.400815963745
6114	3936.027765274048
6114	3936.027765274048
6115	3903.6242961883545
6115	3903.6242961883545
6116	3937.3581409454346
6116	3937.3581409454346
6117	3826.960325241089
6117	3826.960325241089
6118	3923.933506011963
6118	3923.933506011963
6119	3815.2377605438232
6119	3815.2377605438232
6120	3869.9252605438232
6120	3869.9252605438232
6121	3410.220146179199
6121	3410.220146179199
6122	3681.333303451538
6122	3681.333303451538
6123	3455.5869102478027
6123	3455.5869102478027
6124	3727.4413108825684
6124	3727.4413108825684
6125	3719.118118286133
6125	3719.118118286133
6126	3786.55743598938
6126	3786.55743598938
6127	3684.9892139434814
6127	3684.9892139434814
6128	3751.8763542175293
6128	3751.8763542175293
6129	3906.1012268066406
6129	3906.1012268066406
6130	4349.333763122559
6130	4349.333763122559
6131	3965.027332305908
6131	3965.027332305908
6132	3746.108055114746
6132	3746.108055114746
6133	3500.0267028808594
6133	3500.0267028808594
6134	3805.8063983917236
6134	3805.8063983917236
6135	3836.6448879241943
6135	3836.6448879241943
6136	3853.8854122161865
6136	3853.8854122161865
6137	3820.4617500305176
6137	3820.4617500305176
6138	3881.0477256774902
6138	3881.0477256774902
6139	3917.9577827453613
6139	3917.9577827453613
6140	4192.598581314087
6140	4192.598581314087
6141	3823.0152130126953
6141	3823.0152130126953
6142	4008.667230606079
6142	4008.667230606079
6143	3849.586248397827
6143	3849.586248397827
6144	3442.5570964813232
6144	3442.5570964813232
6145	3696.104049682617
6145	3696.104049682617
6146	3387.234687805176
6146	3387.234687805176
6147	3385.7975006103516
6147	3385.7975006103516
6148	3498.2147216796875
6148	3498.2147216796875
6149	3727.6148796081543
6149	3727.6148796081543
6150	4099.624872207642
6150	4099.624872207642
6151	3096.320629119873
6151	3096.320629119873
6152	3418.5726642608643
6152	3418.5726642608643
6153	3464.249610900879
6153	3464.249610900879
6154	3262.4645233154297
6154	3262.4645233154297
6155	3369.6537017822266
6155	3369.6537017822266
6156	3398.8707065582275
6156	3398.8707065582275
6157	3384.3674659729004
6157	3384.3674659729004
6158	3511.6629600524902
6158	3511.6629600524902
6159	3547.19614982605
6159	3547.19614982605
6160	4019.0188884735107
6160	4019.0188884735107
6161	3542.161226272583
6161	3542.161226272583
6162	3494.720458984375
6162	3494.720458984375
6163	3407.12571144104
6163	3407.12571144104
6164	3325.2174854278564
6164	3325.2174854278564
6165	3038.309097290039
6165	3038.309097290039
6166	3420.145034790039
6166	3420.145034790039
6167	3336.8637561798096
6167	3336.8637561798096
6168	3232.7933311462402
6168	3232.7933311462402
6169	3351.2210845947266
6169	3351.2210845947266
6170	3702.979564666748
6170	3702.979564666748
6171	3855.8716773986816
6171	3855.8716773986816
6172	3637.338638305664
6172	3637.338638305664
6173	3728.9083003997803
6173	3728.9083003997803
6174	2584.6803188323975
6174	2584.6803188323975
6175	2608.5126399993896
6175	2608.5126399993896
6176	3812.3819828033447
6176	3812.3819828033447
6177	3785.285234451294
6177	3785.285234451294
6178	3822.8375911712646
6178	3822.8375911712646
6179	3579.218626022339
6179	3579.218626022339
6180	4420.677185058594
6180	4420.677185058594
6181	3822.110652923584
6181	3822.110652923584
6182	3848.907232284546
6182	3848.907232284546
6183	3863.964557647705
6183	3863.964557647705
6184	3635.2479457855225
6184	3635.2479457855225
6185	3844.0284729003906
6185	3844.0284729003906
6186	3555.0198554992676
6186	3555.0198554992676
6187	3888.0774974823
6187	3888.0774974823
6188	3373.0859756469727
6188	3373.0859756469727
6189	3752.7835369110107
6189	3752.7835369110107
6190	4323.373556137085
6190	4323.373556137085
6191	3693.8657760620117
6191	3693.8657760620117
6192	3686.3348484039307
6192	3686.3348484039307
6193	3832.0279121398926
6193	3832.0279121398926
6194	3599.0114212036133
6194	3599.0114212036133
6195	3852.5543212890625
6195	3852.5543212890625
6196	3723.0687141418457
6196	3723.0687141418457
6197	3825.3419399261475
6197	3825.3419399261475
6198	3555.954694747925
6198	3555.954694747925
6199	3831.3047885894775
6199	3831.3047885894775
6200	4238.7402057647705
6200	4238.7402057647705
6201	3766.3941383361816
6201	3766.3941383361816
6202	3827.6383876800537
6202	3827.6383876800537
6203	3912.4224185943604
6203	3912.4224185943604
6204	3821.850538253784
6204	3821.850538253784
6205	3865.034341812134
6205	3865.034341812134
6206	3832.970380783081
6206	3832.970380783081
6207	3836.412191390991
6207	3836.412191390991
6208	3792.3991680145264
6208	3792.3991680145264
6209	3644.3700790405273
6209	3644.3700790405273
6210	4147.231101989746
6210	4147.231101989746
6211	3705.8799266815186
6211	3705.8799266815186
6212	3979.4697761535645
6212	3979.4697761535645
6213	3731.269598007202
6213	3731.269598007202
6214	3641.5491104125977
6214	3641.5491104125977
6215	3658.4084033966064
6215	3658.4084033966064
6216	3580.2783966064453
6216	3580.2783966064453
6217	3639.847993850708
6217	3639.847993850708
6218	3686.668872833252
6218	3686.668872833252
6219	3723.168134689331
6219	3723.168134689331
6220	4323.806524276733
6220	4323.806524276733
6221	3623.3861446380615
6221	3623.3861446380615
6222	3544.1503524780273
6222	3544.1503524780273
6223	3355.3712368011475
6223	3355.3712368011475
6224	3320.9290504455566
6224	3320.9290504455566
6225	3478.3055782318115
6225	3478.3055782318115
6226	3455.7361602783203
6226	3455.7361602783203
6227	3363.147258758545
6227	3363.147258758545
6228	3434.9565505981445
6228	3434.9565505981445
6229	3248.457193374634
6229	3248.457193374634
6230	3985.5246543884277
6230	3985.5246543884277
6231	3558.3999156951904
6231	3558.3999156951904
6232	3494.6341514587402
6232	3494.6341514587402
6233	3504.6701431274414
6233	3504.6701431274414
6234	3312.1650218963623
6234	3312.1650218963623
6235	3143.730401992798
6235	3143.730401992798
6236	3464.0462398529053
6236	3464.0462398529053
6237	3448.3044147491455
6237	3448.3044147491455
6238	3373.2471466064453
6238	3373.2471466064453
6239	3587.4407291412354
6239	3587.4407291412354
6240	4163.599967956543
6240	4163.599967956543
6241	3636.5580558776855
6241	3636.5580558776855
6242	3689.2597675323486
6242	3689.2597675323486
6243	3643.4075832366943
6243	3643.4075832366943
6244	3855.61203956604
6244	3855.61203956604
6245	3503.204822540283
6245	3503.204822540283
6246	4171.475887298584
6246	4171.475887298584
6247	3530.703067779541
6247	3530.703067779541
6248	3339.019536972046
6248	3339.019536972046
6249	3515.143871307373
6249	3515.143871307373
6250	4732.386589050293
6250	4732.386589050293
6251	4100.12149810791
6251	4100.12149810791
6252	4070.030927658081
6252	4070.030927658081
6253	4068.5458183288574
6253	4068.5458183288574
6254	4136.771202087402
6254	4136.771202087402
6255	4261.584281921387
6255	4261.584281921387
6256	4085.355043411255
6256	4085.355043411255
6257	4088.9618396759033
6257	4088.9618396759033
6258	4054.577112197876
6258	4054.577112197876
6259	3901.7741680145264
6259	3901.7741680145264
6260	4325.553894042969
6260	4325.553894042969
6261	3908.4649085998535
6261	3908.4649085998535
6262	3844.085216522217
6262	3844.085216522217
6263	2994.380474090576
6263	2994.380474090576
6264	3378.493547439575
6264	3378.493547439575
6265	3225.3551483154297
6265	3225.3551483154297
6266	2986.2325191497803
6266	2986.2325191497803
6267	3289.5476818084717
6267	3289.5476818084717
6268	3299.058675765991
6268	3299.058675765991
6269	3454.084873199463
6269	3454.084873199463
6270	4553.865432739258
6270	4553.865432739258
6271	3827.242374420166
6271	3827.242374420166
6272	3642.8396701812744
6272	3642.8396701812744
6273	3797.5034713745117
6273	3797.5034713745117
6274	3961.0185623168945
6274	3961.0185623168945
6275	3610.8741760253906
6275	3610.8741760253906
6276	3830.355405807495
6276	3830.355405807495
6277	3263.8700008392334
6277	3263.8700008392334
6278	3379.139184951782
6278	3379.139184951782
6279	3413.7330055236816
6279	3413.7330055236816
6280	4229.425430297852
6280	4229.425430297852
6281	3478.2044887542725
6281	3478.2044887542725
6282	3397.8848457336426
6282	3397.8848457336426
6283	3741.380214691162
6283	3741.380214691162
6284	3785.536050796509
6284	3785.536050796509
6285	3592.2303199768066
6285	3592.2303199768066
6286	3752.776861190796
6286	3752.776861190796
6287	3951.216697692871
6287	3951.216697692871
6288	3507.638692855835
6288	3507.638692855835
6289	3383.3680152893066
6289	3383.3680152893066
6290	4050.7311820983887
6290	4050.7311820983887
6291	3376.7285346984863
6291	3376.7285346984863
6292	3781.364917755127
6292	3781.364917755127
6293	3880.9080123901367
6293	3880.9080123901367
6294	3499.04465675354
6294	3499.04465675354
6295	3301.0361194610596
6295	3301.0361194610596
6296	3372.020959854126
6296	3372.020959854126
6297	3108.4651947021484
6297	3108.4651947021484
6298	3349.4601249694824
6298	3349.4601249694824
6299	3413.5901927948
6299	3413.5901927948
6300	3662.6439094543457
6300	3662.6439094543457
6301	3188.4775161743164
6301	3188.4775161743164
6302	3213.6831283569336
6302	3213.6831283569336
6303	3495.898962020874
6303	3495.898962020874
6304	3528.815746307373
6304	3528.815746307373
6305	3526.384115219116
6305	3526.384115219116
6306	3564.671516418457
6306	3564.671516418457
6307	3621.2620735168457
6307	3621.2620735168457
6308	3479.7308444976807
6308	3479.7308444976807
6309	3180.6209087371826
6309	3180.6209087371826
6310	3488.178253173828
6310	3488.178253173828
6311	3334.843158721924
6311	3334.843158721924
6312	3432.0998191833496
6312	3432.0998191833496
6313	3108.213186264038
6313	3108.213186264038
6314	3403.7609100341797
6314	3403.7609100341797
6315	3823.2462406158447
6315	3823.2462406158447
6316	3870.689630508423
6316	3870.689630508423
6317	3736.417531967163
6317	3736.417531967163
6318	3295.071840286255
6318	3295.071840286255
6319	2699.0456581115723
6319	2699.0456581115723
6320	3096.623659133911
6320	3096.623659133911
6321	3510.788917541504
6321	3510.788917541504
6322	3228.217363357544
6322	3228.217363357544
6323	3531.9058895111084
6323	3531.9058895111084
6324	3498.577356338501
6324	3498.577356338501
6325	3643.927574157715
6325	3643.927574157715
6326	3326.8611431121826
6326	3326.8611431121826
6327	3307.539939880371
6327	3307.539939880371
6328	3476.263999938965
6328	3476.263999938965
6329	3493.542194366455
6329	3493.542194366455
6330	4044.0914630889893
6330	4044.0914630889893
6331	3217.3166275024414
6331	3217.3166275024414
6332	2924.323797225952
6332	2924.323797225952
6333	3217.705011367798
6333	3217.705011367798
6334	3250.8018016815186
6334	3250.8018016815186
6335	3311.030864715576
6335	3311.030864715576
6336	3317.8157806396484
6336	3317.8157806396484
6337	3328.019380569458
6337	3328.019380569458
6338	3303.4660816192627
6338	3303.4660816192627
6339	3379.6756267547607
6339	3379.6756267547607
6340	3854.156732559204
6340	3854.156732559204
6341	3394.7813510894775
6341	3394.7813510894775
6342	2389.1749382019043
6342	2389.1749382019043
6343	2803.797960281372
6343	2803.797960281372
6344	2394.0157890319824
6344	2394.0157890319824
6345	2685.248851776123
6345	2685.248851776123
6346	2843.9323902130127
6346	2843.9323902130127
6347	2659.0445041656494
6347	2659.0445041656494
6348	2731.5235137939453
6348	2731.5235137939453
6349	1970.4508781433105
6349	1970.4508781433105
6350	4065.6046867370605
6350	4065.6046867370605
6351	3421.3924407958984
6351	3421.3924407958984
6352	3749.6445178985596
6352	3749.6445178985596
6353	3381.1473846435547
6353	3381.1473846435547
6354	3736.2427711486816
6354	3736.2427711486816
6355	3806.549072265625
6355	3806.549072265625
6356	3725.755453109741
6356	3725.755453109741
6357	3704.9758434295654
6357	3704.9758434295654
6358	3741.80269241333
6358	3741.80269241333
6359	3764.150619506836
6359	3764.150619506836
6360	4206.872463226318
6360	4206.872463226318
6361	3925.1585006713867
6361	3925.1585006713867
6362	3802.964210510254
6362	3802.964210510254
6363	3314.1379356384277
6363	3314.1379356384277
6364	3896.2035179138184
6364	3896.2035179138184
6365	3832.583427429199
6365	3832.583427429199
6366	3875.035524368286
6366	3875.035524368286
6367	2596.6973304748535
6367	2596.6973304748535
6368	2457.913637161255
6368	2457.913637161255
6369	2518.2275772094727
6369	2518.2275772094727
6370	3219.4364070892334
6370	3219.4364070892334
6371	2697.603464126587
6371	2697.603464126587
6372	2430.779218673706
6372	2430.779218673706
6373	2426.4614582061768
6373	2426.4614582061768
6374	2321.502447128296
6374	2321.502447128296
6375	2660.4533195495605
6375	2660.4533195495605
6376	2741.6837215423584
6376	2741.6837215423584
6377	2504.1182041168213
6377	2504.1182041168213
6378	2466.2883281707764
6378	2466.2883281707764
6379	2493.8786029815674
6379	2493.8786029815674
6380	3173.2406616210938
6380	3173.2406616210938
6381	2524.052143096924
6381	2524.052143096924
6382	2809.969663619995
6382	2809.969663619995
6383	2588.4788036346436
6383	2588.4788036346436
6384	2573.1825828552246
6384	2573.1825828552246
6385	2710.4313373565674
6385	2710.4313373565674
6386	2516.885995864868
6386	2516.885995864868
6387	2499.12428855896
6387	2499.12428855896
6388	2548.4790802001953
6388	2548.4790802001953
6389	2244.0178394317627
6389	2244.0178394317627
6390	3063.9543533325195
6390	3063.9543533325195
6391	2530.7977199554443
6391	2530.7977199554443
6392	2606.1348915100098
6392	2606.1348915100098
6393	2266.4945125579834
6393	2266.4945125579834
6394	2151.393413543701
6394	2151.393413543701
6395	2109.090566635132
6395	2109.090566635132
6396	1964.850902557373
6396	1964.850902557373
6397	1889.840841293335
6397	1889.840841293335
6398	2193.711042404175
6398	2193.711042404175
6399	1959.4838619232178
6399	1959.4838619232178
6400	2640.028953552246
6400	2640.028953552246
6401	2318.6399936676025
6401	2318.6399936676025
6402	2208.862781524658
6402	2208.862781524658
6403	2241.955280303955
6403	2241.955280303955
6404	2014.9798393249512
6404	2014.9798393249512
6405	2185.2128505706787
6405	2185.2128505706787
6406	2166.790723800659
6406	2166.790723800659
6407	2054.9628734588623
6407	2054.9628734588623
6408	2157.923460006714
6408	2157.923460006714
6409	2029.996633529663
6409	2029.996633529663
6410	2655.0776958465576
6410	2655.0776958465576
6411	2394.298315048218
6411	2394.298315048218
6412	2732.8763008117676
6412	2732.8763008117676
6413	2456.7975997924805
6413	2456.7975997924805
6414	2512.766122817993
6414	2512.766122817993
6415	2284.6434116363525
6415	2284.6434116363525
6416	2605.680465698242
6416	2605.680465698242
6417	2635.842800140381
6417	2635.842800140381
6418	2671.189308166504
6418	2671.189308166504
6419	2544.4109439849854
6419	2544.4109439849854
6420	3022.87220954895
6420	3022.87220954895
6421	2496.9615936279297
6421	2496.9615936279297
6422	2566.7097568511963
6422	2566.7097568511963
6423	2532.653570175171
6423	2532.653570175171
6424	2761.528491973877
6424	2761.528491973877
6425	2558.8059425354004
6425	2558.8059425354004
6426	1939.8996829986572
6426	1939.8996829986572
6427	2759.9093914031982
6427	2759.9093914031982
6428	2333.0461978912354
6428	2333.0461978912354
6429	2492.1717643737793
6429	2492.1717643737793
6430	3151.9038677215576
6430	3151.9038677215576
6431	2611.196517944336
6431	2611.196517944336
6432	2415.7350063323975
6432	2415.7350063323975
6433	2384.052038192749
6433	2384.052038192749
6434	2636.6934776306152
6434	2636.6934776306152
6435	2529.0794372558594
6435	2529.0794372558594
6436	2404.806613922119
6436	2404.806613922119
6437	2541.398048400879
6437	2541.398048400879
6438	2330.7878971099854
6438	2330.7878971099854
6439	2588.7138843536377
6439	2588.7138843536377
6440	3118.126153945923
6440	3118.126153945923
6441	2600.2042293548584
6441	2600.2042293548584
6442	2356.510639190674
6442	2356.510639190674
6443	2615.1998043060303
6443	2615.1998043060303
6444	2590.177059173584
6444	2590.177059173584
6445	2571.98166847229
6445	2571.98166847229
6446	2490.6201362609863
6446	2490.6201362609863
6447	2584.670305252075
6447	2584.670305252075
6448	2547.3179817199707
6448	2547.3179817199707
6449	2575.2809047698975
6449	2575.2809047698975
6450	2858.945608139038
6450	2858.945608139038
6451	2627.370595932007
6451	2627.370595932007
6452	2668.959856033325
6452	2668.959856033325
6453	2542.5729751586914
6453	2542.5729751586914
6454	2558.671712875366
6454	2558.671712875366
6455	2231.333017349243
6455	2231.333017349243
6456	2153.6500453948975
6456	2153.6500453948975
6457	2134.908676147461
6457	2134.908676147461
6458	1978.6369800567627
6458	1978.6369800567627
6459	1894.9100971221924
6459	1894.9100971221924
6460	2586.9243144989014
6460	2586.9243144989014
6461	2259.6309185028076
6461	2259.6309185028076
6462	2242.158889770508
6462	2242.158889770508
6463	2127.9046535491943
6463	2127.9046535491943
6464	2220.7655906677246
6464	2220.7655906677246
6465	2179.793119430542
6465	2179.793119430542
6466	2215.155601501465
6466	2215.155601501465
6467	2053.525686264038
6467	2053.525686264038
6468	2271.44455909729
6468	2271.44455909729
6469	1943.5186386108398
6469	1943.5186386108398
6470	2435.764789581299
6470	2435.764789581299
6471	1829.6129703521729
6471	1829.6129703521729
6472	1979.3603420257568
6472	1979.3603420257568
6473	2573.627471923828
6473	2573.627471923828
6474	2641.230583190918
6474	2641.230583190918
6475	2411.543607711792
6475	2411.543607711792
6476	1297.2345352172852
6476	1297.2345352172852
6477	1185.4653358459473
6477	1185.4653358459473
6478	2751.089334487915
6478	2751.089334487915
6479	2517.702341079712
6479	2517.702341079712
6480	3113.3856773376465
6480	3113.3856773376465
6481	2764.503002166748
6481	2764.503002166748
6482	2864.4776344299316
6482	2864.4776344299316
6483	2532.581567764282
6483	2532.581567764282
6484	2755.009889602661
6484	2755.009889602661
6485	2582.9780101776123
6485	2582.9780101776123
6486	2572.1473693847656
6486	2572.1473693847656
6487	2535.792112350464
6487	2535.792112350464
6488	2515.3303146362305
6488	2515.3303146362305
6489	2300.3854751586914
6489	2300.3854751586914
6490	3129.0712356567383
6490	3129.0712356567383
6491	2562.486171722412
6491	2562.486171722412
6492	2422.639846801758
6492	2422.639846801758
6493	2503.674268722534
6493	2503.674268722534
6494	2973.399877548218
6494	2973.399877548218
6495	3102.672338485718
6495	3102.672338485718
6496	2698.0113983154297
6496	2698.0113983154297
6497	2618.2825565338135
6497	2618.2825565338135
6498	2318.4189796447754
6498	2318.4189796447754
6499	2936.439037322998
6499	2936.439037322998
6500	14565.922021865845
6500	14565.922021865845
6501	3872.652053833008
6501	3872.652053833008
6502	3908.183813095093
6502	3908.183813095093
6503	3841.10689163208
6503	3841.10689163208
6504	3889.1193866729736
6504	3889.1193866729736
6505	3668.59769821167
6505	3668.59769821167
6506	3461.717128753662
6506	3461.717128753662
6507	3480.3991317749023
6507	3480.3991317749023
6508	3503.164291381836
6508	3503.164291381836
6509	3490.400791168213
6509	3490.400791168213
6510	3869.237184524536
6510	3869.237184524536
6511	2932.509660720825
6511	2932.509660720825
6512	3371.8998432159424
6512	3371.8998432159424
6513	3370.2797889709473
6513	3370.2797889709473
6514	3432.080030441284
6514	3432.080030441284
6515	3391.941785812378
6515	3391.941785812378
6516	3215.3079509735107
6516	3215.3079509735107
6517	3387.4101638793945
6517	3387.4101638793945
6518	3217.972993850708
6518	3217.972993850708
6519	3437.530279159546
6519	3437.530279159546
6520	4074.8329162597656
6520	4074.8329162597656
6521	3443.1557655334473
6521	3443.1557655334473
6522	3579.157590866089
6522	3579.157590866089
6523	3414.752721786499
6523	3414.752721786499
6524	3507.2503089904785
6524	3507.2503089904785
6525	3657.5214862823486
6525	3657.5214862823486
6526	3801.100015640259
6526	3801.100015640259
6527	3351.284980773926
6527	3351.284980773926
6528	3574.5553970336914
6528	3574.5553970336914
6529	3666.7699813842773
6529	3666.7699813842773
6530	4173.832416534424
6530	4173.832416534424
6531	3708.303689956665
6531	3708.303689956665
6532	3707.7012062072754
6532	3707.7012062072754
6533	3783.832311630249
6533	3783.832311630249
6534	3823.5068321228027
6534	3823.5068321228027
6535	3591.7794704437256
6535	3591.7794704437256
6536	3502.4333000183105
6536	3502.4333000183105
6537	3323.698043823242
6537	3323.698043823242
6538	3745.3110218048096
6538	3745.3110218048096
6539	3553.9603233337402
6539	3553.9603233337402
6540	4269.741058349609
6540	4269.741058349609
6541	3862.163543701172
6541	3862.163543701172
6542	3936.2635612487793
6542	3936.2635612487793
6543	3686.387538909912
6543	3686.387538909912
6544	3887.8161907196045
6544	3887.8161907196045
6545	3587.8422260284424
6545	3587.8422260284424
6546	3827.589273452759
6546	3827.589273452759
6547	3895.197629928589
6547	3895.197629928589
6548	3582.5276374816895
6548	3582.5276374816895
6549	3914.177417755127
6549	3914.177417755127
6550	4536.529302597046
6550	4536.529302597046
6551	3708.9762687683105
6551	3708.9762687683105
6552	3176.9514083862305
6552	3176.9514083862305
6553	3615.8573627471924
6553	3615.8573627471924
6554	3711.67254447937
6554	3711.67254447937
6555	3695.3516006469727
6555	3695.3516006469727
6556	3853.834629058838
6556	3853.834629058838
6557	3760.8494758605957
6557	3760.8494758605957
6558	3640.272617340088
6558	3640.272617340088
6559	3940.5157566070557
6559	3940.5157566070557
6560	4293.571472167969
6560	4293.571472167969
6561	3507.744789123535
6561	3507.744789123535
6562	3825.5462646484375
6562	3825.5462646484375
6563	3735.105276107788
6563	3735.105276107788
6564	3516.9310569763184
6564	3516.9310569763184
6565	3509.7973346710205
6565	3509.7973346710205
6566	3842.6525592803955
6566	3842.6525592803955
6567	3790.6293869018555
6567	3790.6293869018555
6568	3824.8283863067627
6568	3824.8283863067627
6569	3817.7034854888916
6569	3817.7034854888916
6570	4427.4492263793945
6570	4427.4492263793945
6571	3529.352903366089
6571	3529.352903366089
6572	3584.6951007843018
6572	3584.6951007843018
6573	3672.9817390441895
6573	3672.9817390441895
6574	3469.4361686706543
6574	3469.4361686706543
6575	3986.2005710601807
6575	3986.2005710601807
6576	3062.227487564087
6576	3062.227487564087
6577	3367.360830307007
6577	3367.360830307007
6578	3399.167776107788
6578	3399.167776107788
6579	3358.0524921417236
6579	3358.0524921417236
6580	3993.9980506896973
6580	3993.9980506896973
6581	3463.669776916504
6581	3463.669776916504
6582	3344.0470695495605
6582	3344.0470695495605
6583	3552.53267288208
6583	3552.53267288208
6584	3508.283853530884
6584	3508.283853530884
6585	3522.8021144866943
6585	3522.8021144866943
6586	3639.2006874084473
6586	3639.2006874084473
6587	3467.116594314575
6587	3467.116594314575
6588	3564.6774768829346
6588	3564.6774768829346
6589	3570.9354877471924
6589	3570.9354877471924
6590	3795.3412532806396
6590	3795.3412532806396
6591	3260.8888149261475
6591	3260.8888149261475
6592	3307.448148727417
6592	3307.448148727417
6593	3535.6292724609375
6593	3535.6292724609375
6594	3462.348222732544
6594	3462.348222732544
6595	3569.6990489959717
6595	3569.6990489959717
6596	3738.739013671875
6596	3738.739013671875
6597	3647.075653076172
6597	3647.075653076172
6598	3346.6203212738037
6598	3346.6203212738037
6599	3513.8726234436035
6599	3513.8726234436035
6600	3016.0152912139893
6600	3016.0152912139893
6601	3455.2383422851562
6601	3455.2383422851562
6602	3830.5842876434326
6602	3830.5842876434326
6603	3840.7866954803467
6603	3840.7866954803467
6604	3740.5807971954346
6604	3740.5807971954346
6605	3801.5449047088623
6605	3801.5449047088623
6606	3811.598539352417
6606	3811.598539352417
6607	3812.486410140991
6607	3812.486410140991
6608	3772.855758666992
6608	3772.855758666992
6609	3654.4439792633057
6609	3654.4439792633057
6610	4497.6630210876465
6610	4497.6630210876465
6611	3819.418430328369
6611	3819.418430328369
6612	3823.2195377349854
6612	3823.2195377349854
6613	3820.258855819702
6613	3820.258855819702
6614	3791.538953781128
6614	3791.538953781128
6615	3476.1178493499756
6615	3476.1178493499756
6616	3829.18119430542
6616	3829.18119430542
6617	3919.0053939819336
6617	3919.0053939819336
6618	3775.540351867676
6618	3775.540351867676
6619	3633.7220668792725
6619	3633.7220668792725
6620	4668.350696563721
6620	4668.350696563721
6621	3567.4190521240234
6621	3567.4190521240234
6622	3594.202756881714
6622	3594.202756881714
6623	3684.063673019409
6623	3684.063673019409
6624	3775.5484580993652
6624	3775.5484580993652
6625	3726.8893718719482
6625	3726.8893718719482
6626	3434.742212295532
6626	3434.742212295532
6627	3481.842517852783
6627	3481.842517852783
6628	3556.8628311157227
6628	3556.8628311157227
6629	3977.00834274292
6629	3977.00834274292
6630	4310.71925163269
6630	4310.71925163269
6631	3830.0914764404297
6631	3830.0914764404297
6632	3757.807493209839
6632	3757.807493209839
6633	3743.518829345703
6633	3743.518829345703
6634	3839.446783065796
6634	3839.446783065796
6635	3901.888132095337
6635	3901.888132095337
6636	3809.3483448028564
6636	3809.3483448028564
6637	3555.0718307495117
6637	3555.0718307495117
6638	3896.763801574707
6638	3896.763801574707
6639	3603.1172275543213
6639	3603.1172275543213
6640	4107.726335525513
6640	4107.726335525513
6641	3875.6556510925293
6641	3875.6556510925293
6642	3779.174327850342
6642	3779.174327850342
6643	3849.574089050293
6643	3849.574089050293
6644	3546.813726425171
6644	3546.813726425171
6645	3617.3629760742188
6645	3617.3629760742188
6646	3492.295980453491
6646	3492.295980453491
6647	3341.7882919311523
6647	3341.7882919311523
6648	3415.480852127075
6648	3415.480852127075
6649	3331.8629264831543
6649	3331.8629264831543
6650	3944.701671600342
6650	3944.701671600342
6651	3297.356128692627
6651	3297.356128692627
6652	3514.3284797668457
6652	3514.3284797668457
6653	3110.858201980591
6653	3110.858201980591
6654	3463.312864303589
6654	3463.312864303589
6655	3169.2841053009033
6655	3169.2841053009033
6656	3182.22975730896
6656	3182.22975730896
6657	3423.161506652832
6657	3423.161506652832
6658	3618.385076522827
6658	3618.385076522827
6659	3300.621509552002
6659	3300.621509552002
6660	3949.6657848358154
6660	3949.6657848358154
6661	3527.578830718994
6661	3527.578830718994
6662	3381.0079097747803
6662	3381.0079097747803
6663	3497.4582195281982
6663	3497.4582195281982
6664	3540.6980514526367
6664	3540.6980514526367
6665	3447.927236557007
6665	3447.927236557007
6666	3144.61350440979
6666	3144.61350440979
6667	3236.2096309661865
6667	3236.2096309661865
6668	3242.474317550659
6668	3242.474317550659
6669	3359.8406314849854
6669	3359.8406314849854
6670	4239.882469177246
6670	4239.882469177246
6671	3712.2561931610107
6671	3712.2561931610107
6672	3685.4050159454346
6672	3685.4050159454346
6673	3780.9181213378906
6673	3780.9181213378906
6674	3513.5843753814697
6674	3513.5843753814697
6675	3606.3544750213623
6675	3606.3544750213623
6676	3602.780342102051
6676	3602.780342102051
6677	3815.3936862945557
6677	3815.3936862945557
6678	3549.306869506836
6678	3549.306869506836
6679	3608.9179515838623
6679	3608.9179515838623
6680	4332.218170166016
6680	4332.218170166016
6681	3839.2539024353027
6681	3839.2539024353027
6682	3960.902214050293
6682	3960.902214050293
6683	3957.9124450683594
6683	3957.9124450683594
6684	3877.096652984619
6684	3877.096652984619
6685	3552.5457859039307
6685	3552.5457859039307
6686	3910.0301265716553
6686	3910.0301265716553
6687	3801.832437515259
6687	3801.832437515259
6688	3882.725715637207
6688	3882.725715637207
6689	3869.9753284454346
6689	3869.9753284454346
6690	4273.41365814209
6690	4273.41365814209
6691	3605.398654937744
6691	3605.398654937744
6692	3655.3657054901123
6692	3655.3657054901123
6693	3728.504419326782
6693	3728.504419326782
6694	3457.796573638916
6694	3457.796573638916
6695	3494.4827556610107
6695	3494.4827556610107
6696	3830.1162719726562
6696	3830.1162719726562
6697	3727.543354034424
6697	3727.543354034424
6698	3794.861078262329
6698	3794.861078262329
6699	3925.9588718414307
6699	3925.9588718414307
6700	4354.819059371948
6700	4354.819059371948
6701	3823.7929344177246
6701	3823.7929344177246
6702	3837.8968238830566
6702	3837.8968238830566
6703	3575.382709503174
6703	3575.382709503174
6704	3281.1994552612305
6704	3281.1994552612305
6705	3378.4232139587402
6705	3378.4232139587402
6706	3704.4143676757812
6706	3704.4143676757812
6707	3479.3624877929688
6707	3479.3624877929688
6708	3715.2533531188965
6708	3715.2533531188965
6709	3818.112373352051
6709	3818.112373352051
6710	4437.0057582855225
6710	4437.0057582855225
6711	3751.917839050293
6711	3751.917839050293
6712	3884.220600128174
6712	3884.220600128174
6713	3999.7527599334717
6713	3999.7527599334717
6714	3547.5986003875732
6714	3547.5986003875732
6715	3745.0506687164307
6715	3745.0506687164307
6716	3775.735855102539
6716	3775.735855102539
6717	3824.6800899505615
6717	3824.6800899505615
6718	3793.9319610595703
6718	3793.9319610595703
6719	3476.250648498535
6719	3476.250648498535
6720	3940.530300140381
6720	3940.530300140381
6721	3441.1282539367676
6721	3441.1282539367676
6722	3414.1907691955566
6722	3414.1907691955566
6723	3182.9469203948975
6723	3182.9469203948975
6724	3519.606351852417
6724	3519.606351852417
6725	3455.2035331726074
6725	3455.2035331726074
6726	3577.3284435272217
6726	3577.3284435272217
6727	3167.550802230835
6727	3167.550802230835
6728	2892.293691635132
6728	2892.293691635132
6729	3486.462354660034
6729	3486.462354660034
6730	4323.788404464722
6730	4323.788404464722
6731	3606.968402862549
6731	3606.968402862549
6732	3548.016309738159
6732	3548.016309738159
6733	3765.346050262451
6733	3765.346050262451
6734	3622.265338897705
6734	3622.265338897705
6735	3485.912799835205
6735	3485.912799835205
6736	3373.105525970459
6736	3373.105525970459
6737	3692.779779434204
6737	3692.779779434204
6738	3785.2718830108643
6738	3785.2718830108643
6739	3571.0344314575195
6739	3571.0344314575195
6740	4719.671964645386
6740	4719.671964645386
6741	3534.581422805786
6741	3534.581422805786
6742	3955.894947052002
6742	3955.894947052002
6743	2264.948606491089
6743	2264.948606491089
6744	2065.3178691864014
6744	2065.3178691864014
6745	3854.740858078003
6745	3854.740858078003
6746	3646.0275650024414
6746	3646.0275650024414
6747	3633.6586475372314
6747	3633.6586475372314
6748	3847.9912281036377
6748	3847.9912281036377
6749	3855.426788330078
6749	3855.426788330078
6750	4496.685743331909
6750	4496.685743331909
6751	3589.8518562316895
6751	3589.8518562316895
6752	3637.270212173462
6752	3637.270212173462
6753	3660.7983112335205
6753	3660.7983112335205
6754	3616.652011871338
6754	3616.652011871338
6755	3431.894540786743
6755	3431.894540786743
6756	3408.3962440490723
6756	3408.3962440490723
6757	3664.4446849823
6757	3664.4446849823
6758	3648.592710494995
6758	3648.592710494995
6759	3674.973249435425
6759	3674.973249435425
6760	4274.483203887939
6760	4274.483203887939
6761	3876.7027854919434
6761	3876.7027854919434
6762	3759.4709396362305
6762	3759.4709396362305
6763	3881.5407752990723
6763	3881.5407752990723
6764	3545.060873031616
6764	3545.060873031616
6765	3472.709894180298
6765	3472.709894180298
6766	3801.0523319244385
6766	3801.0523319244385
6767	3807.6999187469482
6767	3807.6999187469482
6768	2555.433511734009
6768	2555.433511734009
6769	2542.855739593506
6769	2542.855739593506
6770	3198.951244354248
6770	3198.951244354248
6771	2484.553098678589
6771	2484.553098678589
6772	2434.8483085632324
6772	2434.8483085632324
6773	2554.8999309539795
6773	2554.8999309539795
6774	2617.513418197632
6774	2617.513418197632
6775	2538.989305496216
6775	2538.989305496216
6776	2541.5360927581787
6776	2541.5360927581787
6777	2628.39674949646
6777	2628.39674949646
6778	2572.8986263275146
6778	2572.8986263275146
6779	2280.1613807678223
6779	2280.1613807678223
6780	2943.516969680786
6780	2943.516969680786
6781	2556.4048290252686
6781	2556.4048290252686
6782	2566.3130283355713
6782	2566.3130283355713
6783	2557.7001571655273
6783	2557.7001571655273
6784	2337.8894329071045
6784	2337.8894329071045
6785	2623.8059997558594
6785	2623.8059997558594
6786	2488.5294437408447
6786	2488.5294437408447
6787	2441.0386085510254
6787	2441.0386085510254
6788	2193.4280395507812
6788	2193.4280395507812
6789	2016.2181854248047
6789	2016.2181854248047
6790	2738.4817600250244
6790	2738.4817600250244
6791	2072.7779865264893
6791	2072.7779865264893
6792	2238.2943630218506
6792	2238.2943630218506
6793	1947.2923278808594
6793	1947.2923278808594
6794	2309.736728668213
6794	2309.736728668213
6795	2334.766387939453
6795	2334.766387939453
6796	2272.5656032562256
6796	2272.5656032562256
6797	2314.168691635132
6797	2314.168691635132
6798	2212.1896743774414
6798	2212.1896743774414
6799	2184.596061706543
6799	2184.596061706543
6800	2749.8559951782227
6800	2749.8559951782227
6801	2227.0805835723877
6801	2227.0805835723877
6802	2151.592493057251
6802	2151.592493057251
6803	2233.7474822998047
6803	2233.7474822998047
6804	1831.7368030548096
6804	1831.7368030548096
6805	2287.642478942871
6805	2287.642478942871
6806	2549.771308898926
6806	2549.771308898926
6807	2607.8686714172363
6807	2607.8686714172363
6808	2567.5055980682373
6808	2567.5055980682373
6809	2449.568033218384
6809	2449.568033218384
6810	2942.8303241729736
6810	2942.8303241729736
6811	2507.394790649414
6811	2507.394790649414
6812	2521.4672088623047
6812	2521.4672088623047
6813	2775.9785652160645
6813	2775.9785652160645
6814	2547.544002532959
6814	2547.544002532959
6815	2583.561658859253
6815	2583.561658859253
6816	2257.8001022338867
6816	2257.8001022338867
6817	2547.2404956817627
6817	2547.2404956817627
6818	2313.497304916382
6818	2313.497304916382
6819	2568.9213275909424
6819	2568.9213275909424
6820	3273.724317550659
6820	3273.724317550659
6821	2544.0125465393066
6821	2544.0125465393066
6822	2508.1024169921875
6822	2508.1024169921875
6823	2412.060260772705
6823	2412.060260772705
6824	2191.885471343994
6824	2191.885471343994
6825	2541.6746139526367
6825	2541.6746139526367
6826	2292.070150375366
6826	2292.070150375366
6827	2723.512887954712
6827	2723.512887954712
6828	2574.8298168182373
6828	2574.8298168182373
6829	2591.210126876831
6829	2591.210126876831
6830	3081.7666053771973
6830	3081.7666053771973
6831	2465.3849601745605
6831	2465.3849601745605
6832	2331.902027130127
6832	2331.902027130127
6833	2287.057638168335
6833	2287.057638168335
6834	2582.381010055542
6834	2582.381010055542
6835	2322.401762008667
6835	2322.401762008667
6836	2308.647394180298
6836	2308.647394180298
6837	2672.261953353882
6837	2672.261953353882
6838	2681.678533554077
6838	2681.678533554077
6839	2433.4113597869873
6839	2433.4113597869873
6840	3148.949384689331
6840	3148.949384689331
6841	2631.3014030456543
6841	2631.3014030456543
6842	2751.6353130340576
6842	2751.6353130340576
6843	2566.335916519165
6843	2566.335916519165
6844	2544.38853263855
6844	2544.38853263855
6845	2598.9444255828857
6845	2598.9444255828857
6846	2479.8011779785156
6846	2479.8011779785156
6847	2492.9213523864746
6847	2492.9213523864746
6848	2617.3324584960938
6848	2617.3324584960938
6849	2198.2948780059814
6849	2198.2948780059814
6850	2750.321865081787
6850	2750.321865081787
6851	2129.5015811920166
6851	2129.5015811920166
6852	2077.624797821045
6852	2077.624797821045
6853	2134.485960006714
6853	2134.485960006714
6854	2115.226984024048
6854	2115.226984024048
6855	2177.703380584717
6855	2177.703380584717
6856	2440.244436264038
6856	2440.244436264038
6857	2025.7492065429688
6857	2025.7492065429688
6858	1962.3942375183105
6858	1962.3942375183105
6859	1976.5923023223877
6859	1976.5923023223877
6860	2794.283866882324
6860	2794.283866882324
6861	2332.305908203125
6861	2332.305908203125
6862	2173.466682434082
6862	2173.466682434082
6863	2008.9049339294434
6863	2008.9049339294434
6864	2009.4165802001953
6864	2009.4165802001953
6865	2203.0887603759766
6865	2203.0887603759766
6866	2247.487783432007
6866	2247.487783432007
6867	2224.501609802246
6867	2224.501609802246
6868	2456.9458961486816
6868	2456.9458961486816
6869	2458.6832523345947
6869	2458.6832523345947
6870	1960.9413146972656
6870	1960.9413146972656
6871	2488.185167312622
6871	2488.185167312622
6872	2310.4310035705566
6872	2310.4310035705566
6873	2623.877763748169
6873	2623.877763748169
6874	2552.2162914276123
6874	2552.2162914276123
6875	2319.000482559204
6875	2319.000482559204
6876	2508.3818435668945
6876	2508.3818435668945
6877	2662.714719772339
6877	2662.714719772339
6878	2564.859390258789
6878	2564.859390258789
6879	2562.2267723083496
6879	2562.2267723083496
6880	3062.5762939453125
6880	3062.5762939453125
6881	2316.441297531128
6881	2316.441297531128
6882	2691.269874572754
6882	2691.269874572754
6883	2517.051935195923
6883	2517.051935195923
6884	2549.8762130737305
6884	2549.8762130737305
6885	2491.76025390625
6885	2491.76025390625
6886	2527.4462699890137
6886	2527.4462699890137
6887	2532.6590538024902
6887	2532.6590538024902
6888	2368.534564971924
6888	2368.534564971924
6889	2486.452341079712
6889	2486.452341079712
6890	3172.6632118225098
6890	3172.6632118225098
6891	2267.3656940460205
6891	2267.3656940460205
6892	2619.4753646850586
6892	2619.4753646850586
6893	2582.33380317688
6893	2582.33380317688
6894	2779.2253494262695
6894	2779.2253494262695
6895	2594.74778175354
6895	2594.74778175354
6896	3199.38588142395
6896	3199.38588142395
6897	3348.886251449585
6897	3348.886251449585
6898	3643.2268619537354
6898	3643.2268619537354
6899	3693.587303161621
6899	3693.587303161621
6900	4426.656007766724
6900	4426.656007766724
6901	3710.050106048584
6901	3710.050106048584
6902	3769.498825073242
6902	3769.498825073242
6903	3717.334985733032
6903	3717.334985733032
6904	3570.003032684326
6904	3570.003032684326
6905	3720.947027206421
6905	3720.947027206421
6906	3482.837438583374
6906	3482.837438583374
6907	3821.1827278137207
6907	3821.1827278137207
6908	3803.636312484741
6908	3803.636312484741
6909	3630.7032108306885
6909	3630.7032108306885
6910	4457.364320755005
6910	4457.364320755005
6911	3806.6797256469727
6911	3806.6797256469727
6912	3971.7257022857666
6912	3971.7257022857666
6913	3473.781108856201
6913	3473.781108856201
6914	3549.8857498168945
6914	3549.8857498168945
6915	3423.1865406036377
6915	3423.1865406036377
6916	3383.1751346588135
6916	3383.1751346588135
6917	3387.413263320923
6917	3387.413263320923
6918	3196.000576019287
6918	3196.000576019287
6919	3467.8571224212646
6919	3467.8571224212646
6920	3797.752618789673
6920	3797.752618789673
6921	2913.059949874878
6921	2913.059949874878
6922	3255.673408508301
6922	3255.673408508301
6923	3414.2887592315674
6923	3414.2887592315674
6924	3366.576671600342
6924	3366.576671600342
6925	3361.9277477264404
6925	3361.9277477264404
6926	3723.971128463745
6926	3723.971128463745
6927	3546.9539165496826
6927	3546.9539165496826
6928	3718.3005809783936
6928	3718.3005809783936
6929	3559.1113567352295
6929	3559.1113567352295
6930	4066.1933422088623
6930	4066.1933422088623
6931	3789.1111373901367
6931	3789.1111373901367
6932	3703.052759170532
6932	3703.052759170532
6933	3794.6815490722656
6933	3794.6815490722656
6934	4019.4830894470215
6934	4019.4830894470215
6935	4045.8896160125732
6935	4045.8896160125732
6936	3618.9770698547363
6936	3618.9770698547363
6937	3627.948045730591
6937	3627.948045730591
6938	4136.409759521484
6938	4136.409759521484
6939	4028.7840366363525
6939	4028.7840366363525
6940	4478.5919189453125
6940	4478.5919189453125
6941	3674.0286350250244
6941	3674.0286350250244
6942	3830.235242843628
6942	3830.235242843628
6943	3741.8758869171143
6943	3741.8758869171143
6944	3852.234125137329
6944	3852.234125137329
6945	3724.835157394409
6945	3724.835157394409
6946	3983.856201171875
6946	3983.856201171875
6947	3792.327880859375
6947	3792.327880859375
6948	3779.1836261749268
6948	3779.1836261749268
6949	3512.026786804199
6949	3512.026786804199
6950	4283.3240032196045
6950	4283.3240032196045
6951	3905.09033203125
6951	3905.09033203125
6952	3813.7412071228027
6952	3813.7412071228027
6953	3775.645971298218
6953	3775.645971298218
6954	3896.9829082489014
6954	3896.9829082489014
6955	3862.724781036377
6955	3862.724781036377
6956	3911.2203121185303
6956	3911.2203121185303
6957	4010.303497314453
6957	4010.303497314453
6958	3805.8111667633057
6958	3805.8111667633057
6959	3879.7149658203125
6959	3879.7149658203125
6960	4235.678672790527
6960	4235.678672790527
6961	3598.0193614959717
6961	3598.0193614959717
6962	3695.040702819824
6962	3695.040702819824
6963	3719.686508178711
6963	3719.686508178711
6964	3560.6212615966797
6964	3560.6212615966797
6965	3604.363441467285
6965	3604.363441467285
6966	3760.5137825012207
6966	3760.5137825012207
6967	3747.8864192962646
6967	3747.8864192962646
6968	3852.4603843688965
6968	3852.4603843688965
6969	3724.374532699585
6969	3724.374532699585
6970	4388.988494873047
6970	4388.988494873047
6971	3862.4796867370605
6971	3862.4796867370605
6972	3523.2346057891846
6972	3523.2346057891846
6973	3927.932024002075
6973	3927.932024002075
6974	3728.707790374756
6974	3728.707790374756
6975	3569.7267055511475
6975	3569.7267055511475
6976	3510.317325592041
6976	3510.317325592041
6977	3875.953197479248
6977	3875.953197479248
6978	3912.45698928833
6978	3912.45698928833
6979	3752.565860748291
6979	3752.565860748291
6980	4349.982500076294
6980	4349.982500076294
6981	3714.9245738983154
6981	3714.9245738983154
6982	3672.9793548583984
6982	3672.9793548583984
6983	3365.410804748535
6983	3365.410804748535
6984	3370.3553676605225
6984	3370.3553676605225
6985	3323.2383728027344
6985	3323.2383728027344
6986	3350.2233028411865
6986	3350.2233028411865
6987	3103.9438247680664
6987	3103.9438247680664
6988	3390.510082244873
6988	3390.510082244873
6989	3368.1375980377197
6989	3368.1375980377197
6990	3837.3959064483643
6990	3837.3959064483643
6991	3208.9316844940186
6991	3208.9316844940186
6992	3512.5319957733154
6992	3512.5319957733154
6993	3197.971820831299
6993	3197.971820831299
6994	3513.561964035034
6994	3513.561964035034
6995	3565.4709339141846
6995	3565.4709339141846
6996	3180.6347370147705
6996	3180.6347370147705
6997	3231.4789295196533
6997	3231.4789295196533
6998	3086.9832038879395
6998	3086.9832038879395
6999	3491.764783859253
6999	3491.764783859253
7000	22392.88854598999
7000	22392.88854598999
7001	3763.67449760437
7001	3763.67449760437
7002	3826.9054889678955
7002	3826.9054889678955
7003	3894.1164016723633
7003	3894.1164016723633
7004	3478.9297580718994
7004	3478.9297580718994
7005	3833.444595336914
7005	3833.444595336914
7006	3497.4985122680664
7006	3497.4985122680664
7007	3667.2844886779785
7007	3667.2844886779785
7008	3699.263334274292
7008	3699.263334274292
7009	3806.9167137145996
7009	3806.9167137145996
7010	4312.994480133057
7010	4312.994480133057
7011	3538.3973121643066
7011	3538.3973121643066
7012	3586.3113403320312
7012	3586.3113403320312
7013	3739.628314971924
7013	3739.628314971924
7014	3593.682289123535
7014	3593.682289123535
7015	3720.468044281006
7015	3720.468044281006
7016	3949.5174884796143
7016	3949.5174884796143
7017	3757.319688796997
7017	3757.319688796997
7018	3831.1281204223633
7018	3831.1281204223633
7019	3816.9400691986084
7019	3816.9400691986084
7020	4502.559661865234
7020	4502.559661865234
7021	3893.4690952301025
7021	3893.4690952301025
7022	3927.839517593384
7022	3927.839517593384
7023	3578.5162448883057
7023	3578.5162448883057
7024	3876.326560974121
7024	3876.326560974121
7025	3821.176290512085
7025	3821.176290512085
7026	3995.2735900878906
7026	3995.2735900878906
7027	3959.804058074951
7027	3959.804058074951
7028	3541.7749881744385
7028	3541.7749881744385
7029	3637.4406814575195
7029	3637.4406814575195
7030	3958.162546157837
7030	3958.162546157837
7031	3464.6213054656982
7031	3464.6213054656982
7032	3892.2102451324463
7032	3892.2102451324463
7033	3618.180990219116
7033	3618.180990219116
7034	3773.3800411224365
7034	3773.3800411224365
7035	3353.893041610718
7035	3353.893041610718
7036	3921.9069480895996
7036	3921.9069480895996
7037	3614.635705947876
7037	3614.635705947876
7038	3675.976037979126
7038	3675.976037979126
7039	3448.3461380004883
7039	3448.3461380004883
7040	4145.660400390625
7040	4145.660400390625
7041	3075.7086277008057
7041	3075.7086277008057
7042	2986.1843585968018
7042	2986.1843585968018
7043	2982.125997543335
7043	2982.125997543335
7044	3407.8404903411865
7044	3407.8404903411865
7045	3457.962989807129
7045	3457.962989807129
7046	3428.9798736572266
7046	3428.9798736572266
7047	3364.739418029785
7047	3364.739418029785
7048	3463.4251594543457
7048	3463.4251594543457
7049	3440.4125213623047
7049	3440.4125213623047
7050	3909.0914726257324
7050	3909.0914726257324
7051	3390.446662902832
7051	3390.446662902832
7052	3465.8117294311523
7052	3465.8117294311523
7053	3496.1769580841064
7053	3496.1769580841064
7054	2920.285940170288
7054	2920.285940170288
7055	3210.066556930542
7055	3210.066556930542
7056	2878.7007331848145
7056	2878.7007331848145
7057	3461.34877204895
7057	3461.34877204895
7058	3550.1251220703125
7058	3550.1251220703125
7059	3612.901449203491
7059	3612.901449203491
7060	4125.544548034668
7060	4125.544548034668
7061	3462.818145751953
7061	3462.818145751953
7062	3812.319755554199
7062	3812.319755554199
7063	3769.62947845459
7063	3769.62947845459
7064	3784.9392890930176
7064	3784.9392890930176
7065	3795.801877975464
7065	3795.801877975464
7066	3740.3900623321533
7066	3740.3900623321533
7067	3566.3158893585205
7067	3566.3158893585205
7068	3460.2653980255127
7068	3460.2653980255127
7069	3539.9389266967773
7069	3539.9389266967773
7070	4356.06575012207
7070	4356.06575012207
7071	3636.6121768951416
7071	3636.6121768951416
7072	3527.492046356201
7072	3527.492046356201
7073	3767.2436237335205
7073	3767.2436237335205
7074	3473.489999771118
7074	3473.489999771118
7075	3759.6755027770996
7075	3759.6755027770996
7076	3812.736749649048
7076	3812.736749649048
7077	3833.4860801696777
7077	3833.4860801696777
7078	3805.2878379821777
7078	3805.2878379821777
7079	3788.3992195129395
7079	3788.3992195129395
7080	4315.79065322876
7080	4315.79065322876
7081	3854.5491695404053
7081	3854.5491695404053
7082	3754.4076442718506
7082	3754.4076442718506
7083	3558.993339538574
7083	3558.993339538574
7084	3558.71319770813
7084	3558.71319770813
7085	3826.873779296875
7085	3826.873779296875
7086	3773.909330368042
7086	3773.909330368042
7087	3538.8009548187256
7087	3538.8009548187256
7088	3687.962293624878
7088	3687.962293624878
7089	3714.6451473236084
7089	3714.6451473236084
7090	4246.100425720215
7090	4246.100425720215
7091	3727.149248123169
7091	3727.149248123169
7092	3730.205774307251
7092	3730.205774307251
7093	3839.0274047851562
7093	3839.0274047851562
7094	3542.332887649536
7094	3542.332887649536
7095	3889.9002075195312
7095	3889.9002075195312
7096	3763.0550861358643
7096	3763.0550861358643
7097	3869.033098220825
7097	3869.033098220825
7098	3878.6590099334717
7098	3878.6590099334717
7099	3817.9290294647217
7099	3817.9290294647217
7100	4491.132020950317
7100	4491.132020950317
7101	3811.1464977264404
7101	3811.1464977264404
7102	3430.691957473755
7102	3430.691957473755
7103	3758.0502033233643
7103	3758.0502033233643
7104	3911.6649627685547
7104	3911.6649627685547
7105	3946.5174674987793
7105	3946.5174674987793
7106	3525.043487548828
7106	3525.043487548828
7107	3866.6088581085205
7107	3866.6088581085205
7108	3193.4235095977783
7108	3193.4235095977783
7109	3492.347240447998
7109	3492.347240447998
7110	3749.695301055908
7110	3749.695301055908
7111	3124.346971511841
7111	3124.346971511841
7112	3302.0644187927246
7112	3302.0644187927246
7113	3285.98952293396
7113	3285.98952293396
7114	3030.8902263641357
7114	3030.8902263641357
7115	3412.4631881713867
7115	3412.4631881713867
7116	3413.5758876800537
7116	3413.5758876800537
7117	3300.8246421813965
7117	3300.8246421813965
7118	3387.869119644165
7118	3387.869119644165
7119	3182.570219039917
7119	3182.570219039917
7120	3913.0308628082275
7120	3913.0308628082275
7121	3441.041946411133
7121	3441.041946411133
7122	3429.130792617798
7122	3429.130792617798
7123	3426.61714553833
7123	3426.61714553833
7124	3278.458833694458
7124	3278.458833694458
7125	3510.4191303253174
7125	3510.4191303253174
7126	3471.017360687256
7126	3471.017360687256
7127	3495.8012104034424
7127	3495.8012104034424
7128	3795.4189777374268
7128	3795.4189777374268
7129	3574.415445327759
7129	3574.415445327759
7130	2953.047752380371
7130	2953.047752380371
7131	1468.82963180542
7131	1468.82963180542
7132	1685.7218742370605
7132	1685.7218742370605
7133	2619.816541671753
7133	2619.816541671753
7134	2229.4814586639404
7134	2229.4814586639404
7135	2504.9376487731934
7135	2504.9376487731934
7136	2772.427558898926
7136	2772.427558898926
7137	2594.9649810791016
7137	2594.9649810791016
7138	2623.9774227142334
7138	2623.9774227142334
7139	2518.22566986084
7139	2518.22566986084
7140	3134.7951889038086
7140	3134.7951889038086
7141	2508.2075595855713
7141	2508.2075595855713
7142	2468.3635234832764
7142	2468.3635234832764
7143	2501.692056655884
7143	2501.692056655884
7144	2369.0428733825684
7144	2369.0428733825684
7145	2599.2953777313232
7145	2599.2953777313232
7146	2462.0141983032227
7146	2462.0141983032227
7147	2592.892646789551
7147	2592.892646789551
7148	2596.083879470825
7148	2596.083879470825
7149	2357.4225902557373
7149	2357.4225902557373
7150	3055.515766143799
7150	3055.515766143799
7151	2623.3160495758057
7151	2623.3160495758057
7152	2580.684185028076
7152	2580.684185028076
7153	2570.0247287750244
7153	2570.0247287750244
7154	2638.8003826141357
7154	2638.8003826141357
7155	2218.77121925354
7155	2218.77121925354
7156	2469.930410385132
7156	2469.930410385132
7157	2637.214422225952
7157	2637.214422225952
7158	2610.6514930725098
7158	2610.6514930725098
7159	2490.6671047210693
7159	2490.6671047210693
7160	3433.624744415283
7160	3433.624744415283
7161	2646.562099456787
7161	2646.562099456787
7162	2562.2966289520264
7162	2562.2966289520264
7163	2570.4357624053955
7163	2570.4357624053955
7164	2498.0857372283936
7164	2498.0857372283936
7165	2471.1689949035645
7165	2471.1689949035645
7166	2654.843330383301
7166	2654.843330383301
7167	2674.950122833252
7167	2674.950122833252
7168	2668.1361198425293
7168	2668.1361198425293
7169	2506.805658340454
7169	2506.805658340454
7170	3127.9616355895996
7170	3127.9616355895996
7171	2834.771156311035
7171	2834.771156311035
7172	2255.2051544189453
7172	2255.2051544189453
7173	1893.1629657745361
7173	1893.1629657745361
7174	1901.5686511993408
7174	1901.5686511993408
7175	1866.8124675750732
7175	1866.8124675750732
7176	2143.3048248291016
7176	2143.3048248291016
7177	1856.3075065612793
7177	1856.3075065612793
7178	1864.5336627960205
7178	1864.5336627960205
7179	1875.4889965057373
7179	1875.4889965057373
7180	3386.7509365081787
7180	3386.7509365081787
7181	1440.6859874725342
7181	1440.6859874725342
7182	1233.9560985565186
7182	1233.9560985565186
7183	2204.489231109619
7183	2204.489231109619
7184	2186.84983253479
7184	2186.84983253479
7185	2227.070093154907
7185	2227.070093154907
7186	2180.436849594116
7186	2180.436849594116
7187	2308.865785598755
7187	2308.865785598755
7188	2127.333164215088
7188	2127.333164215088
7189	2542.5095558166504
7189	2542.5095558166504
7190	3075.2651691436768
7190	3075.2651691436768
7191	2556.2174320220947
7191	2556.2174320220947
7192	2606.9023609161377
7192	2606.9023609161377
7193	2422.7821826934814
7193	2422.7821826934814
7194	2387.911081314087
7194	2387.911081314087
7195	2276.517391204834
7195	2276.517391204834
7196	2531.5332412719727
7196	2531.5332412719727
7197	2577.5651931762695
7197	2577.5651931762695
7198	2525.9413719177246
7198	2525.9413719177246
7199	2465.3494358062744
7199	2465.3494358062744
7200	3198.9831924438477
7200	3198.9831924438477
7201	2592.8821563720703
7201	2592.8821563720703
7202	2620.192289352417
7202	2620.192289352417
7203	2326.2436389923096
7203	2326.2436389923096
7204	2309.3130588531494
7204	2309.3130588531494
7205	2495.249032974243
7205	2495.249032974243
7206	2383.270502090454
7206	2383.270502090454
7207	2557.5664043426514
7207	2557.5664043426514
7208	2334.549903869629
7208	2334.549903869629
7209	2352.3154258728027
7209	2352.3154258728027
7210	3133.248805999756
7210	3133.248805999756
7211	2552.8972148895264
7211	2552.8972148895264
7212	2312.6158714294434
7212	2312.6158714294434
7213	2482.166051864624
7213	2482.166051864624
7214	2428.5833835601807
7214	2428.5833835601807
7215	2648.9014625549316
7215	2648.9014625549316
7216	2544.8434352874756
7216	2544.8434352874756
7217	2369.0688610076904
7217	2369.0688610076904
7218	2704.448938369751
7218	2704.448938369751
7219	2561.7902278900146
7219	2561.7902278900146
7220	3075.967788696289
7220	3075.967788696289
7221	2558.870792388916
7221	2558.870792388916
7222	2332.9195976257324
7222	2332.9195976257324
7223	2733.9911460876465
7223	2733.9911460876465
7224	2610.6388568878174
7224	2610.6388568878174
7225	2343.301773071289
7225	2343.301773071289
7226	2568.4993267059326
7226	2568.4993267059326
7227	2735.018014907837
7227	2735.018014907837
7228	2174.27921295166
7228	2174.27921295166
7229	2631.1912536621094
7229	2631.1912536621094
7230	3250.7662773132324
7230	3250.7662773132324
7231	2453.9012908935547
7231	2453.9012908935547
7232	2156.130790710449
7232	2156.130790710449
7233	2159.6624851226807
7233	2159.6624851226807
7234	2148.4644412994385
7234	2148.4644412994385
7235	2255.1817893981934
7235	2255.1817893981934
7236	2217.3893451690674
7236	2217.3893451690674
7237	2134.978771209717
7237	2134.978771209717
7238	2169.3437099456787
7238	2169.3437099456787
7239	2281.59761428833
7239	2281.59761428833
7240	2961.3845348358154
7240	2961.3845348358154
7241	2191.89190864563
7241	2191.89190864563
7242	2348.1595516204834
7242	2348.1595516204834
7243	1975.541353225708
7243	1975.541353225708
7244	2227.6620864868164
7244	2227.6620864868164
7245	1899.3620872497559
7245	1899.3620872497559
7246	2273.892641067505
7246	2273.892641067505
7247	2011.2223625183105
7247	2011.2223625183105
7248	2356.842041015625
7248	2356.842041015625
7249	2276.909589767456
7249	2276.909589767456
7250	3137.0739936828613
7250	3137.0739936828613
7251	2562.3271465301514
7251	2562.3271465301514
7252	1556.5440654754639
7252	1556.5440654754639
7253	1581.5753936767578
7253	1581.5753936767578
7254	1996.2260723114014
7254	1996.2260723114014
7255	2290.9255027770996
7255	2290.9255027770996
7256	2798.818588256836
7256	2798.818588256836
7257	2525.47025680542
7257	2525.47025680542
7258	2601.820945739746
7258	2601.820945739746
7259	3537.290334701538
7259	3537.290334701538
7260	3921.0383892059326
7260	3921.0383892059326
7261	3720.9372520446777
7261	3720.9372520446777
7262	3706.1007022857666
7262	3706.1007022857666
7263	3384.2477798461914
7263	3384.2477798461914
7264	3768.1007385253906
7264	3768.1007385253906
7265	3884.0157985687256
7265	3884.0157985687256
7266	3705.7085037231445
7266	3705.7085037231445
7267	3590.0304317474365
7267	3590.0304317474365
7268	3716.0942554473877
7268	3716.0942554473877
7269	3844.402313232422
7269	3844.402313232422
7270	4475.262880325317
7270	4475.262880325317
7271	3755.9361457824707
7271	3755.9361457824707
7272	3777.113437652588
7272	3777.113437652588
7273	3808.0427646636963
7273	3808.0427646636963
7274	3903.027057647705
7274	3903.027057647705
7275	3937.8087520599365
7275	3937.8087520599365
7276	3963.944673538208
7276	3963.944673538208
7277	3904.282808303833
7277	3904.282808303833
7278	3881.293773651123
7278	3881.293773651123
7279	4100.326061248779
7279	4100.326061248779
7280	4650.386095046997
7280	4650.386095046997
7281	3856.95743560791
7281	3856.95743560791
7282	3517.7106857299805
7282	3517.7106857299805
7283	3628.932237625122
7283	3628.932237625122
7284	3774.4736671447754
7284	3774.4736671447754
7285	3651.928663253784
7285	3651.928663253784
7286	3734.6248626708984
7286	3734.6248626708984
7287	3773.884057998657
7287	3773.884057998657
7288	3827.8257846832275
7288	3827.8257846832275
7289	3775.979518890381
7289	3775.979518890381
7290	4368.340253829956
7290	4368.340253829956
7291	3792.833089828491
7291	3792.833089828491
7292	3844.162940979004
7292	3844.162940979004
7293	3539.914608001709
7293	3539.914608001709
7294	3868.7033653259277
7294	3868.7033653259277
7295	3872.7991580963135
7295	3872.7991580963135
7296	3563.8909339904785
7296	3563.8909339904785
7297	4146.974802017212
7297	4146.974802017212
7298	3555.980920791626
7298	3555.980920791626
7299	3641.6356563568115
7299	3641.6356563568115
7300	3669.6207523345947
7300	3669.6207523345947
7301	3224.480628967285
7301	3224.480628967285
7302	3281.083583831787
7302	3281.083583831787
7303	3304.7783374786377
7303	3304.7783374786377
7304	3373.180627822876
7304	3373.180627822876
7305	3079.1444778442383
7305	3079.1444778442383
7306	3338.9248847961426
7306	3338.9248847961426
7307	3121.0546493530273
7307	3121.0546493530273
7308	3143.864154815674
7308	3143.864154815674
7309	3387.132167816162
7309	3387.132167816162
7310	4050.3344535827637
7310	4050.3344535827637
7311	3369.635581970215
7311	3369.635581970215
7312	3320.7123279571533
7312	3320.7123279571533
7313	3465.0559425354004
7313	3465.0559425354004
7314	3508.9948177337646
7314	3508.9948177337646
7315	3469.857692718506
7315	3469.857692718506
7316	3519.0277099609375
7316	3519.0277099609375
7317	3543.1206226348877
7317	3543.1206226348877
7318	3584.7816467285156
7318	3584.7816467285156
7319	3566.601514816284
7319	3566.601514816284
7320	4673.621892929077
7320	4673.621892929077
7321	3819.011449813843
7321	3819.011449813843
7322	3920.5362796783447
7322	3920.5362796783447
7323	3350.0730991363525
7323	3350.0730991363525
7324	3598.0384349823
7324	3598.0384349823
7325	3690.3326511383057
7325	3690.3326511383057
7326	3714.2696380615234
7326	3714.2696380615234
7327	3765.3660774230957
7327	3765.3660774230957
7328	3467.83185005188
7328	3467.83185005188
7329	3759.269952774048
7329	3759.269952774048
7330	4359.336376190186
7330	4359.336376190186
7331	3473.522901535034
7331	3473.522901535034
7332	3631.6092014312744
7332	3631.6092014312744
7333	3819.326400756836
7333	3819.326400756836
7334	3817.9235458374023
7334	3817.9235458374023
7335	3838.4573459625244
7335	3838.4573459625244
7336	3816.974639892578
7336	3816.974639892578
7337	3833.770275115967
7337	3833.770275115967
7338	3694.9381828308105
7338	3694.9381828308105
7339	3570.754051208496
7339	3570.754051208496
7340	4245.903968811035
7340	4245.903968811035
7341	3754.558563232422
7341	3754.558563232422
7342	3903.675079345703
7342	3903.675079345703
7343	3681.9541454315186
7343	3681.9541454315186
7344	3499.067544937134
7344	3499.067544937134
7345	3950.2480030059814
7345	3950.2480030059814
7346	3852.5354862213135
7346	3852.5354862213135
7347	3495.278835296631
7347	3495.278835296631
7348	3451.2979984283447
7348	3451.2979984283447
7349	3634.2363357543945
7349	3634.2363357543945
7350	4400.852203369141
7350	4400.852203369141
7351	3258.3556175231934
7351	3258.3556175231934
7352	3964.4434452056885
7352	3964.4434452056885
7353	3583.287239074707
7353	3583.287239074707
7354	3822.723150253296
7354	3822.723150253296
7355	3499.845504760742
7355	3499.845504760742
7356	3830.9004306793213
7356	3830.9004306793213
7357	3900.036334991455
7357	3900.036334991455
7358	3845.668077468872
7358	3845.668077468872
7359	3811.9451999664307
7359	3811.9451999664307
7360	4534.944772720337
7360	4534.944772720337
7361	4007.4820518493652
7361	4007.4820518493652
7362	3854.2752265930176
7362	3854.2752265930176
7363	3898.3170986175537
7363	3898.3170986175537
7364	3562.0646476745605
7364	3562.0646476745605
7365	3730.1318645477295
7365	3730.1318645477295
7366	3808.487892150879
7366	3808.487892150879
7367	3871.354579925537
7367	3871.354579925537
7368	3615.5314445495605
7368	3615.5314445495605
7369	3727.916479110718
7369	3727.916479110718
7370	4200.720548629761
7370	4200.720548629761
7371	3034.7886085510254
7371	3034.7886085510254
7372	3121.4969158172607
7372	3121.4969158172607
7373	3247.7493286132812
7373	3247.7493286132812
7374	3509.476900100708
7374	3509.476900100708
7375	3191.4851665496826
7375	3191.4851665496826
7376	3224.7745990753174
7376	3224.7745990753174
7377	3431.2591552734375
7377	3431.2591552734375
7378	3440.7520294189453
7378	3440.7520294189453
7379	3415.7495498657227
7379	3415.7495498657227
7380	3728.322744369507
7380	3728.322744369507
7381	3466.994047164917
7381	3466.994047164917
7382	3457.0112228393555
7382	3457.0112228393555
7383	3495.6634044647217
7383	3495.6634044647217
7384	3382.328510284424
7384	3382.328510284424
7385	3461.782455444336
7385	3461.782455444336
7386	3627.851724624634
7386	3627.851724624634
7387	3480.334997177124
7387	3480.334997177124
7388	3602.222442626953
7388	3602.222442626953
7389	3740.234613418579
7389	3740.234613418579
7390	4390.942811965942
7390	4390.942811965942
7391	3817.3458576202393
7391	3817.3458576202393
7392	3648.181676864624
7392	3648.181676864624
7393	2511.369466781616
7393	2511.369466781616
7394	3896.699905395508
7394	3896.699905395508
7395	3329.519033432007
7395	3329.519033432007
7396	3363.4650707244873
7396	3363.4650707244873
7397	3597.644567489624
7397	3597.644567489624
7398	3984.4460487365723
7398	3984.4460487365723
7399	3682.999849319458
7399	3682.999849319458
7400	4505.871772766113
7400	4505.871772766113
7401	3656.926393508911
7401	3656.926393508911
7402	3963.0939960479736
7402	3963.0939960479736
7403	4052.619218826294
7403	4052.619218826294
7404	3803.816556930542
7404	3803.816556930542
7405	4093.5113430023193
7405	4093.5113430023193
7406	4037.6038551330566
7406	4037.6038551330566
7407	4265.786647796631
7407	4265.786647796631
7408	4120.287179946899
7408	4120.287179946899
7409	4061.0320568084717
7409	4061.0320568084717
7410	4721.384048461914
7410	4721.384048461914
7411	4032.9298973083496
7411	4032.9298973083496
7412	4386.444091796875
7412	4386.444091796875
7413	3663.372278213501
7413	3663.372278213501
7414	3767.0555114746094
7414	3767.0555114746094
7415	3798.2800006866455
7415	3798.2800006866455
7416	3928.5120964050293
7416	3928.5120964050293
7417	3850.0816822052
7417	3850.0816822052
7418	3819.739818572998
7418	3819.739818572998
7419	3615.6482696533203
7419	3615.6482696533203
7420	4138.953924179077
7420	4138.953924179077
7421	3593.794822692871
7421	3593.794822692871
7422	3919.491767883301
7422	3919.491767883301
7423	3687.286615371704
7423	3687.286615371704
7424	3668.689489364624
7424	3668.689489364624
7425	3840.4390811920166
7425	3840.4390811920166
7426	3914.1006469726562
7426	3914.1006469726562
7427	3517.5938606262207
7427	3517.5938606262207
7428	3794.973134994507
7428	3794.973134994507
7429	3772.4342346191406
7429	3772.4342346191406
7430	4525.376319885254
7430	4525.376319885254
7431	3949.7742652893066
7431	3949.7742652893066
7432	3867.995500564575
7432	3867.995500564575
7433	3660.796642303467
7433	3660.796642303467
7434	3283.675193786621
7434	3283.675193786621
7435	3754.6207904815674
7435	3754.6207904815674
7436	3678.593873977661
7436	3678.593873977661
7437	3718.136787414551
7437	3718.136787414551
7438	3746.626138687134
7438	3746.626138687134
7439	3753.838062286377
7439	3753.838062286377
7440	4108.325004577637
7440	4108.325004577637
7441	3415.4586791992188
7441	3415.4586791992188
7442	3160.7768535614014
7442	3160.7768535614014
7443	3278.409242630005
7443	3278.409242630005
7444	3354.8424243927
7444	3354.8424243927
7445	3308.1367015838623
7445	3308.1367015838623
7446	3444.9732303619385
7446	3444.9732303619385
7447	3576.4684677124023
7447	3576.4684677124023
7448	3098.1528759002686
7448	3098.1528759002686
7449	3076.753854751587
7449	3076.753854751587
7450	4010.82444190979
7450	4010.82444190979
7451	3279.6335220336914
7451	3279.6335220336914
7452	3402.6339054107666
7452	3402.6339054107666
7453	3437.5691413879395
7453	3437.5691413879395
7454	3419.4958209991455
7454	3419.4958209991455
7455	3459.9533081054688
7455	3459.9533081054688
7456	3263.2598876953125
7456	3263.2598876953125
7457	3553.08198928833
7457	3553.08198928833
7458	3485.468864440918
7458	3485.468864440918
7459	3754.322052001953
7459	3754.322052001953
7460	4355.922222137451
7460	4355.922222137451
7461	3775.5136489868164
7461	3775.5136489868164
7462	3806.8342208862305
7462	3806.8342208862305
7463	3535.5224609375
7463	3535.5224609375
7464	3807.9710006713867
7464	3807.9710006713867
7465	3688.6730194091797
7465	3688.6730194091797
7466	3678.393840789795
7466	3678.393840789795
7467	3751.875638961792
7467	3751.875638961792
7468	3762.6097202301025
7468	3762.6097202301025
7469	3553.8532733917236
7469	3553.8532733917236
7470	4118.361473083496
7470	4118.361473083496
7471	3799.572229385376
7471	3799.572229385376
7472	3811.7778301239014
7472	3811.7778301239014
7473	3840.036392211914
7473	3840.036392211914
7474	3814.3343925476074
7474	3814.3343925476074
7475	3919.3732738494873
7475	3919.3732738494873
7476	3546.4353561401367
7476	3546.4353561401367
7477	3861.7422580718994
7477	3861.7422580718994
7478	3833.489179611206
7478	3833.489179611206
7479	3616.752862930298
7479	3616.752862930298
7480	4028.2936096191406
7480	4028.2936096191406
7481	3810.757637023926
7481	3810.757637023926
7482	3752.300262451172
7482	3752.300262451172
7483	3836.8072509765625
7483	3836.8072509765625
7484	3488.7683391571045
7484	3488.7683391571045
7485	3723.271369934082
7485	3723.271369934082
7486	3842.258930206299
7486	3842.258930206299
7487	3720.4787731170654
7487	3720.4787731170654
7488	3790.4088497161865
7488	3790.4088497161865
7489	3510.9193325042725
7489	3510.9193325042725
7490	4356.878280639648
7490	4356.878280639648
7491	3811.5012645721436
7491	3811.5012645721436
7492	3807.0945739746094
7492	3807.0945739746094
7493	3988.588333129883
7493	3988.588333129883
7494	3823.9200115203857
7494	3823.9200115203857
7495	3886.7385387420654
7495	3886.7385387420654
7496	3813.121557235718
7496	3813.121557235718
7497	3646.1856365203857
7497	3646.1856365203857
7498	3858.409881591797
7498	3858.409881591797
7499	3577.951669692993
7499	3577.951669692993
7500	9346.52042388916
7500	9346.52042388916
7501	2008.6874961853027
7501	2008.6874961853027
7502	1975.2247333526611
7502	1975.2247333526611
7503	1976.5360355377197
7503	1976.5360355377197
7504	2184.6203804016113
7504	2184.6203804016113
7505	2355.4887771606445
7505	2355.4887771606445
7506	2225.205421447754
7506	2225.205421447754
7507	2162.5115871429443
7507	2162.5115871429443
7508	2085.7579708099365
7508	2085.7579708099365
7509	2248.8791942596436
7509	2248.8791942596436
7510	3004.779100418091
7510	3004.779100418091
7511	2171.2286472320557
7511	2171.2286472320557
7512	2199.8658180236816
7512	2199.8658180236816
7513	2557.3394298553467
7513	2557.3394298553467
7514	2364.262580871582
7514	2364.262580871582
7515	2445.0271129608154
7515	2445.0271129608154
7516	1558.241367340088
7516	1558.241367340088
7517	1525.5303382873535
7517	1525.5303382873535
7518	2290.42649269104
7518	2290.42649269104
7519	2221.9247817993164
7519	2221.9247817993164
7520	3287.583827972412
7520	3287.583827972412
7521	2564.913749694824
7521	2564.913749694824
7522	2590.532064437866
7522	2590.532064437866
7523	2535.581111907959
7523	2535.581111907959
7524	2523.8442420959473
7524	2523.8442420959473
7525	2541.2774085998535
7525	2541.2774085998535
7526	2442.1589374542236
7526	2442.1589374542236
7527	2418.353796005249
7527	2418.353796005249
7528	2522.8450298309326
7528	2522.8450298309326
7529	2479.6082973480225
7529	2479.6082973480225
7530	3268.1610584259033
7530	3268.1610584259033
7531	2798.672914505005
7531	2798.672914505005
7532	2573.8768577575684
7532	2573.8768577575684
7533	2340.902805328369
7533	2340.902805328369
7534	2495.0575828552246
7534	2495.0575828552246
7535	2640.1114463806152
7535	2640.1114463806152
7536	2632.8320503234863
7536	2632.8320503234863
7537	2636.9359493255615
7537	2636.9359493255615
7538	2311.652183532715
7538	2311.652183532715
7539	2267.5325870513916
7539	2267.5325870513916
7540	3118.974447250366
7540	3118.974447250366
7541	2344.6147441864014
7541	2344.6147441864014
7542	2286.0159873962402
7542	2286.0159873962402
7543	2538.9108657836914
7543	2538.9108657836914
7544	2584.9297046661377
7544	2584.9297046661377
7545	2528.806209564209
7545	2528.806209564209
7546	2817.1944618225098
7546	2817.1944618225098
7547	2608.0639362335205
7547	2608.0639362335205
7548	2517.90189743042
7548	2517.90189743042
7549	2641.2746906280518
7549	2641.2746906280518
7550	3231.292724609375
7550	3231.292724609375
7551	2527.5473594665527
7551	2527.5473594665527
7552	2404.5145511627197
7552	2404.5145511627197
7553	2536.3574028015137
7553	2536.3574028015137
7554	2530.0211906433105
7554	2530.0211906433105
7555	2531.240224838257
7555	2531.240224838257
7556	2500.6489753723145
7556	2500.6489753723145
7557	2393.6169147491455
7557	2393.6169147491455
7558	2211.3037109375
7558	2211.3037109375
7559	2131.5598487854004
7559	2131.5598487854004
7560	2531.9690704345703
7560	2531.9690704345703
7561	2179.1110038757324
7561	2179.1110038757324
7562	1935.9068870544434
7562	1935.9068870544434
7563	2151.606798171997
7563	2151.606798171997
7564	2225.376844406128
7564	2225.376844406128
7565	2200.969457626343
7565	2200.969457626343
7566	2225.9507179260254
7566	2225.9507179260254
7567	2240.272283554077
7567	2240.272283554077
7568	2199.409246444702
7568	2199.409246444702
7569	2232.2793006896973
7569	2232.2793006896973
7570	2730.3547859191895
7570	2730.3547859191895
7571	2247.0951080322266
7571	2247.0951080322266
7572	2342.273473739624
7572	2342.273473739624
7573	2295.2353954315186
7573	2295.2353954315186
7574	2167.677164077759
7574	2167.677164077759
7575	2595.6201553344727
7575	2595.6201553344727
7576	2788.9351844787598
7576	2788.9351844787598
7577	2556.3483238220215
7577	2556.3483238220215
7578	2572.103977203369
7578	2572.103977203369
7579	2547.020435333252
7579	2547.020435333252
7580	3038.9058589935303
7580	3038.9058589935303
7581	2682.2426319122314
7581	2682.2426319122314
7582	2489.546537399292
7582	2489.546537399292
7583	2505.5620670318604
7583	2505.5620670318604
7584	2409.3339443206787
7584	2409.3339443206787
7585	2610.8293533325195
7585	2610.8293533325195
7586	2532.9835414886475
7586	2532.9835414886475
7587	2580.090284347534
7587	2580.090284347534
7588	2335.806369781494
7588	2335.806369781494
7589	2307.224988937378
7589	2307.224988937378
7590	3064.481496810913
7590	3064.481496810913
7591	2356.7519187927246
7591	2356.7519187927246
7592	2683.8250160217285
7592	2683.8250160217285
7593	2516.5140628814697
7593	2516.5140628814697
7594	2532.517910003662
7594	2532.517910003662
7595	2518.3205604553223
7595	2518.3205604553223
7596	2529.7470092773438
7596	2529.7470092773438
7597	2690.9496784210205
7597	2690.9496784210205
7598	2383.9337825775146
7598	2383.9337825775146
7599	2328.035593032837
7599	2328.035593032837
7600	3137.711524963379
7600	3137.711524963379
7601	2709.8169326782227
7601	2709.8169326782227
7602	2433.582067489624
7602	2433.582067489624
7603	2601.4106273651123
7603	2601.4106273651123
7604	2535.386562347412
7604	2535.386562347412
7605	2426.096200942993
7605	2426.096200942993
7606	2599.550247192383
7606	2599.550247192383
7607	2859.7662448883057
7607	2859.7662448883057
7608	2829.538345336914
7608	2829.538345336914
7609	1641.4825916290283
7609	1641.4825916290283
7610	2720.581293106079
7610	2720.581293106079
7611	2394.214391708374
7611	2394.214391708374
7612	2340.9502506256104
7612	2340.9502506256104
7613	2638.4315490722656
7613	2638.4315490722656
7614	2446.094274520874
7614	2446.094274520874
7615	2539.0446186065674
7615	2539.0446186065674
7616	2491.114854812622
7616	2491.114854812622
7617	2068.0794715881348
7617	2068.0794715881348
7618	2310.523748397827
7618	2310.523748397827
7619	1971.1549282073975
7619	1971.1549282073975
7620	2749.429702758789
7620	2749.429702758789
7621	1931.9965839385986
7621	1931.9965839385986
7622	2561.3045692443848
7622	2561.3045692443848
7623	2062.2220039367676
7623	2062.2220039367676
7624	2374.347448348999
7624	2374.347448348999
7625	3027.3196697235107
7625	3027.3196697235107
7626	3218.2271480560303
7626	3218.2271480560303
7627	3336.1096382141113
7627	3336.1096382141113
7628	3182.8060150146484
7628	3182.8060150146484
7629	3446.1352825164795
7629	3446.1352825164795
7630	3954.967260360718
7630	3954.967260360718
7631	3156.9950580596924
7631	3156.9950580596924
7632	3425.7798194885254
7632	3425.7798194885254
7633	3250.1745223999023
7633	3250.1745223999023
7634	3488.236665725708
7634	3488.236665725708
7635	3404.057502746582
7635	3404.057502746582
7636	3723.038673400879
7636	3723.038673400879
7637	3806.579828262329
7637	3806.579828262329
7638	3611.6230487823486
7638	3611.6230487823486
7639	2520.3332901000977
7639	2520.3332901000977
7640	3141.2928104400635
7640	3141.2928104400635
7641	3973.9718437194824
7641	3973.9718437194824
7642	4044.405460357666
7642	4044.405460357666
7643	3431.544780731201
7643	3431.544780731201
7644	3923.5310554504395
7644	3923.5310554504395
7645	3563.8999938964844
7645	3563.8999938964844
7646	3626.6651153564453
7646	3626.6651153564453
7647	3949.9192237854004
7647	3949.9192237854004
7648	3650.0320434570312
7648	3650.0320434570312
7649	3685.7779026031494
7649	3685.7779026031494
7650	4304.466962814331
7650	4304.466962814331
7651	3691.2598609924316
7651	3691.2598609924316
7652	3459.5582485198975
7652	3459.5582485198975
7653	3784.4176292419434
7653	3784.4176292419434
7654	3809.1602325439453
7654	3809.1602325439453
7655	3823.303461074829
7655	3823.303461074829
7656	3791.491746902466
7656	3791.491746902466
7657	3836.8663787841797
7657	3836.8663787841797
7658	3840.9268856048584
7658	3840.9268856048584
7659	3537.3270511627197
7659	3537.3270511627197
7660	4622.928857803345
7660	4622.928857803345
7661	3822.6537704467773
7661	3822.6537704467773
7662	3624.281883239746
7662	3624.281883239746
7663	3650.1474380493164
7663	3650.1474380493164
7664	3722.590446472168
7664	3722.590446472168
7665	3716.7563438415527
7665	3716.7563438415527
7666	3481.3454151153564
7666	3481.3454151153564
7667	3731.5189838409424
7667	3731.5189838409424
7668	3745.7711696624756
7668	3745.7711696624756
7669	3779.6013355255127
7669	3779.6013355255127
7670	4419.400691986084
7670	4419.400691986084
7671	3797.3904609680176
7671	3797.3904609680176
7672	4013.723373413086
7672	4013.723373413086
7673	3686.6917610168457
7673	3686.6917610168457
7674	3884.8633766174316
7674	3884.8633766174316
7675	3867.976188659668
7675	3867.976188659668
7676	3913.9809608459473
7676	3913.9809608459473
7677	3639.09649848938
7677	3639.09649848938
7678	3720.777750015259
7678	3720.777750015259
7679	3865.612030029297
7679	3865.612030029297
7680	4134.519815444946
7680	4134.519815444946
7681	3911.7071628570557
7681	3911.7071628570557
7682	3958.892345428467
7682	3958.892345428467
7683	3948.5204219818115
7683	3948.5204219818115
7684	3598.071813583374
7684	3598.071813583374
7685	3526.6122817993164
7685	3526.6122817993164
7686	3268.8896656036377
7686	3268.8896656036377
7687	3163.6226177215576
7687	3163.6226177215576
7688	3317.7003860473633
7688	3317.7003860473633
7689	3480.095148086548
7689	3480.095148086548
7690	4098.949193954468
7690	4098.949193954468
7691	3386.160373687744
7691	3386.160373687744
7692	3376.434803009033
7692	3376.434803009033
7693	3566.2708282470703
7693	3566.2708282470703
7694	3452.657461166382
7694	3452.657461166382
7695	3229.5703887939453
7695	3229.5703887939453
7696	3497.359275817871
7696	3497.359275817871
7697	3332.0603370666504
7697	3332.0603370666504
7698	3536.989450454712
7698	3536.989450454712
7699	3584.6965312957764
7699	3584.6965312957764
7700	4053.2026290893555
7700	4053.2026290893555
7701	3548.8929748535156
7701	3548.8929748535156
7702	3401.1504650115967
7702	3401.1504650115967
7703	3301.3315200805664
7703	3301.3315200805664
7704	3666.0513877868652
7704	3666.0513877868652
7705	3349.599838256836
7705	3349.599838256836
7706	3816.946029663086
7706	3816.946029663086
7707	4020.6825733184814
7707	4020.6825733184814
7708	3424.4959354400635
7708	3424.4959354400635
7709	3750.9891986846924
7709	3750.9891986846924
7710	4333.207845687866
7710	4333.207845687866
7711	3783.416748046875
7711	3783.416748046875
7712	3735.8407974243164
7712	3735.8407974243164
7713	3887.521266937256
7713	3887.521266937256
7714	3698.6448764801025
7714	3698.6448764801025
7715	3825.5152702331543
7715	3825.5152702331543
7716	3755.6962966918945
7716	3755.6962966918945
7717	3845.219850540161
7717	3845.219850540161
7718	3802.523612976074
7718	3802.523612976074
7719	3958.8050842285156
7719	3958.8050842285156
7720	4374.697208404541
7720	4374.697208404541
7721	3886.1336708068848
7721	3886.1336708068848
7722	3841.5257930755615
7722	3841.5257930755615
7723	3857.0897579193115
7723	3857.0897579193115
7724	3827.9969692230225
7724	3827.9969692230225
7725	3873.969316482544
7725	3873.969316482544
7726	4157.2911739349365
7726	4157.2911739349365
7727	3800.5571365356445
7727	3800.5571365356445
7728	3843.916416168213
7728	3843.916416168213
7729	3839.6968841552734
7729	3839.6968841552734
7730	4541.706800460815
7730	4541.706800460815
7731	3884.6144676208496
7731	3884.6144676208496
7732	3889.5153999328613
7732	3889.5153999328613
7733	3624.8350143432617
7733	3624.8350143432617
7734	3716.818332672119
7734	3716.818332672119
7735	3715.9035205841064
7735	3715.9035205841064
7736	3607.4888706207275
7736	3607.4888706207275
7737	3756.922960281372
7737	3756.922960281372
7738	3899.8472690582275
7738	3899.8472690582275
7739	3775.8891582489014
7739	3775.8891582489014
7740	4455.738544464111
7740	4455.738544464111
7741	3828.4287452697754
7741	3828.4287452697754
7742	3753.6611557006836
7742	3753.6611557006836
7743	3688.6956691741943
7743	3688.6956691741943
7744	3857.7499389648438
7744	3857.7499389648438
7745	3617.0778274536133
7745	3617.0778274536133
7746	3773.4038829803467
7746	3773.4038829803467
7747	3932.982921600342
7747	3932.982921600342
7748	3513.6187076568604
7748	3513.6187076568604
7749	3597.175121307373
7749	3597.175121307373
7750	4462.550401687622
7750	4462.550401687622
7751	3665.752410888672
7751	3665.752410888672
7752	3669.7139739990234
7752	3669.7139739990234
7753	3512.2458934783936
7753	3512.2458934783936
7754	3311.3081455230713
7754	3311.3081455230713
7755	3304.232597351074
7755	3304.232597351074
7756	3272.719383239746
7756	3272.719383239746
7757	3435.150384902954
7757	3435.150384902954
7758	3378.227710723877
7758	3378.227710723877
7759	3205.613851547241
7759	3205.613851547241
7760	4016.7033672332764
7760	4016.7033672332764
7761	3483.76202583313
7761	3483.76202583313
7762	3341.2680625915527
7762	3341.2680625915527
7763	3559.232234954834
7763	3559.232234954834
7764	3544.8215007781982
7764	3544.8215007781982
7765	3596.4622497558594
7765	3596.4622497558594
7766	3557.501792907715
7766	3557.501792907715
7767	3377.0363330841064
7767	3377.0363330841064
7768	3563.591241836548
7768	3563.591241836548
7769	3582.770347595215
7769	3582.770347595215
7770	3877.5312900543213
7770	3877.5312900543213
7771	3585.5801105499268
7771	3585.5801105499268
7772	3562.8976821899414
7772	3562.8976821899414
7773	3525.20489692688
7773	3525.20489692688
7774	3851.1435985565186
7774	3851.1435985565186
7775	3395.5237865448
7775	3395.5237865448
7776	3529.5886993408203
7776	3529.5886993408203
7777	2256.260633468628
7777	2256.260633468628
7778	2484.0924739837646
7778	2484.0924739837646
7779	3485.8546257019043
7779	3485.8546257019043
7780	4397.326946258545
7780	4397.326946258545
7781	3914.123773574829
7781	3914.123773574829
7782	3566.9147968292236
7782	3566.9147968292236
7783	3656.903028488159
7783	3656.903028488159
7784	3481.583833694458
7784	3481.583833694458
7785	3792.374610900879
7785	3792.374610900879
7786	3610.945224761963
7786	3610.945224761963
7787	3591.099977493286
7787	3591.099977493286
7788	3898.0300426483154
7788	3898.0300426483154
7789	3857.288360595703
7789	3857.288360595703
7790	4574.328422546387
7790	4574.328422546387
7791	3568.373203277588
7791	3568.373203277588
7792	3838.0186557769775
7792	3838.0186557769775
7793	3919.0680980682373
7793	3919.0680980682373
7794	3917.295455932617
7794	3917.295455932617
7795	3631.8225860595703
7795	3631.8225860595703
7796	3866.4326667785645
7796	3866.4326667785645
7797	3849.590301513672
7797	3849.590301513672
7798	3825.699806213379
7798	3825.699806213379
7799	3316.882371902466
7799	3316.882371902466
7800	4254.15301322937
7800	4254.15301322937
7801	3730.6272983551025
7801	3730.6272983551025
7802	3818.735361099243
7802	3818.735361099243
7803	3822.9053020477295
7803	3822.9053020477295
7804	3469.7766304016113
7804	3469.7766304016113
7805	3527.8801918029785
7805	3527.8801918029785
7806	3721.2774753570557
7806	3721.2774753570557
7807	3726.5524864196777
7807	3726.5524864196777
7808	4004.0128231048584
7808	4004.0128231048584
7809	3945.6193447113037
7809	3945.6193447113037
7810	4526.848554611206
7810	4526.848554611206
7811	3974.789619445801
7811	3974.789619445801
7812	3551.880121231079
7812	3551.880121231079
7813	3878.1371116638184
7813	3878.1371116638184
7814	3807.7030181884766
7814	3807.7030181884766
7815	3976.0186672210693
7815	3976.0186672210693
7816	3947.430372238159
7816	3947.430372238159
7817	3671.0474491119385
7817	3671.0474491119385
7818	4036.0143184661865
7818	4036.0143184661865
7819	4055.011510848999
7819	4055.011510848999
7820	4317.946195602417
7820	4317.946195602417
7821	4010.3249549865723
7821	4010.3249549865723
7822	3607.1879863739014
7822	3607.1879863739014
7823	3329.0457725524902
7823	3329.0457725524902
7824	3232.414484024048
7824	3232.414484024048
7825	3408.5497856140137
7825	3408.5497856140137
7826	3302.0918369293213
7826	3302.0918369293213
7827	3428.0614852905273
7827	3428.0614852905273
7828	3540.593385696411
7828	3540.593385696411
7829	3511.2757682800293
7829	3511.2757682800293
7830	3949.829578399658
7830	3949.829578399658
7831	3576.9712924957275
7831	3576.9712924957275
7832	3485.33296585083
7832	3485.33296585083
7833	3252.042055130005
7833	3252.042055130005
7834	3548.109769821167
7834	3548.109769821167
7835	3484.1372966766357
7835	3484.1372966766357
7836	3538.1360054016113
7836	3538.1360054016113
7837	3525.233030319214
7837	3525.233030319214
7838	3499.1848468780518
7838	3499.1848468780518
7839	3583.902359008789
7839	3583.902359008789
7840	4127.388954162598
7840	4127.388954162598
7841	3591.181993484497
7841	3591.181993484497
7842	3698.9035606384277
7842	3698.9035606384277
7843	3583.219528198242
7843	3583.219528198242
7844	3337.484836578369
7844	3337.484836578369
7845	3676.9516468048096
7845	3676.9516468048096
7846	3611.565351486206
7846	3611.565351486206
7847	3720.061779022217
7847	3720.061779022217
7848	3490.0410175323486
7848	3490.0410175323486
7849	3721.7161655426025
7849	3721.7161655426025
7850	4286.648988723755
7850	4286.648988723755
7851	3509.5932483673096
7851	3509.5932483673096
7852	3776.1645317077637
7852	3776.1645317077637
7853	3744.1928386688232
7853	3744.1928386688232
7854	3937.325954437256
7854	3937.325954437256
7855	3525.0139236450195
7855	3525.0139236450195
7856	3872.8232383728027
7856	3872.8232383728027
7857	3597.010850906372
7857	3597.010850906372
7858	3628.3581256866455
7858	3628.3581256866455
7859	3885.138988494873
7859	3885.138988494873
7860	4430.23943901062
7860	4430.23943901062
7861	4043.2493686676025
7861	4043.2493686676025
7862	4337.963581085205
7862	4337.963581085205
7863	4073.974847793579
7863	4073.974847793579
7864	3851.41921043396
7864	3851.41921043396
7865	4155.7042598724365
7865	4155.7042598724365
7866	4125.058174133301
7866	4125.058174133301
7867	4245.112657546997
7867	4245.112657546997
7868	3852.8072834014893
7868	3852.8072834014893
7869	3927.5100231170654
7869	3927.5100231170654
7870	4540.515422821045
7870	4540.515422821045
7871	3751.9965171813965
7871	3751.9965171813965
7872	3957.7150344848633
7872	3957.7150344848633
7873	3812.1471405029297
7873	3812.1471405029297
7874	4385.899305343628
7874	4385.899305343628
7875	4044.316291809082
7875	4044.316291809082
7876	3825.202226638794
7876	3825.202226638794
7877	3816.4713382720947
7877	3816.4713382720947
7878	3882.6794624328613
7878	3882.6794624328613
7879	3808.4449768066406
7879	3808.4449768066406
7880	4250.7641315460205
7880	4250.7641315460205
7881	3983.814001083374
7881	3983.814001083374
7882	4003.835439682007
7882	4003.835439682007
7883	3874.835968017578
7883	3874.835968017578
7884	3837.287664413452
7884	3837.287664413452
7885	3656.777858734131
7885	3656.777858734131
7886	3886.427402496338
7886	3886.427402496338
7887	3680.0365447998047
7887	3680.0365447998047
7888	4031.4998626708984
7888	4031.4998626708984
7889	3997.643232345581
7889	3997.643232345581
7890	4361.645460128784
7890	4361.645460128784
7891	3524.4174003601074
7891	3524.4174003601074
7892	3553.1413555145264
7892	3553.1413555145264
7893	2968.9390659332275
7893	2968.9390659332275
7894	3379.5113563537598
7894	3379.5113563537598
7895	3284.097909927368
7895	3284.097909927368
7896	3405.881404876709
7896	3405.881404876709
7897	3326.2500762939453
7897	3326.2500762939453
7898	3038.3341312408447
7898	3038.3341312408447
7899	3452.8543949127197
7899	3452.8543949127197
7900	4188.889026641846
7900	4188.889026641846
7901	3249.011993408203
7901	3249.011993408203
7902	3476.233720779419
7902	3476.233720779419
7903	3598.3729362487793
7903	3598.3729362487793
7904	3276.1576175689697
7904	3276.1576175689697
7905	2263.868808746338
7905	2263.868808746338
7906	2252.3367404937744
7906	2252.3367404937744
7907	2085.129499435425
7907	2085.129499435425
7908	2282.4079990386963
7908	2282.4079990386963
7909	2058.7124824523926
7909	2058.7124824523926
7910	2604.785919189453
7910	2604.785919189453
7911	2478.4178733825684
7911	2478.4178733825684
7912	2450.5138397216797
7912	2450.5138397216797
7913	2632.5061321258545
7913	2632.5061321258545
7914	1568.5417652130127
7914	1568.5417652130127
7915	1685.7192516326904
7915	1685.7192516326904
7916	2668.8828468322754
7916	2668.8828468322754
7917	2313.2104873657227
7917	2313.2104873657227
7918	2627.521514892578
7918	2627.521514892578
7919	2563.7474060058594
7919	2563.7474060058594
7920	3094.007730484009
7920	3094.007730484009
7921	2344.7437286376953
7921	2344.7437286376953
7922	2690.1655197143555
7922	2690.1655197143555
7923	2856.416702270508
7923	2856.416702270508
7924	2630.189895629883
7924	2630.189895629883
7925	2521.3091373443604
7925	2521.3091373443604
7926	2592.674970626831
7926	2592.674970626831
7927	2454.5373916625977
7927	2454.5373916625977
7928	2565.5953884124756
7928	2565.5953884124756
7929	2722.2354412078857
7929	2722.2354412078857
7930	3375.2059936523438
7930	3375.2059936523438
7931	2630.878210067749
7931	2630.878210067749
7932	2589.3239974975586
7932	2589.3239974975586
7933	2549.964189529419
7933	2549.964189529419
7934	2605.949878692627
7934	2605.949878692627
7935	2650.7883071899414
7935	2650.7883071899414
7936	2396.672010421753
7936	2396.672010421753
7937	2596.4255332946777
7937	2596.4255332946777
7938	2201.8277645111084
7938	2201.8277645111084
7939	2390.594959259033
7939	2390.594959259033
7940	3007.953882217407
7940	3007.953882217407
7941	2487.3006343841553
7941	2487.3006343841553
7942	2591.618776321411
7942	2591.618776321411
7943	2683.6800575256348
7943	2683.6800575256348
7944	2479.126214981079
7944	2479.126214981079
7945	2645.263671875
7945	2645.263671875
7946	2522.8500366210938
7946	2522.8500366210938
7947	2520.6828117370605
7947	2520.6828117370605
7948	2663.3012294769287
7948	2663.3012294769287
7949	2873.8958835601807
7949	2873.8958835601807
7950	3377.753734588623
7950	3377.753734588623
7951	2539.7703647613525
7951	2539.7703647613525
7952	2570.0976848602295
7952	2570.0976848602295
7953	2349.620819091797
7953	2349.620819091797
7954	2330.495595932007
7954	2330.495595932007
7955	2151.91650390625
7955	2151.91650390625
7956	2155.25221824646
7956	2155.25221824646
7957	2131.9308280944824
7957	2131.9308280944824
7958	2006.9334506988525
7958	2006.9334506988525
7959	2332.005023956299
7959	2332.005023956299
7960	2841.137170791626
7960	2841.137170791626
7961	2262.777328491211
7961	2262.777328491211
7962	2136.3658905029297
7962	2136.3658905029297
7963	2432.342529296875
7963	2432.342529296875
7964	2197.3519325256348
7964	2197.3519325256348
7965	2371.138572692871
7965	2371.138572692871
7966	2281.9676399230957
7966	2281.9676399230957
7967	2206.38370513916
7967	2206.38370513916
7968	1991.8832778930664
7968	1991.8832778930664
7969	2052.5355339050293
7969	2052.5355339050293
7970	3000.0030994415283
7970	3000.0030994415283
7971	2552.6740550994873
7971	2552.6740550994873
7972	2664.655923843384
7972	2664.655923843384
7973	2407.600164413452
7973	2407.600164413452
7974	2346.78053855896
7974	2346.78053855896
7975	2586.474895477295
7975	2586.474895477295
7976	2359.740734100342
7976	2359.740734100342
7977	2580.127239227295
7977	2580.127239227295
7978	2801.084280014038
7978	2801.084280014038
7979	2541.464328765869
7979	2541.464328765869
7980	2781.9066047668457
7980	2781.9066047668457
7981	2324.570894241333
7981	2324.570894241333
7982	2653.8639068603516
7982	2653.8639068603516
7983	2723.7861156463623
7983	2723.7861156463623
7984	2663.624048233032
7984	2663.624048233032
7985	2533.933162689209
7985	2533.933162689209
7986	2545.4812049865723
7986	2545.4812049865723
7987	2538.423538208008
7987	2538.423538208008
7988	2346.0569381713867
7988	2346.0569381713867
7989	2566.742420196533
7989	2566.742420196533
7990	3203.0081748962402
7990	3203.0081748962402
7991	2340.050220489502
7991	2340.050220489502
7992	2699.74422454834
7992	2699.74422454834
7993	2635.270833969116
7993	2635.270833969116
7994	2429.0478229522705
7994	2429.0478229522705
7995	2536.0336303710938
7995	2536.0336303710938
7996	2520.4648971557617
7996	2520.4648971557617
7997	2352.5350093841553
7997	2352.5350093841553
7998	2537.6675128936768
7998	2537.6675128936768
7999	2869.0948486328125
7999	2869.0948486328125
8000	16901.833295822144
8000	16901.833295822144
8001	1933.284044265747
8001	1933.284044265747
8002	2149.827718734741
8002	2149.827718734741
8003	2202.4316787719727
8003	2202.4316787719727
8004	2488.0330562591553
8004	2488.0330562591553
8005	2220.4039096832275
8005	2220.4039096832275
8006	2272.3307609558105
8006	2272.3307609558105
8007	2350.97599029541
8007	2350.97599029541
8008	2330.1985263824463
8008	2330.1985263824463
8009	3355.811357498169
8009	3355.811357498169
8010	2977.2086143493652
8010	2977.2086143493652
8011	2174.7817993164062
8011	2174.7817993164062
8012	2401.5707969665527
8012	2401.5707969665527
8013	2140.770673751831
8013	2140.770673751831
8014	2861.132860183716
8014	2861.132860183716
8015	3598.844051361084
8015	3598.844051361084
8016	3599.015235900879
8016	3599.015235900879
8017	3271.559715270996
8017	3271.559715270996
8018	2527.911901473999
8018	2527.911901473999
8019	3724.8153686523438
8019	3724.8153686523438
8020	4595.189571380615
8020	4595.189571380615
8021	3811.7499351501465
8021	3811.7499351501465
8022	3548.8569736480713
8022	3548.8569736480713
8023	3562.004804611206
8023	3562.004804611206
8024	3820.098400115967
8024	3820.098400115967
8025	3850.3475189208984
8025	3850.3475189208984
8026	3869.9891567230225
8026	3869.9891567230225
8027	4061.047077178955
8027	4061.047077178955
8028	3886.146306991577
8028	3886.146306991577
8029	3720.3691005706787
8029	3720.3691005706787
8030	4409.501791000366
8030	4409.501791000366
8031	3887.7174854278564
8031	3887.7174854278564
8032	3692.5101280212402
8032	3692.5101280212402
8033	4083.9037895202637
8033	4083.9037895202637
8034	3861.8950843811035
8034	3861.8950843811035
8035	3990.0574684143066
8035	3990.0574684143066
8036	4195.540428161621
8036	4195.540428161621
8037	3938.9102458953857
8037	3938.9102458953857
8038	3872.464179992676
8038	3872.464179992676
8039	3977.128028869629
8039	3977.128028869629
8040	4203.654766082764
8040	4203.654766082764
8041	4013.950824737549
8041	4013.950824737549
8042	4099.450349807739
8042	4099.450349807739
8043	4183.701753616333
8043	4183.701753616333
8044	4029.132127761841
8044	4029.132127761841
8045	4035.4278087615967
8045	4035.4278087615967
8046	4150.077819824219
8046	4150.077819824219
8047	4291.317701339722
8047	4291.317701339722
8048	3131.1819553375244
8048	3131.1819553375244
8049	3781.8551063537598
8049	3781.8551063537598
8050	4136.734247207642
8050	4136.734247207642
8051	3528.433084487915
8051	3528.433084487915
8052	3985.806703567505
8052	3985.806703567505
8053	3856.9705486297607
8053	3856.9705486297607
8054	3811.906576156616
8054	3811.906576156616
8055	3706.0256004333496
8055	3706.0256004333496
8056	3620.394706726074
8056	3620.394706726074
8057	3640.1119232177734
8057	3640.1119232177734
8058	3702.2483348846436
8058	3702.2483348846436
8059	3751.5454292297363
8059	3751.5454292297363
8060	4199.119091033936
8060	4199.119091033936
8061	3487.0407581329346
8061	3487.0407581329346
8062	3672.114849090576
8062	3672.114849090576
8063	3740.2918338775635
8063	3740.2918338775635
8064	3682.0192337036133
8064	3682.0192337036133
8065	3344.5615768432617
8065	3344.5615768432617
8066	3461.808204650879
8066	3461.808204650879
8067	3430.922746658325
8067	3430.922746658325
8068	3215.5425548553467
8068	3215.5425548553467
8069	3321.165084838867
8069	3321.165084838867
8070	3958.2600593566895
8070	3958.2600593566895
8071	3520.1497077941895
8071	3520.1497077941895
8072	3522.315502166748
8072	3522.315502166748
8073	3302.802801132202
8073	3302.802801132202
8074	3530.924081802368
8074	3530.924081802368
8075	3648.756265640259
8075	3648.756265640259
8076	3521.5773582458496
8076	3521.5773582458496
8077	3284.794330596924
8077	3284.794330596924
8078	3545.7921028137207
8078	3545.7921028137207
8079	3228.2066345214844
8079	3228.2066345214844
8080	3727.362871170044
8080	3727.362871170044
8081	3422.1298694610596
8081	3422.1298694610596
8082	3104.694604873657
8082	3104.694604873657
8083	3424.086809158325
8083	3424.086809158325
8084	3603.4088134765625
8084	3603.4088134765625
8085	3803.1399250030518
8085	3803.1399250030518
8086	3903.0489921569824
8086	3903.0489921569824
8087	3541.470766067505
8087	3541.470766067505
8088	3791.3365364074707
8088	3791.3365364074707
8089	3829.564332962036
8089	3829.564332962036
8090	4431.215047836304
8090	4431.215047836304
8091	3386.6446018218994
8091	3386.6446018218994
8092	3891.5629386901855
8092	3891.5629386901855
8093	3865.424871444702
8093	3865.424871444702
8094	3949.1541385650635
8094	3949.1541385650635
8095	4043.454170227051
8095	4043.454170227051
8096	3419.1863536834717
8096	3419.1863536834717
8097	3825.134515762329
8097	3825.134515762329
8098	3785.5653762817383
8098	3785.5653762817383
8099	3721.0006713867188
8099	3721.0006713867188
8100	4485.345840454102
8100	4485.345840454102
8101	3890.108108520508
8101	3890.108108520508
8102	3705.0325870513916
8102	3705.0325870513916
8103	3539.668321609497
8103	3539.668321609497
8104	3681.7305088043213
8104	3681.7305088043213
8105	3721.5380668640137
8105	3721.5380668640137
8106	3750.985622406006
8106	3750.985622406006
8107	3564.465045928955
8107	3564.465045928955
8108	3772.1235752105713
8108	3772.1235752105713
8109	3857.762336730957
8109	3857.762336730957
8110	4100.387334823608
8110	4100.387334823608
8111	3942.0852661132812
8111	3942.0852661132812
8112	3954.1497230529785
8112	3954.1497230529785
8113	3562.138795852661
8113	3562.138795852661
8114	3856.9180965423584
8114	3856.9180965423584
8115	3861.0005378723145
8115	3861.0005378723145
8116	3840.9533500671387
8116	3840.9533500671387
8117	3863.2144927978516
8117	3863.2144927978516
8118	3940.0126934051514
8118	3940.0126934051514
8119	4062.9827976226807
8119	4062.9827976226807
8120	4615.298509597778
8120	4615.298509597778
8121	3842.303514480591
8121	3842.303514480591
8122	3976.196050643921
8122	3976.196050643921
8123	3598.2723236083984
8123	3598.2723236083984
8124	3625.257730484009
8124	3625.257730484009
8125	3919.262170791626
8125	3919.262170791626
8126	3922.3058223724365
8126	3922.3058223724365
8127	3220.3774452209473
8127	3220.3774452209473
8128	3476.532459259033
8128	3476.532459259033
8129	3802.1140098571777
8129	3802.1140098571777
8130	4513.176441192627
8130	4513.176441192627
8131	3944.4713592529297
8131	3944.4713592529297
8132	3775.3775119781494
8132	3775.3775119781494
8133	3267.5561904907227
8133	3267.5561904907227
8134	3421.59104347229
8134	3421.59104347229
8135	3144.3285942077637
8135	3144.3285942077637
8136	3405.6971073150635
8136	3405.6971073150635
8137	3385.317325592041
8137	3385.317325592041
8138	3386.026620864868
8138	3386.026620864868
8139	3215.290307998657
8139	3215.290307998657
8140	4259.997367858887
8140	4259.997367858887
8141	3545.7868576049805
8141	3545.7868576049805
8142	3507.2171688079834
8142	3507.2171688079834
8143	3574.3772983551025
8143	3574.3772983551025
8144	3601.7794609069824
8144	3601.7794609069824
8145	3472.614288330078
8145	3472.614288330078
8146	3555.4449558258057
8146	3555.4449558258057
8147	3696.73228263855
8147	3696.73228263855
8148	3543.69854927063
8148	3543.69854927063
8149	3565.5596256256104
8149	3565.5596256256104
8150	3891.0834789276123
8150	3891.0834789276123
8151	3317.664384841919
8151	3317.664384841919
8152	3555.866003036499
8152	3555.866003036499
8153	3682.9729080200195
8153	3682.9729080200195
8154	3741.8675422668457
8154	3741.8675422668457
8155	3679.696798324585
8155	3679.696798324585
8156	2679.016351699829
8156	2679.016351699829
8157	3567.021131515503
8157	3567.021131515503
8158	3881.3436031341553
8158	3881.3436031341553
8159	3930.4940700531006
8159	3930.4940700531006
8160	4414.794921875
8160	4414.794921875
8161	3817.1517848968506
8161	3817.1517848968506
8162	3860.481023788452
8162	3860.481023788452
8163	3861.633062362671
8163	3861.633062362671
8164	3666.1620140075684
8164	3666.1620140075684
8165	3893.1219577789307
8165	3893.1219577789307
8166	3541.888475418091
8166	3541.888475418091
8167	3897.691011428833
8167	3897.691011428833
8168	3979.1760444641113
8168	3979.1760444641113
8169	3910.399913787842
8169	3910.399913787842
8170	4287.708520889282
8170	4287.708520889282
8171	4030.9112071990967
8171	4030.9112071990967
8172	3646.6410160064697
8172	3646.6410160064697
8173	3349.301338195801
8173	3349.301338195801
8174	3570.528030395508
8174	3570.528030395508
8175	3625.688076019287
8175	3625.688076019287
8176	3684.2305660247803
8176	3684.2305660247803
8177	3752.4399757385254
8177	3752.4399757385254
8178	3791.2771701812744
8178	3791.2771701812744
8179	3827.8448581695557
8179	3827.8448581695557
8180	4365.192413330078
8180	4365.192413330078
8181	3819.253921508789
8181	3819.253921508789
8182	3777.066230773926
8182	3777.066230773926
8183	3806.8833351135254
8183	3806.8833351135254
8184	3757.432460784912
8184	3757.432460784912
8185	3875.7691383361816
8185	3875.7691383361816
8186	3743.8271045684814
8186	3743.8271045684814
8187	3532.8032970428467
8187	3532.8032970428467
8188	3827.1589279174805
8188	3827.1589279174805
8189	3751.387357711792
8189	3751.387357711792
8190	4244.085073471069
8190	4244.085073471069
8191	3857.7961921691895
8191	3857.7961921691895
8192	3609.5235347747803
8192	3609.5235347747803
8193	3903.7551879882812
8193	3903.7551879882812
8194	3669.6064472198486
8194	3669.6064472198486
8195	3853.1272411346436
8195	3853.1272411346436
8196	3811.397075653076
8196	3811.397075653076
8197	3585.2620601654053
8197	3585.2620601654053
8198	3528.876543045044
8198	3528.876543045044
8199	3605.4887771606445
8199	3605.4887771606445
8200	4163.835525512695
8200	4163.835525512695
8201	3454.061269760132
8201	3454.061269760132
8202	3743.4604167938232
8202	3743.4604167938232
8203	3442.5880908966064
8203	3442.5880908966064
8204	3500.4096031188965
8204	3500.4096031188965
8205	3115.6182289123535
8205	3115.6182289123535
8206	3411.6363525390625
8206	3411.6363525390625
8207	3194.6699619293213
8207	3194.6699619293213
8208	3424.3099689483643
8208	3424.3099689483643
8209	3323.9080905914307
8209	3323.9080905914307
8210	3822.575569152832
8210	3822.575569152832
8211	3199.9757289886475
8211	3199.9757289886475
8212	3115.4019832611084
8212	3115.4019832611084
8213	3369.7421550750732
8213	3369.7421550750732
8214	3238.50679397583
8214	3238.50679397583
8215	3225.2414226531982
8215	3225.2414226531982
8216	3220.646619796753
8216	3220.646619796753
8217	3196.2890625
8217	3196.2890625
8218	3275.7961750030518
8218	3275.7961750030518
8219	3439.4705295562744
8219	3439.4705295562744
8220	4015.392541885376
8220	4015.392541885376
8221	3464.3490314483643
8221	3464.3490314483643
8222	3495.4326152801514
8222	3495.4326152801514
8223	3706.2315940856934
8223	3706.2315940856934
8224	3816.767454147339
8224	3816.767454147339
8225	3799.2327213287354
8225	3799.2327213287354
8226	3865.354537963867
8226	3865.354537963867
8227	3918.5128211975098
8227	3918.5128211975098
8228	3545.839786529541
8228	3545.839786529541
8229	3991.5504455566406
8229	3991.5504455566406
8230	4496.022462844849
8230	4496.022462844849
8231	3857.050895690918
8231	3857.050895690918
8232	3971.367120742798
8232	3971.367120742798
8233	3626.7313957214355
8233	3626.7313957214355
8234	3320.1863765716553
8234	3320.1863765716553
8235	3677.398920059204
8235	3677.398920059204
8236	3696.9871520996094
8236	3696.9871520996094
8237	3569.474458694458
8237	3569.474458694458
8238	3726.879119873047
8238	3726.879119873047
8239	3697.934865951538
8239	3697.934865951538
8240	4284.566879272461
8240	4284.566879272461
8241	3829.0011882781982
8241	3829.0011882781982
8242	3933.6562156677246
8242	3933.6562156677246
8243	3804.163932800293
8243	3804.163932800293
8244	3506.7288875579834
8244	3506.7288875579834
8245	3594.8071479797363
8245	3594.8071479797363
8246	3867.3274517059326
8246	3867.3274517059326
8247	3822.209358215332
8247	3822.209358215332
8248	3835.458278656006
8248	3835.458278656006
8249	4075.9963989257812
8249	4075.9963989257812
8250	4373.180389404297
8250	4373.180389404297
8251	3972.280263900757
8251	3972.280263900757
8252	3646.949529647827
8252	3646.949529647827
8253	3276.2835025787354
8253	3276.2835025787354
8254	3576.9660472869873
8254	3576.9660472869873
8255	3536.461591720581
8255	3536.461591720581
8256	3885.350227355957
8256	3885.350227355957
8257	3805.387496948242
8257	3805.387496948242
8258	3780.6553840637207
8258	3780.6553840637207
8259	3848.1273651123047
8259	3848.1273651123047
8260	4260.301828384399
8260	4260.301828384399
8261	3799.860715866089
8261	3799.860715866089
8262	3752.98810005188
8262	3752.98810005188
8263	3751.0697841644287
8263	3751.0697841644287
8264	3840.870141983032
8264	3840.870141983032
8265	3820.2104568481445
8265	3820.2104568481445
8266	3798.6559867858887
8266	3798.6559867858887
8267	3836.792469024658
8267	3836.792469024658
8268	3790.409803390503
8268	3790.409803390503
8269	3865.2918338775635
8269	3865.2918338775635
8270	4374.511241912842
8270	4374.511241912842
8271	3728.457450866699
8271	3728.457450866699
8272	3596.708059310913
8272	3596.708059310913
8273	3255.9914588928223
8273	3255.9914588928223
8274	3147.0656394958496
8274	3147.0656394958496
8275	3289.8309230804443
8275	3289.8309230804443
8276	2897.9272842407227
8276	2897.9272842407227
8277	3123.044967651367
8277	3123.044967651367
8278	3209.3396186828613
8278	3209.3396186828613
8279	3312.594413757324
8279	3312.594413757324
8280	3660.21990776062
8280	3660.21990776062
8281	3131.373643875122
8281	3131.373643875122
8282	3563.581705093384
8282	3563.581705093384
8283	3549.5715141296387
8283	3549.5715141296387
8284	3402.026891708374
8284	3402.026891708374
8285	3439.6963119506836
8285	3439.6963119506836
8286	3413.3944511413574
8286	3413.3944511413574
8287	3268.916130065918
8287	3268.916130065918
8288	3540.163040161133
8288	3540.163040161133
8289	3180.406332015991
8289	3180.406332015991
8290	3997.5576400756836
8290	3997.5576400756836
8291	3264.3637657165527
8291	3264.3637657165527
8292	2576.2696266174316
8292	2576.2696266174316
8293	2387.768030166626
8293	2387.768030166626
8294	2705.5344581604004
8294	2705.5344581604004
8295	1639.2357349395752
8295	1639.2357349395752
8296	1484.8663806915283
8296	1484.8663806915283
8297	2556.0433864593506
8297	2556.0433864593506
8298	2286.0608100891113
8298	2286.0608100891113
8299	2443.3298110961914
8299	2443.3298110961914
8300	3164.2611026763916
8300	3164.2611026763916
8301	2594.273090362549
8301	2594.273090362549
8302	2622.049570083618
8302	2622.049570083618
8303	2442.145586013794
8303	2442.145586013794
8304	2471.724033355713
8304	2471.724033355713
8305	2586.038589477539
8305	2586.038589477539
8306	2491.236686706543
8306	2491.236686706543
8307	2419.541120529175
8307	2419.541120529175
8308	2404.07395362854
8308	2404.07395362854
8309	2701.099157333374
8309	2701.099157333374
8310	3089.285373687744
8310	3089.285373687744
8311	2508.2268714904785
8311	2508.2268714904785
8312	2634.0508460998535
8312	2634.0508460998535
8313	2494.1208362579346
8313	2494.1208362579346
8314	2457.702159881592
8314	2457.702159881592
8315	2799.4937896728516
8315	2799.4937896728516
8316	2718.090057373047
8316	2718.090057373047
8317	2588.562488555908
8317	2588.562488555908
8318	2387.8376483917236
8318	2387.8376483917236
8319	2323.138952255249
8319	2323.138952255249
8320	3184.7527027130127
8320	3184.7527027130127
8321	2532.1755409240723
8321	2532.1755409240723
8322	2536.419630050659
8322	2536.419630050659
8323	2300.4255294799805
8323	2300.4255294799805
8324	2460.0765705108643
8324	2460.0765705108643
8325	2531.8522453308105
8325	2531.8522453308105
8326	2566.322088241577
8326	2566.322088241577
8327	2660.1483821868896
8327	2660.1483821868896
8328	2319.7503089904785
8328	2319.7503089904785
8329	2537.490129470825
8329	2537.490129470825
8330	3056.9064617156982
8330	3056.9064617156982
8331	2359.3685626983643
8331	2359.3685626983643
8332	2516.5445804595947
8332	2516.5445804595947
8333	2576.1303901672363
8333	2576.1303901672363
8334	2438.4350776672363
8334	2438.4350776672363
8335	2584.055185317993
8335	2584.055185317993
8336	2579.245090484619
8336	2579.245090484619
8337	2226.987600326538
8337	2226.987600326538
8338	2109.9438667297363
8338	2109.9438667297363
8339	2273.1800079345703
8339	2273.1800079345703
8340	2808.6063861846924
8340	2808.6063861846924
8341	2031.714677810669
8341	2031.714677810669
8342	2192.133665084839
8342	2192.133665084839
8343	2203.026056289673
8343	2203.026056289673
8344	1983.9837551116943
8344	1983.9837551116943
8345	2032.9060554504395
8345	2032.9060554504395
8346	1985.1069450378418
8346	1985.1069450378418
8347	2451.5836238861084
8347	2451.5836238861084
8348	2181.968927383423
8348	2181.968927383423
8349	2229.889392852783
8349	2229.889392852783
8350	2726.2399196624756
8350	2726.2399196624756
8351	2235.7847690582275
8351	2235.7847690582275
8352	2216.583728790283
8352	2216.583728790283
8353	2186.798572540283
8353	2186.798572540283
8354	2055.100917816162
8354	2055.100917816162
8355	2677.978515625
8355	2677.978515625
8356	2607.834577560425
8356	2607.834577560425
8357	2551.901340484619
8357	2551.901340484619
8358	2348.496913909912
8358	2348.496913909912
8359	2278.519868850708
8359	2278.519868850708
8360	3103.731632232666
8360	3103.731632232666
8361	2531.9411754608154
8361	2531.9411754608154
8362	2445.127487182617
8362	2445.127487182617
8363	2630.4759979248047
8363	2630.4759979248047
8364	2634.6938610076904
8364	2634.6938610076904
8365	2616.2149906158447
8365	2616.2149906158447
8366	2499.917984008789
8366	2499.917984008789
8367	2547.8434562683105
8367	2547.8434562683105
8368	2611.208200454712
8368	2611.208200454712
8369	2333.756446838379
8369	2333.756446838379
8370	3286.020040512085
8370	3286.020040512085
8371	2458.104133605957
8371	2458.104133605957
8372	2308.9568614959717
8372	2308.9568614959717
8373	2534.64937210083
8373	2534.64937210083
8374	2514.787435531616
8374	2514.787435531616
8375	2474.834680557251
8375	2474.834680557251
8376	2378.094434738159
8376	2378.094434738159
8377	2500.8652210235596
8377	2500.8652210235596
8378	2363.483428955078
8378	2363.483428955078
8379	2381.4568519592285
8379	2381.4568519592285
8380	3247.3976612091064
8380	3247.3976612091064
8381	2620.199203491211
8381	2620.199203491211
8382	2311.8348121643066
8382	2311.8348121643066
8383	2511.277914047241
8383	2511.277914047241
8384	2466.5627479553223
8384	2466.5627479553223
8385	2557.9936504364014
8385	2557.9936504364014
8386	2486.734390258789
8386	2486.734390258789
8387	2624.6955394744873
8387	2624.6955394744873
8388	2662.4462604522705
8388	2662.4462604522705
8389	2588.6762142181396
8389	2588.6762142181396
8390	2922.1396446228027
8390	2922.1396446228027
8391	2450.1190185546875
8391	2450.1190185546875
8392	2519.001007080078
8392	2519.001007080078
8393	2536.086320877075
8393	2536.086320877075
8394	2695.103883743286
8394	2695.103883743286
8395	2366.811752319336
8395	2366.811752319336
8396	2583.479166030884
8396	2583.479166030884
8397	2491.3363456726074
8397	2491.3363456726074
8398	1940.6542778015137
8398	1940.6542778015137
8399	1983.093023300171
8399	1983.093023300171
8400	2926.2795448303223
8400	2926.2795448303223
8401	2113.805055618286
8401	2113.805055618286
8402	2141.447067260742
8402	2141.447067260742
8403	1991.445779800415
8403	1991.445779800415
8404	2088.8564586639404
8404	2088.8564586639404
8405	2237.351894378662
8405	2237.351894378662
8406	2174.720525741577
8406	2174.720525741577
8407	2063.3645057678223
8407	2063.3645057678223
8408	2221.0958003997803
8408	2221.0958003997803
8409	2042.1171188354492
8409	2042.1171188354492
8410	2842.1919345855713
8410	2842.1919345855713
8411	2104.3310165405273
8411	2104.3310165405273
8412	2268.7737941741943
8412	2268.7737941741943
8413	2139.6241188049316
8413	2139.6241188049316
8414	2282.04083442688
8414	2282.04083442688
8415	2326.784372329712
8415	2326.784372329712
8416	2611.16099357605
8416	2611.16099357605
8417	2678.5271167755127
8417	2678.5271167755127
8418	2159.8851680755615
8418	2159.8851680755615
8419	3281.383991241455
8419	3281.383991241455
8420	4213.833808898926
8420	4213.833808898926
8421	3686.1252784729004
8421	3686.1252784729004
8422	3528.634786605835
8422	3528.634786605835
8423	3684.706687927246
8423	3684.706687927246
8424	3920.696496963501
8424	3920.696496963501
8425	3784.937620162964
8425	3784.937620162964
8426	3876.63197517395
8426	3876.63197517395
8427	3772.7766036987305
8427	3772.7766036987305
8428	4012.5207901000977
8428	4012.5207901000977
8429	3801.3973236083984
8429	3801.3973236083984
8430	4383.038282394409
8430	4383.038282394409
8431	3916.893482208252
8431	3916.893482208252
8432	3530.0705432891846
8432	3530.0705432891846
8433	3849.515676498413
8433	3849.515676498413
8434	3753.641366958618
8434	3753.641366958618
8435	3783.8294506073
8435	3783.8294506073
8436	3586.280345916748
8436	3586.280345916748
8437	3829.2410373687744
8437	3829.2410373687744
8438	3851.3553142547607
8438	3851.3553142547607
8439	3576.6587257385254
8439	3576.6587257385254
8440	4323.836326599121
8440	4323.836326599121
8441	3518.968105316162
8441	3518.968105316162
8442	3315.2379989624023
8442	3315.2379989624023
8443	3604.0544509887695
8443	3604.0544509887695
8444	3717.155933380127
8444	3717.155933380127
8445	3729.5444011688232
8445	3729.5444011688232
8446	3518.869161605835
8446	3518.869161605835
8447	3801.77903175354
8447	3801.77903175354
8448	3723.0122089385986
8448	3723.0122089385986
8449	3914.9699211120605
8449	3914.9699211120605
8450	4331.133127212524
8450	4331.133127212524
8451	3935.612916946411
8451	3935.612916946411
8452	3693.5157775878906
8452	3693.5157775878906
8453	3905.8313369750977
8453	3905.8313369750977
8454	3817.6605701446533
8454	3817.6605701446533
8455	3553.4205436706543
8455	3553.4205436706543
8456	3597.756862640381
8456	3597.756862640381
8457	4057.849884033203
8457	4057.849884033203
8458	3723.1106758117676
8458	3723.1106758117676
8459	3591.585874557495
8459	3591.585874557495
8460	4195.869445800781
8460	4195.869445800781
8461	3394.83380317688
8461	3394.83380317688
8462	3481.950044631958
8462	3481.950044631958
8463	3422.703742980957
8463	3422.703742980957
8464	3777.5959968566895
8464	3777.5959968566895
8465	3517.67897605896
8465	3517.67897605896
8466	3421.792984008789
8466	3421.792984008789
8467	3121.5462684631348
8467	3121.5462684631348
8468	3436.2425804138184
8468	3436.2425804138184
8469	3122.011423110962
8469	3122.011423110962
8470	3953.899145126343
8470	3953.899145126343
8471	3193.2244300842285
8471	3193.2244300842285
8472	3474.0190505981445
8472	3474.0190505981445
8473	3527.435064315796
8473	3527.435064315796
8474	3457.0045471191406
8474	3457.0045471191406
8475	3667.3591136932373
8475	3667.3591136932373
8476	3553.697109222412
8476	3553.697109222412
8477	3517.6501274108887
8477	3517.6501274108887
8478	3509.66739654541
8478	3509.66739654541
8479	3220.857858657837
8479	3220.857858657837
8480	3802.6082515716553
8480	3802.6082515716553
8481	3228.2731533050537
8481	3228.2731533050537
8482	3225.0847816467285
8482	3225.0847816467285
8483	3068.441152572632
8483	3068.441152572632
8484	3210.576057434082
8484	3210.576057434082
8485	3484.809160232544
8485	3484.809160232544
8486	3434.1213703155518
8486	3434.1213703155518
8487	3739.835262298584
8487	3739.835262298584
8488	3535.4256629943848
8488	3535.4256629943848
8489	3870.9137439727783
8489	3870.9137439727783
8490	4334.4714641571045
8490	4334.4714641571045
8491	3806.8552017211914
8491	3806.8552017211914
8492	3904.5989513397217
8492	3904.5989513397217
8493	3828.6712169647217
8493	3828.6712169647217
8494	3861.171245574951
8494	3861.171245574951
8495	3840.5890464782715
8495	3840.5890464782715
8496	3853.290319442749
8496	3853.290319442749
8497	3627.730369567871
8497	3627.730369567871
8498	3837.3398780822754
8498	3837.3398780822754
8499	3782.2678089141846
8499	3782.2678089141846
8500	14611.189126968384
8500	14611.189126968384
8501	4046.9658374786377
8501	4046.9658374786377
8502	4124.937295913696
8502	4124.937295913696
8503	4028.6622047424316
8503	4028.6622047424316
8504	3799.069881439209
8504	3799.069881439209
8505	3894.2415714263916
8505	3894.2415714263916
8506	4085.771322250366
8506	4085.771322250366
8507	3881.969213485718
8507	3881.969213485718
8508	4082.472324371338
8508	4082.472324371338
8509	4112.148284912109
8509	4112.148284912109
8510	4650.697231292725
8510	4650.697231292725
8511	4099.178791046143
8511	4099.178791046143
8512	4123.707294464111
8512	4123.707294464111
8513	4219.858646392822
8513	4219.858646392822
8514	3614.337921142578
8514	3614.337921142578
8515	4368.4117794036865
8515	4368.4117794036865
8516	3436.9287490844727
8516	3436.9287490844727
8517	3146.9669342041016
8517	3146.9669342041016
8518	3692.659854888916
8518	3692.659854888916
8519	3420.3336238861084
8519	3420.3336238861084
8520	3969.2177772521973
8520	3969.2177772521973
8521	3341.7539596557617
8521	3341.7539596557617
8522	3394.8144912719727
8522	3394.8144912719727
8523	3271.871566772461
8523	3271.871566772461
8524	3453.582763671875
8524	3453.582763671875
8525	3355.163812637329
8525	3355.163812637329
8526	3160.6554985046387
8526	3160.6554985046387
8527	3221.3687896728516
8527	3221.3687896728516
8528	3250.558614730835
8528	3250.558614730835
8529	3363.5551929473877
8529	3363.5551929473877
8530	3975.9552478790283
8530	3975.9552478790283
8531	3280.2207469940186
8531	3280.2207469940186
8532	3644.6547508239746
8532	3644.6547508239746
8533	3376.157283782959
8533	3376.157283782959
8534	3432.5289726257324
8534	3432.5289726257324
8535	3547.6431846618652
8535	3547.6431846618652
8536	3566.5130615234375
8536	3566.5130615234375
8537	3494.493246078491
8537	3494.493246078491
8538	3619.9827194213867
8538	3619.9827194213867
8539	3165.264129638672
8539	3165.264129638672
8540	3889.9433612823486
8540	3889.9433612823486
8541	3314.7335052490234
8541	3314.7335052490234
8542	3912.187337875366
8542	3912.187337875366
8543	3668.2703495025635
8543	3668.2703495025635
8544	2540.292501449585
8544	2540.292501449585
8545	3728.6911010742188
8545	3728.6911010742188
8546	3576.082229614258
8546	3576.082229614258
8547	3842.6854610443115
8547	3842.6854610443115
8548	3824.794292449951
8548	3824.794292449951
8549	3919.9435710906982
8549	3919.9435710906982
8550	4464.98703956604
8550	4464.98703956604
8551	3546.7259883880615
8551	3546.7259883880615
8552	3941.5194988250732
8552	3941.5194988250732
8553	3872.769355773926
8553	3872.769355773926
8554	3846.5774059295654
8554	3846.5774059295654
8555	3805.1512241363525
8555	3805.1512241363525
8556	3826.063394546509
8556	3826.063394546509
8557	3869.11940574646
8557	3869.11940574646
8558	3861.225128173828
8558	3861.225128173828
8559	3893.580675125122
8559	3893.580675125122
8560	4529.118299484253
8560	4529.118299484253
8561	3855.1957607269287
8561	3855.1957607269287
8562	4008.7246894836426
8562	4008.7246894836426
8563	3349.421262741089
8563	3349.421262741089
8564	3655.198812484741
8564	3655.198812484741
8565	3664.656162261963
8565	3664.656162261963
8566	3666.90993309021
8566	3666.90993309021
8567	3535.763740539551
8567	3535.763740539551
8568	3403.635025024414
8568	3403.635025024414
8569	3866.800308227539
8569	3866.800308227539
8570	4153.997421264648
8570	4153.997421264648
8571	3735.91685295105
8571	3735.91685295105
8572	3944.413900375366
8572	3944.413900375366
8573	3963.4692668914795
8573	3963.4692668914795
8574	3777.8000831604004
8574	3777.8000831604004
8575	3652.272939682007
8575	3652.272939682007
8576	3727.238893508911
8576	3727.238893508911
8577	3868.2491779327393
8577	3868.2491779327393
8578	3876.3792514801025
8578	3876.3792514801025
8579	3826.7672061920166
8579	3826.7672061920166
8580	4392.279148101807
8580	4392.279148101807
8581	3309.8387718200684
8581	3309.8387718200684
8582	3502.707004547119
8582	3502.707004547119
8583	3663.94305229187
8583	3663.94305229187
8584	3669.532299041748
8584	3669.532299041748
8585	3744.9285984039307
8585	3744.9285984039307
8586	3727.1816730499268
8586	3727.1816730499268
8587	3372.053623199463
8587	3372.053623199463
8588	3540.224075317383
8588	3540.224075317383
8589	3699.512481689453
8589	3699.512481689453
8590	4250.693321228027
8590	4250.693321228027
8591	3573.044538497925
8591	3573.044538497925
8592	3491.558313369751
8592	3491.558313369751
8593	3142.4570083618164
8593	3142.4570083618164
8594	3184.6187114715576
8594	3184.6187114715576
8595	3192.7435398101807
8595	3192.7435398101807
8596	3447.237968444824
8596	3447.237968444824
8597	3432.645082473755
8597	3432.645082473755
8598	3317.662239074707
8598	3317.662239074707
8599	3332.1263790130615
8599	3332.1263790130615
8600	4260.4029178619385
8600	4260.4029178619385
8601	3481.3246726989746
8601	3481.3246726989746
8602	3666.114330291748
8602	3666.114330291748
8603	3634.5438957214355
8603	3634.5438957214355
8604	3360.088348388672
8604	3360.088348388672
8605	3265.0139331817627
8605	3265.0139331817627
8606	3263.7887001037598
8606	3263.7887001037598
8607	3312.3178482055664
8607	3312.3178482055664
8608	3406.944513320923
8608	3406.944513320923
8609	3387.646436691284
8609	3387.646436691284
8610	4021.0821628570557
8610	4021.0821628570557
8611	3716.813087463379
8611	3716.813087463379
8612	3989.4282817840576
8612	3989.4282817840576
8613	3894.912004470825
8613	3894.912004470825
8614	3792.0336723327637
8614	3792.0336723327637
8615	3813.117742538452
8615	3813.117742538452
8616	3840.5585289001465
8616	3840.5585289001465
8617	3813.5504722595215
8617	3813.5504722595215
8618	3930.4869174957275
8618	3930.4869174957275
8619	3825.3233432769775
8619	3825.3233432769775
8620	4465.547323226929
8620	4465.547323226929
8621	3865.081787109375
8621	3865.081787109375
8622	3950.000524520874
8622	3950.000524520874
8623	4052.7191162109375
8623	4052.7191162109375
8624	3870.546340942383
8624	3870.546340942383
8625	3866.924285888672
8625	3866.924285888672
8626	3667.205333709717
8626	3667.205333709717
8627	3494.8999881744385
8627	3494.8999881744385
8628	3519.463539123535
8628	3519.463539123535
8629	3585.590600967407
8629	3585.590600967407
8630	4376.114368438721
8630	4376.114368438721
8631	3428.020715713501
8631	3428.020715713501
8632	3464.0824794769287
8632	3464.0824794769287
8633	3880.749464035034
8633	3880.749464035034
8634	3911.633253097534
8634	3911.633253097534
8635	3809.918165206909
8635	3809.918165206909
8636	3797.410726547241
8636	3797.410726547241
8637	3538.5985374450684
8637	3538.5985374450684
8638	3875.7355213165283
8638	3875.7355213165283
8639	3742.929220199585
8639	3742.929220199585
8640	4455.50012588501
8640	4455.50012588501
8641	3841.2370681762695
8641	3841.2370681762695
8642	3523.446798324585
8642	3523.446798324585
8643	3579.8182487487793
8643	3579.8182487487793
8644	3756.649971008301
8644	3756.649971008301
8645	3433.1400394439697
8645	3433.1400394439697
8646	3700.852394104004
8646	3700.852394104004
8647	3672.865390777588
8647	3672.865390777588
8648	3729.33030128479
8648	3729.33030128479
8649	3793.5423851013184
8649	3793.5423851013184
8650	4282.663583755493
8650	4282.663583755493
8651	3756.2661170959473
8651	3756.2661170959473
8652	3699.406147003174
8652	3699.406147003174
8653	3852.5850772857666
8653	3852.5850772857666
8654	3636.117458343506
8654	3636.117458343506
8655	3874.250650405884
8655	3874.250650405884
8656	3603.5304069519043
8656	3603.5304069519043
8657	3770.578622817993
8657	3770.578622817993
8658	3810.3792667388916
8658	3810.3792667388916
8659	3940.5810832977295
8659	3940.5810832977295
8660	3990.1387691497803
8660	3990.1387691497803
8661	3416.172742843628
8661	3416.172742843628
8662	3552.2801876068115
8662	3552.2801876068115
8663	3468.7204360961914
8663	3468.7204360961914
8664	3609.306812286377
8664	3609.306812286377
8665	3565.3762817382812
8665	3565.3762817382812
8666	3057.122230529785
8666	3057.122230529785
8667	2978.5990715026855
8667	2978.5990715026855
8668	3032.329797744751
8668	3032.329797744751
8669	3299.142599105835
8669	3299.142599105835
8670	3851.940870285034
8670	3851.940870285034
8671	3419.0824031829834
8671	3419.0824031829834
8672	3098.4323024749756
8672	3098.4323024749756
8673	3132.667303085327
8673	3132.667303085327
8674	3390.869379043579
8674	3390.869379043579
8675	3680.4776191711426
8675	3680.4776191711426
8676	3531.137228012085
8676	3531.137228012085
8677	3123.769521713257
8677	3123.769521713257
8678	3266.3660049438477
8678	3266.3660049438477
8679	3442.6422119140625
8679	3442.6422119140625
8680	4226.132154464722
8680	4226.132154464722
8681	3776.2908935546875
8681	3776.2908935546875
8682	3727.576732635498
8682	3727.576732635498
8683	3374.176263809204
8683	3374.176263809204
8684	2526.437997817993
8684	2526.437997817993
8685	2660.353899002075
8685	2660.353899002075
8686	2442.424774169922
8686	2442.424774169922
8687	2643.8632011413574
8687	2643.8632011413574
8688	2587.6998901367188
8688	2587.6998901367188
8689	2506.3772201538086
8689	2506.3772201538086
8690	3134.713888168335
8690	3134.713888168335
8691	2508.3584785461426
8691	2508.3584785461426
8692	2637.0787620544434
8692	2637.0787620544434
8693	2582.038164138794
8693	2582.038164138794
8694	2308.3245754241943
8694	2308.3245754241943
8695	2587.1355533599854
8695	2587.1355533599854
8696	2447.5560188293457
8696	2447.5560188293457
8697	2572.828769683838
8697	2572.828769683838
8698	2469.5839881896973
8698	2469.5839881896973
8699	2701.9424438476562
8699	2701.9424438476562
8700	3113.393783569336
8700	3113.393783569336
8701	2479.966163635254
8701	2479.966163635254
8702	2582.845449447632
8702	2582.845449447632
8703	2453.726291656494
8703	2453.726291656494
8704	2605.048894882202
8704	2605.048894882202
8705	2611.969470977783
8705	2611.969470977783
8706	2365.5178546905518
8706	2365.5178546905518
8707	2333.132743835449
8707	2333.132743835449
8708	2403.4557342529297
8708	2403.4557342529297
8709	2392.552375793457
8709	2392.552375793457
8710	3301.2490272521973
8710	3301.2490272521973
8711	2565.512180328369
8711	2565.512180328369
8712	2577.4946212768555
8712	2577.4946212768555
8713	2677.2005558013916
8713	2677.2005558013916
8714	2579.895496368408
8714	2579.895496368408
8715	2508.3675384521484
8715	2508.3675384521484
8716	2463.592290878296
8716	2463.592290878296
8717	2587.299108505249
8717	2587.299108505249
8718	2544.3038940429688
8718	2544.3038940429688
8719	2550.6198406219482
8719	2550.6198406219482
8720	3254.3227672576904
8720	3254.3227672576904
8721	2575.4554271698
8721	2575.4554271698
8722	2736.4485263824463
8722	2736.4485263824463
8723	2620.635509490967
8723	2620.635509490967
8724	2102.0822525024414
8724	2102.0822525024414
8725	2211.7388248443604
8725	2211.7388248443604
8726	2145.3325748443604
8726	2145.3325748443604
8727	2166.411876678467
8727	2166.411876678467
8728	2033.1602096557617
8728	2033.1602096557617
8729	1993.6308860778809
8729	1993.6308860778809
8730	2745.6765174865723
8730	2745.6765174865723
8731	1920.9423065185547
8731	1920.9423065185547
8732	2160.621404647827
8732	2160.621404647827
8733	2388.4124755859375
8733	2388.4124755859375
8734	2370.7776069641113
8734	2370.7776069641113
8735	2242.464303970337
8735	2242.464303970337
8736	2311.1095428466797
8736	2311.1095428466797
8737	2203.429698944092
8737	2203.429698944092
8738	2270.8466053009033
8738	2270.8466053009033
8739	2000.107765197754
8739	2000.107765197754
8740	2807.8579902648926
8740	2807.8579902648926
8741	2109.4069480895996
8741	2109.4069480895996
8742	2615.133285522461
8742	2615.133285522461
8743	2325.8652687072754
8743	2325.8652687072754
8744	2483.7775230407715
8744	2483.7775230407715
8745	2692.7974224090576
8745	2692.7974224090576
8746	2682.4448108673096
8746	2682.4448108673096
8747	2616.2610054016113
8747	2616.2610054016113
8748	2456.7337036132812
8748	2456.7337036132812
8749	2733.826160430908
8749	2733.826160430908
8750	3111.360549926758
8750	3111.360549926758
8751	2650.266647338867
8751	2650.266647338867
8752	2615.5242919921875
8752	2615.5242919921875
8753	2667.8121089935303
8753	2667.8121089935303
8754	2942.7437782287598
8754	2942.7437782287598
8755	2824.1307735443115
8755	2824.1307735443115
8756	2350.4083156585693
8756	2350.4083156585693
8757	2434.1022968292236
8757	2434.1022968292236
8758	2375.1556873321533
8758	2375.1556873321533
8759	2585.3404998779297
8759	2585.3404998779297
8760	3209.7461223602295
8760	3209.7461223602295
8761	2536.0312461853027
8761	2536.0312461853027
8762	2439.9971961975098
8762	2439.9971961975098
8763	2527.782440185547
8763	2527.782440185547
8764	2669.7709560394287
8764	2669.7709560394287
8765	2645.7645893096924
8765	2645.7645893096924
8766	2655.4794311523438
8766	2655.4794311523438
8767	2555.952548980713
8767	2555.952548980713
8768	2577.8679847717285
8768	2577.8679847717285
8769	2521.7998027801514
8769	2521.7998027801514
8770	3323.1406211853027
8770	3323.1406211853027
8771	2341.292142868042
8771	2341.292142868042
8772	2797.244071960449
8772	2797.244071960449
8773	2604.2401790618896
8773	2604.2401790618896
8774	2644.606113433838
8774	2644.606113433838
8775	2481.7545413970947
8775	2481.7545413970947
8776	2517.0164108276367
8776	2517.0164108276367
8777	2561.020851135254
8777	2561.020851135254
8778	2540.9748554229736
8778	2540.9748554229736
8779	2318.491220474243
8779	2318.491220474243
8780	3031.733751296997
8780	3031.733751296997
8781	2364.5801544189453
8781	2364.5801544189453
8782	2297.3709106445312
8782	2297.3709106445312
8783	2557.8408241271973
8783	2557.8408241271973
8784	2237.9348278045654
8784	2237.9348278045654
8785	2206.8939208984375
8785	2206.8939208984375
8786	2267.1055793762207
8786	2267.1055793762207
8787	2230.196952819824
8787	2230.196952819824
8788	2180.9158325195312
8788	2180.9158325195312
8789	2098.795175552368
8789	2098.795175552368
8790	2745.326042175293
8790	2745.326042175293
8791	1992.2540187835693
8791	1992.2540187835693
8792	2084.0141773223877
8792	2084.0141773223877
8793	2218.6567783355713
8793	2218.6567783355713
8794	2206.1429023742676
8794	2206.1429023742676
8795	2210.3030681610107
8795	2210.3030681610107
8796	2322.209358215332
8796	2322.209358215332
8797	2117.0356273651123
8797	2117.0356273651123
8798	2357.301712036133
8798	2357.301712036133
8799	2367.542505264282
8799	2367.542505264282
8800	2742.3033714294434
8800	2742.3033714294434
8801	2366.8532371520996
8801	2366.8532371520996
8802	2729.1033267974854
8802	2729.1033267974854
8803	2606.6267490386963
8803	2606.6267490386963
8804	1991.3861751556396
8804	1991.3861751556396
8805	1602.21529006958
8805	1602.21529006958
8806	1579.4291496276855
8806	1579.4291496276855
8807	2470.8521366119385
8807	2470.8521366119385
8808	2614.840269088745
8808	2614.840269088745
8809	3354.4986248016357
8809	3354.4986248016357
8810	3233.707904815674
8810	3233.707904815674
8811	3098.1945991516113
8811	3098.1945991516113
8812	3585.0515365600586
8812	3585.0515365600586
8813	3568.8676834106445
8813	3568.8676834106445
8814	3759.0460777282715
8814	3759.0460777282715
8815	3767.0319080352783
8815	3767.0319080352783
8816	3740.66162109375
8816	3740.66162109375
8817	3811.3350868225098
8817	3811.3350868225098
8818	3803.5826683044434
8818	3803.5826683044434
8819	3709.7113132476807
8819	3709.7113132476807
8820	3976.7415523529053
8820	3976.7415523529053
8821	3773.1966972351074
8821	3773.1966972351074
8822	3781.460762023926
8822	3781.460762023926
8823	3798.590660095215
8823	3798.590660095215
8824	3853.51824760437
8824	3853.51824760437
8825	3911.6058349609375
8825	3911.6058349609375
8826	3939.2623901367188
8826	3939.2623901367188
8827	4019.5178985595703
8827	4019.5178985595703
8828	3817.2872066497803
8828	3817.2872066497803
8829	3959.5489501953125
8829	3959.5489501953125
8830	4316.927194595337
8830	4316.927194595337
8831	3818.8717365264893
8831	3818.8717365264893
8832	3930.030107498169
8832	3930.030107498169
8833	3851.9957065582275
8833	3851.9957065582275
8834	3630.1722526550293
8834	3630.1722526550293
8835	3530.0817489624023
8835	3530.0817489624023
8836	3359.7052097320557
8836	3359.7052097320557
8837	3436.9356632232666
8837	3436.9356632232666
8838	3907.8946113586426
8838	3907.8946113586426
8839	3818.369150161743
8839	3818.369150161743
8840	4417.775630950928
8840	4417.775630950928
8841	3927.7045726776123
8841	3927.7045726776123
8842	3736.790180206299
8842	3736.790180206299
8843	3585.740089416504
8843	3585.740089416504
8844	3800.049304962158
8844	3800.049304962158
8845	3836.0748291015625
8845	3836.0748291015625
8846	3783.9276790618896
8846	3783.9276790618896
8847	3876.4472007751465
8847	3876.4472007751465
8848	3867.030382156372
8848	3867.030382156372
8849	3917.1669483184814
8849	3917.1669483184814
8850	4523.138523101807
8850	4523.138523101807
8851	3426.8200397491455
8851	3426.8200397491455
8852	3467.298746109009
8852	3467.298746109009
8853	3317.025661468506
8853	3317.025661468506
8854	3435.725212097168
8854	3435.725212097168
8855	3623.2080459594727
8855	3623.2080459594727
8856	3543.647050857544
8856	3543.647050857544
8857	3288.69891166687
8857	3288.69891166687
8858	3437.4382495880127
8858	3437.4382495880127
8859	3132.086992263794
8859	3132.086992263794
8860	4174.201250076294
8860	4174.201250076294
8861	3414.726734161377
8861	3414.726734161377
8862	3267.1256065368652
8862	3267.1256065368652
8863	3412.3404026031494
8863	3412.3404026031494
8864	3230.376720428467
8864	3230.376720428467
8865	3431.66446685791
8865	3431.66446685791
8866	3487.6060485839844
8866	3487.6060485839844
8867	3509.9387168884277
8867	3509.9387168884277
8868	3495.5239295959473
8868	3495.5239295959473
8869	3492.2611713409424
8869	3492.2611713409424
8870	4027.0960330963135
8870	4027.0960330963135
8871	3540.9157276153564
8871	3540.9157276153564
8872	3763.5250091552734
8872	3763.5250091552734
8873	3777.797222137451
8873	3777.797222137451
8874	3274.4903564453125
8874	3274.4903564453125
8875	3468.0190086364746
8875	3468.0190086364746
8876	3930.713415145874
8876	3930.713415145874
8877	3732.253074645996
8877	3732.253074645996
8878	3750.145196914673
8878	3750.145196914673
8879	3749.999761581421
8879	3749.999761581421
8880	4300.281763076782
8880	4300.281763076782
8881	3849.8501777648926
8881	3849.8501777648926
8882	3758.7687969207764
8882	3758.7687969207764
8883	3385.605573654175
8883	3385.605573654175
8884	3532.581567764282
8884	3532.581567764282
8885	3742.9537773132324
8885	3742.9537773132324
8886	3653.0990600585938
8886	3653.0990600585938
8887	3777.049779891968
8887	3777.049779891968
8888	3851.710796356201
8888	3851.710796356201
8889	3853.5094261169434
8889	3853.5094261169434
8890	4493.427753448486
8890	4493.427753448486
8891	3912.3435020446777
8891	3912.3435020446777
8892	3867.2049045562744
8892	3867.2049045562744
8893	3872.9088306427
8893	3872.9088306427
8894	3749.8602867126465
8894	3749.8602867126465
8895	3539.088010787964
8895	3539.088010787964
8896	3609.9162101745605
8896	3609.9162101745605
8897	3759.6611976623535
8897	3759.6611976623535
8898	3743.981122970581
8898	3743.981122970581
8899	3497.084379196167
8899	3497.084379196167
8900	4028.4197330474854
8900	4028.4197330474854
8901	3783.555746078491
8901	3783.555746078491
8902	3831.343412399292
8902	3831.343412399292
8903	3812.8108978271484
8903	3812.8108978271484
8904	3612.83016204834
8904	3612.83016204834
8905	3722.025156021118
8905	3722.025156021118
8906	3739.074945449829
8906	3739.074945449829
8907	3940.6166076660156
8907	3940.6166076660156
8908	3946.614980697632
8908	3946.614980697632
8909	3881.1371326446533
8909	3881.1371326446533
8910	4644.694566726685
8910	4644.694566726685
8911	4006.6418647766113
8911	4006.6418647766113
8912	3995.5718517303467
8912	3995.5718517303467
8913	3988.727331161499
8913	3988.727331161499
8914	3567.768335342407
8914	3567.768335342407
8915	3819.8108673095703
8915	3819.8108673095703
8916	3877.051830291748
8916	3877.051830291748
8917	3888.852596282959
8917	3888.852596282959
8918	3894.4995403289795
8918	3894.4995403289795
8919	3603.400945663452
8919	3603.400945663452
8920	4051.2685775756836
8920	4051.2685775756836
8921	3173.5854148864746
8921	3173.5854148864746
8922	3180.8881759643555
8922	3180.8881759643555
8923	3330.930709838867
8923	3330.930709838867
8924	3287.041425704956
8924	3287.041425704956
8925	3044.386148452759
8925	3044.386148452759
8926	3382.106065750122
8926	3382.106065750122
8927	3372.833013534546
8927	3372.833013534546
8928	3453.8052082061768
8928	3453.8052082061768
8929	3433.398962020874
8929	3433.398962020874
8930	4146.770238876343
8930	4146.770238876343
8931	3430.8717250823975
8931	3430.8717250823975
8932	3713.937997817993
8932	3713.937997817993
8933	3636.4755630493164
8933	3636.4755630493164
8934	3647.244930267334
8934	3647.244930267334
8935	3635.7390880584717
8935	3635.7390880584717
8936	3548.0082035064697
8936	3548.0082035064697
8937	3671.497583389282
8937	3671.497583389282
8938	3597.386121749878
8938	3597.386121749878
8939	3500.0810623168945
8939	3500.0810623168945
8940	4509.790897369385
8940	4509.790897369385
8941	3750.224828720093
8941	3750.224828720093
8942	3682.796001434326
8942	3682.796001434326
8943	2101.954936981201
8943	2101.954936981201
8944	2252.4280548095703
8944	2252.4280548095703
8945	2514.2228603363037
8945	2514.2228603363037
8946	2256.8650245666504
8946	2256.8650245666504
8947	3518.054962158203
8947	3518.054962158203
8948	3174.7889518737793
8948	3174.7889518737793
8949	3442.2695636749268
8949	3442.2695636749268
8950	3996.9184398651123
8950	3996.9184398651123
8951	3467.7340984344482
8951	3467.7340984344482
8952	3494.5766925811768
8952	3494.5766925811768
8953	3582.5445652008057
8953	3582.5445652008057
8954	3321.666717529297
8954	3321.666717529297
8955	3512.6376152038574
8955	3512.6376152038574
8956	3246.4821338653564
8956	3246.4821338653564
8957	3533.720016479492
8957	3533.720016479492
8958	3318.519353866577
8958	3318.519353866577
8959	3511.579990386963
8959	3511.579990386963
8960	4151.606798171997
8960	4151.606798171997
8961	3437.494993209839
8961	3437.494993209839
8962	3190.716505050659
8962	3190.716505050659
8963	3574.352741241455
8963	3574.352741241455
8964	3247.943639755249
8964	3247.943639755249
8965	3362.079381942749
8965	3362.079381942749
8966	3261.942148208618
8966	3261.942148208618
8967	2352.4134159088135
8967	2352.4134159088135
8968	2500.1745223999023
8968	2500.1745223999023
8969	2619.999885559082
8969	2619.999885559082
8970	3135.549306869507
8970	3135.549306869507
8971	2420.4928874969482
8971	2420.4928874969482
8972	2610.9158992767334
8972	2610.9158992767334
8973	2324.665069580078
8973	2324.665069580078
8974	2740.94557762146
8974	2740.94557762146
8975	4035.4955196380615
8975	4035.4955196380615
8976	4056.9913387298584
8976	4056.9913387298584
8977	4056.8840503692627
8977	4056.8840503692627
8978	4073.4124183654785
8978	4073.4124183654785
8979	4243.4632778167725
8979	4243.4632778167725
8980	4902.7159214019775
8980	4902.7159214019775
8981	3818.0274963378906
8981	3818.0274963378906
8982	4262.903451919556
8982	4262.903451919556
8983	3834.3074321746826
8983	3834.3074321746826
8984	4215.805530548096
8984	4215.805530548096
8985	4265.912771224976
8985	4265.912771224976
8986	3554.652452468872
8986	3554.652452468872
8987	4114.500522613525
8987	4114.500522613525
8988	3281.4815044403076
8988	3281.4815044403076
8989	3413.440942764282
8989	3413.440942764282
8990	4018.4082984924316
8990	4018.4082984924316
8991	3739.2866611480713
8991	3739.2866611480713
8992	3853.304386138916
8992	3853.304386138916
8993	3239.543914794922
8993	3239.543914794922
8994	3730.1340103149414
8994	3730.1340103149414
8995	3811.812162399292
8995	3811.812162399292
8996	3861.102342605591
8996	3861.102342605591
8997	3840.4786586761475
8997	3840.4786586761475
8998	3806.3182830810547
8998	3806.3182830810547
8999	3867.04158782959
8999	3867.04158782959
9000	20851.917505264282
9000	20851.917505264282
9001	3820.1258182525635
9001	3820.1258182525635
9002	3807.567596435547
9002	3807.567596435547
9003	3829.6422958374023
9003	3829.6422958374023
9004	3831.11834526062
9004	3831.11834526062
9005	3642.805814743042
9005	3642.805814743042
9006	3474.2727279663086
9006	3474.2727279663086
9007	3403.1150341033936
9007	3403.1150341033936
9008	3428.462266921997
9008	3428.462266921997
9009	2881.1604976654053
9009	2881.1604976654053
9010	3780.545711517334
9010	3780.545711517334
9011	3254.6627521514893
9011	3254.6627521514893
9012	3089.9267196655273
9012	3089.9267196655273
9013	2973.6850261688232
9013	2973.6850261688232
9014	3325.65975189209
9014	3325.65975189209
9015	3598.942279815674
9015	3598.942279815674
9016	3168.6859130859375
9016	3168.6859130859375
9017	3306.361436843872
9017	3306.361436843872
9018	3477.062463760376
9018	3477.062463760376
9019	3219.2978858947754
9019	3219.2978858947754
9020	3980.3504943847656
9020	3980.3504943847656
9021	3512.4144554138184
9021	3512.4144554138184
9022	3483.6885929107666
9022	3483.6885929107666
9023	3244.363307952881
9023	3244.363307952881
9024	3476.444959640503
9024	3476.444959640503
9025	3783.984661102295
9025	3783.984661102295
9026	3610.3811264038086
9026	3610.3811264038086
9027	3255.51700592041
9027	3255.51700592041
9028	3719.918727874756
9028	3719.918727874756
9029	3648.8239765167236
9029	3648.8239765167236
9030	4234.846591949463
9030	4234.846591949463
9031	3823.967456817627
9031	3823.967456817627
9032	3689.474105834961
9032	3689.474105834961
9033	3828.1447887420654
9033	3828.1447887420654
9034	3758.0394744873047
9034	3758.0394744873047
9035	3814.8090839385986
9035	3814.8090839385986
9036	3799.593448638916
9036	3799.593448638916
9037	3831.6004276275635
9037	3831.6004276275635
9038	3896.7273235321045
9038	3896.7273235321045
9039	3578.1288146972656
9039	3578.1288146972656
9040	4505.24377822876
9040	4505.24377822876
9041	3636.12961769104
9041	3636.12961769104
9042	3665.81130027771
9042	3665.81130027771
9043	3972.1992015838623
9043	3972.1992015838623
9044	3580.2862644195557
9044	3580.2862644195557
9045	3649.0650177001953
9045	3649.0650177001953
9046	3598.5655784606934
9046	3598.5655784606934
9047	3586.6832733154297
9047	3586.6832733154297
9048	3617.3481941223145
9048	3617.3481941223145
9049	3356.9676876068115
9049	3356.9676876068115
9050	4326.715469360352
9050	4326.715469360352
9051	3689.652681350708
9051	3689.652681350708
9052	3705.122470855713
9052	3705.122470855713
9053	3784.047842025757
9053	3784.047842025757
9054	3762.51220703125
9054	3762.51220703125
9055	3690.876245498657
9055	3690.876245498657
9056	3551.7313480377197
9056	3551.7313480377197
9057	3747.3690509796143
9057	3747.3690509796143
9058	3518.308162689209
9058	3518.308162689209
9059	4077.885389328003
9059	4077.885389328003
9060	4528.147220611572
9060	4528.147220611572
9061	2488.720655441284
9061	2488.720655441284
9062	2682.914972305298
9062	2682.914972305298
9063	2518.700122833252
9063	2518.700122833252
9064	2450.6685733795166
9064	2450.6685733795166
9065	2633.0363750457764
9065	2633.0363750457764
9066	2627.840280532837
9066	2627.840280532837
9067	2625.173330307007
9067	2625.173330307007
9068	2575.1187801361084
9068	2575.1187801361084
9069	2482.9182624816895
9069	2482.9182624816895
9070	3082.439184188843
9070	3082.439184188843
9071	2353.868246078491
9071	2353.868246078491
9072	1876.6539096832275
9072	1876.6539096832275
9073	2179.5027256011963
9073	2179.5027256011963
9074	2211.0865116119385
9074	2211.0865116119385
9075	1979.7239303588867
9075	1979.7239303588867
9076	2052.4017810821533
9076	2052.4017810821533
9077	2065.3035640716553
9077	2065.3035640716553
9078	2188.8206005096436
9078	2188.8206005096436
9079	2048.0427742004395
9079	2048.0427742004395
9080	2793.5423851013184
9080	2793.5423851013184
9081	2223.609685897827
9081	2223.609685897827
9082	2182.622194290161
9082	2182.622194290161
9083	2204.19979095459
9083	2204.19979095459
9084	2269.928455352783
9084	2269.928455352783
9085	2172.3947525024414
9085	2172.3947525024414
9086	2406.097173690796
9086	2406.097173690796
9087	2234.6110343933105
9087	2234.6110343933105
9088	2041.2836074829102
9088	2041.2836074829102
9089	2101.1228561401367
9089	2101.1228561401367
9090	3347.2349643707275
9090	3347.2349643707275
9091	2645.4195976257324
9091	2645.4195976257324
9092	1457.5660228729248
9092	1457.5660228729248
9093	1493.2775497436523
9093	1493.2775497436523
9094	2223.6104011535645
9094	2223.6104011535645
9095	2476.179361343384
9095	2476.179361343384
9096	2349.365711212158
9096	2349.365711212158
9097	2492.852210998535
9097	2492.852210998535
9098	2639.4317150115967
9098	2639.4317150115967
9099	2641.7174339294434
9099	2641.7174339294434
9100	3000.312089920044
9100	3000.312089920044
9101	2536.845922470093
9101	2536.845922470093
9102	2687.295436859131
9102	2687.295436859131
9103	2369.259834289551
9103	2369.259834289551
9104	2263.434410095215
9104	2263.434410095215
9105	2556.7665100097656
9105	2556.7665100097656
9106	2396.4719772338867
9106	2396.4719772338867
9107	2565.24920463562
9107	2565.24920463562
9108	2425.3158569335938
9108	2425.3158569335938
9109	2555.548667907715
9109	2555.548667907715
9110	3166.3124561309814
9110	3166.3124561309814
9111	2633.805751800537
9111	2633.805751800537
9112	2519.036054611206
9112	2519.036054611206
9113	2584.2125415802
9113	2584.2125415802
9114	2610.1021766662598
9114	2610.1021766662598
9115	2706.4132690429688
9115	2706.4132690429688
9116	2717.6318168640137
9116	2717.6318168640137
9117	2490.298271179199
9117	2490.298271179199
9118	2595.057964324951
9118	2595.057964324951
9119	2326.6425132751465
9119	2326.6425132751465
9120	3217.0026302337646
9120	3217.0026302337646
9121	2781.607151031494
9121	2781.607151031494
9122	2753.342628479004
9122	2753.342628479004
9123	2724.578857421875
9123	2724.578857421875
9124	2561.0013008117676
9124	2561.0013008117676
9125	2544.2848205566406
9125	2544.2848205566406
9126	2536.5068912506104
9126	2536.5068912506104
9127	2622.851610183716
9127	2622.851610183716
9128	2679.626226425171
9128	2679.626226425171
9129	2393.6731815338135
9129	2393.6731815338135
9130	3271.620512008667
9130	3271.620512008667
9131	2590.0063514709473
9131	2590.0063514709473
9132	2768.690586090088
9132	2768.690586090088
9133	2201.1899948120117
9133	2201.1899948120117
9134	2203.845977783203
9134	2203.845977783203
9135	1894.1864967346191
9135	1894.1864967346191
9136	2205.2247524261475
9136	2205.2247524261475
9137	1972.687005996704
9137	1972.687005996704
9138	2165.7025814056396
9138	2165.7025814056396
9139	2031.454086303711
9139	2031.454086303711
9140	2658.07843208313
9140	2658.07843208313
9141	2262.342929840088
9141	2262.342929840088
9142	2258.662223815918
9142	2258.662223815918
9143	2054.180383682251
9143	2054.180383682251
9144	2029.8631191253662
9144	2029.8631191253662
9145	2174.2990016937256
9145	2174.2990016937256
9146	2234.8008155822754
9146	2234.8008155822754
9147	2257.755756378174
9147	2257.755756378174
9148	2245.1133728027344
9148	2245.1133728027344
9149	2031.7103862762451
9149	2031.7103862762451
9150	3069.932699203491
9150	3069.932699203491
9151	2612.6294136047363
9151	2612.6294136047363
9152	2376.039505004883
9152	2376.039505004883
9153	2585.9694480895996
9153	2585.9694480895996
9154	2485.405445098877
9154	2485.405445098877
9155	2552.2608757019043
9155	2552.2608757019043
9156	2662.9440784454346
9156	2662.9440784454346
9157	2387.388229370117
9157	2387.388229370117
9158	2554.7332763671875
9158	2554.7332763671875
9159	2556.5741062164307
9159	2556.5741062164307
9160	3070.6145763397217
9160	3070.6145763397217
9161	2618.640899658203
9161	2618.640899658203
9162	2583.3845138549805
9162	2583.3845138549805
9163	2480.677843093872
9163	2480.677843093872
9164	2603.9764881134033
9164	2603.9764881134033
9165	2241.304874420166
9165	2241.304874420166
9166	2613.750457763672
9166	2613.750457763672
9167	2674.2870807647705
9167	2674.2870807647705
9168	2628.669261932373
9168	2628.669261932373
9169	2426.3992309570312
9169	2426.3992309570312
9170	3194.826364517212
9170	3194.826364517212
9171	2612.99991607666
9171	2612.99991607666
9172	2706.5279483795166
9172	2706.5279483795166
9173	2594.8827266693115
9173	2594.8827266693115
9174	2560.0061416625977
9174	2560.0061416625977
9175	2739.9230003356934
9175	2739.9230003356934
9176	2662.8785133361816
9176	2662.8785133361816
9177	3113.950729370117
9177	3113.950729370117
9178	3001.477003097534
9178	3001.477003097534
9179	2501.3442039489746
9179	2501.3442039489746
9180	3319.8978900909424
9180	3319.8978900909424
9181	2549.751043319702
9181	2549.751043319702
9182	2448.2274055480957
9182	2448.2274055480957
9183	2782.4928760528564
9183	2782.4928760528564
9184	2673.2895374298096
9184	2673.2895374298096
9185	2705.4436206817627
9185	2705.4436206817627
9186	2929.025888442993
9186	2929.025888442993
9187	2650.5308151245117
9187	2650.5308151245117
9188	3454.927444458008
9188	3454.927444458008
9189	3293.1528091430664
9189	3293.1528091430664
9190	4209.861755371094
9190	4209.861755371094
9191	3411.212205886841
9191	3411.212205886841
9192	3284.234046936035
9192	3284.234046936035
9193	3089.446544647217
9193	3089.446544647217
9194	3382.9827308654785
9194	3382.9827308654785
9195	3312.8576278686523
9195	3312.8576278686523
9196	3203.5322189331055
9196	3203.5322189331055
9197	3387.591600418091
9197	3387.591600418091
9198	3019.7768211364746
9198	3019.7768211364746
9199	3171.3967323303223
9199	3171.3967323303223
9200	4168.175935745239
9200	4168.175935745239
9201	3448.9548206329346
9201	3448.9548206329346
9202	3241.7657375335693
9202	3241.7657375335693
9203	3592.811346054077
9203	3592.811346054077
9204	3509.878635406494
9204	3509.878635406494
9205	3595.231294631958
9205	3595.231294631958
9206	3558.5544109344482
9206	3558.5544109344482
9207	3331.774950027466
9207	3331.774950027466
9208	3543.893575668335
9208	3543.893575668335
9209	3536.9222164154053
9209	3536.9222164154053
9210	3854.0027141571045
9210	3854.0027141571045
9211	2958.0206871032715
9211	2958.0206871032715
9212	3443.977117538452
9212	3443.977117538452
9213	3438.359498977661
9213	3438.359498977661
9214	3344.3052768707275
9214	3344.3052768707275
9215	2833.2676887512207
9215	2833.2676887512207
9216	3138.895034790039
9216	3138.895034790039
9217	3938.4615421295166
9217	3938.4615421295166
9218	3908.686876296997
9218	3908.686876296997
9219	3914.5379066467285
9219	3914.5379066467285
9220	4613.056898117065
9220	4613.056898117065
9221	3801.285743713379
9221	3801.285743713379
9222	3817.2333240509033
9222	3817.2333240509033
9223	3825.960397720337
9223	3825.960397720337
9224	3914.9696826934814
9224	3914.9696826934814
9225	4003.351926803589
9225	4003.351926803589
9226	3963.99188041687
9226	3963.99188041687
9227	4005.7921409606934
9227	4005.7921409606934
9228	4062.997579574585
9228	4062.997579574585
9229	4007.145881652832
9229	4007.145881652832
9230	4064.417839050293
9230	4064.417839050293
9231	3695.8518028259277
9231	3695.8518028259277
9232	3722.022294998169
9232	3722.022294998169
9233	3441.2198066711426
9233	3441.2198066711426
9234	3231.5521240234375
9234	3231.5521240234375
9235	3709.076166152954
9235	3709.076166152954
9236	3919.1811084747314
9236	3919.1811084747314
9237	4070.8658695220947
9237	4070.8658695220947
9238	3974.818468093872
9238	3974.818468093872
9239	4002.114772796631
9239	4002.114772796631
9240	4655.284643173218
9240	4655.284643173218
9241	3524.416923522949
9241	3524.416923522949
9242	3897.088050842285
9242	3897.088050842285
9243	3845.5727100372314
9243	3845.5727100372314
9244	3702.164888381958
9244	3702.164888381958
9245	3977.663040161133
9245	3977.663040161133
9246	4009.7830295562744
9246	4009.7830295562744
9247	3819.917678833008
9247	3819.917678833008
9248	4025.099992752075
9248	4025.099992752075
9249	3664.8032665252686
9249	3664.8032665252686
9250	4183.20631980896
9250	4183.20631980896
9251	3757.9431533813477
9251	3757.9431533813477
9252	3706.43949508667
9252	3706.43949508667
9253	3676.501750946045
9253	3676.501750946045
9254	3483.5574626922607
9254	3483.5574626922607
9255	3622.9569911956787
9255	3622.9569911956787
9256	3942.6424503326416
9256	3942.6424503326416
9257	3732.2757244110107
9257	3732.2757244110107
9258	3982.5549125671387
9258	3982.5549125671387
9259	3644.407033920288
9259	3644.407033920288
9260	4307.435750961304
9260	4307.435750961304
9261	3424.2303371429443
9261	3424.2303371429443
9262	3440.826177597046
9262	3440.826177597046
9263	3271.7626094818115
9263	3271.7626094818115
9264	3436.676502227783
9264	3436.676502227783
9265	3404.8240184783936
9265	3404.8240184783936
9266	3301.1553287506104
9266	3301.1553287506104
9267	3495.842695236206
9267	3495.842695236206
9268	3103.0681133270264
9268	3103.0681133270264
9269	3459.77783203125
9269	3459.77783203125
9270	4159.270763397217
9270	4159.270763397217
9271	3519.3889141082764
9271	3519.3889141082764
9272	3496.8485832214355
9272	3496.8485832214355
9273	3438.8279914855957
9273	3438.8279914855957
9274	3426.3155460357666
9274	3426.3155460357666
9275	3425.713539123535
9275	3425.713539123535
9276	3633.6617469787598
9276	3633.6617469787598
9277	3663.848638534546
9277	3663.848638534546
9278	3658.895492553711
9278	3658.895492553711
9279	3612.3714447021484
9279	3612.3714447021484
9280	4113.672971725464
9280	4113.672971725464
9281	3600.329637527466
9281	3600.329637527466
9282	3936.4278316497803
9282	3936.4278316497803
9283	3781.238555908203
9283	3781.238555908203
9284	3792.3052310943604
9284	3792.3052310943604
9285	3947.75652885437
9285	3947.75652885437
9286	4030.660629272461
9286	4030.660629272461
9287	4040.1740074157715
9287	4040.1740074157715
9288	4000.884771347046
9288	4000.884771347046
9289	3950.251340866089
9289	3950.251340866089
9290	4315.765619277954
9290	4315.765619277954
9291	3468.8150882720947
9291	3468.8150882720947
9292	3720.655679702759
9292	3720.655679702759
9293	3905.564785003662
9293	3905.564785003662
9294	4034.531354904175
9294	4034.531354904175
9295	3992.6366806030273
9295	3992.6366806030273
9296	3936.739206314087
9296	3936.739206314087
9297	3675.0080585479736
9297	3675.0080585479736
9298	3820.756435394287
9298	3820.756435394287
9299	3759.998321533203
9299	3759.998321533203
9300	4582.287311553955
9300	4582.287311553955
9301	3674.220323562622
9301	3674.220323562622
9302	4025.3422260284424
9302	4025.3422260284424
9303	4013.0434036254883
9303	4013.0434036254883
9304	3670.91965675354
9304	3670.91965675354
9305	4021.371364593506
9305	4021.371364593506
9306	3769.7558403015137
9306	3769.7558403015137
9307	3922.3523139953613
9307	3922.3523139953613
9308	4009.690999984741
9308	4009.690999984741
9309	3888.028621673584
9309	3888.028621673584
9310	4187.998533248901
9310	4187.998533248901
9311	3558.927059173584
9311	3558.927059173584
9312	3683.9067935943604
9312	3683.9067935943604
9313	3435.0390434265137
9313	3435.0390434265137
9314	3806.6205978393555
9314	3806.6205978393555
9315	3546.5328693389893
9315	3546.5328693389893
9316	3751.260280609131
9316	3751.260280609131
9317	3484.0452671051025
9317	3484.0452671051025
9318	3755.718469619751
9318	3755.718469619751
9319	3534.257411956787
9319	3534.257411956787
9320	4469.107866287231
9320	4469.107866287231
9321	3592.3256874084473
9321	3592.3256874084473
9322	3927.657127380371
9322	3927.657127380371
9323	3685.579776763916
9323	3685.579776763916
9324	3706.261396408081
9324	3706.261396408081
9325	3998.6679553985596
9325	3998.6679553985596
9326	4031.963586807251
9326	4031.963586807251
9327	3997.8067874908447
9327	3997.8067874908447
9328	4017.8632736206055
9328	4017.8632736206055
9329	4052.518129348755
9329	4052.518129348755
9330	4638.328790664673
9330	4638.328790664673
9331	3308.058261871338
9331	3308.058261871338
9332	3486.7637157440186
9332	3486.7637157440186
9333	3620.656728744507
9333	3620.656728744507
9334	3518.009662628174
9334	3518.009662628174
9335	2880.225419998169
9335	2880.225419998169
9336	3352.487564086914
9336	3352.487564086914
9337	3488.2590770721436
9337	3488.2590770721436
9338	3209.4504833221436
9338	3209.4504833221436
9339	3269.20223236084
9339	3269.20223236084
9340	3894.3536281585693
9340	3894.3536281585693
9341	3606.071949005127
9341	3606.071949005127
9342	3626.3411045074463
9342	3626.3411045074463
9343	3410.377025604248
9343	3410.377025604248
9344	3406.8644046783447
9344	3406.8644046783447
9345	3302.5436401367188
9345	3302.5436401367188
9346	3419.03018951416
9346	3419.03018951416
9347	3320.6446170806885
9347	3320.6446170806885
9348	3501.664876937866
9348	3501.664876937866
9349	2936.0857009887695
9349	2936.0857009887695
9350	3971.4515209198
9350	3971.4515209198
9351	3656.2256813049316
9351	3656.2256813049316
9352	3648.9009857177734
9352	3648.9009857177734
9353	3553.115129470825
9353	3553.115129470825
9354	2409.918785095215
9354	2409.918785095215
9355	3824.861526489258
9355	3824.861526489258
9356	3816.6253566741943
9356	3816.6253566741943
9357	3776.068687438965
9357	3776.068687438965
9358	3831.239700317383
9358	3831.239700317383
9359	3792.0475006103516
9359	3792.0475006103516
9360	4443.993806838989
9360	4443.993806838989
9361	3825.4148960113525
9361	3825.4148960113525
9362	3811.063051223755
9362	3811.063051223755
9363	3871.2010383605957
9363	3871.2010383605957
9364	3794.492244720459
9364	3794.492244720459
9365	3853.9350032806396
9365	3853.9350032806396
9366	3620.513916015625
9366	3620.513916015625
9367	3579.6258449554443
9367	3579.6258449554443
9368	3673.8922595977783
9368	3673.8922595977783
9369	3705.4073810577393
9369	3705.4073810577393
9370	4257.203817367554
9370	4257.203817367554
9371	3786.186456680298
9371	3786.186456680298
9372	3805.206537246704
9372	3805.206537246704
9373	3780.979633331299
9373	3780.979633331299
9374	3583.019018173218
9374	3583.019018173218
9375	3796.2076663970947
9375	3796.2076663970947
9376	3660.064697265625
9376	3660.064697265625
9377	3749.9823570251465
9377	3749.9823570251465
9378	3879.4450759887695
9378	3879.4450759887695
9379	3587.235689163208
9379	3587.235689163208
9380	4157.399892807007
9380	4157.399892807007
9381	3936.5906715393066
9381	3936.5906715393066
9382	3950.2408504486084
9382	3950.2408504486084
9383	3669.863700866699
9383	3669.863700866699
9384	3360.4259490966797
9384	3360.4259490966797
9385	3714.2069339752197
9385	3714.2069339752197
9386	3417.2332286834717
9386	3417.2332286834717
9387	3436.739921569824
9387	3436.739921569824
9388	3745.741844177246
9388	3745.741844177246
9389	3782.8569412231445
9389	3782.8569412231445
9390	4261.563301086426
9390	4261.563301086426
9391	3523.836135864258
9391	3523.836135864258
9392	3924.245834350586
9392	3924.245834350586
9393	3856.8320274353027
9393	3856.8320274353027
9394	3924.910068511963
9394	3924.910068511963
9395	3646.1844444274902
9395	3646.1844444274902
9396	3604.156255722046
9396	3604.156255722046
9397	3834.388494491577
9397	3834.388494491577
9398	3843.406915664673
9398	3843.406915664673
9399	3826.2293338775635
9399	3826.2293338775635
9400	3978.3923625946045
9400	3978.3923625946045
9401	3206.7341804504395
9401	3206.7341804504395
9402	2987.330913543701
9402	2987.330913543701
9403	3280.3404331207275
9403	3280.3404331207275
9404	3065.584421157837
9404	3065.584421157837
9405	3329.1969299316406
9405	3329.1969299316406
9406	3281.7599773406982
9406	3281.7599773406982
9407	3208.918333053589
9407	3208.918333053589
9408	3410.9342098236084
9408	3410.9342098236084
9409	3451.1473178863525
9409	3451.1473178863525
9410	4125.760078430176
9410	4125.760078430176
9411	3478.2047271728516
9411	3478.2047271728516
9412	3138.5154724121094
9412	3138.5154724121094
9413	3515.848159790039
9413	3515.848159790039
9414	3501.819610595703
9414	3501.819610595703
9415	3550.8530139923096
9415	3550.8530139923096
9416	3479.930877685547
9416	3479.930877685547
9417	3297.9798316955566
9417	3297.9798316955566
9418	3521.371841430664
9418	3521.371841430664
9419	3529.7956466674805
9419	3529.7956466674805
9420	4387.551307678223
9420	4387.551307678223
9421	3803.0526638031006
9421	3803.0526638031006
9422	3613.755702972412
9422	3613.755702972412
9423	3653.306722640991
9423	3653.306722640991
9424	3605.518341064453
9424	3605.518341064453
9425	3714.43772315979
9425	3714.43772315979
9426	3676.525354385376
9426	3676.525354385376
9427	3403.5327434539795
9427	3403.5327434539795
9428	3666.7966842651367
9428	3666.7966842651367
9429	3904.1056632995605
9429	3904.1056632995605
9430	4100.605726242065
9430	4100.605726242065
9431	3810.5340003967285
9431	3810.5340003967285
9432	3815.27042388916
9432	3815.27042388916
9433	3864.8853302001953
9433	3864.8853302001953
9434	3770.958423614502
9434	3770.958423614502
9435	4064.2216205596924
9435	4064.2216205596924
9436	3715.847969055176
9436	3715.847969055176
9437	4039.0400886535645
9437	4039.0400886535645
9438	4067.4333572387695
9438	4067.4333572387695
9439	2613.2452487945557
9439	2613.2452487945557
9440	3184.000015258789
9440	3184.000015258789
9441	2422.212600708008
9441	2422.212600708008
9442	2365.0670051574707
9442	2365.0670051574707
9443	2667.9511070251465
9443	2667.9511070251465
9444	2604.038715362549
9444	2604.038715362549
9445	2600.2371311187744
9445	2600.2371311187744
9446	2745.2008724212646
9446	2745.2008724212646
9447	3159.95454788208
9447	3159.95454788208
9448	1959.6288204193115
9448	1959.6288204193115
9449	1939.7869110107422
9449	1939.7869110107422
9450	3053.3804893493652
9450	3053.3804893493652
9451	2596.677303314209
9451	2596.677303314209
9452	2372.4234104156494
9452	2372.4234104156494
9453	2557.0554733276367
9453	2557.0554733276367
9454	2334.2275619506836
9454	2334.2275619506836
9455	2716.9973850250244
9455	2716.9973850250244
9456	2627.878427505493
9456	2627.878427505493
9457	2575.6256580352783
9457	2575.6256580352783
9458	2770.1361179351807
9458	2770.1361179351807
9459	2730.785369873047
9459	2730.785369873047
9460	3117.8066730499268
9460	3117.8066730499268
9461	2602.7145385742188
9461	2602.7145385742188
9462	2598.4013080596924
9462	2598.4013080596924
9463	2378.8552284240723
9463	2378.8552284240723
9464	2113.2540702819824
9464	2113.2540702819824
9465	2179.558753967285
9465	2179.558753967285
9466	1959.2111110687256
9466	1959.2111110687256
9467	2167.5209999084473
9467	2167.5209999084473
9468	2307.5575828552246
9468	2307.5575828552246
9469	2366.319417953491
9469	2366.319417953491
9470	2912.6198291778564
9470	2912.6198291778564
9471	2307.1093559265137
9471	2307.1093559265137
9472	1855.2026748657227
9472	1855.2026748657227
9473	2336.0276222229004
9473	2336.0276222229004
9474	2166.120767593384
9474	2166.120767593384
9475	2193.5875415802
9475	2193.5875415802
9476	2262.0670795440674
9476	2262.0670795440674
9477	2258.6917877197266
9477	2258.6917877197266
9478	2241.652727127075
9478	2241.652727127075
9479	2305.696964263916
9479	2305.696964263916
9480	2804.187297821045
9480	2804.187297821045
9481	2610.738515853882
9481	2610.738515853882
9482	2478.3003330230713
9482	2478.3003330230713
9483	2505.6393146514893
9483	2505.6393146514893
9484	1454.8897743225098
9484	1454.8897743225098
9485	1424.5634078979492
9485	1424.5634078979492
9486	2316.288471221924
9486	2316.288471221924
9487	2565.1376247406006
9487	2565.1376247406006
9488	2618.1766986846924
9488	2618.1766986846924
9489	2743.844985961914
9489	2743.844985961914
9490	3289.755344390869
9490	3289.755344390869
9491	2596.421957015991
9491	2596.421957015991
9492	2580.7201862335205
9492	2580.7201862335205
9493	2368.941307067871
9493	2368.941307067871
9494	2378.4244060516357
9494	2378.4244060516357
9495	2508.4195137023926
9495	2508.4195137023926
9496	2591.254234313965
9496	2591.254234313965
9497	2563.4617805480957
9497	2563.4617805480957
9498	2446.5012550354004
9498	2446.5012550354004
9499	2713.3874893188477
9499	2713.3874893188477
9500	10486.211776733398
9500	10486.211776733398
9501	2379.711151123047
9501	2379.711151123047
9502	2573.3447074890137
9502	2573.3447074890137
9503	2423.0988025665283
9503	2423.0988025665283
9504	2672.4371910095215
9504	2672.4371910095215
9505	2525.1212120056152
9505	2525.1212120056152
9506	2677.39200592041
9506	2677.39200592041
9507	2509.477138519287
9507	2509.477138519287
9508	2374.4685649871826
9508	2374.4685649871826
9509	2311.47837638855
9509	2311.47837638855
9510	3133.418321609497
9510	3133.418321609497
9511	2572.521448135376
9511	2572.521448135376
9512	2153.6407470703125
9512	2153.6407470703125
9513	1922.2893714904785
9513	1922.2893714904785
9514	2135.2083683013916
9514	2135.2083683013916
9515	1966.9125080108643
9515	1966.9125080108643
9516	2138.789415359497
9516	2138.789415359497
9517	2055.088758468628
9517	2055.088758468628
9518	2218.1355953216553
9518	2218.1355953216553
9519	2059.4825744628906
9519	2059.4825744628906
9520	2856.451988220215
9520	2856.451988220215
9521	1993.884563446045
9521	1993.884563446045
9522	2213.0143642425537
9522	2213.0143642425537
9523	2128.9584636688232
9523	2128.9584636688232
9524	1973.3564853668213
9524	1973.3564853668213
9525	2187.824010848999
9525	2187.824010848999
9526	2288.2421016693115
9526	2288.2421016693115
9527	2199.6026039123535
9527	2199.6026039123535
9528	2107.682228088379
9528	2107.682228088379
9529	2410.228490829468
9529	2410.228490829468
9530	3255.4643154144287
9530	3255.4643154144287
9531	2555.6113719940186
9531	2555.6113719940186
9532	2360.9890937805176
9532	2360.9890937805176
9533	2565.6557083129883
9533	2565.6557083129883
9534	2539.628028869629
9534	2539.628028869629
9535	2473.5610485076904
9535	2473.5610485076904
9536	2689.861297607422
9536	2689.861297607422
9537	2537.7941131591797
9537	2537.7941131591797
9538	2404.792070388794
9538	2404.792070388794
9539	2520.423173904419
9539	2520.423173904419
9540	3016.5648460388184
9540	3016.5648460388184
9541	2536.4136695861816
9541	2536.4136695861816
9542	2667.2210693359375
9542	2667.2210693359375
9543	3477.9937267303467
9543	3477.9937267303467
9544	2633.383274078369
9544	2633.383274078369
9545	2508.1591606140137
9545	2508.1591606140137
9546	2675.7471561431885
9546	2675.7471561431885
9547	2524.6849060058594
9547	2524.6849060058594
9548	2523.149251937866
9548	2523.149251937866
9549	3589.480400085449
9549	3589.480400085449
9550	4376.448392868042
9550	4376.448392868042
9551	3815.703868865967
9551	3815.703868865967
9552	3687.725305557251
9552	3687.725305557251
9553	3826.8723487854004
9553	3826.8723487854004
9554	3816.026449203491
9554	3816.026449203491
9555	3471.6553688049316
9555	3471.6553688049316
9556	3808.753490447998
9556	3808.753490447998
9557	3797.713041305542
9557	3797.713041305542
9558	3609.5192432403564
9558	3609.5192432403564
9559	3787.0712280273438
9559	3787.0712280273438
9560	4349.249839782715
9560	4349.249839782715
9561	3686.92946434021
9561	3686.92946434021
9562	3786.4131927490234
9562	3786.4131927490234
9563	4002.3038387298584
9563	4002.3038387298584
9564	3603.2044887542725
9564	3603.2044887542725
9565	3596.2488651275635
9565	3596.2488651275635
9566	3711.820602416992
9566	3711.820602416992
9567	3835.273027420044
9567	3835.273027420044
9568	3608.325719833374
9568	3608.325719833374
9569	3667.1040058135986
9569	3667.1040058135986
9570	4605.228662490845
9570	4605.228662490845
9571	3621.696949005127
9571	3621.696949005127
9572	3623.8906383514404
9572	3623.8906383514404
9573	3292.365789413452
9573	3292.365789413452
9574	3346.646785736084
9574	3346.646785736084
9575	3340.6221866607666
9575	3340.6221866607666
9576	3001.466989517212
9576	3001.466989517212
9577	3318.1850910186768
9577	3318.1850910186768
9578	3359.1675758361816
9578	3359.1675758361816
9579	3498.1486797332764
9579	3498.1486797332764
9580	4077.6216983795166
9580	4077.6216983795166
9581	3621.0811138153076
9581	3621.0811138153076
9582	3603.1746864318848
9582	3603.1746864318848
9583	3529.9267768859863
9583	3529.9267768859863
9584	3435.0202083587646
9584	3435.0202083587646
9585	3548.276901245117
9585	3548.276901245117
9586	3348.623275756836
9586	3348.623275756836
9587	3552.7594089508057
9587	3552.7594089508057
9588	3229.6440601348877
9588	3229.6440601348877
9589	3068.2966709136963
9589	3068.2966709136963
9590	3896.0351943969727
9590	3896.0351943969727
9591	3180.8035373687744
9591	3180.8035373687744
9592	3451.7486095428467
9592	3451.7486095428467
9593	3630.3818225860596
9593	3630.3818225860596
9594	3735.414505004883
9594	3735.414505004883
9595	2555.7119846343994
9595	2555.7119846343994
9596	3403.430938720703
9596	3403.430938720703
9597	3935.7547760009766
9597	3935.7547760009766
9598	3596.332311630249
9598	3596.332311630249
9599	3649.014711380005
9599	3649.014711380005
9600	4446.436882019043
9600	4446.436882019043
9601	3839.366912841797
9601	3839.366912841797
9602	3629.153251647949
9602	3629.153251647949
9603	3628.1070709228516
9603	3628.1070709228516
9604	3460.339069366455
9604	3460.339069366455
9605	3648.127794265747
9605	3648.127794265747
9606	3786.2493991851807
9606	3786.2493991851807
9607	3874.3438720703125
9607	3874.3438720703125
9608	3441.248893737793
9608	3441.248893737793
9609	3900.961399078369
9609	3900.961399078369
9610	4484.580278396606
9610	4484.580278396606
9611	3909.5418453216553
9611	3909.5418453216553
9612	3921.874761581421
9612	3921.874761581421
9613	3809.4186782836914
9613	3809.4186782836914
9614	3837.313413619995
9614	3837.313413619995
9615	3884.537935256958
9615	3884.537935256958
9616	3577.4707794189453
9616	3577.4707794189453
9617	3857.1319580078125
9617	3857.1319580078125
9618	3928.9612770080566
9618	3928.9612770080566
9619	3895.860433578491
9619	3895.860433578491
9620	4549.180030822754
9620	4549.180030822754
9621	3958.911180496216
9621	3958.911180496216
9622	3745.833396911621
9622	3745.833396911621
9623	3867.2492504119873
9623	3867.2492504119873
9624	3938.646078109741
9624	3938.646078109741
9625	3631.81734085083
9625	3631.81734085083
9626	3685.5430603027344
9626	3685.5430603027344
9627	3714.4601345062256
9627	3714.4601345062256
9628	4003.825902938843
9628	4003.825902938843
9629	4145.322799682617
9629	4145.322799682617
9630	4782.695770263672
9630	4782.695770263672
9631	4078.7017345428467
9631	4078.7017345428467
9632	3964.214563369751
9632	3964.214563369751
9633	4212.2485637664795
9633	4212.2485637664795
9634	4072.955846786499
9634	4072.955846786499
9635	4275.932788848877
9635	4275.932788848877
9636	4274.999380111694
9636	4274.999380111694
9637	4167.466163635254
9637	4167.466163635254
9638	3568.8958168029785
9638	3568.8958168029785
9639	3368.7520027160645
9639	3368.7520027160645
9640	4288.350343704224
9640	4288.350343704224
9641	3718.2300090789795
9641	3718.2300090789795
9642	3329.967737197876
9642	3329.967737197876
9643	3095.8151817321777
9643	3095.8151817321777
9644	3101.839780807495
9644	3101.839780807495
9645	3149.4433879852295
9645	3149.4433879852295
9646	3501.4727115631104
9646	3501.4727115631104
9647	3427.7431964874268
9647	3427.7431964874268
9648	3597.050428390503
9648	3597.050428390503
9649	3483.8905334472656
9649	3483.8905334472656
9650	4126.599311828613
9650	4126.599311828613
9651	3554.2314052581787
9651	3554.2314052581787
9652	3541.9232845306396
9652	3541.9232845306396
9653	3488.4941577911377
9653	3488.4941577911377
9654	3548.4156608581543
9654	3548.4156608581543
9655	3512.0811462402344
9655	3512.0811462402344
9656	3279.9072265625
9656	3279.9072265625
9657	3641.17431640625
9657	3641.17431640625
9658	3631.661891937256
9658	3631.661891937256
9659	3767.9998874664307
9659	3767.9998874664307
9660	3658.9646339416504
9660	3658.9646339416504
9661	3617.0098781585693
9661	3617.0098781585693
9662	3330.260992050171
9662	3330.260992050171
9663	3751.6610622406006
9663	3751.6610622406006
9664	3734.903335571289
9664	3734.903335571289
9665	3494.6937561035156
9665	3494.6937561035156
9666	3858.067512512207
9666	3858.067512512207
9667	3720.0357913970947
9667	3720.0357913970947
9668	3789.156913757324
9668	3789.156913757324
9669	3834.8684310913086
9669	3834.8684310913086
9670	4374.997138977051
9670	4374.997138977051
9671	3817.6522254943848
9671	3817.6522254943848
9672	3538.8097763061523
9672	3538.8097763061523
9673	3656.263828277588
9673	3656.263828277588
9674	3868.832588195801
9674	3868.832588195801
9675	3805.1469326019287
9675	3805.1469326019287
9676	3975.44264793396
9676	3975.44264793396
9677	3902.249336242676
9677	3902.249336242676
9678	3808.910608291626
9678	3808.910608291626
9679	4000.0693798065186
9679	4000.0693798065186
9680	4578.935861587524
9680	4578.935861587524
9681	3740.8080101013184
9681	3740.8080101013184
9682	4040.3380393981934
9682	4040.3380393981934
9683	3620.974063873291
9683	3620.974063873291
9684	3484.2073917388916
9684	3484.2073917388916
9685	3439.0504360198975
9685	3439.0504360198975
9686	3527.8873443603516
9686	3527.8873443603516
9687	3513.3798122406006
9687	3513.3798122406006
9688	3737.7395629882812
9688	3737.7395629882812
9689	3907.36722946167
9689	3907.36722946167
9690	4370.929479598999
9690	4370.929479598999
9691	3770.5814838409424
9691	3770.5814838409424
9692	3669.262647628784
9692	3669.262647628784
9693	3626.492738723755
9693	3626.492738723755
9694	3838.4664058685303
9694	3838.4664058685303
9695	3781.1288833618164
9695	3781.1288833618164
9696	3812.2401237487793
9696	3812.2401237487793
9697	3593.857765197754
9697	3593.857765197754
9698	3806.917428970337
9698	3806.917428970337
9699	3877.6257038116455
9699	3877.6257038116455
9700	4422.128677368164
9700	4422.128677368164
9701	3664.813995361328
9701	3664.813995361328
9702	3218.8775539398193
9702	3218.8775539398193
9703	3820.7478523254395
9703	3820.7478523254395
9704	3621.044397354126
9704	3621.044397354126
9705	3880.479574203491
9705	3880.479574203491
9706	3578.335762023926
9706	3578.335762023926
9707	3793.844223022461
9707	3793.844223022461
9708	3714.804172515869
9708	3714.804172515869
9709	3367.3012256622314
9709	3367.3012256622314
9710	3868.0782318115234
9710	3868.0782318115234
9711	3465.487003326416
9711	3465.487003326416
9712	3436.0716342926025
9712	3436.0716342926025
9713	3425.347328186035
9713	3425.347328186035
9714	3459.146738052368
9714	3459.146738052368
9715	3153.900623321533
9715	3153.900623321533
9716	2970.25203704834
9716	2970.25203704834
9717	3078.307628631592
9717	3078.307628631592
9718	3334.043502807617
9718	3334.043502807617
9719	3403.6858081817627
9719	3403.6858081817627
9720	3979.3920516967773
9720	3979.3920516967773
9721	3462.435007095337
9721	3462.435007095337
9722	3472.506523132324
9722	3472.506523132324
9723	3460.850477218628
9723	3460.850477218628
9724	3491.7290210723877
9724	3491.7290210723877
9725	3605.239152908325
9725	3605.239152908325
9726	3639.8086547851562
9726	3639.8086547851562
9727	3774.069309234619
9727	3774.069309234619
9728	3743.0331707000732
9728	3743.0331707000732
9729	3989.2265796661377
9729	3989.2265796661377
9730	4303.948640823364
9730	4303.948640823364
9731	3112.212896347046
9731	3112.212896347046
9732	2479.918956756592
9732	2479.918956756592
9733	3881.195545196533
9733	3881.195545196533
9734	3614.506959915161
9734	3614.506959915161
9735	3920.7863807678223
9735	3920.7863807678223
9736	3663.8150215148926
9736	3663.8150215148926
9737	3657.6249599456787
9737	3657.6249599456787
9738	3719.756603240967
9738	3719.756603240967
9739	3771.054983139038
9739	3771.054983139038
9740	4486.711502075195
9740	4486.711502075195
9741	3696.833610534668
9741	3696.833610534668
9742	3824.0222930908203
9742	3824.0222930908203
9743	3817.906618118286
9743	3817.906618118286
9744	3530.991315841675
9744	3530.991315841675
9745	3639.915704727173
9745	3639.915704727173
9746	3618.354082107544
9746	3618.354082107544
9747	3838.3071422576904
9747	3838.3071422576904
9748	4136.068820953369
9748	4136.068820953369
9749	3963.35506439209
9749	3963.35506439209
9750	4573.462247848511
9750	4573.462247848511
9751	3588.731050491333
9751	3588.731050491333
9752	3875.218629837036
9752	3875.218629837036
9753	3760.576009750366
9753	3760.576009750366
9754	3672.537326812744
9754	3672.537326812744
9755	3668.9071655273438
9755	3668.9071655273438
9756	3719.585180282593
9756	3719.585180282593
9757	3678.1365871429443
9757	3678.1365871429443
9758	3803.4205436706543
9758	3803.4205436706543
9759	3540.5068397521973
9759	3540.5068397521973
9760	4470.307350158691
9760	4470.307350158691
9761	3880.323648452759
9761	3880.323648452759
9762	3582.451581954956
9762	3582.451581954956
9763	3832.7009677886963
9763	3832.7009677886963
9764	3921.781539916992
9764	3921.781539916992
9765	3718.2798385620117
9765	3718.2798385620117
9766	3969.261884689331
9766	3969.261884689331
9767	3678.2610416412354
9767	3678.2610416412354
9768	3805.0098419189453
9768	3805.0098419189453
9769	3643.2597637176514
9769	3643.2597637176514
9770	4519.667387008667
9770	4519.667387008667
9771	3902.7485847473145
9771	3902.7485847473145
9772	3880.527973175049
9772	3880.527973175049
9773	3908.6525440216064
9773	3908.6525440216064
9774	3920.5520153045654
9774	3920.5520153045654
9775	3628.875494003296
9775	3628.875494003296
9776	3751.12247467041
9776	3751.12247467041
9777	3438.100814819336
9777	3438.100814819336
9778	3241.1274909973145
9778	3241.1274909973145
9779	3248.4991550445557
9779	3248.4991550445557
9780	3980.592727661133
9780	3980.592727661133
9781	3643.1045532226562
9781	3643.1045532226562
9782	3371.304988861084
9782	3371.304988861084
9783	3395.033121109009
9783	3395.033121109009
9784	3348.5851287841797
9784	3348.5851287841797
9785	3234.130859375
9785	3234.130859375
9786	3355.2680015563965
9786	3355.2680015563965
9787	2327.659845352173
9787	2327.659845352173
9788	2272.11594581604
9788	2272.11594581604
9789	2319.0693855285645
9789	2319.0693855285645
9790	2868.880033493042
9790	2868.880033493042
9791	2313.4665489196777
9791	2313.4665489196777
9792	2351.7374992370605
9792	2351.7374992370605
9793	2197.5176334381104
9793	2197.5176334381104
9794	2158.7560176849365
9794	2158.7560176849365
9795	2391.695261001587
9795	2391.695261001587
9796	2602.7207374572754
9796	2602.7207374572754
9797	2700.315237045288
9797	2700.315237045288
9798	2826.596260070801
9798	2826.596260070801
9799	2774.406909942627
9799	2774.406909942627
9800	3190.9725666046143
9800	3190.9725666046143
9801	2610.8105182647705
9801	2610.8105182647705
9802	2384.6182823181152
9802	2384.6182823181152
9803	2378.563642501831
9803	2378.563642501831
9804	2613.574743270874
9804	2613.574743270874
9805	2621.558427810669
9805	2621.558427810669
9806	2496.426582336426
9806	2496.426582336426
9807	2592.8728580474854
9807	2592.8728580474854
9808	2527.1878242492676
9808	2527.1878242492676
9809	2316.333770751953
9809	2316.333770751953
9810	3251.8889904022217
9810	3251.8889904022217
9811	2625.753164291382
9811	2625.753164291382
9812	2753.927230834961
9812	2753.927230834961
9813	2478.243827819824
9813	2478.243827819824
9814	2512.5467777252197
9814	2512.5467777252197
9815	2466.486930847168
9815	2466.486930847168
9816	2630.924940109253
9816	2630.924940109253
9817	2686.452865600586
9817	2686.452865600586
9818	2711.4946842193604
9818	2711.4946842193604
9819	2528.5329818725586
9819	2528.5329818725586
9820	3064.2433166503906
9820	3064.2433166503906
9821	2382.556200027466
9821	2382.556200027466
9822	2362.2143268585205
9822	2362.2143268585205
9823	2653.3443927764893
9823	2653.3443927764893
9824	2603.3644676208496
9824	2603.3644676208496
9825	2367.3551082611084
9825	2367.3551082611084
9826	2615.017890930176
9826	2615.017890930176
9827	2715.4667377471924
9827	2715.4667377471924
9828	1984.4598770141602
9828	1984.4598770141602
9829	2364.0642166137695
9829	2364.0642166137695
9830	3269.421339035034
9830	3269.421339035034
9831	2653.3424854278564
9831	2653.3424854278564
9832	2612.3905181884766
9832	2612.3905181884766
9833	2493.2548999786377
9833	2493.2548999786377
9834	2432.673215866089
9834	2432.673215866089
9835	2531.4438343048096
9835	2531.4438343048096
9836	2308.7499141693115
9836	2308.7499141693115
9837	2088.0074501037598
9837	2088.0074501037598
9838	2102.285146713257
9838	2102.285146713257
9839	1978.790283203125
9839	1978.790283203125
9840	2726.9747257232666
9840	2726.9747257232666
9841	1968.7907695770264
9841	1968.7907695770264
9842	2192.495822906494
9842	2192.495822906494
9843	2223.4883308410645
9843	2223.4883308410645
9844	2268.676280975342
9844	2268.676280975342
9845	2384.8652839660645
9845	2384.8652839660645
9846	2229.1839122772217
9846	2229.1839122772217
9847	2272.3469734191895
9847	2272.3469734191895
9848	2213.681221008301
9848	2213.681221008301
9849	2054.612874984741
9849	2054.612874984741
9850	2762.8419399261475
9850	2762.8419399261475
9851	2088.9570713043213
9851	2088.9570713043213
9852	2175.961971282959
9852	2175.961971282959
9853	2645.0769901275635
9853	2645.0769901275635
9854	2742.39182472229
9854	2742.39182472229
9855	1522.8312015533447
9855	1522.8312015533447
9856	1200.2997398376465
9856	1200.2997398376465
9857	2445.535182952881
9857	2445.535182952881
9858	2769.113302230835
9858	2769.113302230835
9859	2547.875165939331
9859	2547.875165939331
9860	2978.0683517456055
9860	2978.0683517456055
9861	3040.296792984009
9861	3040.296792984009
9862	1783.2491397857666
9862	1783.2491397857666
9863	1750.2455711364746
9863	1750.2455711364746
9864	2425.5354404449463
9864	2425.5354404449463
9865	2617.795705795288
9865	2617.795705795288
9866	2599.062204360962
9866	2599.062204360962
9867	2620.015859603882
9867	2620.015859603882
9868	2761.3790035247803
9868	2761.3790035247803
9869	2681.896924972534
9869	2681.896924972534
9870	3100.694179534912
9870	3100.694179534912
9871	2652.4605751037598
9871	2652.4605751037598
9872	2680.8271408081055
9872	2680.8271408081055
9873	2306.652784347534
9873	2306.652784347534
9874	2640.2370929718018
9874	2640.2370929718018
9875	2672.9865074157715
9875	2672.9865074157715
9876	2425.4353046417236
9876	2425.4353046417236
9877	2684.7026348114014
9877	2684.7026348114014
9878	2505.4612159729004
9878	2505.4612159729004
9879	2577.3816108703613
9879	2577.3816108703613
9880	3247.8723526000977
9880	3247.8723526000977
9881	2751.0344982147217
9881	2751.0344982147217
9882	2700.1349925994873
9882	2700.1349925994873
9883	2625.028371810913
9883	2625.028371810913
9884	2573.0485916137695
9884	2573.0485916137695
9885	2664.4504070281982
9885	2664.4504070281982
9886	2621.4165687561035
9886	2621.4165687561035
9887	2588.5424613952637
9887	2588.5424613952637
9888	2443.938732147217
9888	2443.938732147217
9889	2574.138879776001
9889	2574.138879776001
9890	2986.196279525757
9890	2986.196279525757
9891	2332.4902057647705
9891	2332.4902057647705
9892	2673.3765602111816
9892	2673.3765602111816
9893	2653.6669731140137
9893	2653.6669731140137
9894	2710.3540897369385
9894	2710.3540897369385
9895	2347.9228019714355
9895	2347.9228019714355
9896	2199.766159057617
9896	2199.766159057617
9897	2212.519884109497
9897	2212.519884109497
9898	2224.891424179077
9898	2224.891424179077
9899	2015.3858661651611
9899	2015.3858661651611
9900	2724.4949340820312
9900	2724.4949340820312
9901	2329.3585777282715
9901	2329.3585777282715
9902	2073.4004974365234
9902	2073.4004974365234
9903	2203.8426399230957
9903	2203.8426399230957
9904	2239.736795425415
9904	2239.736795425415
9905	2213.024377822876
9905	2213.024377822876
9906	3051.81622505188
9906	3051.81622505188
9907	2290.7967567443848
9907	2290.7967567443848
9908	2563.359498977661
9908	2563.359498977661
9909	3308.1982135772705
9909	3308.1982135772705
9910	3990.091562271118
9910	3990.091562271118
9911	3090.656042098999
9911	3090.656042098999
9912	3742.6624298095703
9912	3742.6624298095703
9913	3695.9972381591797
9913	3695.9972381591797
9914	3856.855869293213
9914	3856.855869293213
9915	3739.9230003356934
9915	3739.9230003356934
9916	3811.976194381714
9916	3811.976194381714
9917	3871.6421127319336
9917	3871.6421127319336
9918	3781.3427448272705
9918	3781.3427448272705
9919	3815.1016235351562
9919	3815.1016235351562
9920	4464.460611343384
9920	4464.460611343384
9921	3865.0412559509277
9921	3865.0412559509277
9922	3904.879570007324
9922	3904.879570007324
9923	3632.7340602874756
9923	3632.7340602874756
9924	3847.5704193115234
9924	3847.5704193115234
9925	3958.3356380462646
9925	3958.3356380462646
9926	3890.455484390259
9926	3890.455484390259
9927	3910.4228019714355
9927	3910.4228019714355
9928	3615.1788234710693
9928	3615.1788234710693
9929	3948.9219188690186
9929	3948.9219188690186
9930	4782.034158706665
9930	4782.034158706665
9931	3647.2787857055664
9931	3647.2787857055664
9932	3734.525680541992
9932	3734.525680541992
9933	3429.95548248291
9933	3429.95548248291
9934	3707.9989910125732
9934	3707.9989910125732
9935	3826.31778717041
9935	3826.31778717041
9936	3745.9633350372314
9936	3745.9633350372314
9937	3757.5039863586426
9937	3757.5039863586426
9938	3823.0881690979004
9938	3823.0881690979004
9939	3863.400459289551
9939	3863.400459289551
9940	4274.17516708374
9940	4274.17516708374
9941	3826.4029026031494
9941	3826.4029026031494
9942	3497.184991836548
9942	3497.184991836548
9943	3863.412618637085
9943	3863.412618637085
9944	3563.551187515259
9944	3563.551187515259
9945	3917.4251556396484
9945	3917.4251556396484
9946	3602.778196334839
9946	3602.778196334839
9947	3910.277843475342
9947	3910.277843475342
9948	3628.376245498657
9948	3628.376245498657
9949	3925.184726715088
9949	3925.184726715088
9950	4562.674760818481
9950	4562.674760818481
9951	3895.008087158203
9951	3895.008087158203
9952	3812.8507137298584
9952	3812.8507137298584
9953	3877.3136138916016
9953	3877.3136138916016
9954	3353.2536029815674
9954	3353.2536029815674
9955	3676.0051250457764
9955	3676.0051250457764
9956	3672.14298248291
9956	3672.14298248291
9957	3452.92329788208
9957	3452.92329788208
9958	3752.3295879364014
9958	3752.3295879364014
9959	3510.5385780334473
9959	3510.5385780334473
9960	4172.658205032349
9960	4172.658205032349
9961	3306.532859802246
9961	3306.532859802246
9962	3131.5274238586426
9962	3131.5274238586426
9963	3542.454957962036
9963	3542.454957962036
9964	3448.8649368286133
9964	3448.8649368286133
9965	3405.2321910858154
9965	3405.2321910858154
9966	3469.7914123535156
9966	3469.7914123535156
9967	3493.1106567382812
9967	3493.1106567382812
9968	3632.1046352386475
9968	3632.1046352386475
9969	3509.650230407715
9969	3509.650230407715
9970	4112.921237945557
9970	4112.921237945557
9971	3800.8792400360107
9971	3800.8792400360107
9972	3569.5407390594482
9972	3569.5407390594482
9973	3629.183053970337
9973	3629.183053970337
9974	3358.5331439971924
9974	3358.5331439971924
9975	3495.628595352173
9975	3495.628595352173
9976	3326.4596462249756
9976	3326.4596462249756
9977	3249.522924423218
9977	3249.522924423218
9978	3359.8663806915283
9978	3359.8663806915283
9979	3521.93284034729
9979	3521.93284034729
9980	3950.269937515259
9980	3950.269937515259
9981	3725.945472717285
9981	3725.945472717285
9982	3323.673725128174
9982	3323.673725128174
9983	2581.0961723327637
9983	2581.0961723327637
9984	3817.7785873413086
9984	3817.7785873413086
9985	3518.066644668579
9985	3518.066644668579
9986	3836.6661071777344
9986	3836.6661071777344
9987	3841.61114692688
9987	3841.61114692688
9988	3975.710868835449
9988	3975.710868835449
9989	3773.3869552612305
9989	3773.3869552612305
9990	4591.515064239502
9990	4591.515064239502
9991	3605.91721534729
9991	3605.91721534729
9992	3969.707250595093
9992	3969.707250595093
9993	3640.8987045288086
9993	3640.8987045288086
9994	3593.583822250366
9994	3593.583822250366
9995	3511.4524364471436
9995	3511.4524364471436
9996	3676.9986152648926
9996	3676.9986152648926
9997	3796.8392372131348
9997	3796.8392372131348
9998	3768.9614295959473
9998	3768.9614295959473
9999	3811.424493789673
9999	3811.424493789673
10000	22081.142902374268
10000	22081.142902374268
10001	3619.3768978118896
10001	3619.3768978118896
10002	3672.8060245513916
10002	3672.8060245513916
10003	3922.928810119629
10003	3922.928810119629
10004	3598.6287593841553
10004	3598.6287593841553
10005	3467.261791229248
10005	3467.261791229248
10006	3794.4536209106445
10006	3794.4536209106445
10007	3855.123996734619
10007	3855.123996734619
10008	3638.127565383911
10008	3638.127565383911
10009	3923.903465270996
10009	3923.903465270996
10010	4351.463079452515
10010	4351.463079452515
10011	3739.638566970825
10011	3739.638566970825
10012	3726.837396621704
10012	3726.837396621704
10013	3230.156183242798
10013	3230.156183242798
10014	3461.6596698760986
10014	3461.6596698760986
10015	3411.877155303955
10015	3411.877155303955
10016	3528.9177894592285
10016	3528.9177894592285
10017	3315.9453868865967
10017	3315.9453868865967
10018	2977.5545597076416
10018	2977.5545597076416
10019	3293.8435077667236
10019	3293.8435077667236
10020	4029.5705795288086
10020	4029.5705795288086
10021	3588.0861282348633
10021	3588.0861282348633
10022	3474.088430404663
10022	3474.088430404663
10023	3560.6260299682617
10023	3560.6260299682617
10024	3560.0979328155518
10024	3560.0979328155518
10025	3203.6995887756348
10025	3203.6995887756348
10026	3312.443733215332
10026	3312.443733215332
10027	3314.159870147705
10027	3314.159870147705
10028	3328.20200920105
10028	3328.20200920105
10029	3441.5855407714844
10029	3441.5855407714844
10030	4060.311794281006
10030	4060.311794281006
10031	3567.6729679107666
10031	3567.6729679107666
10032	3561.0392093658447
10032	3561.0392093658447
10033	3898.538589477539
10033	3898.538589477539
10034	3778.13720703125
10034	3778.13720703125
10035	3567.821979522705
10035	3567.821979522705
10036	3583.6830139160156
10036	3583.6830139160156
10037	3837.513208389282
10037	3837.513208389282
10038	3855.950355529785
10038	3855.950355529785
10039	3846.381425857544
10039	3846.381425857544
10040	4433.443546295166
10040	4433.443546295166
10041	3857.2709560394287
10041	3857.2709560394287
10042	3909.9621772766113
10042	3909.9621772766113
10043	3884.896755218506
10043	3884.896755218506
10044	3902.00138092041
10044	3902.00138092041
10045	3988.6159896850586
10045	3988.6159896850586
10046	3954.5319080352783
10046	3954.5319080352783
10047	3710.395574569702
10047	3710.395574569702
10048	3631.5948963165283
10048	3631.5948963165283
10049	3529.221534729004
10049	3529.221534729004
10050	4382.651329040527
10050	4382.651329040527
10051	3655.0135612487793
10051	3655.0135612487793
10052	3876.476764678955
10052	3876.476764678955
10053	3735.6162071228027
10053	3735.6162071228027
10054	3817.401647567749
10054	3817.401647567749
10055	3884.521484375
10055	3884.521484375
10056	3814.9092197418213
10056	3814.9092197418213
10057	3860.5780601501465
10057	3860.5780601501465
10058	3935.499906539917
10058	3935.499906539917
10059	3856.516122817993
10059	3856.516122817993
10060	4624.318361282349
10060	4624.318361282349
10061	3843.169927597046
10061	3843.169927597046
10062	3866.942882537842
10062	3866.942882537842
10063	3944.84806060791
10063	3944.84806060791
10064	3857.454299926758
10064	3857.454299926758
10065	3929.118871688843
10065	3929.118871688843
10066	3817.148208618164
10066	3817.148208618164
10067	3931.5733909606934
10067	3931.5733909606934
10068	3905.7295322418213
10068	3905.7295322418213
10069	3868.013620376587
10069	3868.013620376587
10070	4680.2825927734375
10070	4680.2825927734375
10071	3481.494188308716
10071	3481.494188308716
10072	3821.6025829315186
10072	3821.6025829315186
10073	3719.557762145996
10073	3719.557762145996
10074	3758.018732070923
10074	3758.018732070923
10075	3901.4573097229004
10075	3901.4573097229004
10076	3678.159713745117
10076	3678.159713745117
10077	4012.3443603515625
10077	4012.3443603515625
10078	4106.984853744507
10078	4106.984853744507
10079	3795.015811920166
10079	3795.015811920166
10080	4241.363763809204
10080	4241.363763809204
10081	3694.5550441741943
10081	3694.5550441741943
10082	3051.8639087677
10082	3051.8639087677
10083	3780.930995941162
10083	3780.930995941162
10084	3812.762975692749
10084	3812.762975692749
10085	3498.037338256836
10085	3498.037338256836
10086	3269.775390625
10086	3269.775390625
10087	3440.8044815063477
10087	3440.8044815063477
10088	3296.10013961792
10088	3296.10013961792
10089	3841.3822650909424
10089	3841.3822650909424
10090	4006.5371990203857
10090	4006.5371990203857
10091	3427.1271228790283
10091	3427.1271228790283
10092	3459.4085216522217
10092	3459.4085216522217
10093	3473.888874053955
10093	3473.888874053955
10094	3561.7761611938477
10094	3561.7761611938477
10095	3641.059398651123
10095	3641.059398651123
10096	3431.2212467193604
10096	3431.2212467193604
10097	3644.2222595214844
10097	3644.2222595214844
10098	3547.896385192871
10098	3547.896385192871
10099	3283.905506134033
10099	3283.905506134033
10100	4318.574905395508
10100	4318.574905395508
10101	3826.5540599823
10101	3826.5540599823
10102	3768.348217010498
10102	3768.348217010498
10103	3867.514133453369
10103	3867.514133453369
10104	2319.7426795959473
10104	2319.7426795959473
10105	3548.4628677368164
10105	3548.4628677368164
10106	3639.8301124572754
10106	3639.8301124572754
10107	3566.627025604248
10107	3566.627025604248
10108	3679.8009872436523
10108	3679.8009872436523
10109	3848.0372428894043
10109	3848.0372428894043
10110	4132.33208656311
10110	4132.33208656311
10111	3781.4440727233887
10111	3781.4440727233887
10112	3495.1844215393066
10112	3495.1844215393066
10113	3934.964656829834
10113	3934.964656829834
10114	3656.3541889190674
10114	3656.3541889190674
10115	3837.033271789551
10115	3837.033271789551
10116	3995.09334564209
10116	3995.09334564209
10117	3813.060760498047
10117	3813.060760498047
10118	3564.5840167999268
10118	3564.5840167999268
10119	3694.9825286865234
10119	3694.9825286865234
10120	4258.1915855407715
10120	4258.1915855407715
10121	3314.5768642425537
10121	3314.5768642425537
10122	3764.091968536377
10122	3764.091968536377
10123	3655.2658081054688
10123	3655.2658081054688
10124	3498.2309341430664
10124	3498.2309341430664
10125	3485.8996868133545
10125	3485.8996868133545
10126	3490.5951023101807
10126	3490.5951023101807
10127	3840.7063484191895
10127	3840.7063484191895
10128	3783.859968185425
10128	3783.859968185425
10129	3876.8959045410156
10129	3876.8959045410156
10130	4262.709856033325
10130	4262.709856033325
10131	3905.1949977874756
10131	3905.1949977874756
10132	3946.8119144439697
10132	3946.8119144439697
10133	3832.7794075012207
10133	3832.7794075012207
10134	3843.2013988494873
10134	3843.2013988494873
10135	3594.9747562408447
10135	3594.9747562408447
10136	3683.379888534546
10136	3683.379888534546
10137	3828.2456398010254
10137	3828.2456398010254
10138	3848.0441570281982
10138	3848.0441570281982
10139	3724.9844074249268
10139	3724.9844074249268
10140	4593.808174133301
10140	4593.808174133301
10141	3888.167381286621
10141	3888.167381286621
10142	3893.6829566955566
10142	3893.6829566955566
10143	3559.5788955688477
10143	3559.5788955688477
10144	3695.0013637542725
10144	3695.0013637542725
10145	3600.614309310913
10145	3600.614309310913
10146	3665.788412094116
10146	3665.788412094116
10147	3398.273229598999
10147	3398.273229598999
10148	4010.204315185547
10148	4010.204315185547
10149	3464.5397663116455
10149	3464.5397663116455
10150	3933.6600303649902
10150	3933.6600303649902
10151	3075.7081508636475
10151	3075.7081508636475
10152	3162.163257598877
10152	3162.163257598877
10153	3384.2103481292725
10153	3384.2103481292725
10154	3382.107734680176
10154	3382.107734680176
10155	3365.8690452575684
10155	3365.8690452575684
10156	3307.6248168945312
10156	3307.6248168945312
10157	3564.3579959869385
10157	3564.3579959869385
10158	3431.581735610962
10158	3431.581735610962
10159	3498.9101886749268
10159	3498.9101886749268
10160	4054.5527935028076
10160	4054.5527935028076
10161	2300.969362258911
10161	2300.969362258911
10162	2290.7121181488037
10162	2290.7121181488037
10163	2338.183641433716
10163	2338.183641433716
10164	2507.9469680786133
10164	2507.9469680786133
10165	1999.7460842132568
10165	1999.7460842132568
10166	1995.2170848846436
10166	1995.2170848846436
10167	2025.1405239105225
10167	2025.1405239105225
10168	2433.4607124328613
10168	2433.4607124328613
10169	2424.8452186584473
10169	2424.8452186584473
10170	2992.2091960906982
10170	2992.2091960906982
10171	2519.9599266052246
10171	2519.9599266052246
10172	2678.133726119995
10172	2678.133726119995
10173	2671.381711959839
10173	2671.381711959839
10174	2705.9524059295654
10174	2705.9524059295654
10175	2505.6862831115723
10175	2505.6862831115723
10176	2468.690872192383
10176	2468.690872192383
10177	2695.655584335327
10177	2695.655584335327
10178	2538.119316101074
10178	2538.119316101074
10179	2615.313768386841
10179	2615.313768386841
10180	3061.8066787719727
10180	3061.8066787719727
10181	2778.187036514282
10181	2778.187036514282
10182	2626.100778579712
10182	2626.100778579712
10183	2600.4374027252197
10183	2600.4374027252197
10184	2687.1237754821777
10184	2687.1237754821777
10185	2594.1402912139893
10185	2594.1402912139893
10186	2479.1057109832764
10186	2479.1057109832764
10187	2519.4883346557617
10187	2519.4883346557617
10188	2612.69211769104
10188	2612.69211769104
10189	2368.4706687927246
10189	2368.4706687927246
10190	3394.073009490967
10190	3394.073009490967
10191	2651.4782905578613
10191	2651.4782905578613
10192	2595.3643321990967
10192	2595.3643321990967
10193	2595.991849899292
10193	2595.991849899292
10194	2595.295190811157
10194	2595.295190811157
10195	2612.5330924987793
10195	2612.5330924987793
10196	2414.595365524292
10196	2414.595365524292
10197	2831.0868740081787
10197	2831.0868740081787
10198	2559.026002883911
10198	2559.026002883911
10199	2592.514753341675
10199	2592.514753341675
10200	3203.5880088806152
10200	3203.5880088806152
10201	2667.030096054077
10201	2667.030096054077
10202	2204.9336433410645
10202	2204.9336433410645
10203	2532.8640937805176
10203	2532.8640937805176
10204	2687.652826309204
10204	2687.652826309204
10205	2385.953903198242
10205	2385.953903198242
10206	2315.6790733337402
10206	2315.6790733337402
10207	2773.219585418701
10207	2773.219585418701
10208	2310.518264770508
10208	2310.518264770508
10209	2254.7898292541504
10209	2254.7898292541504
10210	2793.827533721924
10210	2793.827533721924
10211	2028.4607410430908
10211	2028.4607410430908
10212	2275.1314640045166
10212	2275.1314640045166
10213	2226.7353534698486
10213	2226.7353534698486
10214	2147.0305919647217
10214	2147.0305919647217
10215	2260.157346725464
10215	2260.157346725464
10216	2329.0295600891113
10216	2329.0295600891113
10217	2191.141366958618
10217	2191.141366958618
10218	2253.3466815948486
10218	2253.3466815948486
10219	2118.2234287261963
10219	2118.2234287261963
10220	2662.67466545105
10220	2662.67466545105
10221	2275.1078605651855
10221	2275.1078605651855
10222	2329.2112350463867
10222	2329.2112350463867
10223	2284.015417098999
10223	2284.015417098999
10224	2279.017925262451
10224	2279.017925262451
10225	2132.131814956665
10225	2132.131814956665
10226	2401.695489883423
10226	2401.695489883423
10227	2620.008945465088
10227	2620.008945465088
10228	1471.9257354736328
10228	1471.9257354736328
10229	1613.454818725586
10229	1613.454818725586
10230	3229.9246788024902
10230	3229.9246788024902
10231	2505.2292346954346
10231	2505.2292346954346
10232	2443.6068534851074
10232	2443.6068534851074
10233	2599.006414413452
10233	2599.006414413452
10234	2785.9203815460205
10234	2785.9203815460205
10235	2403.214454650879
10235	2403.214454650879
10236	2614.9091720581055
10236	2614.9091720581055
10237	2731.187343597412
10237	2731.187343597412
10238	2606.8780422210693
10238	2606.8780422210693
10239	2599.439859390259
10239	2599.439859390259
10240	3188.929796218872
10240	3188.929796218872
10241	2585.679769515991
10241	2585.679769515991
10242	2687.8600120544434
10242	2687.8600120544434
10243	2664.121627807617
10243	2664.121627807617
10244	2556.8878650665283
10244	2556.8878650665283
10245	2384.432315826416
10245	2384.432315826416
10246	2709.9859714508057
10246	2709.9859714508057
10247	2662.475109100342
10247	2662.475109100342
10248	2384.568691253662
10248	2384.568691253662
10249	2703.7386894226074
10249	2703.7386894226074
10250	3368.091821670532
10250	3368.091821670532
10251	2733.5503101348877
10251	2733.5503101348877
10252	2441.1461353302
10252	2441.1461353302
10253	2575.092077255249
10253	2575.092077255249
10254	2627.8162002563477
10254	2627.8162002563477
10255	2613.5709285736084
10255	2613.5709285736084
10256	2542.5186157226562
10256	2542.5186157226562
10257	2578.428030014038
10257	2578.428030014038
10258	2429.4471740722656
10258	2429.4471740722656
10259	2457.594156265259
10259	2457.594156265259
10260	3278.5403728485107
10260	3278.5403728485107
10261	2635.8399391174316
10261	2635.8399391174316
10262	2368.9236640930176
10262	2368.9236640930176
10263	2703.7088871002197
10263	2703.7088871002197
10264	2568.3326721191406
10264	2568.3326721191406
10265	2547.807216644287
10265	2547.807216644287
10266	2436.713457107544
10266	2436.713457107544
10267	2683.4921836853027
10267	2683.4921836853027
10268	2304.3131828308105
10268	2304.3131828308105
10269	2100.9767055511475
10269	2100.9767055511475
10270	2816.9467449188232
10270	2816.9467449188232
10271	2207.8537940979004
10271	2207.8537940979004
10272	1896.0957527160645
10272	1896.0957527160645
10273	2020.6210613250732
10273	2020.6210613250732
10274	2077.4195194244385
10274	2077.4195194244385
10275	2111.9585037231445
10275	2111.9585037231445
10276	2006.117582321167
10276	2006.117582321167
10277	2035.9184741973877
10277	2035.9184741973877
10278	1896.2655067443848
10278	1896.2655067443848
10279	2036.0209941864014
10279	2036.0209941864014
10280	2673.362970352173
10280	2673.362970352173
10281	2101.702928543091
10281	2101.702928543091
10282	2230.649709701538
10282	2230.649709701538
10283	2149.913549423218
10283	2149.913549423218
10284	2699.46551322937
10284	2699.46551322937
10285	2163.722515106201
10285	2163.722515106201
10286	1951.7240524291992
10286	1951.7240524291992
10287	2480.8075428009033
10287	2480.8075428009033
10288	2603.489875793457
10288	2603.489875793457
10289	2383.3096027374268
10289	2383.3096027374268
10290	4125.234603881836
10290	4125.234603881836
10291	3754.164457321167
10291	3754.164457321167
10292	3825.017213821411
10292	3825.017213821411
10293	3752.0534992218018
10293	3752.0534992218018
10294	3784.055233001709
10294	3784.055233001709
10295	3521.8310356140137
10295	3521.8310356140137
10296	3841.763734817505
10296	3841.763734817505
10297	3783.8566303253174
10297	3783.8566303253174
10298	3766.09206199646
10298	3766.09206199646
10299	3862.10560798645
10299	3862.10560798645
10300	4607.06353187561
10300	4607.06353187561
10301	3811.985969543457
10301	3811.985969543457
10302	3612.1909618377686
10302	3612.1909618377686
10303	3576.6279697418213
10303	3576.6279697418213
10304	3672.1274852752686
10304	3672.1274852752686
10305	3817.078113555908
10305	3817.078113555908
10306	3807.7991008758545
10306	3807.7991008758545
10307	3965.963840484619
10307	3965.963840484619
10308	3889.049291610718
10308	3889.049291610718
10309	4042.8383350372314
10309	4042.8383350372314
10310	4689.89634513855
10310	4689.89634513855
10311	3876.9941329956055
10311	3876.9941329956055
10312	3916.9845581054688
10312	3916.9845581054688
10313	3664.815664291382
10313	3664.815664291382
10314	3603.083372116089
10314	3603.083372116089
10315	3624.4776248931885
10315	3624.4776248931885
10316	3661.121129989624
10316	3661.121129989624
10317	3932.025671005249
10317	3932.025671005249
10318	3777.243137359619
10318	3777.243137359619
10319	3825.2971172332764
10319	3825.2971172332764
10320	4401.857852935791
10320	4401.857852935791
10321	3807.3511123657227
10321	3807.3511123657227
10322	3766.5650844573975
10322	3766.5650844573975
10323	4008.641481399536
10323	4008.641481399536
10324	3726.5784740448
10324	3726.5784740448
10325	3869.032859802246
10325	3869.032859802246
10326	3841.3925170898438
10326	3841.3925170898438
10327	3880.047559738159
10327	3880.047559738159
10328	3693.2249069213867
10328	3693.2249069213867
10329	3740.351915359497
10329	3740.351915359497
10330	4076.4143466949463
10330	4076.4143466949463
10331	3020.941734313965
10331	3020.941734313965
10332	3046.93865776062
10332	3046.93865776062
10333	3281.2225818634033
10333	3281.2225818634033
10334	3064.3043518066406
10334	3064.3043518066406
10335	3460.7813358306885
10335	3460.7813358306885
10336	3369.042158126831
10336	3369.042158126831
10337	3490.326166152954
10337	3490.326166152954
10338	3574.7292041778564
10338	3574.7292041778564
10339	3635.0202560424805
10339	3635.0202560424805
10340	3804.1374683380127
10340	3804.1374683380127
10341	3533.2841873168945
10341	3533.2841873168945
10342	3500.9799003601074
10342	3500.9799003601074
10343	3494.744062423706
10343	3494.744062423706
10344	3345.855951309204
10344	3345.855951309204
10345	3552.7184009552
10345	3552.7184009552
10346	3599.1945266723633
10346	3599.1945266723633
10347	3668.087959289551
10347	3668.087959289551
10348	3596.682071685791
10348	3596.682071685791
10349	3388.6077404022217
10349	3388.6077404022217
10350	4438.466310501099
10350	4438.466310501099
10351	3887.5207901000977
10351	3887.5207901000977
10352	3396.9361782073975
10352	3396.9361782073975
10353	2498.337507247925
10353	2498.337507247925
10354	2278.3138751983643
10354	2278.3138751983643
10355	3842.418432235718
10355	3842.418432235718
10356	3762.3133659362793
10356	3762.3133659362793
10357	3539.964199066162
10357	3539.964199066162
10358	3500.4515647888184
10358	3500.4515647888184
10359	3825.9100914001465
10359	3825.9100914001465
10360	4441.454172134399
10360	4441.454172134399
10361	3578.0303478240967
10361	3578.0303478240967
10362	4044.0542697906494
10362	4044.0542697906494
10363	3891.446352005005
10363	3891.446352005005
10364	3916.743755340576
10364	3916.743755340576
10365	3931.5898418426514
10365	3931.5898418426514
10366	3887.2733116149902
10366	3887.2733116149902
10367	3879.0295124053955
10367	3879.0295124053955
10368	3647.815942764282
10368	3647.815942764282
10369	3941.46728515625
10369	3941.46728515625
10370	4562.7429485321045
10370	4562.7429485321045
10371	3722.032308578491
10371	3722.032308578491
10372	3841.7413234710693
10372	3841.7413234710693
10373	3749.868154525757
10373	3749.868154525757
10374	3804.71134185791
10374	3804.71134185791
10375	3834.939479827881
10375	3834.939479827881
10376	3901.268243789673
10376	3901.268243789673
10377	3632.7357292175293
10377	3632.7357292175293
10378	3827.5394439697266
10378	3827.5394439697266
10379	3715.118646621704
10379	3715.118646621704
10380	4376.459121704102
10380	4376.459121704102
10381	3581.1069011688232
10381	3581.1069011688232
10382	3960.097074508667
10382	3960.097074508667
10383	3897.7060317993164
10383	3897.7060317993164
10384	3688.6346340179443
10384	3688.6346340179443
10385	3855.51118850708
10385	3855.51118850708
10386	4035.3307723999023
10386	4035.3307723999023
10387	3791.7428016662598
10387	3791.7428016662598
10388	3896.0256576538086
10388	3896.0256576538086
10389	3911.9033813476562
10389	3911.9033813476562
10390	4290.645122528076
10390	4290.645122528076
10391	3998.187780380249
10391	3998.187780380249
10392	3767.308235168457
10392	3767.308235168457
10393	4052.5052547454834
10393	4052.5052547454834
10394	3867.680311203003
10394	3867.680311203003
10395	3279.0687084198
10395	3279.0687084198
10396	3759.8977088928223
10396	3759.8977088928223
10397	3694.1349506378174
10397	3694.1349506378174
10398	3756.910562515259
10398	3756.910562515259
10399	3822.1287727355957
10399	3822.1287727355957
10400	4077.230453491211
10400	4077.230453491211
10401	3384.4666481018066
10401	3384.4666481018066
10402	3419.2912578582764
10402	3419.2912578582764
10403	3406.198501586914
10403	3406.198501586914
10404	3340.0967121124268
10404	3340.0967121124268
10405	3224.712133407593
10405	3224.712133407593
10406	3557.8465461730957
10406	3557.8465461730957
10407	3570.0552463531494
10407	3570.0552463531494
10408	3554.569721221924
10408	3554.569721221924
10409	3382.26056098938
10409	3382.26056098938
10410	4353.752374649048
10410	4353.752374649048
10411	3600.168466567993
10411	3600.168466567993
10412	3570.8513259887695
10412	3570.8513259887695
10413	3430.0155639648438
10413	3430.0155639648438
10414	3263.305425643921
10414	3263.305425643921
10415	3471.5659618377686
10415	3471.5659618377686
10416	3465.679168701172
10416	3465.679168701172
10417	3169.663906097412
10417	3169.663906097412
10418	3431.015729904175
10418	3431.015729904175
10419	3473.0119705200195
10419	3473.0119705200195
10420	4254.726886749268
10420	4254.726886749268
10421	3721.0123538970947
10421	3721.0123538970947
10422	4000.0221729278564
10422	4000.0221729278564
10423	3982.1300506591797
10423	3982.1300506591797
10424	3556.771755218506
10424	3556.771755218506
10425	3637.127637863159
10425	3637.127637863159
10426	3680.9351444244385
10426	3680.9351444244385
10427	3923.2234954833984
10427	3923.2234954833984
10428	3628.6721229553223
10428	3628.6721229553223
10429	3914.0894412994385
10429	3914.0894412994385
10430	4607.002258300781
10430	4607.002258300781
10431	3893.8512802124023
10431	3893.8512802124023
10432	3884.0739727020264
10432	3884.0739727020264
10433	3460.7486724853516
10433	3460.7486724853516
10434	3754.092216491699
10434	3754.092216491699
10435	3660.4535579681396
10435	3660.4535579681396
10436	3453.5739421844482
10436	3453.5739421844482
10437	3723.2651710510254
10437	3723.2651710510254
10438	3782.259225845337
10438	3782.259225845337
10439	3995.859384536743
10439	3995.859384536743
10440	4379.849433898926
10440	4379.849433898926
10441	3832.7550888061523
10441	3832.7550888061523
10442	3713.7296199798584
10442	3713.7296199798584
10443	3935.797929763794
10443	3935.797929763794
10444	3788.6803150177
10444	3788.6803150177
10445	3965.6336307525635
10445	3965.6336307525635
10446	3913.174867630005
10446	3913.174867630005
10447	3795.08113861084
10447	3795.08113861084
10448	3872.6561069488525
10448	3872.6561069488525
10449	3585.630178451538
10449	3585.630178451538
10450	4333.942890167236
10450	4333.942890167236
10451	3720.365047454834
10451	3720.365047454834
10452	3691.5762424468994
10452	3691.5762424468994
10453	3552.5479316711426
10453	3552.5479316711426
10454	3742.2237396240234
10454	3742.2237396240234
10455	3451.5292644500732
10455	3451.5292644500732
10456	3803.6484718322754
10456	3803.6484718322754
10457	3576.72119140625
10457	3576.72119140625
10458	3599.031686782837
10458	3599.031686782837
10459	3786.8714332580566
10459	3786.8714332580566
10460	4300.931215286255
10460	4300.931215286255
10461	3884.887456893921
10461	3884.887456893921
10462	3855.2627563476562
10462	3855.2627563476562
10463	3983.430862426758
10463	3983.430862426758
10464	3631.1535835266113
10464	3631.1535835266113
10465	3605.706214904785
10465	3605.706214904785
10466	3810.262680053711
10466	3810.262680053711
10467	3686.622381210327
10467	3686.622381210327
10468	3492.2914505004883
10468	3492.2914505004883
10469	3484.527587890625
10469	3484.527587890625
10470	4188.741683959961
10470	4188.741683959961
10471	3498.6579418182373
10471	3498.6579418182373
10472	3239.3558025360107
10472	3239.3558025360107
10473	3016.2415504455566
10473	3016.2415504455566
10474	3088.075637817383
10474	3088.075637817383
10475	3303.7941455841064
10475	3303.7941455841064
10476	3424.1347312927246
10476	3424.1347312927246
10477	3426.4259338378906
10477	3426.4259338378906
10478	3442.913055419922
10478	3442.913055419922
10479	3493.574380874634
10479	3493.574380874634
10480	4047.6043224334717
10480	4047.6043224334717
10481	3567.1539306640625
10481	3567.1539306640625
10482	3516.5557861328125
10482	3516.5557861328125
10483	3436.7496967315674
10483	3436.7496967315674
10484	3511.063575744629
10484	3511.063575744629
10485	3540.1129722595215
10485	3540.1129722595215
10486	3866.9328689575195
10486	3866.9328689575195
10487	3806.483745574951
10487	3806.483745574951
10488	3750.7402896881104
10488	3750.7402896881104
10489	2693.5272216796875
10489	2693.5272216796875
10490	2905.024290084839
10490	2905.024290084839
10491	3832.260847091675
10491	3832.260847091675
10492	3632.2834491729736
10492	3632.2834491729736
10493	3773.7815380096436
10493	3773.7815380096436
10494	3615.812063217163
10494	3615.812063217163
10495	3689.096450805664
10495	3689.096450805664
10496	3810.87589263916
10496	3810.87589263916
10497	3809.6818923950195
10497	3809.6818923950195
10498	3853.574752807617
10498	3853.574752807617
10499	3745.119333267212
10499	3745.119333267212
10500	14312.691926956177
10500	14312.691926956177
10501	3792.569637298584
10501	3792.569637298584
10502	3557.988405227661
10502	3557.988405227661
10503	3945.5912113189697
10503	3945.5912113189697
10504	3810.0438117980957
10504	3810.0438117980957
10505	3854.1767597198486
10505	3854.1767597198486
10506	3888.317823410034
10506	3888.317823410034
10507	3839.296817779541
10507	3839.296817779541
10508	3434.9277019500732
10508	3434.9277019500732
10509	3881.5696239471436
10509	3881.5696239471436
10510	4502.383708953857
10510	4502.383708953857
10511	3624.262809753418
10511	3624.262809753418
10512	4077.1915912628174
10512	4077.1915912628174
10513	4007.2550773620605
10513	4007.2550773620605
10514	3928.496837615967
10514	3928.496837615967
10515	3897.4697589874268
10515	3897.4697589874268
10516	3683.361291885376
10516	3683.361291885376
10517	3969.5119857788086
10517	3969.5119857788086
10518	3664.9694442749023
10518	3664.9694442749023
10519	4073.922872543335
10519	4073.922872543335
10520	4067.5432682037354
10520	4067.5432682037354
10521	2904.873847961426
10521	2904.873847961426
10522	3013.6256217956543
10522	3013.6256217956543
10523	3254.673957824707
10523	3254.673957824707
10524	3397.730827331543
10524	3397.730827331543
10525	3467.7281379699707
10525	3467.7281379699707
10526	3508.1114768981934
10526	3508.1114768981934
10527	3449.6138095855713
10527	3449.6138095855713
10528	3475.7983684539795
10528	3475.7983684539795
10529	3675.323486328125
10529	3675.323486328125
10530	4205.194473266602
10530	4205.194473266602
10531	3841.3028717041016
10531	3841.3028717041016
10532	3673.0124950408936
10532	3673.0124950408936
10533	3739.459276199341
10533	3739.459276199341
10534	3824.0458965301514
10534	3824.0458965301514
10535	3716.8633937835693
10535	3716.8633937835693
10536	3723.353624343872
10536	3723.353624343872
10537	3536.205768585205
10537	3536.205768585205
10538	3901.207447052002
10538	3901.207447052002
10539	2042.5589084625244
10539	2042.5589084625244
10540	2924.4089126586914
10540	2924.4089126586914
10541	2822.2274780273438
10541	2822.2274780273438
10542	2735.5499267578125
10542	2735.5499267578125
10543	2677.057981491089
10543	2677.057981491089
10544	2783.451795578003
10544	2783.451795578003
10545	2548.4275817871094
10545	2548.4275817871094
10546	2404.4852256774902
10546	2404.4852256774902
10547	2568.46284866333
10547	2568.46284866333
10548	2526.8824100494385
10548	2526.8824100494385
10549	2317.073345184326
10549	2317.073345184326
10550	3254.910945892334
10550	3254.910945892334
10551	2649.0578651428223
10551	2649.0578651428223
10552	2612.3082637786865
10552	2612.3082637786865
10553	2757.868528366089
10553	2757.868528366089
10554	2405.0629138946533
10554	2405.0629138946533
10555	2715.083122253418
10555	2715.083122253418
10556	2585.1259231567383
10556	2585.1259231567383
10557	2453.9666175842285
10557	2453.9666175842285
10558	2708.7066173553467
10558	2708.7066173553467
10559	2319.1425800323486
10559	2319.1425800323486
10560	3202.1572589874268
10560	3202.1572589874268
10561	2434.502124786377
10561	2434.502124786377
10562	2509.068489074707
10562	2509.068489074707
10563	2613.3294105529785
10563	2613.3294105529785
10564	2640.9783363342285
10564	2640.9783363342285
10565	2572.504997253418
10565	2572.504997253418
10566	2306.6368103027344
10566	2306.6368103027344
10567	2489.837169647217
10567	2489.837169647217
10568	2520.3256607055664
10568	2520.3256607055664
10569	2694.0317153930664
10569	2694.0317153930664
10570	3236.762046813965
10570	3236.762046813965
10571	2628.749370574951
10571	2628.749370574951
10572	2713.993787765503
10572	2713.993787765503
10573	2731.9977283477783
10573	2731.9977283477783
10574	2260.734796524048
10574	2260.734796524048
10575	2316.6513442993164
10575	2316.6513442993164
10576	2660.1076126098633
10576	2660.1076126098633
10577	2542.8268909454346
10577	2542.8268909454346
10578	2440.505266189575
10578	2440.505266189575
10579	2286.081075668335
10579	2286.081075668335
10580	3175.036668777466
10580	3175.036668777466
10581	2085.1237773895264
10581	2085.1237773895264
10582	2214.802026748657
10582	2214.802026748657
10583	2198.8542079925537
10583	2198.8542079925537
10584	1935.0802898406982
10584	1935.0802898406982
10585	2127.686023712158
10585	2127.686023712158
10586	2130.3818225860596
10586	2130.3818225860596
10587	2242.985963821411
10587	2242.985963821411
10588	2172.8177070617676
10588	2172.8177070617676
10589	2441.486358642578
10589	2441.486358642578
10590	2960.111618041992
10590	2960.111618041992
10591	2229.444742202759
10591	2229.444742202759
10592	2283.689022064209
10592	2283.689022064209
10593	2331.0463428497314
10593	2331.0463428497314
10594	2198.7435817718506
10594	2198.7435817718506
10595	2106.971263885498
10595	2106.971263885498
10596	2298.673391342163
10596	2298.673391342163
10597	2225.4786491394043
10597	2225.4786491394043
10598	2746.934413909912
10598	2746.934413909912
10599	2479.5079231262207
10599	2479.5079231262207
10600	2454.2179107666016
10600	2454.2179107666016
10601	1613.664150238037
10601	1613.664150238037
10602	2338.7765884399414
10602	2338.7765884399414
10603	2712.91184425354
10603	2712.91184425354
10604	2583.7042331695557
10604	2583.7042331695557
10605	2463.728904724121
10605	2463.728904724121
10606	2517.7807807922363
10606	2517.7807807922363
10607	2553.7984371185303
10607	2553.7984371185303
10608	2378.5102367401123
10608	2378.5102367401123
10609	2555.8395385742188
10609	2555.8395385742188
10610	3146.1846828460693
10610	3146.1846828460693
10611	2385.0882053375244
10611	2385.0882053375244
10612	2254.147529602051
10612	2254.147529602051
10613	2549.7241020202637
10613	2549.7241020202637
10614	2686.723470687866
10614	2686.723470687866
10615	2634.6983909606934
10615	2634.6983909606934
10616	2727.540969848633
10616	2727.540969848633
10617	2574.8751163482666
10617	2574.8751163482666
10618	2544.602632522583
10618	2544.602632522583
10619	2630.5010318756104
10619	2630.5010318756104
10620	3273.9131450653076
10620	3273.9131450653076
10621	2486.621856689453
10621	2486.621856689453
10622	2665.2257442474365
10622	2665.2257442474365
10623	2595.21746635437
10623	2595.21746635437
10624	2610.8357906341553
10624	2610.8357906341553
10625	2459.458827972412
10625	2459.458827972412
10626	2636.052370071411
10626	2636.052370071411
10627	2376.4090538024902
10627	2376.4090538024902
10628	2588.909864425659
10628	2588.909864425659
10629	2449.9258995056152
10629	2449.9258995056152
10630	3321.495532989502
10630	3321.495532989502
10631	2586.85564994812
10631	2586.85564994812
10632	2373.368740081787
10632	2373.368740081787
10633	2608.612060546875
10633	2608.612060546875
10634	2653.7325382232666
10634	2653.7325382232666
10635	2628.3435821533203
10635	2628.3435821533203
10636	2724.3831157684326
10636	2724.3831157684326
10637	2333.3845138549805
10637	2333.3845138549805
10638	2678.091049194336
10638	2678.091049194336
10639	2367.887258529663
10639	2367.887258529663
10640	3139.0178203582764
10640	3139.0178203582764
10641	2305.1164150238037
10641	2305.1164150238037
10642	2229.9184799194336
10642	2229.9184799194336
10643	2189.690351486206
10643	2189.690351486206
10644	2194.319248199463
10644	2194.319248199463
10645	2187.17098236084
10645	2187.17098236084
10646	2109.811305999756
10646	2109.811305999756
10647	2049.039602279663
10647	2049.039602279663
10648	2052.211284637451
10648	2052.211284637451
10649	2175.2078533172607
10649	2175.2078533172607
10650	2790.2581691741943
10650	2790.2581691741943
10651	2080.1360607147217
10651	2080.1360607147217
10652	2249.4056224823
10652	2249.4056224823
10653	2012.5393867492676
10653	2012.5393867492676
10654	2312.1566772460938
10654	2312.1566772460938
10655	2431.068181991577
10655	2431.068181991577
10656	2273.6778259277344
10656	2273.6778259277344
10657	2531.0065746307373
10657	2531.0065746307373
10658	2507.962465286255
10658	2507.962465286255
10659	2765.7079696655273
10659	2765.7079696655273
10660	3428.5402297973633
10660	3428.5402297973633
10661	2621.452808380127
10661	2621.452808380127
10662	2675.6248474121094
10662	2675.6248474121094
10663	3613.7824058532715
10663	3613.7824058532715
10664	3692.753553390503
10664	3692.753553390503
10665	3729.1598320007324
10665	3729.1598320007324
10666	3496.2403774261475
10666	3496.2403774261475
10667	3943.755626678467
10667	3943.755626678467
10668	3847.7253913879395
10668	3847.7253913879395
10669	3802.41322517395
10669	3802.41322517395
10670	4378.2548904418945
10670	4378.2548904418945
10671	3808.4096908569336
10671	3808.4096908569336
10672	3834.5062732696533
10672	3834.5062732696533
10673	3912.7118587493896
10673	3912.7118587493896
10674	3821.0647106170654
10674	3821.0647106170654
10675	3907.7775478363037
10675	3907.7775478363037
10676	3838.010311126709
10676	3838.010311126709
10677	3831.8252563476562
10677	3831.8252563476562
10678	3863.1069660186768
10678	3863.1069660186768
10679	4093.5423374176025
10679	4093.5423374176025
10680	4212.507724761963
10680	4212.507724761963
10681	3566.866159439087
10681	3566.866159439087
10682	3699.3350982666016
10682	3699.3350982666016
10683	3879.087209701538
10683	3879.087209701538
10684	3921.2610721588135
10684	3921.2610721588135
10685	4020.6756591796875
10685	4020.6756591796875
10686	3700.385093688965
10686	3700.385093688965
10687	3628.779649734497
10687	3628.779649734497
10688	3783.2021713256836
10688	3783.2021713256836
10689	3442.563056945801
10689	3442.563056945801
10690	4496.660470962524
10690	4496.660470962524
10691	3781.2976837158203
10691	3781.2976837158203
10692	3798.5939979553223
10692	3798.5939979553223
10693	3602.2865772247314
10693	3602.2865772247314
10694	3908.3313941955566
10694	3908.3313941955566
10695	3762.0813846588135
10695	3762.0813846588135
10696	3594.7165489196777
10696	3594.7165489196777
10697	3827.382802963257
10697	3827.382802963257
10698	3988.4657859802246
10698	3988.4657859802246
10699	3872.6766109466553
10699	3872.6766109466553
10700	4530.5495262146
10700	4530.5495262146
10701	3660.278797149658
10701	3660.278797149658
10702	3638.338565826416
10702	3638.338565826416
10703	3929.651975631714
10703	3929.651975631714
10704	3034.284830093384
10704	3034.284830093384
10705	3469.0372943878174
10705	3469.0372943878174
10706	3312.7267360687256
10706	3312.7267360687256
10707	3346.5652465820312
10707	3346.5652465820312
10708	3454.7688961029053
10708	3454.7688961029053
10709	3123.260021209717
10709	3123.260021209717
10710	3624.23038482666
10710	3624.23038482666
10711	3471.7938899993896
10711	3471.7938899993896
10712	3469.6967601776123
10712	3469.6967601776123
10713	3278.0861854553223
10713	3278.0861854553223
10714	3452.587366104126
10714	3452.587366104126
10715	3858.7546348571777
10715	3858.7546348571777
10716	3464.265823364258
10716	3464.265823364258
10717	3680.2754402160645
10717	3680.2754402160645
10718	3834.113121032715
10718	3834.113121032715
10719	3768.4452533721924
10719	3768.4452533721924
10720	4394.970178604126
10720	4394.970178604126
10721	3790.7307147979736
10721	3790.7307147979736
10722	3501.0104179382324
10722	3501.0104179382324
10723	3854.4652462005615
10723	3854.4652462005615
10724	3833.529472351074
10724	3833.529472351074
10725	4074.8331546783447
10725	4074.8331546783447
10726	4050.661563873291
10726	4050.661563873291
10727	2184.9730014801025
10727	2184.9730014801025
10728	3887.813091278076
10728	3887.813091278076
10729	3311.36417388916
10729	3311.36417388916
10730	4209.2156410217285
10730	4209.2156410217285
10731	3799.2072105407715
10731	3799.2072105407715
10732	3849.0092754364014
10732	3849.0092754364014
10733	3553.9865493774414
10733	3553.9865493774414
10734	3856.3392162323
10734	3856.3392162323
10735	3561.1231327056885
10735	3561.1231327056885
10736	3991.612672805786
10736	3991.612672805786
10737	3787.982225418091
10737	3787.982225418091
10738	3622.826099395752
10738	3622.826099395752
10739	3833.90212059021
10739	3833.90212059021
10740	4690.791130065918
10740	4690.791130065918
10741	3718.3961868286133
10741	3718.3961868286133
10742	3858.5081100463867
10742	3858.5081100463867
10743	3625.6449222564697
10743	3625.6449222564697
10744	3930.68790435791
10744	3930.68790435791
10745	3825.6888389587402
10745	3825.6888389587402
10746	3892.5247192382812
10746	3892.5247192382812
10747	3709.9406719207764
10747	3709.9406719207764
10748	4021.5001106262207
10748	4021.5001106262207
10749	3682.987928390503
10749	3682.987928390503
10750	4326.51686668396
10750	4326.51686668396
10751	3706.8467140197754
10751	3706.8467140197754
10752	3688.748598098755
10752	3688.748598098755
10753	3807.8110218048096
10753	3807.8110218048096
10754	3736.283302307129
10754	3736.283302307129
10755	3744.556665420532
10755	3744.556665420532
10756	3881.20698928833
10756	3881.20698928833
10757	3930.1185607910156
10757	3930.1185607910156
10758	3968.841791152954
10758	3968.841791152954
10759	3623.9097118377686
10759	3623.9097118377686
10760	4256.2878131866455
10760	4256.2878131866455
10761	3875.5335807800293
10761	3875.5335807800293
10762	3860.2004051208496
10762	3860.2004051208496
10763	3572.904348373413
10763	3572.904348373413
10764	3887.8767490386963
10764	3887.8767490386963
10765	3714.9314880371094
10765	3714.9314880371094
10766	3967.9713249206543
10766	3967.9713249206543
10767	3841.3779735565186
10767	3841.3779735565186
10768	3440.621852874756
10768	3440.621852874756
10769	3685.615301132202
10769	3685.615301132202
10770	4560.639381408691
10770	4560.639381408691
10771	3730.0329208374023
10771	3730.0329208374023
10772	3795.4089641571045
10772	3795.4089641571045
10773	3232.414960861206
10773	3232.414960861206
10774	3201.007843017578
10774	3201.007843017578
10775	3365.091323852539
10775	3365.091323852539
10776	3496.856451034546
10776	3496.856451034546
10777	3336.073875427246
10777	3336.073875427246
10778	3129.0066242218018
10778	3129.0066242218018
10779	3573.9352703094482
10779	3573.9352703094482
10780	4096.924066543579
10780	4096.924066543579
10781	3601.6554832458496
10781	3601.6554832458496
10782	3579.0061950683594
10782	3579.0061950683594
10783	3621.8886375427246
10783	3621.8886375427246
10784	3233.5453033447266
10784	3233.5453033447266
10785	3274.8796939849854
10785	3274.8796939849854
10786	3534.264326095581
10786	3534.264326095581
10787	3457.6587677001953
10787	3457.6587677001953
10788	3754.909038543701
10788	3754.909038543701
10789	3462.1076583862305
10789	3462.1076583862305
10790	4177.5782108306885
10790	4177.5782108306885
10791	3372.80535697937
10791	3372.80535697937
10792	3530.014991760254
10792	3530.014991760254
10793	3630.324363708496
10793	3630.324363708496
10794	3639.84751701355
10794	3639.84751701355
10795	3494.450807571411
10795	3494.450807571411
10796	3849.013328552246
10796	3849.013328552246
10797	3515.6517028808594
10797	3515.6517028808594
10798	3641.617774963379
10798	3641.617774963379
10799	3931.2660694122314
10799	3931.2660694122314
10800	4139.276027679443
10800	4139.276027679443
10801	3634.6263885498047
10801	3634.6263885498047
10802	3864.469051361084
10802	3864.469051361084
10803	3544.538974761963
10803	3544.538974761963
10804	3878.3984184265137
10804	3878.3984184265137
10805	3903.1200408935547
10805	3903.1200408935547
10806	3863.4231090545654
10806	3863.4231090545654
10807	3804.6205043792725
10807	3804.6205043792725
10808	3859.5380783081055
10808	3859.5380783081055
10809	3869.8103427886963
10809	3869.8103427886963
10810	4579.856395721436
10810	4579.856395721436
10811	3938.8816356658936
10811	3938.8816356658936
10812	3883.6255073547363
10812	3883.6255073547363
10813	3674.861192703247
10813	3674.861192703247
10814	3933.020830154419
10814	3933.020830154419
10815	3742.0222759246826
10815	3742.0222759246826
10816	3825.7830142974854
10816	3825.7830142974854
10817	3439.692497253418
10817	3439.692497253418
10818	3728.8999557495117
10818	3728.8999557495117
10819	3727.3473739624023
10819	3727.3473739624023
10820	4182.215213775635
10820	4182.215213775635
10821	3678.3628463745117
10821	3678.3628463745117
10822	3734.4138622283936
10822	3734.4138622283936
10823	3937.3903274536133
10823	3937.3903274536133
10824	3837.7866744995117
10824	3837.7866744995117
10825	3838.99188041687
10825	3838.99188041687
10826	3822.3483562469482
10826	3822.3483562469482
10827	3986.63592338562
10827	3986.63592338562
10828	3975.550413131714
10828	3975.550413131714
10829	4019.455671310425
10829	4019.455671310425
10830	4515.321254730225
10830	4515.321254730225
10831	3870.0876235961914
10831	3870.0876235961914
10832	3774.414300918579
10832	3774.414300918579
10833	3809.7896575927734
10833	3809.7896575927734
10834	3929.2232990264893
10834	3929.2232990264893
10835	3907.4010848999023
10835	3907.4010848999023
10836	3539.921522140503
10836	3539.921522140503
10837	3606.472969055176
10837	3606.472969055176
10838	3748.185634613037
10838	3748.185634613037
10839	3677.5097846984863
10839	3677.5097846984863
10840	3780.4293632507324
10840	3780.4293632507324
10841	3280.7440757751465
10841	3280.7440757751465
10842	3393.0907249450684
10842	3393.0907249450684
10843	3251.628875732422
10843	3251.628875732422
10844	3312.673330307007
10844	3312.673330307007
10845	3466.7656421661377
10845	3466.7656421661377
10846	3555.9005737304688
10846	3555.9005737304688
10847	3458.491086959839
10847	3458.491086959839
10848	3405.2255153656006
10848	3405.2255153656006
10849	3363.138198852539
10849	3363.138198852539
10850	4274.60241317749
10850	4274.60241317749
10851	3620.976209640503
10851	3620.976209640503
10852	3563.796043395996
10852	3563.796043395996
10853	3529.7532081604004
10853	3529.7532081604004
10854	3561.424970626831
10854	3561.424970626831
10855	3770.6458568573
10855	3770.6458568573
10856	3333.8265419006348
10856	3333.8265419006348
10857	3623.2757568359375
10857	3623.2757568359375
10858	3555.635452270508
10858	3555.635452270508
10859	3751.68776512146
10859	3751.68776512146
10860	4029.674768447876
10860	4029.674768447876
10861	3680.2632808685303
10861	3680.2632808685303
10862	2498.4569549560547
10862	2498.4569549560547
10863	3789.808511734009
10863	3789.808511734009
10864	3793.6642169952393
10864	3793.6642169952393
10865	3838.2372856140137
10865	3838.2372856140137
10866	3940.0570392608643
10866	3940.0570392608643
10867	3973.001480102539
10867	3973.001480102539
10868	3519.7083950042725
10868	3519.7083950042725
10869	3853.0890941619873
10869	3853.0890941619873
10870	4573.904991149902
10870	4573.904991149902
10871	3936.6612434387207
10871	3936.6612434387207
10872	3829.8115730285645
10872	3829.8115730285645
10873	3867.535352706909
10873	3867.535352706909
10874	3562.6349449157715
10874	3562.6349449157715
10875	3672.419786453247
10875	3672.419786453247
10876	3581.690549850464
10876	3581.690549850464
10877	3743.509292602539
10877	3743.509292602539
10878	3782.259702682495
10878	3782.259702682495
10879	3609.4799041748047
10879	3609.4799041748047
10880	4309.331655502319
10880	4309.331655502319
10881	3849.2157459259033
10881	3849.2157459259033
10882	3826.139450073242
10882	3826.139450073242
10883	3812.072515487671
10883	3812.072515487671
10884	3847.912073135376
10884	3847.912073135376
10885	3960.4225158691406
10885	3960.4225158691406
10886	3572.3721981048584
10886	3572.3721981048584
10887	3977.2491455078125
10887	3977.2491455078125
10888	3664.8035049438477
10888	3664.8035049438477
10889	3676.2561798095703
10889	3676.2561798095703
10890	4400.384426116943
10890	4400.384426116943
10891	3803.981065750122
10891	3803.981065750122
10892	3753.3764839172363
10892	3753.3764839172363
10893	3501.9073486328125
10893	3501.9073486328125
10894	3594.7959423065186
10894	3594.7959423065186
10895	3644.4091796875
10895	3644.4091796875
10896	3802.4089336395264
10896	3802.4089336395264
10897	3955.7089805603027
10897	3955.7089805603027
10898	3662.06431388855
10898	3662.06431388855
10899	3392.199993133545
10899	3392.199993133545
10900	4182.682991027832
10900	4182.682991027832
10901	3952.1098136901855
10901	3952.1098136901855
10902	3850.1131534576416
10902	3850.1131534576416
10903	3832.1824073791504
10903	3832.1824073791504
10904	3980.0169467926025
10904	3980.0169467926025
10905	3934.068202972412
10905	3934.068202972412
10906	3787.7800464630127
10906	3787.7800464630127
10907	3268.0046558380127
10907	3268.0046558380127
10908	3263.744592666626
10908	3263.744592666626
10909	3327.7132511138916
10909	3327.7132511138916
10910	3863.2731437683105
10910	3863.2731437683105
10911	3428.5624027252197
10911	3428.5624027252197
10912	3394.8428630828857
10912	3394.8428630828857
10913	3362.868070602417
10913	3362.868070602417
10914	3385.622501373291
10914	3385.622501373291
10915	3503.7553310394287
10915	3503.7553310394287
10916	3413.4881496429443
10916	3413.4881496429443
10917	3535.1693630218506
10917	3535.1693630218506
10918	3306.92982673645
10918	3306.92982673645
10919	2371.6988563537598
10919	2371.6988563537598
10920	3012.2807025909424
10920	3012.2807025909424
10921	2267.1070098876953
10921	2267.1070098876953
10922	2169.3344116210938
10922	2169.3344116210938
10923	2287.45698928833
10923	2287.45698928833
10924	2034.7604751586914
10924	2034.7604751586914
10925	2608.31618309021
10925	2608.31618309021
10926	2468.374490737915
10926	2468.374490737915
10927	2458.953380584717
10927	2458.953380584717
10928	2631.073236465454
10928	2631.073236465454
10929	2321.6123580932617
10929	2321.6123580932617
10930	3056.1916828155518
10930	3056.1916828155518
10931	2710.973024368286
10931	2710.973024368286
10932	2540.6272411346436
10932	2540.6272411346436
10933	2335.4668617248535
10933	2335.4668617248535
10934	2400.9461402893066
10934	2400.9461402893066
10935	2598.22416305542
10935	2598.22416305542
10936	2436.802625656128
10936	2436.802625656128
10937	2539.395570755005
10937	2539.395570755005
10938	2517.6541805267334
10938	2517.6541805267334
10939	2560.058116912842
10939	2560.058116912842
10940	3260.009765625
10940	3260.009765625
10941	2787.5776290893555
10941	2787.5776290893555
10942	2640.5725479125977
10942	2640.5725479125977
10943	2675.5588054656982
10943	2675.5588054656982
10944	2653.491973876953
10944	2653.491973876953
10945	2493.4003353118896
10945	2493.4003353118896
10946	2756.688117980957
10946	2756.688117980957
10947	2630.625009536743
10947	2630.625009536743
10948	2602.8239727020264
10948	2602.8239727020264
10949	2511.9614601135254
10949	2511.9614601135254
10950	3335.3195190429688
10950	3335.3195190429688
10951	2519.869089126587
10951	2519.869089126587
10952	2675.8968830108643
10952	2675.8968830108643
10953	2408.60652923584
10953	2408.60652923584
10954	2596.543550491333
10954	2596.543550491333
10955	2578.8793563842773
10955	2578.8793563842773
10956	2555.1111698150635
10956	2555.1111698150635
10957	2676.549196243286
10957	2676.549196243286
10958	2511.0464096069336
10958	2511.0464096069336
10959	2669.2588329315186
10959	2669.2588329315186
10960	3097.0852375030518
10960	3097.0852375030518
10961	2350.9342670440674
10961	2350.9342670440674
10962	2350.152015686035
10962	2350.152015686035
10963	2698.7080574035645
10963	2698.7080574035645
10964	2596.4157581329346
10964	2596.4157581329346
10965	2643.157720565796
10965	2643.157720565796
10966	2068.077564239502
10966	2068.077564239502
10967	1910.8214378356934
10967	1910.8214378356934
10968	1933.7091445922852
10968	1933.7091445922852
10969	1984.3411445617676
10969	1984.3411445617676
10970	2620.7211017608643
10970	2620.7211017608643
10971	2130.8605670928955
10971	2130.8605670928955
10972	2675.886392593384
10972	2675.886392593384
10973	2351.0496616363525
10973	2351.0496616363525
10974	2298.257827758789
10974	2298.257827758789
10975	2324.638843536377
10975	2324.638843536377
10976	2363.1858825683594
10976	2363.1858825683594
10977	2061.7454051971436
10977	2061.7454051971436
10978	2012.89701461792
10978	2012.89701461792
10979	2323.6680030822754
10979	2323.6680030822754
10980	3068.483591079712
10980	3068.483591079712
10981	2091.6969776153564
10981	2091.6969776153564
10982	2423.314332962036
10982	2423.314332962036
10983	2566.3886070251465
10983	2566.3886070251465
10984	2688.292980194092
10984	2688.292980194092
10985	1444.9717998504639
10985	1444.9717998504639
10986	1599.0946292877197
10986	1599.0946292877197
10987	2371.309757232666
10987	2371.309757232666
10988	2328.8841247558594
10988	2328.8841247558594
10989	2547.1322536468506
10989	2547.1322536468506
10990	3073.9612579345703
10990	3073.9612579345703
10991	2608.0284118652344
10991	2608.0284118652344
10992	2660.1178646087646
10992	2660.1178646087646
10993	2603.8951873779297
10993	2603.8951873779297
10994	2537.29248046875
10994	2537.29248046875
10995	2494.474172592163
10995	2494.474172592163
10996	2720.6270694732666
10996	2720.6270694732666
10997	2586.83705329895
10997	2586.83705329895
10998	2460.2880477905273
10998	2460.2880477905273
10999	2420.3920364379883
10999	2420.3920364379883
11000	17386.857509613037
11000	17386.857509613037
11001	2556.0660362243652
11001	2556.0660362243652
11002	2696.4974403381348
11002	2696.4974403381348
11003	2515.700578689575
11003	2515.700578689575
11004	2679.7103881835938
11004	2679.7103881835938
11005	2376.304864883423
11005	2376.304864883423
11006	2619.2216873168945
11006	2619.2216873168945
11007	2825.965642929077
11007	2825.965642929077
11008	2440.4618740081787
11008	2440.4618740081787
11009	2366.9724464416504
11009	2366.9724464416504
11010	3183.971166610718
11010	3183.971166610718
11011	2316.9994354248047
11011	2316.9994354248047
11012	2279.829502105713
11012	2279.829502105713
11013	2276.540756225586
11013	2276.540756225586
11014	2125.863552093506
11014	2125.863552093506
11015	2188.2240772247314
11015	2188.2240772247314
11016	2008.5504055023193
11016	2008.5504055023193
11017	2369.520425796509
11017	2369.520425796509
11018	2247.9047775268555
11018	2247.9047775268555
11019	2266.2456035614014
11019	2266.2456035614014
11020	2852.046251296997
11020	2852.046251296997
11021	2345.5536365509033
11021	2345.5536365509033
11022	2988.1176948547363
11022	2988.1176948547363
11023	2377.5088787078857
11023	2377.5088787078857
11024	2349.0147590637207
11024	2349.0147590637207
11025	2101.3870239257812
11025	2101.3870239257812
11026	2646.786689758301
11026	2646.786689758301
11027	2642.6937580108643
11027	2642.6937580108643
11028	2670.1931953430176
11028	2670.1931953430176
11029	2620.3131675720215
11029	2620.3131675720215
11030	4004.894733428955
11030	4004.894733428955
11031	3654.493570327759
11031	3654.493570327759
11032	3799.70383644104
11032	3799.70383644104
11033	3749.685525894165
11033	3749.685525894165
11034	3487.3080253601074
11034	3487.3080253601074
11035	3794.2593097686768
11035	3794.2593097686768
11036	3643.2433128356934
11036	3643.2433128356934
11037	3618.1347370147705
11037	3618.1347370147705
11038	3924.5247840881348
11038	3924.5247840881348
11039	3885.2508068084717
11039	3885.2508068084717
11040	4631.979942321777
11040	4631.979942321777
11041	3603.1534671783447
11041	3603.1534671783447
11042	3569.011688232422
11042	3569.011688232422
11043	3565.803050994873
11043	3565.803050994873
11044	4047.4777221679688
11044	4047.4777221679688
11045	3883.7456703186035
11045	3883.7456703186035
11046	3866.072416305542
11046	3866.072416305542
11047	3920.9163188934326
11047	3920.9163188934326
11048	3935.9488487243652
11048	3935.9488487243652
11049	3874.9606609344482
11049	3874.9606609344482
11050	4657.328128814697
11050	4657.328128814697
11051	3738.617420196533
11051	3738.617420196533
11052	4037.8119945526123
11052	4037.8119945526123
11053	3646.4972496032715
11053	3646.4972496032715
11054	3653.2227993011475
11054	3653.2227993011475
11055	3736.0408306121826
11055	3736.0408306121826
11056	3707.172155380249
11056	3707.172155380249
11057	3763.6072635650635
11057	3763.6072635650635
11058	3700.49786567688
11058	3700.49786567688
11059	3545.9232330322266
11059	3545.9232330322266
11060	4334.731817245483
11060	4334.731817245483
11061	3837.735176086426
11061	3837.735176086426
11062	3523.8263607025146
11062	3523.8263607025146
11063	3628.9162635803223
11063	3628.9162635803223
11064	3780.7297706604004
11064	3780.7297706604004
11065	3872.612237930298
11065	3872.612237930298
11066	3570.5296993255615
11066	3570.5296993255615
11067	3910.2485179901123
11067	3910.2485179901123
11068	3670.9535121917725
11068	3670.9535121917725
11069	3909.341812133789
11069	3909.341812133789
11070	4621.857166290283
11070	4621.857166290283
11071	3837.759017944336
11071	3837.759017944336
11072	4034.813404083252
11072	4034.813404083252
11073	3520.5001831054688
11073	3520.5001831054688
11074	3347.8000164031982
11074	3347.8000164031982
11075	3391.3955688476562
11075	3391.3955688476562
11076	3394.8097229003906
11076	3394.8097229003906
11077	3355.36527633667
11077	3355.36527633667
11078	3332.11088180542
11078	3332.11088180542
11079	3465.472459793091
11079	3465.472459793091
11080	3906.696081161499
11080	3906.696081161499
11081	3517.300605773926
11081	3517.300605773926
11082	3238.1041049957275
11082	3238.1041049957275
11083	3587.770700454712
11083	3587.770700454712
11084	3265.179395675659
11084	3265.179395675659
11085	3368.3674335479736
11085	3368.3674335479736
11086	3526.968479156494
11086	3526.968479156494
11087	3551.4822006225586
11087	3551.4822006225586
11088	3434.6306324005127
11088	3434.6306324005127
11089	3488.2755279541016
11089	3488.2755279541016
11090	4195.046186447144
11090	4195.046186447144
11091	3464.8256301879883
11091	3464.8256301879883
11092	3997.1046447753906
11092	3997.1046447753906
11093	3865.6184673309326
11093	3865.6184673309326
11094	3854.2401790618896
11094	3854.2401790618896
11095	3393.728494644165
11095	3393.728494644165
11096	2327.294111251831
11096	2327.294111251831
11097	3761.871576309204
11097	3761.871576309204
11098	3817.502498626709
11098	3817.502498626709
11099	3765.632152557373
11099	3765.632152557373
11100	4472.792148590088
11100	4472.792148590088
11101	3803.943872451782
11101	3803.943872451782
11102	3873.0156421661377
11102	3873.0156421661377
11103	3878.614902496338
11103	3878.614902496338
11104	3855.9048175811768
11104	3855.9048175811768
11105	4046.394109725952
11105	4046.394109725952
11106	3950.6893157958984
11106	3950.6893157958984
11107	3949.047327041626
11107	3949.047327041626
11108	3835.970878601074
11108	3835.970878601074
11109	3845.6501960754395
11109	3845.6501960754395
11110	4603.04594039917
11110	4603.04594039917
11111	3869.3552017211914
11111	3869.3552017211914
11112	3874.3762969970703
11112	3874.3762969970703
11113	4147.034168243408
11113	4147.034168243408
11114	4023.0209827423096
11114	4023.0209827423096
11115	3976.257085800171
11115	3976.257085800171
11116	4013.9479637145996
11116	4013.9479637145996
11117	3910.6478691101074
11117	3910.6478691101074
11118	3821.1007118225098
11118	3821.1007118225098
11119	3583.4338665008545
11119	3583.4338665008545
11120	4337.709188461304
11120	4337.709188461304
11121	3900.235891342163
11121	3900.235891342163
11122	3939.2669200897217
11122	3939.2669200897217
11123	3493.1745529174805
11123	3493.1745529174805
11124	3844.7649478912354
11124	3844.7649478912354
11125	3762.9642486572266
11125	3762.9642486572266
11126	3904.4277667999268
11126	3904.4277667999268
11127	3870.7361221313477
11127	3870.7361221313477
11128	3953.8073539733887
11128	3953.8073539733887
11129	3914.269208908081
11129	3914.269208908081
11130	4249.0386962890625
11130	4249.0386962890625
11131	3997.1237182617188
11131	3997.1237182617188
11132	4108.574390411377
11132	4108.574390411377
11133	3646.778345108032
11133	3646.778345108032
11134	3915.864944458008
11134	3915.864944458008
11135	3722.8565216064453
11135	3722.8565216064453
11136	3946.153163909912
11136	3946.153163909912
11137	4006.9236755371094
11137	4006.9236755371094
11138	3955.0304412841797
11138	3955.0304412841797
11139	3646.6825008392334
11139	3646.6825008392334
11140	4292.200803756714
11140	4292.200803756714
11141	3506.9284439086914
11141	3506.9284439086914
11142	3211.561441421509
11142	3211.561441421509
11143	3121.830940246582
11143	3121.830940246582
11144	3222.881317138672
11144	3222.881317138672
11145	3380.4495334625244
11145	3380.4495334625244
11146	3370.8715438842773
11146	3370.8715438842773
11147	3464.7648334503174
11147	3464.7648334503174
11148	3324.8913288116455
11148	3324.8913288116455
11149	3538.785934448242
11149	3538.785934448242
11150	4098.663568496704
11150	4098.663568496704
11151	3286.356210708618
11151	3286.356210708618
11152	3283.8525772094727
11152	3283.8525772094727
11153	3100.196599960327
11153	3100.196599960327
11154	3550.0524044036865
11154	3550.0524044036865
11155	3557.8415393829346
11155	3557.8415393829346
11156	3518.998384475708
11156	3518.998384475708
11157	3547.3902225494385
11157	3547.3902225494385
11158	3319.66495513916
11158	3319.66495513916
11159	3265.1774883270264
11159	3265.1774883270264
11160	4675.424814224243
11160	4675.424814224243
11161	3566.4103031158447
11161	3566.4103031158447
11162	3942.3601627349854
11162	3942.3601627349854
11163	3883.2499980926514
11163	3883.2499980926514
11164	3964.157819747925
11164	3964.157819747925
11165	3977.264881134033
11165	3977.264881134033
11166	3982.876777648926
11166	3982.876777648926
11167	3841.6152000427246
11167	3841.6152000427246
11168	4065.889835357666
11168	4065.889835357666
11169	4212.53514289856
11169	4212.53514289856
11170	4716.631889343262
11170	4716.631889343262
11171	4131.0155391693115
11171	4131.0155391693115
11172	4189.565896987915
11172	4189.565896987915
11173	4291.537761688232
11173	4291.537761688232
11174	4214.694261550903
11174	4214.694261550903
11175	4071.709394454956
11175	4071.709394454956
11176	4235.7001304626465
11176	4235.7001304626465
11177	3493.8600063323975
11177	3493.8600063323975
11178	4134.86647605896
11178	4134.86647605896
11179	3737.1151447296143
11179	3737.1151447296143
11180	4517.257452011108
11180	4517.257452011108
11181	3864.8228645324707
11181	3864.8228645324707
11182	3885.0085735321045
11182	3885.0085735321045
11183	4076.212167739868
11183	4076.212167739868
11184	3826.794385910034
11184	3826.794385910034
11185	3619.4710731506348
11185	3619.4710731506348
11186	3403.7859439849854
11186	3403.7859439849854
11187	3790.558099746704
11187	3790.558099746704
11188	3801.042079925537
11188	3801.042079925537
11189	3786.161184310913
11189	3786.161184310913
11190	4353.020668029785
11190	4353.020668029785
11191	3600.445508956909
11191	3600.445508956909
11192	3971.179723739624
11192	3971.179723739624
11193	3849.571704864502
11193	3849.571704864502
11194	3979.8667430877686
11194	3979.8667430877686
11195	3532.609224319458
11195	3532.609224319458
11196	3853.201389312744
11196	3853.201389312744
11197	3828.9780616760254
11197	3828.9780616760254
11198	3912.003993988037
11198	3912.003993988037
11199	3615.349531173706
11199	3615.349531173706
11200	4507.871150970459
11200	4507.871150970459
11201	3941.99800491333
11201	3941.99800491333
11202	3928.2541275024414
11202	3928.2541275024414
11203	3882.157802581787
11203	3882.157802581787
11204	3656.860828399658
11204	3656.860828399658
11205	4000.877857208252
11205	4000.877857208252
11206	3689.098358154297
11206	3689.098358154297
11207	3159.698486328125
11207	3159.698486328125
11208	3209.54966545105
11208	3209.54966545105
11209	3257.2343349456787
11209	3257.2343349456787
11210	4031.344175338745
11210	4031.344175338745
11211	3324.2440223693848
11211	3324.2440223693848
11212	3111.9492053985596
11212	3111.9492053985596
11213	3472.831964492798
11213	3472.831964492798
11214	3286.517381668091
11214	3286.517381668091
11215	3703.3896446228027
11215	3703.3896446228027
11216	3345.4976081848145
11216	3345.4976081848145
11217	3522.1877098083496
11217	3522.1877098083496
11218	3398.1354236602783
11218	3398.1354236602783
11219	3212.8374576568604
11219	3212.8374576568604
11220	3773.3376026153564
11220	3773.3376026153564
11221	3413.9130115509033
11221	3413.9130115509033
11222	3404.108762741089
11222	3404.108762741089
11223	3259.799003601074
11223	3259.799003601074
11224	3489.069700241089
11224	3489.069700241089
11225	3464.59698677063
11225	3464.59698677063
11226	3790.8124923706055
11226	3790.8124923706055
11227	3771.620273590088
11227	3771.620273590088
11228	3785.0704193115234
11228	3785.0704193115234
11229	3262.199640274048
11229	3262.199640274048
11230	3322.488307952881
11230	3322.488307952881
11231	3892.695903778076
11231	3892.695903778076
11232	3795.644998550415
11232	3795.644998550415
11233	3903.506278991699
11233	3903.506278991699
11234	3658.6239337921143
11234	3658.6239337921143
11235	3647.857427597046
11235	3647.857427597046
11236	3764.9898529052734
11236	3764.9898529052734
11237	3640.674591064453
11237	3640.674591064453
11238	3804.265260696411
11238	3804.265260696411
11239	3691.4734840393066
11239	3691.4734840393066
11240	4320.291519165039
11240	4320.291519165039
11241	3829.174041748047
11241	3829.174041748047
11242	3979.1975021362305
11242	3979.1975021362305
11243	3559.3554973602295
11243	3559.3554973602295
11244	3622.9679584503174
11244	3622.9679584503174
11245	3611.6180419921875
11245	3611.6180419921875
11246	3857.508659362793
11246	3857.508659362793
11247	3862.757682800293
11247	3862.757682800293
11248	3821.4423656463623
11248	3821.4423656463623
11249	3868.929624557495
11249	3868.929624557495
11250	4627.406120300293
11250	4627.406120300293
11251	3885.6935501098633
11251	3885.6935501098633
11252	3922.194719314575
11252	3922.194719314575
11253	4008.8465213775635
11253	4008.8465213775635
11254	3314.6772384643555
11254	3314.6772384643555
11255	3332.97061920166
11255	3332.97061920166
11256	3683.5055351257324
11256	3683.5055351257324
11257	3626.4889240264893
11257	3626.4889240264893
11258	3621.3343143463135
11258	3621.3343143463135
11259	3843.756675720215
11259	3843.756675720215
11260	4396.47650718689
11260	4396.47650718689
11261	3843.8193798065186
11261	3843.8193798065186
11262	3790.778160095215
11262	3790.778160095215
11263	3959.117889404297
11263	3959.117889404297
11264	3626.267910003662
11264	3626.267910003662
11265	3829.589605331421
11265	3829.589605331421
11266	4000.8087158203125
11266	4000.8087158203125
11267	3764.397621154785
11267	3764.397621154785
11268	3890.9196853637695
11268	3890.9196853637695
11269	4000.2944469451904
11269	4000.2944469451904
11270	4581.9032192230225
11270	4581.9032192230225
11271	3986.421823501587
11271	3986.421823501587
11272	3605.8151721954346
11272	3605.8151721954346
11273	3980.557680130005
11273	3980.557680130005
11274	4052.807331085205
11274	4052.807331085205
11275	3469.860553741455
11275	3469.860553741455
11276	3535.2416038513184
11276	3535.2416038513184
11277	2767.8050994873047
11277	2767.8050994873047
11278	3198.774814605713
11278	3198.774814605713
11279	3322.056293487549
11279	3322.056293487549
11280	3550.5313873291016
11280	3550.5313873291016
11281	3189.9774074554443
11281	3189.9774074554443
11282	3489.2196655273438
11282	3489.2196655273438
11283	3566.0910606384277
11283	3566.0910606384277
11284	3234.5614433288574
11284	3234.5614433288574
11285	3504.9431324005127
11285	3504.9431324005127
11286	3227.825403213501
11286	3227.825403213501
11287	3610.6674671173096
11287	3610.6674671173096
11288	3635.3352069854736
11288	3635.3352069854736
11289	3495.8925247192383
11289	3495.8925247192383
11290	4232.523441314697
11290	4232.523441314697
11291	3550.4069328308105
11291	3550.4069328308105
11292	3595.661401748657
11292	3595.661401748657
11293	3575.01220703125
11293	3575.01220703125
11294	3883.6770057678223
11294	3883.6770057678223
11295	2849.5938777923584
11295	2849.5938777923584
11296	2688.8697147369385
11296	2688.8697147369385
11297	2685.5320930480957
11297	2685.5320930480957
11298	2657.7107906341553
11298	2657.7107906341553
11299	2537.036657333374
11299	2537.036657333374
11300	3370.4288005828857
11300	3370.4288005828857
11301	2563.3840560913086
11301	2563.3840560913086
11302	2632.493495941162
11302	2632.493495941162
11303	2551.0904788970947
11303	2551.0904788970947
11304	2771.0251808166504
11304	2771.0251808166504
11305	2559.363842010498
11305	2559.363842010498
11306	2682.7709674835205
11306	2682.7709674835205
11307	2521.6710567474365
11307	2521.6710567474365
11308	2597.4109172821045
11308	2597.4109172821045
11309	2723.945379257202
11309	2723.945379257202
11310	3218.1873321533203
11310	3218.1873321533203
11311	2627.626419067383
11311	2627.626419067383
11312	2276.9408226013184
11312	2276.9408226013184
11313	2678.4110069274902
11313	2678.4110069274902
11314	2498.661518096924
11314	2498.661518096924
11315	2621.3889122009277
11315	2621.3889122009277
11316	2482.76424407959
11316	2482.76424407959
11317	2663.980484008789
11317	2663.980484008789
11318	2797.8696823120117
11318	2797.8696823120117
11319	2558.1037998199463
11319	2558.1037998199463
11320	3068.943738937378
11320	3068.943738937378
11321	2724.242687225342
11321	2724.242687225342
11322	2645.5540657043457
11322	2645.5540657043457
11323	2551.3691902160645
11323	2551.3691902160645
11324	2543.0548191070557
11324	2543.0548191070557
11325	2589.5931720733643
11325	2589.5931720733643
11326	2451.624631881714
11326	2451.624631881714
11327	2583.0557346343994
11327	2583.0557346343994
11328	2633.9526176452637
11328	2633.9526176452637
11329	2511.7084980010986
11329	2511.7084980010986
11330	3258.2309246063232
11330	3258.2309246063232
11331	2417.701244354248
11331	2417.701244354248
11332	2631.197214126587
11332	2631.197214126587
11333	2646.1920738220215
11333	2646.1920738220215
11334	2147.2880840301514
11334	2147.2880840301514
11335	2265.619993209839
11335	2265.619993209839
11336	2032.6271057128906
11336	2032.6271057128906
11337	2202.7904987335205
11337	2202.7904987335205
11338	2147.2551822662354
11338	2147.2551822662354
11339	2063.1072521209717
11339	2063.1072521209717
11340	2628.9713382720947
11340	2628.9713382720947
11341	2275.749444961548
11341	2275.749444961548
11342	2286.139965057373
11342	2286.139965057373
11343	2428.0121326446533
11343	2428.0121326446533
11344	2236.4747524261475
11344	2236.4747524261475
11345	2181.7643642425537
11345	2181.7643642425537
11346	2101.104497909546
11346	2101.104497909546
11347	2287.701368331909
11347	2287.701368331909
11348	1989.2072677612305
11348	1989.2072677612305
11349	2240.183115005493
11349	2240.183115005493
11350	2687.5553131103516
11350	2687.5553131103516
11351	2707.948923110962
11351	2707.948923110962
11352	2637.83860206604
11352	2637.83860206604
11353	2097.316265106201
11353	2097.316265106201
11354	1547.4092960357666
11354	1547.4092960357666
11355	1485.2063655853271
11355	1485.2063655853271
11356	2688.838243484497
11356	2688.838243484497
11357	2498.9726543426514
11357	2498.9726543426514
11358	2584.1727256774902
11358	2584.1727256774902
11359	2609.842538833618
11359	2609.842538833618
11360	3272.3422050476074
11360	3272.3422050476074
11361	2724.463939666748
11361	2724.463939666748
11362	2657.2840213775635
11362	2657.2840213775635
11363	2893.3427333831787
11363	2893.3427333831787
11364	2592.2532081604004
11364	2592.2532081604004
11365	2618.039846420288
11365	2618.039846420288
11366	2671.0782051086426
11366	2671.0782051086426
11367	2610.668182373047
11367	2610.668182373047
11368	2595.6265926361084
11368	2595.6265926361084
11369	2590.228319168091
11369	2590.228319168091
11370	3123.0576038360596
11370	3123.0576038360596
11371	2621.8392848968506
11371	2621.8392848968506
11372	2777.3027420043945
11372	2777.3027420043945
11373	2565.040349960327
11373	2565.040349960327
11374	2767.9901123046875
11374	2767.9901123046875
11375	2487.5621795654297
11375	2487.5621795654297
11376	2578.61590385437
11376	2578.61590385437
11377	2401.2482166290283
11377	2401.2482166290283
11378	2653.437376022339
11378	2653.437376022339
11379	2687.819480895996
11379	2687.819480895996
11380	3374.260425567627
11380	3374.260425567627
11381	2696.352481842041
11381	2696.352481842041
11382	2501.5177726745605
11382	2501.5177726745605
11383	2577.282667160034
11383	2577.282667160034
11384	2509.801149368286
11384	2509.801149368286
11385	2540.057897567749
11385	2540.057897567749
11386	3058.258056640625
11386	3058.258056640625
11387	2361.6151809692383
11387	2361.6151809692383
11388	2594.6478843688965
11388	2594.6478843688965
11389	2716.965913772583
11389	2716.965913772583
11390	3324.6264457702637
11390	3324.6264457702637
11391	2624.565839767456
11391	2624.565839767456
11392	2423.0189323425293
11392	2423.0189323425293
11393	2405.576705932617
11393	2405.576705932617
11394	2096.651315689087
11394	2096.651315689087
11395	1986.253261566162
11395	1986.253261566162
11396	2305.116653442383
11396	2305.116653442383
11397	2269.0505981445312
11397	2269.0505981445312
11398	1952.5432586669922
11398	1952.5432586669922
11399	2350.870370864868
11399	2350.870370864868
11400	2885.3983879089355
11400	2885.3983879089355
11401	2458.0764770507812
11401	2458.0764770507812
11402	2362.1959686279297
11402	2362.1959686279297
11403	1948.0242729187012
11403	1948.0242729187012
11404	2339.2834663391113
11404	2339.2834663391113
11405	2217.2422409057617
11405	2217.2422409057617
11406	2284.698247909546
11406	2284.698247909546
11407	2349.6875762939453
11407	2349.6875762939453
11408	2283.1966876983643
11408	2283.1966876983643
11409	2272.7484703063965
11409	2272.7484703063965
11410	3371.082305908203
11410	3371.082305908203
11411	2330.7487964630127
11411	2330.7487964630127
11412	2343.799829483032
11412	2343.799829483032
11413	2498.800754547119
11413	2498.800754547119
11414	2602.8101444244385
11414	2602.8101444244385
11415	2730.648994445801
11415	2730.648994445801
11416	2544.1436767578125
11416	2544.1436767578125
11417	2513.3988857269287
11417	2513.3988857269287
11418	2843.630790710449
11418	2843.630790710449
11419	3601.0940074920654
11419	3601.0940074920654
11420	4263.968467712402
11420	4263.968467712402
11421	3648.928642272949
11421	3648.928642272949
11422	3746.3974952697754
11422	3746.3974952697754
11423	3502.8228759765625
11423	3502.8228759765625
11424	3789.552688598633
11424	3789.552688598633
11425	3882.6804161071777
11425	3882.6804161071777
11426	4062.7100467681885
11426	4062.7100467681885
11427	3839.1692638397217
11427	3839.1692638397217
11428	3544.236421585083
11428	3544.236421585083
11429	3878.4031867980957
11429	3878.4031867980957
11430	4717.740297317505
11430	4717.740297317505
11431	3617.28572845459
11431	3617.28572845459
11432	3956.132411956787
11432	3956.132411956787
11433	4069.758892059326
11433	4069.758892059326
11434	3917.1087741851807
11434	3917.1087741851807
11435	3869.42720413208
11435	3869.42720413208
11436	3932.269334793091
11436	3932.269334793091
11437	4037.6412868499756
11437	4037.6412868499756
11438	3624.126672744751
11438	3624.126672744751
11439	3941.622257232666
11439	3941.622257232666
11440	4490.304470062256
11440	4490.304470062256
11441	3806.495189666748
11441	3806.495189666748
11442	3661.2765789031982
11442	3661.2765789031982
11443	3417.1762466430664
11443	3417.1762466430664
11444	3857.3715686798096
11444	3857.3715686798096
11445	3519.4644927978516
11445	3519.4644927978516
11446	3800.365209579468
11446	3800.365209579468
11447	3904.2398929595947
11447	3904.2398929595947
11448	3865.5149936676025
11448	3865.5149936676025
11449	3579.7266960144043
11449	3579.7266960144043
11450	4561.997890472412
11450	4561.997890472412
11451	3923.2850074768066
11451	3923.2850074768066
11452	3849.2491245269775
11452	3849.2491245269775
11453	3697.6163387298584
11453	3697.6163387298584
11454	3845.088243484497
11454	3845.088243484497
11455	3604.252815246582
11455	3604.252815246582
11456	3487.5690937042236
11456	3487.5690937042236
11457	3486.8242740631104
11457	3486.8242740631104
11458	3527.2648334503174
11458	3527.2648334503174
11459	3756.8936347961426
11459	3756.8936347961426
11460	4075.0014781951904
11460	4075.0014781951904
11461	3341.2985801696777
11461	3341.2985801696777
11462	3796.2193489074707
11462	3796.2193489074707
11463	3599.3943214416504
11463	3599.3943214416504
11464	3212.3501300811768
11464	3212.3501300811768
11465	3477.6415824890137
11465	3477.6415824890137
11466	3179.370880126953
11466	3179.370880126953
11467	3183.5741996765137
11467	3183.5741996765137
11468	3196.469306945801
11468	3196.469306945801
11469	3470.0214862823486
11469	3470.0214862823486
11470	4173.568964004517
11470	4173.568964004517
11471	3565.6211376190186
11471	3565.6211376190186
11472	3252.2950172424316
11472	3252.2950172424316
11473	3968.7843322753906
11473	3968.7843322753906
11474	3648.8687992095947
11474	3648.8687992095947
11475	3855.6394577026367
11475	3855.6394577026367
11476	3651.082992553711
11476	3651.082992553711
11477	2806.3647747039795
11477	2806.3647747039795
11478	2237.529516220093
11478	2237.529516220093
11479	3337.4178409576416
11479	3337.4178409576416
11480	4094.1028594970703
11480	4094.1028594970703
11481	3539.750337600708
11481	3539.750337600708
11482	3415.0021076202393
11482	3415.0021076202393
11483	3325.864553451538
11483	3325.864553451538
11484	3442.0316219329834
11484	3442.0316219329834
11485	3568.3746337890625
11485	3568.3746337890625
11486	3233.5898876190186
11486	3233.5898876190186
11487	3561.3245964050293
11487	3561.3245964050293
11488	3521.3141441345215
11488	3521.3141441345215
11489	3419.884443283081
11489	3419.884443283081
11490	4155.117988586426
11490	4155.117988586426
11491	3559.7593784332275
11491	3559.7593784332275
11492	3456.2084674835205
11492	3456.2084674835205
11493	3585.658550262451
11493	3585.658550262451
11494	3300.367832183838
11494	3300.367832183838
11495	3351.2306213378906
11495	3351.2306213378906
11496	3461.214065551758
11496	3461.214065551758
11497	3318.532705307007
11497	3318.532705307007
11498	2460.8778953552246
11498	2460.8778953552246
11499	2589.606761932373
11499	2589.606761932373
11500	11014.61386680603
11500	11014.61386680603
11501	2559.147357940674
11501	2559.147357940674
11502	2506.1511993408203
11502	2506.1511993408203
11503	2304.7924041748047
11503	2304.7924041748047
11504	2321.547508239746
11504	2321.547508239746
11505	2210.827112197876
11505	2210.827112197876
11506	2560.9071254730225
11506	2560.9071254730225
11507	2591.6147232055664
11507	2591.6147232055664
11508	2723.7911224365234
11508	2723.7911224365234
11509	2619.5108890533447
11509	2619.5108890533447
11510	2983.940839767456
11510	2983.940839767456
11511	2845.018148422241
11511	2845.018148422241
11512	2536.968469619751
11512	2536.968469619751
11513	2771.3348865509033
11513	2771.3348865509033
11514	2353.952169418335
11514	2353.952169418335
11515	2513.822555541992
11515	2513.822555541992
11516	2685.917854309082
11516	2685.917854309082
11517	2653.610944747925
11517	2653.610944747925
11518	2874.3276596069336
11518	2874.3276596069336
11519	2493.0524826049805
11519	2493.0524826049805
11520	3333.685874938965
11520	3333.685874938965
11521	1986.2635135650635
11521	1986.2635135650635
11522	2166.374921798706
11522	2166.374921798706
11523	2090.1334285736084
11523	2090.1334285736084
11524	2514.9219036102295
11524	2514.9219036102295
11525	2466.244697570801
11525	2466.244697570801
11526	2747.7004528045654
11526	2747.7004528045654
11527	2571.995496749878
11527	2571.995496749878
11528	2618.7942028045654
11528	2618.7942028045654
11529	2534.496784210205
11529	2534.496784210205
11530	3024.972677230835
11530	3024.972677230835
11531	2665.421485900879
11531	2665.421485900879
11532	2850.87513923645
11532	2850.87513923645
11533	2694.2832469940186
11533	2694.2832469940186
11534	2538.717746734619
11534	2538.717746734619
11535	2821.9006061553955
11535	2821.9006061553955
11536	2714.568614959717
11536	2714.568614959717
11537	2745.1164722442627
11537	2745.1164722442627
11538	2476.698160171509
11538	2476.698160171509
11539	2605.260133743286
11539	2605.260133743286
11540	2582.101821899414
11540	2582.101821899414
11541	2313.6603832244873
11541	2313.6603832244873
11542	2536.0875129699707
11542	2536.0875129699707
11543	2561.232089996338
11543	2561.232089996338
11544	2574.491500854492
11544	2574.491500854492
11545	2549.671173095703
11545	2549.671173095703
11546	2839.0450477600098
11546	2839.0450477600098
11547	2626.1587142944336
11547	2626.1587142944336
11548	2538.8362407684326
11548	2538.8362407684326
11549	2710.79421043396
11549	2710.79421043396
11550	3449.6560096740723
11550	3449.6560096740723
11551	2710.369348526001
11551	2710.369348526001
11552	2657.3824882507324
11552	2657.3824882507324
11553	2345.123291015625
11553	2345.123291015625
11554	2286.29469871521
11554	2286.29469871521
11555	2506.873607635498
11555	2506.873607635498
11556	2594.302177429199
11556	2594.302177429199
11557	2588.0208015441895
11557	2588.0208015441895
11558	2648.3776569366455
11558	2648.3776569366455
11559	2460.578203201294
11559	2460.578203201294
11560	3455.801010131836
11560	3455.801010131836
11561	2540.9915447235107
11561	2540.9915447235107
11562	2733.0355644226074
11562	2733.0355644226074
11563	2930.7472705841064
11563	2930.7472705841064
11564	2868.97873878479
11564	2868.97873878479
11565	2781.2459468841553
11565	2781.2459468841553
11566	2843.95694732666
11566	2843.95694732666
11567	2754.338264465332
11567	2754.338264465332
11568	2881.465196609497
11568	2881.465196609497
11569	2875.810384750366
11569	2875.810384750366
11570	3544.037103652954
11570	3544.037103652954
11571	2397.6831436157227
11571	2397.6831436157227
11572	2416.386604309082
11572	2416.386604309082
11573	2611.5362644195557
11573	2611.5362644195557
11574	2389.779567718506
11574	2389.779567718506
11575	2989.4306659698486
11575	2989.4306659698486
11576	1905.2531719207764
11576	1905.2531719207764
11577	2098.006010055542
11577	2098.006010055542
11578	2584.923505783081
11578	2584.923505783081
11579	2698.218584060669
11579	2698.218584060669
11580	3374.9032020568848
11580	3374.9032020568848
11581	2819.7271823883057
11581	2819.7271823883057
11582	2739.635467529297
11582	2739.635467529297
11583	2479.5985221862793
11583	2479.5985221862793
11584	2494.2970275878906
11584	2494.2970275878906
11585	2615.647554397583
11585	2615.647554397583
11586	2552.1910190582275
11586	2552.1910190582275
11587	2716.6926860809326
11587	2716.6926860809326
11588	2269.585371017456
11588	2269.585371017456
11589	2384.8536014556885
11589	2384.8536014556885
11590	3018.6519622802734
11590	3018.6519622802734
11591	2225.0020503997803
11591	2225.0020503997803
11592	2176.2187480926514
11592	2176.2187480926514
11593	2598.8969802856445
11593	2598.8969802856445
11594	2591.8149948120117
11594	2591.8149948120117
11595	2555.5551052093506
11595	2555.5551052093506
11596	2585.254907608032
11596	2585.254907608032
11597	2699.0015506744385
11597	2699.0015506744385
11598	2729.51602935791
11598	2729.51602935791
11599	2018.1901454925537
11599	2018.1901454925537
11600	2974.114179611206
11600	2974.114179611206
11601	2148.812770843506
11601	2148.812770843506
11602	2478.82342338562
11602	2478.82342338562
11603	2673.9819049835205
11603	2673.9819049835205
11604	2723.2213020324707
11604	2723.2213020324707
11605	2607.084274291992
11605	2607.084274291992
11606	2604.337215423584
11606	2604.337215423584
11607	2628.9868354797363
11607	2628.9868354797363
11608	2597.9230403900146
11608	2597.9230403900146
11609	2437.791585922241
11609	2437.791585922241
11610	3460.2582454681396
11610	3460.2582454681396
11611	2681.6694736480713
11611	2681.6694736480713
11612	2695.6167221069336
11612	2695.6167221069336
11613	2736.431837081909
11613	2736.431837081909
11614	2936.7382526397705
11614	2936.7382526397705
11615	2548.7210750579834
11615	2548.7210750579834
11616	2745.0037002563477
11616	2745.0037002563477
11617	2197.084903717041
11617	2197.084903717041
11618	2201.5774250030518
11618	2201.5774250030518
11619	2258.6591243743896
11619	2258.6591243743896
11620	2986.77396774292
11620	2986.77396774292
11621	2567.6026344299316
11621	2567.6026344299316
11622	2273.00763130188
11622	2273.00763130188
11623	2542.8061485290527
11623	2542.8061485290527
11624	2355.6461334228516
11624	2355.6461334228516
11625	2724.501848220825
11625	2724.501848220825
11626	2563.1802082061768
11626	2563.1802082061768
11627	2619.352340698242
11627	2619.352340698242
11628	2713.510513305664
11628	2713.510513305664
11629	2601.609706878662
11629	2601.609706878662
11630	2169.739246368408
11630	2169.739246368408
11631	1757.2989463806152
11631	1757.2989463806152
11632	1425.5337715148926
11632	1425.5337715148926
11633	1551.6259670257568
11633	1551.6259670257568
11634	1563.615322113037
11634	1563.615322113037
11635	1696.8035697937012
11635	1696.8035697937012
11636	1449.3942260742188
11636	1449.3942260742188
11637	1608.536958694458
11637	1608.536958694458
11638	1551.5785217285156
11638	1551.5785217285156
11639	1765.4261589050293
11639	1765.4261589050293
11640	2227.8382778167725
11640	2227.8382778167725
11641	1575.138807296753
11641	1575.138807296753
11642	1618.079423904419
11642	1618.079423904419
11643	1550.9800910949707
11643	1550.9800910949707
11644	1625.4096031188965
11644	1625.4096031188965
11645	1532.0630073547363
11645	1532.0630073547363
11646	1556.2281608581543
11646	1556.2281608581543
11647	1754.4262409210205
11647	1754.4262409210205
11648	1535.3472232818604
11648	1535.3472232818604
11649	1615.6728267669678
11649	1615.6728267669678
11650	2158.947229385376
11650	2158.947229385376
11651	1492.4495220184326
11651	1492.4495220184326
11652	1525.4249572753906
11652	1525.4249572753906
11653	1727.0231246948242
11653	1727.0231246948242
11654	1532.7134132385254
11654	1532.7134132385254
11655	1460.4573249816895
11655	1460.4573249816895
11656	1726.8552780151367
11656	1726.8552780151367
11657	1625.0343322753906
11657	1625.0343322753906
11658	1385.7691287994385
11658	1385.7691287994385
11659	1548.022747039795
11659	1548.022747039795
11660	2039.3385887145996
11660	2039.3385887145996
11661	1426.5961647033691
11661	1426.5961647033691
11662	1533.9717864990234
11662	1533.9717864990234
11663	1581.810712814331
11663	1581.810712814331
11664	1551.4230728149414
11664	1551.4230728149414
11665	1532.8559875488281
11665	1532.8559875488281
11666	1578.2899856567383
11666	1578.2899856567383
11667	1414.9880409240723
11667	1414.9880409240723
11668	1604.768991470337
11668	1604.768991470337
11669	1502.8092861175537
11669	1502.8092861175537
11670	2139.991044998169
11670	2139.991044998169
11671	1526.233434677124
11671	1526.233434677124
11672	1399.4812965393066
11672	1399.4812965393066
11673	1395.1096534729004
11673	1395.1096534729004
11674	1673.1102466583252
11674	1673.1102466583252
11675	1636.1875534057617
11675	1636.1875534057617
11676	1545.4721450805664
11676	1545.4721450805664
11677	1668.1137084960938
11677	1668.1137084960938
11678	1712.871789932251
11678	1712.871789932251
11679	1532.0281982421875
11679	1532.0281982421875
11680	2193.2547092437744
11680	2193.2547092437744
11681	1577.5654315948486
11681	1577.5654315948486
11682	1335.949420928955
11682	1335.949420928955
11683	1383.000373840332
11683	1383.000373840332
11684	1469.3546295166016
11684	1469.3546295166016
11685	1343.7490463256836
11685	1343.7490463256836
11686	1367.835283279419
11686	1367.835283279419
11687	1266.0861015319824
11687	1266.0861015319824
11688	1384.331464767456
11688	1384.331464767456
11689	1473.839282989502
11689	1473.839282989502
11690	2252.3748874664307
11690	2252.3748874664307
11691	1580.6505680084229
11691	1580.6505680084229
11692	1563.4210109710693
11692	1563.4210109710693
11693	1502.1162033081055
11693	1502.1162033081055
11694	1512.5436782836914
11694	1512.5436782836914
11695	1587.1970653533936
11695	1587.1970653533936
11696	1560.2385997772217
11696	1560.2385997772217
11697	1581.2945365905762
11697	1581.2945365905762
11698	1705.287218093872
11698	1705.287218093872
11699	1635.9386444091797
11699	1635.9386444091797
11700	2183.872938156128
11700	2183.872938156128
11701	1591.4816856384277
11701	1591.4816856384277
11702	1614.7115230560303
11702	1614.7115230560303
11703	1478.144884109497
11703	1478.144884109497
11704	1715.623140335083
11704	1715.623140335083
11705	1536.5734100341797
11705	1536.5734100341797
11706	1502.9985904693604
11706	1502.9985904693604
11707	1561.9254112243652
11707	1561.9254112243652
11708	1725.3174781799316
11708	1725.3174781799316
11709	1569.9996948242188
11709	1569.9996948242188
11710	2164.8364067077637
11710	2164.8364067077637
11711	1647.8722095489502
11711	1647.8722095489502
11712	1571.176528930664
11712	1571.176528930664
11713	1450.1545429229736
11713	1450.1545429229736
11714	1568.2373046875
11714	1568.2373046875
11715	1511.5406513214111
11715	1511.5406513214111
11716	1440.5367374420166
11716	1440.5367374420166
11717	1521.4049816131592
11717	1521.4049816131592
11718	1521.7032432556152
11718	1521.7032432556152
11719	1449.009656906128
11719	1449.009656906128
11720	2232.9671382904053
11720	2232.9671382904053
11721	1516.3681507110596
11721	1516.3681507110596
11722	1423.511028289795
11722	1423.511028289795
11723	1525.3806114196777
11723	1525.3806114196777
11724	1596.3945388793945
11724	1596.3945388793945
11725	1654.6409130096436
11725	1654.6409130096436
11726	1481.6768169403076
11726	1481.6768169403076
11727	1555.56058883667
11727	1555.56058883667
11728	1636.483907699585
11728	1636.483907699585
11729	1520.6573009490967
11729	1520.6573009490967
11730	2190.1068687438965
11730	2190.1068687438965
11731	1553.7950992584229
11731	1553.7950992584229
11732	1629.9691200256348
11732	1629.9691200256348
11733	1574.8345851898193
11733	1574.8345851898193
11734	1561.2235069274902
11734	1561.2235069274902
11735	1738.6562824249268
11735	1738.6562824249268
11736	1588.7696743011475
11736	1588.7696743011475
11737	1513.4632587432861
11737	1513.4632587432861
11738	1472.5759029388428
11738	1472.5759029388428
11739	1494.248390197754
11739	1494.248390197754
11740	2206.3372135162354
11740	2206.3372135162354
11741	1534.9421501159668
11741	1534.9421501159668
11742	1665.6177043914795
11742	1665.6177043914795
11743	1580.3654193878174
11743	1580.3654193878174
11744	1729.2671203613281
11744	1729.2671203613281
11745	1594.6335792541504
11745	1594.6335792541504
11746	1585.618495941162
11746	1585.618495941162
11747	1579.230785369873
11747	1579.230785369873
11748	1556.1754703521729
11748	1556.1754703521729
11749	1556.898593902588
11749	1556.898593902588
11750	2005.6912899017334
11750	2005.6912899017334
11751	1563.974380493164
11751	1563.974380493164
11752	1509.770393371582
11752	1509.770393371582
11753	1537.7962589263916
11753	1537.7962589263916
11754	1432.7607154846191
11754	1432.7607154846191
11755	1540.647268295288
11755	1540.647268295288
11756	1582.4863910675049
11756	1582.4863910675049
11757	1426.436185836792
11757	1426.436185836792
11758	1509.5062255859375
11758	1509.5062255859375
11759	1564.3973350524902
11759	1564.3973350524902
11760	2213.245391845703
11760	2213.245391845703
11761	1566.986083984375
11761	1566.986083984375
11762	1525.5839824676514
11762	1525.5839824676514
11763	1432.9657554626465
11763	1432.9657554626465
11764	1537.9130840301514
11764	1537.9130840301514
11765	1590.498447418213
11765	1590.498447418213
11766	1388.1103992462158
11766	1388.1103992462158
11767	1203.41157913208
11767	1203.41157913208
11768	1346.850872039795
11768	1346.850872039795
11769	1417.5705909729004
11769	1417.5705909729004
11770	1983.7369918823242
11770	1983.7369918823242
11771	1406.1839580535889
11771	1406.1839580535889
11772	1500.7092952728271
11772	1500.7092952728271
11773	1565.1726722717285
11773	1565.1726722717285
11774	1077.6097774505615
11774	1077.6097774505615
11775	1142.2460079193115
11775	1142.2460079193115
11776	1191.641092300415
11776	1191.641092300415
11777	1398.6594676971436
11777	1398.6594676971436
11778	1687.544584274292
11778	1687.544584274292
11779	2084.9246978759766
11779	2084.9246978759766
11780	2471.3730812072754
11780	2471.3730812072754
11781	1382.3816776275635
11781	1382.3816776275635
11782	1569.3564414978027
11782	1569.3564414978027
11783	1548.2304096221924
11783	1548.2304096221924
11784	1652.3611545562744
11784	1652.3611545562744
11785	2117.539644241333
11785	2117.539644241333
11786	2328.0208110809326
11786	2328.0208110809326
11787	2323.3559131622314
11787	2323.3559131622314
11788	1982.2442531585693
11788	1982.2442531585693
11789	2256.8790912628174
11789	2256.8790912628174
11790	2813.3349418640137
11790	2813.3349418640137
11791	2554.5716285705566
11791	2554.5716285705566
11792	2701.0722160339355
11792	2701.0722160339355
11793	2709.728956222534
11793	2709.728956222534
11794	2397.494077682495
11794	2397.494077682495
11795	2697.3133087158203
11795	2697.3133087158203
11796	2741.710662841797
11796	2741.710662841797
11797	2629.6470165252686
11797	2629.6470165252686
11798	2193.5768127441406
11798	2193.5768127441406
11799	2532.564878463745
11799	2532.564878463745
11800	3139.8417949676514
11800	3139.8417949676514
11801	2709.06662940979
11801	2709.06662940979
11802	2793.393611907959
11802	2793.393611907959
11803	2760.2386474609375
11803	2760.2386474609375
11804	2044.471025466919
11804	2044.471025466919
11805	2545.3343391418457
11805	2545.3343391418457
11806	2518.444061279297
11806	2518.444061279297
11807	2480.9954166412354
11807	2480.9954166412354
11808	2492.3129081726074
11808	2492.3129081726074
11809	2812.134027481079
11809	2812.134027481079
11810	3258.244276046753
11810	3258.244276046753
11811	2573.9049911499023
11811	2573.9049911499023
11812	2626.434803009033
11812	2626.434803009033
11813	2461.4694118499756
11813	2461.4694118499756
11814	2451.815605163574
11814	2451.815605163574
11815	2706.4406871795654
11815	2706.4406871795654
11816	2687.223196029663
11816	2687.223196029663
11817	2725.5001068115234
11817	2725.5001068115234
11818	2808.215856552124
11818	2808.215856552124
11819	2611.619472503662
11819	2611.619472503662
11820	2916.991710662842
11820	2916.991710662842
11821	2291.9540405273438
11821	2291.9540405273438
11822	2559.10062789917
11822	2559.10062789917
11823	2308.405876159668
11823	2308.405876159668
11824	2690.807342529297
11824	2690.807342529297
11825	2685.835599899292
11825	2685.835599899292
11826	2640.4900550842285
11826	2640.4900550842285
11827	2534.7349643707275
11827	2534.7349643707275
11828	2661.7722511291504
11828	2661.7722511291504
11829	2481.407403945923
11829	2481.407403945923
11830	3377.485752105713
11830	3377.485752105713
11831	2726.3853549957275
11831	2726.3853549957275
11832	2686.1517429351807
11832	2686.1517429351807
11833	2817.2225952148438
11833	2817.2225952148438
11834	2748.643636703491
11834	2748.643636703491
11835	2816.9608116149902
11835	2816.9608116149902
11836	2009.5157623291016
11836	2009.5157623291016
11837	2258.4235668182373
11837	2258.4235668182373
11838	2250.847101211548
11838	2250.847101211548
11839	2514.7812366485596
11839	2514.7812366485596
11840	3290.574550628662
11840	3290.574550628662
11841	2591.8524265289307
11841	2591.8524265289307
11842	2391.9668197631836
11842	2391.9668197631836
11843	2744.251251220703
11843	2744.251251220703
11844	2440.747022628784
11844	2440.747022628784
11845	2635.519027709961
11845	2635.519027709961
11846	2699.4009017944336
11846	2699.4009017944336
11847	2700.7381916046143
11847	2700.7381916046143
11848	2702.502727508545
11848	2702.502727508545
11849	2478.041648864746
11849	2478.041648864746
11850	3362.691640853882
11850	3362.691640853882
11851	2829.835891723633
11851	2829.835891723633
11852	2863.0001544952393
11852	2863.0001544952393
11853	2749.7904300689697
11853	2749.7904300689697
11854	2108.320951461792
11854	2108.320951461792
11855	2369.7550296783447
11855	2369.7550296783447
11856	2535.606622695923
11856	2535.606622695923
11857	2560.941696166992
11857	2560.941696166992
11858	2481.0097217559814
11858	2481.0097217559814
11859	2636.5914344787598
11859	2636.5914344787598
11860	3282.059907913208
11860	3282.059907913208
11861	2662.7109050750732
11861	2662.7109050750732
11862	2649.275541305542
11862	2649.275541305542
11863	2568.3977603912354
11863	2568.3977603912354
11864	2656.8899154663086
11864	2656.8899154663086
11865	2795.9539890289307
11865	2795.9539890289307
11866	2758.1446170806885
11866	2758.1446170806885
11867	2454.6172618865967
11867	2454.6172618865967
11868	2424.1397380828857
11868	2424.1397380828857
11869	2300.5266189575195
11869	2300.5266189575195
11870	3012.8860473632812
11870	3012.8860473632812
11871	2430.452346801758
11871	2430.452346801758
11872	2741.9073581695557
11872	2741.9073581695557
11873	2351.332902908325
11873	2351.332902908325
11874	2663.3846759796143
11874	2663.3846759796143
11875	2698.8117694854736
11875	2698.8117694854736
11876	2400.6054401397705
11876	2400.6054401397705
11877	2695.1229572296143
11877	2695.1229572296143
11878	2474.3807315826416
11878	2474.3807315826416
11879	2809.675455093384
11879	2809.675455093384
11880	3439.1279220581055
11880	3439.1279220581055
11881	2601.8242835998535
11881	2601.8242835998535
11882	2021.6143131256104
11882	2021.6143131256104
11883	2530.1694869995117
11883	2530.1694869995117
11884	2474.905252456665
11884	2474.905252456665
11885	2455.9803009033203
11885	2455.9803009033203
11886	2398.209571838379
11886	2398.209571838379
11887	2705.256223678589
11887	2705.256223678589
11888	2643.812417984009
11888	2643.812417984009
11889	2596.163034439087
11889	2596.163034439087
11890	3150.8514881134033
11890	3150.8514881134033
11891	2675.215721130371
11891	2675.215721130371
11892	2816.986560821533
11892	2816.986560821533
11893	2704.914093017578
11893	2704.914093017578
11894	2721.0519313812256
11894	2721.0519313812256
11895	2720.0818061828613
11895	2720.0818061828613
11896	2691.086530685425
11896	2691.086530685425
11897	2744.9944019317627
11897	2744.9944019317627
11898	2791.9206619262695
11898	2791.9206619262695
11899	2968.5208797454834
11899	2968.5208797454834
11900	2763.880491256714
11900	2763.880491256714
11901	2437.1120929718018
11901	2437.1120929718018
11902	2585.3800773620605
11902	2585.3800773620605
11903	2597.0003604888916
11903	2597.0003604888916
11904	2579.465389251709
11904	2579.465389251709
11905	2724.7092723846436
11905	2724.7092723846436
11906	2613.227367401123
11906	2613.227367401123
11907	2359.788179397583
11907	2359.788179397583
11908	2689.512014389038
11908	2689.512014389038
11909	2880.9030055999756
11909	2880.9030055999756
11910	3262.5086307525635
11910	3262.5086307525635
11911	2978.198289871216
11911	2978.198289871216
11912	2694.7622299194336
11912	2694.7622299194336
11913	2742.196559906006
11913	2742.196559906006
11914	2483.5689067840576
11914	2483.5689067840576
11915	2601.175546646118
11915	2601.175546646118
11916	2747.6022243499756
11916	2747.6022243499756
11917	2327.2151947021484
11917	2327.2151947021484
11918	2173.8696098327637
11918	2173.8696098327637
11919	2303.0221462249756
11919	2303.0221462249756
11920	3199.014902114868
11920	3199.014902114868
11921	2452.885150909424
11921	2452.885150909424
11922	2615.6513690948486
11922	2615.6513690948486
11923	2575.6330490112305
11923	2575.6330490112305
11924	2597.503662109375
11924	2597.503662109375
11925	2708.834648132324
11925	2708.834648132324
11926	2633.07523727417
11926	2633.07523727417
11927	2696.5181827545166
11927	2696.5181827545166
11928	2468.580961227417
11928	2468.580961227417
11929	2703.746557235718
11929	2703.746557235718
11930	2660.1908206939697
11930	2660.1908206939697
11931	2064.7294521331787
11931	2064.7294521331787
11932	2300.074338912964
11932	2300.074338912964
11933	2402.571678161621
11933	2402.571678161621
11934	2551.053285598755
11934	2551.053285598755
11935	2807.544946670532
11935	2807.544946670532
11936	2582.3614597320557
11936	2582.3614597320557
11937	2735.5475425720215
11937	2735.5475425720215
11938	2610.539197921753
11938	2610.539197921753
11939	2813.854932785034
11939	2813.854932785034
11940	3286.0589027404785
11940	3286.0589027404785
11941	2798.5501289367676
11941	2798.5501289367676
11942	2676.6698360443115
11942	2676.6698360443115
11943	2833.317756652832
11943	2833.317756652832
11944	2977.7958393096924
11944	2977.7958393096924
11945	2977.9365062713623
11945	2977.9365062713623
11946	2500.5807876586914
11946	2500.5807876586914
11947	2665.029525756836
11947	2665.029525756836
11948	2702.1827697753906
11948	2702.1827697753906
11949	2369.929313659668
11949	2369.929313659668
11950	3060.398578643799
11950	3060.398578643799
11951	2191.8771266937256
11951	2191.8771266937256
11952	2512.1359825134277
11952	2512.1359825134277
11953	2355.1340103149414
11953	2355.1340103149414
11954	2558.9144229888916
11954	2558.9144229888916
11955	2657.135486602783
11955	2657.135486602783
11956	2432.3484897613525
11956	2432.3484897613525
11957	2685.729503631592
11957	2685.729503631592
11958	2649.0767002105713
11958	2649.0767002105713
11959	2103.73854637146
11959	2103.73854637146
11960	2908.6430072784424
11960	2908.6430072784424
11961	2370.5506324768066
11961	2370.5506324768066
11962	2529.8984050750732
11962	2529.8984050750732
11963	2528.7070274353027
11963	2528.7070274353027
11964	2607.3827743530273
11964	2607.3827743530273
11965	2778.337240219116
11965	2778.337240219116
11966	2574.106454849243
11966	2574.106454849243
11967	2451.1311054229736
11967	2451.1311054229736
11968	2708.9545726776123
11968	2708.9545726776123
11969	2471.269130706787
11969	2471.269130706787
11970	3030.1904678344727
11970	3030.1904678344727
11971	2504.0571689605713
11971	2504.0571689605713
11972	2511.570692062378
11972	2511.570692062378
11973	2692.491054534912
11973	2692.491054534912
11974	2824.6941566467285
11974	2824.6941566467285
11975	2708.747386932373
11975	2708.747386932373
11976	2731.4887046813965
11976	2731.4887046813965
11977	2428.346633911133
11977	2428.346633911133
11978	2230.990171432495
11978	2230.990171432495
11979	2275.3310203552246
11979	2275.3310203552246
11980	3101.9086837768555
11980	3101.9086837768555
11981	2354.510545730591
11981	2354.510545730591
11982	2471.529483795166
11982	2471.529483795166
11983	2666.334390640259
11983	2666.334390640259
11984	2553.1840324401855
11984	2553.1840324401855
11985	2590.0397300720215
11985	2590.0397300720215
11986	2743.6656951904297
11986	2743.6656951904297
11987	2544.224262237549
11987	2544.224262237549
11988	2436.1393451690674
11988	2436.1393451690674
11989	2701.7462253570557
11989	2701.7462253570557
11990	2266.7887210845947
11990	2266.7887210845947
11991	1576.6451358795166
11991	1576.6451358795166
11992	1709.0120315551758
11992	1709.0120315551758
11993	1571.366310119629
11993	1571.366310119629
11994	1635.15305519104
11994	1635.15305519104
11995	1673.3684539794922
11995	1673.3684539794922
11996	1523.637056350708
11996	1523.637056350708
11997	1556.6332340240479
11997	1556.6332340240479
11998	1643.4648036956787
11998	1643.4648036956787
11999	1629.2176246643066
11999	1629.2176246643066
12000	14048.119068145752
12000	14048.119068145752
12001	1593.5723781585693
12001	1593.5723781585693
12002	1621.5651035308838
12002	1621.5651035308838
12003	1391.7808532714844
12003	1391.7808532714844
12004	1480.6694984436035
12004	1480.6694984436035
12005	1409.1196060180664
12005	1409.1196060180664
12006	1575.5600929260254
12006	1575.5600929260254
12007	1626.4894008636475
12007	1626.4894008636475
12008	1539.243221282959
12008	1539.243221282959
12009	1581.9451808929443
12009	1581.9451808929443
12010	2276.059627532959
12010	2276.059627532959
12011	1548.7935543060303
12011	1548.7935543060303
12012	1714.9059772491455
12012	1714.9059772491455
12013	1622.4637031555176
12013	1622.4637031555176
12014	1532.6576232910156
12014	1532.6576232910156
12015	1547.3685264587402
12015	1547.3685264587402
12016	1636.8608474731445
12016	1636.8608474731445
12017	1527.116298675537
12017	1527.116298675537
12018	1608.7946891784668
12018	1608.7946891784668
12019	1494.227409362793
12019	1494.227409362793
12020	2247.0343112945557
12020	2247.0343112945557
12021	1605.6675910949707
12021	1605.6675910949707
12022	1387.911081314087
12022	1387.911081314087
12023	1539.5781993865967
12023	1539.5781993865967
12024	1536.0825061798096
12024	1536.0825061798096
12025	1447.6747512817383
12025	1447.6747512817383
12026	1688.5321140289307
12026	1688.5321140289307
12027	1563.5881423950195
12027	1563.5881423950195
12028	1518.695592880249
12028	1518.695592880249
12029	1726.8249988555908
12029	1726.8249988555908
12030	2063.3907318115234
12030	2063.3907318115234
12031	1587.1648788452148
12031	1587.1648788452148
12032	1443.4576034545898
12032	1443.4576034545898
12033	1179.7153949737549
12033	1179.7153949737549
12034	1435.7187747955322
12034	1435.7187747955322
12035	1356.8661212921143
12035	1356.8661212921143
12036	1349.4062423706055
12036	1349.4062423706055
12037	1371.4430332183838
12037	1371.4430332183838
12038	1409.120798110962
12038	1409.120798110962
12039	1370.9437847137451
12039	1370.9437847137451
12040	2399.218797683716
12040	2399.218797683716
12041	1132.6489448547363
12041	1132.6489448547363
12042	1212.2032642364502
12042	1212.2032642364502
12043	1560.0478649139404
12043	1560.0478649139404
12044	1610.7256412506104
12044	1610.7256412506104
12045	1557.0626258850098
12045	1557.0626258850098
12046	1545.0596809387207
12046	1545.0596809387207
12047	1400.9907245635986
12047	1400.9907245635986
12048	1538.963794708252
12048	1538.963794708252
12049	1565.6437873840332
12049	1565.6437873840332
12050	2333.134651184082
12050	2333.134651184082
12051	1571.7415809631348
12051	1571.7415809631348
12052	1581.298589706421
12052	1581.298589706421
12053	1713.7794494628906
12053	1713.7794494628906
12054	1577.3534774780273
12054	1577.3534774780273
12055	1666.137456893921
12055	1666.137456893921
12056	1604.551076889038
12056	1604.551076889038
12057	1624.8056888580322
12057	1624.8056888580322
12058	1630.8417320251465
12058	1630.8417320251465
12059	1461.0822200775146
12059	1461.0822200775146
12060	2188.051462173462
12060	2188.051462173462
12061	1656.2840938568115
12061	1656.2840938568115
12062	1518.51487159729
12062	1518.51487159729
12063	1405.6663513183594
12063	1405.6663513183594
12064	1470.170259475708
12064	1470.170259475708
12065	1557.1472644805908
12065	1557.1472644805908
12066	1451.2629508972168
12066	1451.2629508972168
12067	1607.5143814086914
12067	1607.5143814086914
12068	1544.8949337005615
12068	1544.8949337005615
12069	1544.2938804626465
12069	1544.2938804626465
12070	2294.7208881378174
12070	2294.7208881378174
12071	1570.277214050293
12071	1570.277214050293
12072	1602.025032043457
12072	1602.025032043457
12073	1728.6350727081299
12073	1728.6350727081299
12074	1554.5451641082764
12074	1554.5451641082764
12075	1546.1740493774414
12075	1546.1740493774414
12076	1537.158489227295
12076	1537.158489227295
12077	1729.9325466156006
12077	1729.9325466156006
12078	1654.068946838379
12078	1654.068946838379
12079	1479.2733192443848
12079	1479.2733192443848
12080	2239.8841381073
12080	2239.8841381073
12081	1582.3850631713867
12081	1582.3850631713867
12082	1697.5681781768799
12082	1697.5681781768799
12083	1576.2946605682373
12083	1576.2946605682373
12084	1620.3138828277588
12084	1620.3138828277588
12085	1520.3568935394287
12085	1520.3568935394287
12086	1617.7759170532227
12086	1617.7759170532227
12087	1468.8994884490967
12087	1468.8994884490967
12088	1398.9663124084473
12088	1398.9663124084473
12089	1624.8481273651123
12089	1624.8481273651123
12090	2266.892910003662
12090	2266.892910003662
12091	1568.3751106262207
12091	1568.3751106262207
12092	1523.606538772583
12092	1523.606538772583
12093	1475.9886264801025
12093	1475.9886264801025
12094	1545.0406074523926
12094	1545.0406074523926
12095	1558.0358505249023
12095	1558.0358505249023
12096	1495.5174922943115
12096	1495.5174922943115
12097	1460.216760635376
12097	1460.216760635376
12098	1629.4605731964111
12098	1629.4605731964111
12099	1545.8080768585205
12099	1545.8080768585205
12100	2218.5888290405273
12100	2218.5888290405273
12101	1771.1801528930664
12101	1771.1801528930664
12102	1625.328540802002
12102	1625.328540802002
12103	1646.4228630065918
12103	1646.4228630065918
12104	1670.1889038085938
12104	1670.1889038085938
12105	1557.5604438781738
12105	1557.5604438781738
12106	1588.9182090759277
12106	1588.9182090759277
12107	1452.2910118103027
12107	1452.2910118103027
12108	1593.7080383300781
12108	1593.7080383300781
12109	1552.1645545959473
12109	1552.1645545959473
12110	2307.2359561920166
12110	2307.2359561920166
12111	1597.5556373596191
12111	1597.5556373596191
12112	1537.832260131836
12112	1537.832260131836
12113	1433.79807472229
12113	1433.79807472229
12114	1611.4015579223633
12114	1611.4015579223633
12115	1453.7696838378906
12115	1453.7696838378906
12116	1757.5676441192627
12116	1757.5676441192627
12117	1556.0827255249023
12117	1556.0827255249023
12118	1265.1081085205078
12118	1265.1081085205078
12119	1377.5017261505127
12119	1377.5017261505127
12120	1965.3260707855225
12120	1965.3260707855225
12121	1353.430986404419
12121	1353.430986404419
12122	1344.8143005371094
12122	1344.8143005371094
12123	1868.7973022460938
12123	1868.7973022460938
12124	1430.6631088256836
12124	1430.6631088256836
12125	1632.4753761291504
12125	1632.4753761291504
12126	2277.2858142852783
12126	2277.2858142852783
12127	2240.5192852020264
12127	2240.5192852020264
12128	2191.72739982605
12128	2191.72739982605
12129	2211.2810611724854
12129	2211.2810611724854
12130	3170.0520515441895
12130	3170.0520515441895
12131	2588.226318359375
12131	2588.226318359375
12132	2602.476119995117
12132	2602.476119995117
12133	2336.249351501465
12133	2336.249351501465
12134	2648.1540203094482
12134	2648.1540203094482
12135	2646.744728088379
12135	2646.744728088379
12136	2727.102756500244
12136	2727.102756500244
12137	2579.113006591797
12137	2579.113006591797
12138	2403.179883956909
12138	2403.179883956909
12139	2579.4527530670166
12139	2579.4527530670166
12140	3539.8952960968018
12140	3539.8952960968018
12141	2815.412759780884
12141	2815.412759780884
12142	2776.808261871338
12142	2776.808261871338
12143	2730.2937507629395
12143	2730.2937507629395
12144	2604.49481010437
12144	2604.49481010437
12145	2230.933427810669
12145	2230.933427810669
12146	2390.856981277466
12146	2390.856981277466
12147	2538.212299346924
12147	2538.212299346924
12148	2488.3668422698975
12148	2488.3668422698975
12149	2573.960065841675
12149	2573.960065841675
12150	3472.8147983551025
12150	3472.8147983551025
12151	2352.4303436279297
12151	2352.4303436279297
12152	2523.668050765991
12152	2523.668050765991
12153	2447.160005569458
12153	2447.160005569458
12154	2785.2463722229004
12154	2785.2463722229004
12155	2682.506322860718
12155	2682.506322860718
12156	2096.306085586548
12156	2096.306085586548
12157	2407.8032970428467
12157	2407.8032970428467
12158	2521.923303604126
12158	2521.923303604126
12159	2294.642210006714
12159	2294.642210006714
12160	3360.8686923980713
12160	3360.8686923980713
12161	2690.1004314422607
12161	2690.1004314422607
12162	2423.461675643921
12162	2423.461675643921
12163	2633.7149143218994
12163	2633.7149143218994
12164	2708.8677883148193
12164	2708.8677883148193
12165	2755.9709548950195
12165	2755.9709548950195
12166	2679.896354675293
12166	2679.896354675293
12167	2562.2594356536865
12167	2562.2594356536865
12168	2700.2758979797363
12168	2700.2758979797363
12169	2527.2278785705566
12169	2527.2278785705566
12170	3504.236936569214
12170	3504.236936569214
12171	2561.631917953491
12171	2561.631917953491
12172	2762.342929840088
12172	2762.342929840088
12173	2524.4321823120117
12173	2524.4321823120117
12174	1946.1548328399658
12174	1946.1548328399658
12175	2309.178590774536
12175	2309.178590774536
12176	2373.2969760894775
12176	2373.2969760894775
12177	2559.403896331787
12177	2559.403896331787
12178	2558.6416721343994
12178	2558.6416721343994
12179	2680.209159851074
12179	2680.209159851074
12180	3301.938772201538
12180	3301.938772201538
12181	2631.999731063843
12181	2631.999731063843
12182	2625.491142272949
12182	2625.491142272949
12183	2692.586898803711
12183	2692.586898803711
12184	2690.0389194488525
12184	2690.0389194488525
12185	2680.8149814605713
12185	2680.8149814605713
12186	2657.282829284668
12186	2657.282829284668
12187	2422.7848052978516
12187	2422.7848052978516
12188	2717.1103954315186
12188	2717.1103954315186
12189	2722.7213382720947
12189	2722.7213382720947
12190	3354.128837585449
12190	3354.128837585449
12191	2295.9916591644287
12191	2295.9916591644287
12192	2512.3863220214844
12192	2512.3863220214844
12193	2541.389226913452
12193	2541.389226913452
12194	2349.7674465179443
12194	2349.7674465179443
12195	2553.830862045288
12195	2553.830862045288
12196	2664.306163787842
12196	2664.306163787842
12197	2697.3400115966797
12197	2697.3400115966797
12198	2732.375144958496
12198	2732.375144958496
12199	2766.326904296875
12199	2766.326904296875
12200	3437.82639503479
12200	3437.82639503479
12201	2774.2068767547607
12201	2774.2068767547607
12202	2704.838752746582
12202	2704.838752746582
12203	2705.7676315307617
12203	2705.7676315307617
12204	2468.2252407073975
12204	2468.2252407073975
12205	2774.338960647583
12205	2774.338960647583
12206	2648.362636566162
12206	2648.362636566162
12207	2818.427562713623
12207	2818.427562713623
12208	2653.369903564453
12208	2653.369903564453
12209	2668.689489364624
12209	2668.689489364624
12210	2885.204076766968
12210	2885.204076766968
12211	2514.528512954712
12211	2514.528512954712
12212	2415.771007537842
12212	2415.771007537842
12213	2443.5360431671143
12213	2443.5360431671143
12214	2582.343816757202
12214	2582.343816757202
12215	2427.4706840515137
12215	2427.4706840515137
12216	2655.465602874756
12216	2655.465602874756
12217	2655.7364463806152
12217	2655.7364463806152
12218	2436.3205432891846
12218	2436.3205432891846
12219	2722.5983142852783
12219	2722.5983142852783
12220	3414.6807193756104
12220	3414.6807193756104
12221	2698.493003845215
12221	2698.493003845215
12222	2440.1345252990723
12222	2440.1345252990723
12223	2673.6679077148438
12223	2673.6679077148438
12224	2749.6068477630615
12224	2749.6068477630615
12225	2714.7181034088135
12225	2714.7181034088135
12226	2798.142910003662
12226	2798.142910003662
12227	2603.1928062438965
12227	2603.1928062438965
12228	1966.3541316986084
12228	1966.3541316986084
12229	2145.644187927246
12229	2145.644187927246
12230	3262.6872062683105
12230	3262.6872062683105
12231	2598.623752593994
12231	2598.623752593994
12232	2591.071367263794
12232	2591.071367263794
12233	2597.5029468536377
12233	2597.5029468536377
12234	2616.401433944702
12234	2616.401433944702
12235	2672.0354557037354
12235	2672.0354557037354
12236	2463.7742042541504
12236	2463.7742042541504
12237	2645.2386379241943
12237	2645.2386379241943
12238	2711.4930152893066
12238	2711.4930152893066
12239	2489.5503520965576
12239	2489.5503520965576
12240	3397.0131874084473
12240	3397.0131874084473
12241	2717.599868774414
12241	2717.599868774414
12242	2491.7805194854736
12242	2491.7805194854736
12243	2776.778221130371
12243	2776.778221130371
12244	2575.883388519287
12244	2575.883388519287
12245	2693.699598312378
12245	2693.699598312378
12246	2301.204204559326
12246	2301.204204559326
12247	2151.8352031707764
12247	2151.8352031707764
12248	2395.673990249634
12248	2395.673990249634
12249	2477.907657623291
12249	2477.907657623291
12250	3336.2691402435303
12250	3336.2691402435303
12251	2581.8097591400146
12251	2581.8097591400146
12252	2717.592477798462
12252	2717.592477798462
12253	2644.7269916534424
12253	2644.7269916534424
12254	2682.0175647735596
12254	2682.0175647735596
12255	2704.277992248535
12255	2704.277992248535
12256	2483.2067489624023
12256	2483.2067489624023
12257	2631.183385848999
12257	2631.183385848999
12258	2214.0982151031494
12258	2214.0982151031494
12259	2328.50980758667
12259	2328.50980758667
12260	2802.1628856658936
12260	2802.1628856658936
12261	2559.375286102295
12261	2559.375286102295
12262	2416.6839122772217
12262	2416.6839122772217
12263	2654.1571617126465
12263	2654.1571617126465
12264	2736.257553100586
12264	2736.257553100586
12265	2625.929355621338
12265	2625.929355621338
12266	2627.8181076049805
12266	2627.8181076049805
12267	2780.378818511963
12267	2780.378818511963
12268	2672.8365421295166
12268	2672.8365421295166
12269	2741.5904998779297
12269	2741.5904998779297
12270	3416.8734550476074
12270	3416.8734550476074
12271	1904.264211654663
12271	1904.264211654663
12272	2316.5435791015625
12272	2316.5435791015625
12273	2377.5229454040527
12273	2377.5229454040527
12274	2571.9223022460938
12274	2571.9223022460938
12275	2360.555410385132
12275	2360.555410385132
12276	2689.57781791687
12276	2689.57781791687
12277	2623.9078044891357
12277	2623.9078044891357
12278	2621.9089031219482
12278	2621.9089031219482
12279	2637.784719467163
12279	2637.784719467163
12280	3137.6242637634277
12280	3137.6242637634277
12281	2486.7825508117676
12281	2486.7825508117676
12282	2180.9988021850586
12282	2180.9988021850586
12283	2785.742998123169
12283	2785.742998123169
12284	2844.3148136138916
12284	2844.3148136138916
12285	2465.8865928649902
12285	2465.8865928649902
12286	2729.6080589294434
12286	2729.6080589294434
12287	2454.651355743408
12287	2454.651355743408
12288	2045.7355976104736
12288	2045.7355976104736
12289	2553.6489486694336
12289	2553.6489486694336
12290	3162.2250080108643
12290	3162.2250080108643
12291	2549.0336418151855
12291	2549.0336418151855
12292	2869.9951171875
12292	2869.9951171875
12293	2782.5353145599365
12293	2782.5353145599365
12294	2551.544427871704
12294	2551.544427871704
12295	2745.7094192504883
12295	2745.7094192504883
12296	2937.4020099639893
12296	2937.4020099639893
12297	2857.0456504821777
12297	2857.0456504821777
12298	3061.4070892333984
12298	3061.4070892333984
12299	2890.1431560516357
12299	2890.1431560516357
12300	3649.4979858398438
12300	3649.4979858398438
12301	2861.5739345550537
12301	2861.5739345550537
12302	2768.862009048462
12302	2768.862009048462
12303	3252.542495727539
12303	3252.542495727539
12304	2199.7196674346924
12304	2199.7196674346924
12305	1612.6203536987305
12305	1612.6203536987305
12306	2483.1769466400146
12306	2483.1769466400146
12307	2288.213014602661
12307	2288.213014602661
12308	2516.847610473633
12308	2516.847610473633
12309	2581.979274749756
12309	2581.979274749756
12310	3162.2493267059326
12310	3162.2493267059326
12311	2538.2094383239746
12311	2538.2094383239746
12312	2650.7937908172607
12312	2650.7937908172607
12313	2720.4723358154297
12313	2720.4723358154297
12314	2467.8759574890137
12314	2467.8759574890137
12315	2525.481939315796
12315	2525.481939315796
12316	2582.3681354522705
12316	2582.3681354522705
12317	2673.4843254089355
12317	2673.4843254089355
12318	2596.073865890503
12318	2596.073865890503
12319	2661.4809036254883
12319	2661.4809036254883
12320	3116.665840148926
12320	3116.665840148926
12321	2694.331169128418
12321	2694.331169128418
12322	2474.675178527832
12322	2474.675178527832
12323	2310.4088306427
12323	2310.4088306427
12324	2257.9495906829834
12324	2257.9495906829834
12325	2268.4779167175293
12325	2268.4779167175293
12326	2428.9188385009766
12326	2428.9188385009766
12327	2527.716636657715
12327	2527.716636657715
12328	2687.2291564941406
12328	2687.2291564941406
12329	2574.9998092651367
12329	2574.9998092651367
12330	3316.2362575531006
12330	3316.2362575531006
12331	2719.930648803711
12331	2719.930648803711
12332	2664.5941734313965
12332	2664.5941734313965
12333	2679.1770458221436
12333	2679.1770458221436
12334	1561.6264343261719
12334	1561.6264343261719
12335	1513.3190155029297
12335	1513.3190155029297
12336	1665.846824645996
12336	1665.846824645996
12337	1596.9743728637695
12337	1596.9743728637695
12338	1568.2408809661865
12338	1568.2408809661865
12339	1539.9672985076904
12339	1539.9672985076904
12340	2082.408905029297
12340	2082.408905029297
12341	1633.8067054748535
12341	1633.8067054748535
12342	1523.3075618743896
12342	1523.3075618743896
12343	1454.8664093017578
12343	1454.8664093017578
12344	1671.1900234222412
12344	1671.1900234222412
12345	1596.677541732788
12345	1596.677541732788
12346	1595.9012508392334
12346	1595.9012508392334
12347	1705.087661743164
12347	1705.087661743164
12348	1392.3325538635254
12348	1392.3325538635254
12349	1532.1173667907715
12349	1532.1173667907715
12350	2354.614019393921
12350	2354.614019393921
12351	1523.3886241912842
12351	1523.3886241912842
12352	1532.1767330169678
12352	1532.1767330169678
12353	1590.5444622039795
12353	1590.5444622039795
12354	1556.9636821746826
12354	1556.9636821746826
12355	1555.4423332214355
12355	1555.4423332214355
12356	1438.007116317749
12356	1438.007116317749
12357	1591.9249057769775
12357	1591.9249057769775
12358	1553.7538528442383
12358	1553.7538528442383
12359	1573.505163192749
12359	1573.505163192749
12360	2035.646915435791
12360	2035.646915435791
12361	1565.009355545044
12361	1565.009355545044
12362	1434.769868850708
12362	1434.769868850708
12363	1712.1977806091309
12363	1712.1977806091309
12364	1611.156702041626
12364	1611.156702041626
12365	1542.5512790679932
12365	1542.5512790679932
12366	1584.869384765625
12366	1584.869384765625
12367	1432.5106143951416
12367	1432.5106143951416
12368	1557.9712390899658
12368	1557.9712390899658
12369	1646.5752124786377
12369	1646.5752124786377
12370	2194.392442703247
12370	2194.392442703247
12371	1691.5276050567627
12371	1691.5276050567627
12372	1531.3036441802979
12372	1531.3036441802979
12373	1608.9820861816406
12373	1608.9820861816406
12374	1629.8913955688477
12374	1629.8913955688477
12375	1444.453477859497
12375	1444.453477859497
12376	1603.1198501586914
12376	1603.1198501586914
12377	1532.1784019470215
12377	1532.1784019470215
12378	1594.9513912200928
12378	1594.9513912200928
12379	1573.0469226837158
12379	1573.0469226837158
12380	2250.8418560028076
12380	2250.8418560028076
12381	1434.6342086791992
12381	1434.6342086791992
12382	1631.4189434051514
12382	1631.4189434051514
12383	1444.1893100738525
12383	1444.1893100738525
12384	1568.0961608886719
12384	1568.0961608886719
12385	1465.0123119354248
12385	1465.0123119354248
12386	1490.067720413208
12386	1490.067720413208
12387	1573.9068984985352
12387	1573.9068984985352
12388	1594.5985317230225
12388	1594.5985317230225
12389	1515.7949924468994
12389	1515.7949924468994
12390	2427.7331829071045
12390	2427.7331829071045
12391	1537.2118949890137
12391	1537.2118949890137
12392	1644.2434787750244
12392	1644.2434787750244
12393	1584.7909450531006
12393	1584.7909450531006
12394	1555.6659698486328
12394	1555.6659698486328
12395	1588.153600692749
12395	1588.153600692749
12396	1327.338457107544
12396	1327.338457107544
12397	1347.61381149292
12397	1347.61381149292
12398	1525.3450870513916
12398	1525.3450870513916
12399	1351.7489433288574
12399	1351.7489433288574
12400	2149.0306854248047
12400	2149.0306854248047
12401	1421.9348430633545
12401	1421.9348430633545
12402	1251.8906593322754
12402	1251.8906593322754
12403	1731.6663265228271
12403	1731.6663265228271
12404	1610.4302406311035
12404	1610.4302406311035
12405	1580.2931785583496
12405	1580.2931785583496
12406	1578.4673690795898
12406	1578.4673690795898
12407	1623.863935470581
12407	1623.863935470581
12408	1441.659688949585
12408	1441.659688949585
12409	1588.8068675994873
12409	1588.8068675994873
12410	2156.3968658447266
12410	2156.3968658447266
12411	1421.4611053466797
12411	1421.4611053466797
12412	1415.9176349639893
12412	1415.9176349639893
12413	1617.2428131103516
12413	1617.2428131103516
12414	1608.595609664917
12414	1608.595609664917
12415	1591.6495323181152
12415	1591.6495323181152
12416	1603.4326553344727
12416	1603.4326553344727
12417	1610.1481914520264
12417	1610.1481914520264
12418	1403.6812782287598
12418	1403.6812782287598
12419	1516.4947509765625
12419	1516.4947509765625
12420	2207.594156265259
12420	2207.594156265259
12421	1823.6031532287598
12421	1823.6031532287598
12422	1521.5349197387695
12422	1521.5349197387695
12423	1632.542610168457
12423	1632.542610168457
12424	1693.359136581421
12424	1693.359136581421
12425	1602.776288986206
12425	1602.776288986206
12426	1548.093557357788
12426	1548.093557357788
12427	1549.473524093628
12427	1549.473524093628
12428	1445.1472759246826
12428	1445.1472759246826
12429	1449.9516487121582
12429	1449.9516487121582
12430	2313.840389251709
12430	2313.840389251709
12431	1650.897741317749
12431	1650.897741317749
12432	1420.3696250915527
12432	1420.3696250915527
12433	1485.3096008300781
12433	1485.3096008300781
12434	1561.9635581970215
12434	1561.9635581970215
12435	1586.0142707824707
12435	1586.0142707824707
12436	1655.0321578979492
12436	1655.0321578979492
12437	1576.1997699737549
12437	1576.1997699737549
12438	1395.9448337554932
12438	1395.9448337554932
12439	1579.096794128418
12439	1579.096794128418
12440	2259.075403213501
12440	2259.075403213501
12441	1605.8852672576904
12441	1605.8852672576904
12442	1627.3765563964844
12442	1627.3765563964844
12443	1562.7591609954834
12443	1562.7591609954834
12444	1550.199031829834
12444	1550.199031829834
12445	1531.5721035003662
12445	1531.5721035003662
12446	1478.7237644195557
12446	1478.7237644195557
12447	1631.037950515747
12447	1631.037950515747
12448	1707.925796508789
12448	1707.925796508789
12449	1578.5248279571533
12449	1578.5248279571533
12450	2323.256254196167
12450	2323.256254196167
12451	1578.185796737671
12451	1578.185796737671
12452	1619.7926998138428
12452	1619.7926998138428
12453	1472.3517894744873
12453	1472.3517894744873
12454	1589.257001876831
12454	1589.257001876831
12455	1595.2165126800537
12455	1595.2165126800537
12456	1722.8989601135254
12456	1722.8989601135254
12457	1631.4630508422852
12457	1631.4630508422852
12458	1568.2885646820068
12458	1568.2885646820068
12459	1593.087911605835
12459	1593.087911605835
12460	2141.041040420532
12460	2141.041040420532
12461	1559.943437576294
12461	1559.943437576294
12462	1539.8964881896973
12462	1539.8964881896973
12463	1425.6508350372314
12463	1425.6508350372314
12464	1483.5870265960693
12464	1483.5870265960693
12465	1615.2863502502441
12465	1615.2863502502441
12466	1611.6878986358643
12466	1611.6878986358643
12467	1615.828275680542
12467	1615.828275680542
12468	1483.5944175720215
12468	1483.5944175720215
12469	1447.0720291137695
12469	1447.0720291137695
12470	2211.090326309204
12470	2211.090326309204
12471	1634.7723007202148
12471	1634.7723007202148
12472	1575.8442878723145
12472	1575.8442878723145
12473	1572.9844570159912
12473	1572.9844570159912
12474	1429.243564605713
12474	1429.243564605713
12475	1561.1493587493896
12475	1561.1493587493896
12476	1490.3082847595215
12476	1490.3082847595215
12477	1626.5184879302979
12477	1626.5184879302979
12478	1339.571475982666
12478	1339.571475982666
12479	1581.6898345947266
12479	1581.6898345947266
12480	2477.3168563842773
12480	2477.3168563842773
12481	1582.489013671875
12481	1582.489013671875
12482	1363.0616664886475
12482	1363.0616664886475
12483	1375.3154277801514
12483	1375.3154277801514
12484	1941.544771194458
12484	1941.544771194458
12485	1690.2251243591309
12485	1690.2251243591309
12486	1145.0047492980957
12486	1145.0047492980957
12487	1152.4672508239746
12487	1152.4672508239746
12488	1559.3318939208984
12488	1559.3318939208984
12489	2357.5820922851562
12489	2357.5820922851562
12490	2426.673412322998
12490	2426.673412322998
12491	2584.491014480591
12491	2584.491014480591
12492	2549.755096435547
12492	2549.755096435547
12493	2579.071044921875
12493	2579.071044921875
12494	2786.8638038635254
12494	2786.8638038635254
12495	2488.8980388641357
12495	2488.8980388641357
12496	2678.6022186279297
12496	2678.6022186279297
12497	2782.5896739959717
12497	2782.5896739959717
12498	2765.700578689575
12498	2765.700578689575
12499	2480.897903442383
12499	2480.897903442383
12500	10506.934642791748
12500	10506.934642791748
12501	2638.3824348449707
12501	2638.3824348449707
12502	2644.6049213409424
12502	2644.6049213409424
12503	2542.665481567383
12503	2542.665481567383
12504	2982.306718826294
12504	2982.306718826294
12505	2589.0562534332275
12505	2589.0562534332275
12506	2781.268358230591
12506	2781.268358230591
12507	2737.109661102295
12507	2737.109661102295
12508	2849.87211227417
12508	2849.87211227417
12509	2703.6798000335693
12509	2703.6798000335693
12510	3499.479293823242
12510	3499.479293823242
12511	2691.2548542022705
12511	2691.2548542022705
12512	2708.354711532593
12512	2708.354711532593
12513	2242.011785507202
12513	2242.011785507202
12514	2457.1855068206787
12514	2457.1855068206787
12515	2572.9427337646484
12515	2572.9427337646484
12516	2346.458673477173
12516	2346.458673477173
12517	2575.8681297302246
12517	2575.8681297302246
12518	2483.808994293213
12518	2483.808994293213
12519	2437.4356269836426
12519	2437.4356269836426
12520	3455.1117420196533
12520	3455.1117420196533
12521	2648.6525535583496
12521	2648.6525535583496
12522	2737.3945713043213
12522	2737.3945713043213
12523	2718.9595699310303
12523	2718.9595699310303
12524	2652.174711227417
12524	2652.174711227417
12525	2686.6486072540283
12525	2686.6486072540283
12526	2754.8489570617676
12526	2754.8489570617676
12527	2100.1522541046143
12527	2100.1522541046143
12528	2321.523427963257
12528	2321.523427963257
12529	2421.6625690460205
12529	2421.6625690460205
12530	3094.2394733428955
12530	3094.2394733428955
12531	2354.586362838745
12531	2354.586362838745
12532	2842.308759689331
12532	2842.308759689331
12533	2629.1065216064453
12533	2629.1065216064453
12534	2426.102638244629
12534	2426.102638244629
12535	2642.5299644470215
12535	2642.5299644470215
12536	2696.2833404541016
12536	2696.2833404541016
12537	2514.971971511841
12537	2514.971971511841
12538	2776.9622802734375
12538	2776.9622802734375
12539	2464.5979404449463
12539	2464.5979404449463
12540	3477.3592948913574
12540	3477.3592948913574
12541	2246.647834777832
12541	2246.647834777832
12542	2526.1106491088867
12542	2526.1106491088867
12543	2268.2271003723145
12543	2268.2271003723145
12544	2663.3808612823486
12544	2663.3808612823486
12545	2551.347494125366
12545	2551.347494125366
12546	2470.6709384918213
12546	2470.6709384918213
12547	2828.214168548584
12547	2828.214168548584
12548	2674.2608547210693
12548	2674.2608547210693
12549	2679.8088550567627
12549	2679.8088550567627
12550	3293.412446975708
12550	3293.412446975708
12551	2701.5461921691895
12551	2701.5461921691895
12552	2669.4488525390625
12552	2669.4488525390625
12553	2541.727066040039
12553	2541.727066040039
12554	2657.1760177612305
12554	2657.1760177612305
12555	2735.431671142578
12555	2735.431671142578
12556	2592.5045013427734
12556	2592.5045013427734
12557	2610.612630844116
12557	2610.612630844116
12558	2898.041248321533
12558	2898.041248321533
12559	2745.1858520507812
12559	2745.1858520507812
12560	3009.9761486053467
12560	3009.9761486053467
12561	2567.3718452453613
12561	2567.3718452453613
12562	2593.867063522339
12562	2593.867063522339
12563	2449.504613876343
12563	2449.504613876343
12564	2806.2422275543213
12564	2806.2422275543213
12565	2431.746006011963
12565	2431.746006011963
12566	2673.2583045959473
12566	2673.2583045959473
12567	2748.440742492676
12567	2748.440742492676
12568	2672.346353530884
12568	2672.346353530884
12569	2761.475086212158
12569	2761.475086212158
12570	3266.906976699829
12570	3266.906976699829
12571	2677.778720855713
12571	2677.778720855713
12572	2686.7434978485107
12572	2686.7434978485107
12573	2545.3009605407715
12573	2545.3009605407715
12574	2825.8845806121826
12574	2825.8845806121826
12575	2776.5445709228516
12575	2776.5445709228516
12576	2589.991807937622
12576	2589.991807937622
12577	2932.6367378234863
12577	2932.6367378234863
12578	2237.994909286499
12578	2237.994909286499
12579	2264.577865600586
12579	2264.577865600586
12580	3122.260570526123
12580	3122.260570526123
12581	2544.7254180908203
12581	2544.7254180908203
12582	2619.0085411071777
12582	2619.0085411071777
12583	2518.3022022247314
12583	2518.3022022247314
12584	2671.81658744812
12584	2671.81658744812
12585	2672.473192214966
12585	2672.473192214966
12586	2537.7197265625
12586	2537.7197265625
12587	2555.302619934082
12587	2555.302619934082
12588	2755.7661533355713
12588	2755.7661533355713
12589	2664.384603500366
12589	2664.384603500366
12590	3410.9396934509277
12590	3410.9396934509277
12591	2452.8017044067383
12591	2452.8017044067383
12592	2787.224531173706
12592	2787.224531173706
12593	2649.179220199585
12593	2649.179220199585
12594	2702.3487091064453
12594	2702.3487091064453
12595	2545.7561016082764
12595	2545.7561016082764
12596	2377.7668476104736
12596	2377.7668476104736
12597	2170.663595199585
12597	2170.663595199585
12598	2664.7982597351074
12598	2664.7982597351074
12599	2410.8729362487793
12599	2410.8729362487793
12600	3110.996723175049
12600	3110.996723175049
12601	2491.4908409118652
12601	2491.4908409118652
12602	2517.6568031311035
12602	2517.6568031311035
12603	2608.3364486694336
12603	2608.3364486694336
12604	2455.5113315582275
12604	2455.5113315582275
12605	2766.235828399658
12605	2766.235828399658
12606	2728.600025177002
12606	2728.600025177002
12607	2295.870542526245
12607	2295.870542526245
12608	2823.906183242798
12608	2823.906183242798
12609	2167.980432510376
12609	2167.980432510376
12610	3093.9855575561523
12610	3093.9855575561523
12611	2502.680778503418
12611	2502.680778503418
12612	2710.358142852783
12612	2710.358142852783
12613	2558.12668800354
12613	2558.12668800354
12614	2590.6310081481934
12614	2590.6310081481934
12615	2638.3280754089355
12615	2638.3280754089355
12616	2533.019781112671
12616	2533.019781112671
12617	2810.5826377868652
12617	2810.5826377868652
12618	2768.064498901367
12618	2768.064498901367
12619	2435.9800815582275
12619	2435.9800815582275
12620	3512.7625465393066
12620	3512.7625465393066
12621	2814.652442932129
12621	2814.652442932129
12622	2703.8679122924805
12622	2703.8679122924805
12623	2240.034341812134
12623	2240.034341812134
12624	2390.4194831848145
12624	2390.4194831848145
12625	2397.429943084717
12625	2397.429943084717
12626	2445.852756500244
12626	2445.852756500244
12627	2656.6271781921387
12627	2656.6271781921387
12628	2652.607202529907
12628	2652.607202529907
12629	2759.4211101531982
12629	2759.4211101531982
12630	3154.0565490722656
12630	3154.0565490722656
12631	2595.8290100097656
12631	2595.8290100097656
12632	2674.2844581604004
12632	2674.2844581604004
12633	2713.5543823242188
12633	2713.5543823242188
12634	2537.768840789795
12634	2537.768840789795
12635	2528.076648712158
12635	2528.076648712158
12636	2629.0643215179443
12636	2629.0643215179443
12637	2504.0242671966553
12637	2504.0242671966553
12638	2161.7681980133057
12638	2161.7681980133057
12639	2015.1052474975586
12639	2015.1052474975586
12640	3013.004779815674
12640	3013.004779815674
12641	2508.277177810669
12641	2508.277177810669
12642	2309.14568901062
12642	2309.14568901062
12643	2791.033983230591
12643	2791.033983230591
12644	2771.8162536621094
12644	2771.8162536621094
12645	2730.813503265381
12645	2730.813503265381
12646	2874.115467071533
12646	2874.115467071533
12647	2846.7819690704346
12647	2846.7819690704346
12648	2552.626371383667
12648	2552.626371383667
12649	2669.055938720703
12649	2669.055938720703
12650	3649.4176387786865
12650	3649.4176387786865
12651	2883.6326599121094
12651	2883.6326599121094
12652	2988.111734390259
12652	2988.111734390259
12653	2822.0667839050293
12653	2822.0667839050293
12654	2016.7129039764404
12654	2016.7129039764404
12655	2349.9374389648438
12655	2349.9374389648438
12656	2310.448408126831
12656	2310.448408126831
12657	2688.0900859832764
12657	2688.0900859832764
12658	2517.7903175354004
12658	2517.7903175354004
12659	2667.6089763641357
12659	2667.6089763641357
12660	3165.9958362579346
12660	3165.9958362579346
12661	2654.1247367858887
12661	2654.1247367858887
12662	2585.2978229522705
12662	2585.2978229522705
12663	2508.2812309265137
12663	2508.2812309265137
12664	2252.9547214508057
12664	2252.9547214508057
12665	2122.9655742645264
12665	2122.9655742645264
12666	2285.9439849853516
12666	2285.9439849853516
12667	2342.4618244171143
12667	2342.4618244171143
12668	2510.7855796813965
12668	2510.7855796813965
12669	2627.2640228271484
12669	2627.2640228271484
12670	3339.076519012451
12670	3339.076519012451
12671	2588.711977005005
12671	2588.711977005005
12672	2647.9084491729736
12672	2647.9084491729736
12673	1597.8209972381592
12673	1597.8209972381592
12674	1744.7593212127686
12674	1744.7593212127686
12675	1533.8165760040283
12675	1533.8165760040283
12676	1482.7048778533936
12676	1482.7048778533936
12677	1535.1881980895996
12677	1535.1881980895996
12678	1564.3446445465088
12678	1564.3446445465088
12679	1754.551649093628
12679	1754.551649093628
12680	2188.7216567993164
12680	2188.7216567993164
12681	1416.4354801177979
12681	1416.4354801177979
12682	1594.8126316070557
12682	1594.8126316070557
12683	1501.063346862793
12683	1501.063346862793
12684	1484.2078685760498
12684	1484.2078685760498
12685	1560.4748725891113
12685	1560.4748725891113
12686	1729.1202545166016
12686	1729.1202545166016
12687	1629.1565895080566
12687	1629.1565895080566
12688	1559.8256587982178
12688	1559.8256587982178
12689	1755.4051876068115
12689	1755.4051876068115
12690	2200.1523971557617
12690	2200.1523971557617
12691	1559.126853942871
12691	1559.126853942871
12692	1556.8087100982666
12692	1556.8087100982666
12693	1759.0265274047852
12693	1759.0265274047852
12694	1428.97367477417
12694	1428.97367477417
12695	1557.1935176849365
12695	1557.1935176849365
12696	1569.2944526672363
12696	1569.2944526672363
12697	1645.5214023590088
12697	1645.5214023590088
12698	1797.0125675201416
12698	1797.0125675201416
12699	1654.6640396118164
12699	1654.6640396118164
12700	2314.9454593658447
12700	2314.9454593658447
12701	1409.7051620483398
12701	1409.7051620483398
12702	1736.0541820526123
12702	1736.0541820526123
12703	1639.9755477905273
12703	1639.9755477905273
12704	1501.847267150879
12704	1501.847267150879
12705	1461.228609085083
12705	1461.228609085083
12706	1564.3577575683594
12706	1564.3577575683594
12707	1733.7255477905273
12707	1733.7255477905273
12708	1574.6431350708008
12708	1574.6431350708008
12709	1570.5795288085938
12709	1570.5795288085938
12710	2300.5306720733643
12710	2300.5306720733643
12711	1629.1282176971436
12711	1629.1282176971436
12712	1674.8359203338623
12712	1674.8359203338623
12713	1595.1464176177979
12713	1595.1464176177979
12714	1615.7641410827637
12714	1615.7641410827637
12715	1652.0707607269287
12715	1652.0707607269287
12716	1566.4148330688477
12716	1566.4148330688477
12717	1700.554609298706
12717	1700.554609298706
12718	1641.3383483886719
12718	1641.3383483886719
12719	1612.722635269165
12719	1612.722635269165
12720	2202.1074295043945
12720	2202.1074295043945
12721	1566.1931037902832
12721	1566.1931037902832
12722	1664.1130447387695
12722	1664.1130447387695
12723	1537.3361110687256
12723	1537.3361110687256
12724	1632.24458694458
12724	1632.24458694458
12725	1420.3989505767822
12725	1420.3989505767822
12726	1410.247802734375
12726	1410.247802734375
12727	1676.2259006500244
12727	1676.2259006500244
12728	1628.5216808319092
12728	1628.5216808319092
12729	1484.5829010009766
12729	1484.5829010009766
12730	2288.8081073760986
12730	2288.8081073760986
12731	1724.2841720581055
12731	1724.2841720581055
12732	1593.6601161956787
12732	1593.6601161956787
12733	1574.6102333068848
12733	1574.6102333068848
12734	1620.2566623687744
12734	1620.2566623687744
12735	1529.3769836425781
12735	1529.3769836425781
12736	1568.4986114501953
12736	1568.4986114501953
12737	1347.22900390625
12737	1347.22900390625
12738	1245.584487915039
12738	1245.584487915039
12739	1468.8029289245605
12739	1468.8029289245605
12740	2052.9088973999023
12740	2052.9088973999023
12741	1351.835012435913
12741	1351.835012435913
12742	1351.6125679016113
12742	1351.6125679016113
12743	1359.9295616149902
12743	1359.9295616149902
12744	1345.123529434204
12744	1345.123529434204
12745	1322.3977088928223
12745	1322.3977088928223
12746	1046.3638305664062
12746	1046.3638305664062
12747	1051.6674518585205
12747	1051.6674518585205
12748	1756.2861442565918
12748	1756.2861442565918
12749	1599.7710227966309
12749	1599.7710227966309
12750	2337.657690048218
12750	2337.657690048218
12751	1607.1412563323975
12751	1607.1412563323975
12752	1583.984375
12752	1583.984375
12753	1636.9092464447021
12753	1636.9092464447021
12754	1592.6640033721924
12754	1592.6640033721924
12755	1541.755199432373
12755	1541.755199432373
12756	1663.3110046386719
12756	1663.3110046386719
12757	1735.4538440704346
12757	1735.4538440704346
12758	1636.2721920013428
12758	1636.2721920013428
12759	1616.1167621612549
12759	1616.1167621612549
12760	2154.6998023986816
12760	2154.6998023986816
12761	1727.5800704956055
12761	1727.5800704956055
12762	1634.3607902526855
12762	1634.3607902526855
12763	1596.1008071899414
12763	1596.1008071899414
12764	1563.7834072113037
12764	1563.7834072113037
12765	1622.6706504821777
12765	1622.6706504821777
12766	1731.5788269042969
12766	1731.5788269042969
12767	1570.8603858947754
12767	1570.8603858947754
12768	1479.107141494751
12768	1479.107141494751
12769	1638.2434368133545
12769	1638.2434368133545
12770	2339.235782623291
12770	2339.235782623291
12771	1613.999843597412
12771	1613.999843597412
12772	1583.2414627075195
12772	1583.2414627075195
12773	1798.003911972046
12773	1798.003911972046
12774	1509.0327262878418
12774	1509.0327262878418
12775	1495.603084564209
12775	1495.603084564209
12776	1468.6956405639648
12776	1468.6956405639648
12777	1598.4790325164795
12777	1598.4790325164795
12778	1657.3302745819092
12778	1657.3302745819092
12779	1623.1176853179932
12779	1623.1176853179932
12780	2197.967529296875
12780	2197.967529296875
12781	1515.688419342041
12781	1515.688419342041
12782	1546.9303131103516
12782	1546.9303131103516
12783	1627.6929378509521
12783	1627.6929378509521
12784	1584.1093063354492
12784	1584.1093063354492
12785	1403.9628505706787
12785	1403.9628505706787
12786	1620.8248138427734
12786	1620.8248138427734
12787	1714.1919136047363
12787	1714.1919136047363
12788	1580.1324844360352
12788	1580.1324844360352
12789	1384.134292602539
12789	1384.134292602539
12790	2062.368154525757
12790	2062.368154525757
12791	1568.9210891723633
12791	1568.9210891723633
12792	1431.5905570983887
12792	1431.5905570983887
12793	1620.5482482910156
12793	1620.5482482910156
12794	1558.2249164581299
12794	1558.2249164581299
12795	1419.616937637329
12795	1419.616937637329
12796	1634.455680847168
12796	1634.455680847168
12797	1594.0964221954346
12797	1594.0964221954346
12798	1553.1775951385498
12798	1553.1775951385498
12799	1587.6286029815674
12799	1587.6286029815674
12800	2372.803211212158
12800	2372.803211212158
12801	1569.6945190429688
12801	1569.6945190429688
12802	1400.18892288208
12802	1400.18892288208
12803	1449.4109153747559
12803	1449.4109153747559
12804	1410.778522491455
12804	1410.778522491455
12805	1687.3724460601807
12805	1687.3724460601807
12806	1453.1702995300293
12806	1453.1702995300293
12807	1611.344337463379
12807	1611.344337463379
12808	1613.447904586792
12808	1613.447904586792
12809	1627.8445720672607
12809	1627.8445720672607
12810	2304.8744201660156
12810	2304.8744201660156
12811	1407.048225402832
12811	1407.048225402832
12812	1727.6115417480469
12812	1727.6115417480469
12813	1509.0620517730713
12813	1509.0620517730713
12814	1660.0046157836914
12814	1660.0046157836914
12815	1565.1531219482422
12815	1565.1531219482422
12816	1615.9815788269043
12816	1615.9815788269043
12817	1571.7236995697021
12817	1571.7236995697021
12818	2422.2240447998047
12818	2422.2240447998047
12819	1579.3304443359375
12819	1579.3304443359375
12820	2167.5362586975098
12820	2167.5362586975098
12821	2245.7733154296875
12821	2245.7733154296875
12822	2317.1231746673584
12822	2317.1231746673584
12823	2627.6466846466064
12823	2627.6466846466064
12824	2425.839424133301
12824	2425.839424133301
12825	2774.698495864868
12825	2774.698495864868
12826	2796.376943588257
12826	2796.376943588257
12827	2713.6213779449463
12827	2713.6213779449463
12828	2781.8498611450195
12828	2781.8498611450195
12829	2871.09112739563
12829	2871.09112739563
12830	3666.670083999634
12830	3666.670083999634
12831	3171.2734699249268
12831	3171.2734699249268
12832	2671.3321208953857
12832	2671.3321208953857
12833	2475.595712661743
12833	2475.595712661743
12834	2723.1462001800537
12834	2723.1462001800537
12835	2439.959764480591
12835	2439.959764480591
12836	2649.5823860168457
12836	2649.5823860168457
12837	2493.97611618042
12837	2493.97611618042
12838	2833.8048458099365
12838	2833.8048458099365
12839	2407.4606895446777
12839	2407.4606895446777
12840	2677.5224208831787
12840	2677.5224208831787
12841	2434.4348907470703
12841	2434.4348907470703
12842	2527.7812480926514
12842	2527.7812480926514
12843	2734.954595565796
12843	2734.954595565796
12844	2505.0137042999268
12844	2505.0137042999268
12845	2605.8132648468018
12845	2605.8132648468018
12846	2652.717351913452
12846	2652.717351913452
12847	2595.370054244995
12847	2595.370054244995
12848	2830.0328254699707
12848	2830.0328254699707
12849	2665.574312210083
12849	2665.574312210083
12850	3503.5510063171387
12850	3503.5510063171387
12851	2633.7127685546875
12851	2633.7127685546875
12852	2376.4007091522217
12852	2376.4007091522217
12853	2735.682249069214
12853	2735.682249069214
12854	2753.009796142578
12854	2753.009796142578
12855	2799.999713897705
12855	2799.999713897705
12856	2884.5276832580566
12856	2884.5276832580566
12857	2239.5687103271484
12857	2239.5687103271484
12858	2399.580717086792
12858	2399.580717086792
12859	2349.2355346679688
12859	2349.2355346679688
12860	3254.9664974212646
12860	3254.9664974212646
12861	2640.2056217193604
12861	2640.2056217193604
12862	2622.386693954468
12862	2622.386693954468
12863	2583.0624103546143
12863	2583.0624103546143
12864	2767.444849014282
12864	2767.444849014282
12865	2679.7258853912354
12865	2679.7258853912354
12866	2716.0961627960205
12866	2716.0961627960205
12867	2678.3814430236816
12867	2678.3814430236816
12868	2570.1184272766113
12868	2570.1184272766113
12869	2604.1080951690674
12869	2604.1080951690674
12870	3394.3541049957275
12870	3394.3541049957275
12871	2213.3302688598633
12871	2213.3302688598633
12872	2110.8906269073486
12872	2110.8906269073486
12873	2753.3013820648193
12873	2753.3013820648193
12874	2584.618091583252
12874	2584.618091583252
12875	2671.363592147827
12875	2671.363592147827
12876	2714.3001556396484
12876	2714.3001556396484
12877	2580.8424949645996
12877	2580.8424949645996
12878	2636.2404823303223
12878	2636.2404823303223
12879	2637.871265411377
12879	2637.871265411377
12880	3391.329288482666
12880	3391.329288482666
12881	2663.795232772827
12881	2663.795232772827
12882	2769.8538303375244
12882	2769.8538303375244
12883	2738.2490634918213
12883	2738.2490634918213
12884	2745.386838912964
12884	2745.386838912964
12885	2786.057233810425
12885	2786.057233810425
12886	2858.499765396118
12886	2858.499765396118
12887	2723.6790657043457
12887	2723.6790657043457
12888	2602.978467941284
12888	2602.978467941284
12889	2479.403018951416
12889	2479.403018951416
12890	2885.190725326538
12890	2885.190725326538
12891	2517.6639556884766
12891	2517.6639556884766
12892	2372.756004333496
12892	2372.756004333496
12893	2726.853609085083
12893	2726.853609085083
12894	2671.778440475464
12894	2671.778440475464
12895	2672.222375869751
12895	2672.222375869751
12896	2657.846450805664
12896	2657.846450805664
12897	2506.1333179473877
12897	2506.1333179473877
12898	2824.44429397583
12898	2824.44429397583
12899	2719.2342281341553
12899	2719.2342281341553
12900	3479.9447059631348
12900	3479.9447059631348
12901	2799.670934677124
12901	2799.670934677124
12902	2758.9149475097656
12902	2758.9149475097656
12903	2566.349983215332
12903	2566.349983215332
12904	2758.3272457122803
12904	2758.3272457122803
12905	2545.7119941711426
12905	2545.7119941711426
12906	2750.183343887329
12906	2750.183343887329
12907	2449.9311447143555
12907	2449.9311447143555
12908	2048.924684524536
12908	2048.924684524536
12909	2543.3719158172607
12909	2543.3719158172607
12910	3181.8299293518066
12910	3181.8299293518066
12911	2565.981149673462
12911	2565.981149673462
12912	2428.1880855560303
12912	2428.1880855560303
12913	2607.54132270813
12913	2607.54132270813
12914	2647.118091583252
12914	2647.118091583252
12915	2201.2593746185303
12915	2201.2593746185303
12916	2845.4394340515137
12916	2845.4394340515137
12917	2740.9448623657227
12917	2740.9448623657227
12918	2682.5873851776123
12918	2682.5873851776123
12919	2483.0322265625
12919	2483.0322265625
12920	3212.6176357269287
12920	3212.6176357269287
12921	2732.874631881714
12921	2732.874631881714
12922	2751.5625953674316
12922	2751.5625953674316
12923	2718.339443206787
12923	2718.339443206787
12924	2820.3518390655518
12924	2820.3518390655518
12925	2401.5328884124756
12925	2401.5328884124756
12926	2281.888008117676
12926	2281.888008117676
12927	2405.388593673706
12927	2405.388593673706
12928	2501.2874603271484
12928	2501.2874603271484
12929	2370.3930377960205
12929	2370.3930377960205
12930	3517.8589820861816
12930	3517.8589820861816
12931	2618.182420730591
12931	2618.182420730591
12932	2531.0938358306885
12932	2531.0938358306885
12933	2366.5671348571777
12933	2366.5671348571777
12934	2834.4104290008545
12934	2834.4104290008545
12935	2635.122537612915
12935	2635.122537612915
12936	2422.767400741577
12936	2422.767400741577
12937	2740.7705783843994
12937	2740.7705783843994
12938	2749.6042251586914
12938	2749.6042251586914
12939	2858.2589626312256
12939	2858.2589626312256
12940	3389.10174369812
12940	3389.10174369812
12941	2829.5512199401855
12941	2829.5512199401855
12942	2802.903890609741
12942	2802.903890609741
12943	2380.1255226135254
12943	2380.1255226135254
12944	2083.512306213379
12944	2083.512306213379
12945	2359.4329357147217
12945	2359.4329357147217
12946	2330.9943675994873
12946	2330.9943675994873
12947	2566.3609504699707
12947	2566.3609504699707
12948	2751.9946098327637
12948	2751.9946098327637
12949	2614.060401916504
12949	2614.060401916504
12950	3379.1792392730713
12950	3379.1792392730713
12951	2501.1157989501953
12951	2501.1157989501953
12952	2489.8579120635986
12952	2489.8579120635986
12953	2627.380847930908
12953	2627.380847930908
12954	2719.93350982666
12954	2719.93350982666
12955	2841.365098953247
12955	2841.365098953247
12956	2052.2403717041016
12956	2052.2403717041016
12957	2366.227865219116
12957	2366.227865219116
12958	2250.098705291748
12958	2250.098705291748
12959	2580.441951751709
12959	2580.441951751709
12960	3352.980613708496
12960	3352.980613708496
12961	2600.249767303467
12961	2600.249767303467
12962	2434.4446659088135
12962	2434.4446659088135
12963	2535.8688831329346
12963	2535.8688831329346
12964	2548.7890243530273
12964	2548.7890243530273
12965	2701.9262313842773
12965	2701.9262313842773
12966	2664.358615875244
12966	2664.358615875244
12967	2174.166679382324
12967	2174.166679382324
12968	2481.8503856658936
12968	2481.8503856658936
12969	2471.2133407592773
12969	2471.2133407592773
12970	3167.755365371704
12970	3167.755365371704
12971	2417.6716804504395
12971	2417.6716804504395
12972	2265.2854919433594
12972	2265.2854919433594
12973	2658.8642597198486
12973	2658.8642597198486
12974	2519.191026687622
12974	2519.191026687622
12975	2669.7068214416504
12975	2669.7068214416504
12976	2479.3148040771484
12976	2479.3148040771484
12977	2653.7017822265625
12977	2653.7017822265625
12978	2031.1830043792725
12978	2031.1830043792725
12979	2196.1796283721924
12979	2196.1796283721924
12980	3245.66912651062
12980	3245.66912651062
12981	2238.7828826904297
12981	2238.7828826904297
12982	2726.693630218506
12982	2726.693630218506
12983	2694.5581436157227
12983	2694.5581436157227
12984	2786.0288619995117
12984	2786.0288619995117
12985	2399.8076915740967
12985	2399.8076915740967
12986	2670.391321182251
12986	2670.391321182251
12987	2675.6961345672607
12987	2675.6961345672607
12988	2718.6121940612793
12988	2718.6121940612793
12989	2608.760118484497
12989	2608.760118484497
12990	3035.1722240448
12990	3035.1722240448
12991	2273.6403942108154
12991	2273.6403942108154
12992	2515.2640342712402
12992	2515.2640342712402
12993	2687.507152557373
12993	2687.507152557373
12994	2533.5776805877686
12994	2533.5776805877686
12995	2577.336549758911
12995	2577.336549758911
12996	2747.8456497192383
12996	2747.8456497192383
12997	2600.6975173950195
12997	2600.6975173950195
12998	2770.475387573242
12998	2770.475387573242
12999	2808.8252544403076
12999	2808.8252544403076
13000	16798.811435699463
13000	16798.811435699463
13001	2502.37774848938
13001	2502.37774848938
13002	2332.2951793670654
13002	2332.2951793670654
13003	2451.2009620666504
13003	2451.2009620666504
13004	2563.2193088531494
13004	2563.2193088531494
13005	1481.6093444824219
13005	1481.6093444824219
13006	1669.4319248199463
13006	1669.4319248199463
13007	1573.6467838287354
13007	1573.6467838287354
13008	1668.0777072906494
13008	1668.0777072906494
13009	1541.837215423584
13009	1541.837215423584
13010	2288.3543968200684
13010	2288.3543968200684
13011	1602.5969982147217
13011	1602.5969982147217
13012	1639.7809982299805
13012	1639.7809982299805
13013	1608.332872390747
13013	1608.332872390747
13014	1628.6053657531738
13014	1628.6053657531738
13015	1657.9668521881104
13015	1657.9668521881104
13016	1455.7862281799316
13016	1455.7862281799316
13017	1592.9467678070068
13017	1592.9467678070068
13018	1585.9415531158447
13018	1585.9415531158447
13019	1495.3718185424805
13019	1495.3718185424805
13020	2344.606876373291
13020	2344.606876373291
13021	1681.7960739135742
13021	1681.7960739135742
13022	1606.1789989471436
13022	1606.1789989471436
13023	1543.0655479431152
13023	1543.0655479431152
13024	1695.3315734863281
13024	1695.3315734863281
13025	1600.7282733917236
13025	1600.7282733917236
13026	1643.324851989746
13026	1643.324851989746
13027	1535.1474285125732
13027	1535.1474285125732
13028	1409.548044204712
13028	1409.548044204712
13029	1603.6832332611084
13029	1603.6832332611084
13030	2309.6067905426025
13030	2309.6067905426025
13031	1659.7044467926025
13031	1659.7044467926025
13032	1495.7304000854492
13032	1495.7304000854492
13033	1659.0502262115479
13033	1659.0502262115479
13034	1557.978630065918
13034	1557.978630065918
13035	1698.5604763031006
13035	1698.5604763031006
13036	1573.6286640167236
13036	1573.6286640167236
13037	1531.0604572296143
13037	1531.0604572296143
13038	1553.4934997558594
13038	1553.4934997558594
13039	1612.0131015777588
13039	1612.0131015777588
13040	2311.6304874420166
13040	2311.6304874420166
13041	1319.8976516723633
13041	1319.8976516723633
13042	1463.3383750915527
13042	1463.3383750915527
13043	1651.698112487793
13043	1651.698112487793
13044	1741.3527965545654
13044	1741.3527965545654
13045	1603.4636497497559
13045	1603.4636497497559
13046	1559.9279403686523
13046	1559.9279403686523
13047	1654.1287899017334
13047	1654.1287899017334
13048	1592.6544666290283
13048	1592.6544666290283
13049	1736.6867065429688
13049	1736.6867065429688
13050	2232.5167655944824
13050	2232.5167655944824
13051	1512.3414993286133
13051	1512.3414993286133
13052	1626.8281936645508
13052	1626.8281936645508
13053	1564.6796226501465
13053	1564.6796226501465
13054	1544.602870941162
13054	1544.602870941162
13055	1594.4087505340576
13055	1594.4087505340576
13056	1604.330062866211
13056	1604.330062866211
13057	1456.9618701934814
13057	1456.9618701934814
13058	1528.9041996002197
13058	1528.9041996002197
13059	1670.886754989624
13059	1670.886754989624
13060	2190.0064945220947
13060	2190.0064945220947
13061	1565.098524093628
13061	1565.098524093628
13062	1680.0522804260254
13062	1680.0522804260254
13063	1413.9349460601807
13063	1413.9349460601807
13064	1499.0038871765137
13064	1499.0038871765137
13065	1425.255537033081
13065	1425.255537033081
13066	1580.6143283843994
13066	1580.6143283843994
13067	1632.6048374176025
13067	1632.6048374176025
13068	1604.623794555664
13068	1604.623794555664
13069	1548.2511520385742
13069	1548.2511520385742
13070	2228.586435317993
13070	2228.586435317993
13071	1699.6233463287354
13071	1699.6233463287354
13072	1620.609998703003
13072	1620.609998703003
13073	1492.3732280731201
13073	1492.3732280731201
13074	1514.7459506988525
13074	1514.7459506988525
13075	1347.9864597320557
13075	1347.9864597320557
13076	1362.2307777404785
13076	1362.2307777404785
13077	1233.4065437316895
13077	1233.4065437316895
13078	1489.4218444824219
13078	1489.4218444824219
13079	1365.807294845581
13079	1365.807294845581
13080	2048.8083362579346
13080	2048.8083362579346
13081	1365.285873413086
13081	1365.285873413086
13082	1672.9631423950195
13082	1672.9631423950195
13083	1430.5996894836426
13083	1430.5996894836426
13084	1601.9313335418701
13084	1601.9313335418701
13085	1525.0604152679443
13085	1525.0604152679443
13086	1625.4546642303467
13086	1625.4546642303467
13087	1712.6209735870361
13087	1712.6209735870361
13088	1679.896354675293
13088	1679.896354675293
13089	1658.9961051940918
13089	1658.9961051940918
13090	2223.0215072631836
13090	2223.0215072631836
13091	1555.4368495941162
13091	1555.4368495941162
13092	1607.2449684143066
13092	1607.2449684143066
13093	1561.9723796844482
13093	1561.9723796844482
13094	1610.4965209960938
13094	1610.4965209960938
13095	1508.9919567108154
13095	1508.9919567108154
13096	1663.7556552886963
13096	1663.7556552886963
13097	1542.405128479004
13097	1542.405128479004
13098	1557.9752922058105
13098	1557.9752922058105
13099	1588.2513523101807
13099	1588.2513523101807
13100	2411.8239879608154
13100	2411.8239879608154
13101	1598.7262725830078
13101	1598.7262725830078
13102	1633.8510513305664
13102	1633.8510513305664
13103	1621.936559677124
13103	1621.936559677124
13104	1415.163516998291
13104	1415.163516998291
13105	1661.6897583007812
13105	1661.6897583007812
13106	1450.4823684692383
13106	1450.4823684692383
13107	1608.6931228637695
13107	1608.6931228637695
13108	1558.2919120788574
13108	1558.2919120788574
13109	1572.5769996643066
13109	1572.5769996643066
13110	2254.727602005005
13110	2254.727602005005
13111	1543.5526371002197
13111	1543.5526371002197
13112	1527.510166168213
13112	1527.510166168213
13113	1706.2537670135498
13113	1706.2537670135498
13114	1593.4946537017822
13114	1593.4946537017822
13115	1571.655035018921
13115	1571.655035018921
13116	1664.1731262207031
13116	1664.1731262207031
13117	1688.8916492462158
13117	1688.8916492462158
13118	1707.815408706665
13118	1707.815408706665
13119	1633.4691047668457
13119	1633.4691047668457
13120	2440.6371116638184
13120	2440.6371116638184
13121	1595.0381755828857
13121	1595.0381755828857
13122	1714.453935623169
13122	1714.453935623169
13123	1451.4691829681396
13123	1451.4691829681396
13124	1586.8027210235596
13124	1586.8027210235596
13125	1601.632833480835
13125	1601.632833480835
13126	1475.1622676849365
13126	1475.1622676849365
13127	1405.491590499878
13127	1405.491590499878
13128	1445.5926418304443
13128	1445.5926418304443
13129	1668.457269668579
13129	1668.457269668579
13130	2061.0077381134033
13130	2061.0077381134033
13131	1519.5529460906982
13131	1519.5529460906982
13132	1520.4758644104004
13132	1520.4758644104004
13133	1521.4591026306152
13133	1521.4591026306152
13134	1616.1770820617676
13134	1616.1770820617676
13135	1600.013017654419
13135	1600.013017654419
13136	1619.279146194458
13136	1619.279146194458
13137	1608.593463897705
13137	1608.593463897705
13138	1610.1951599121094
13138	1610.1951599121094
13139	1578.3827304840088
13139	1578.3827304840088
13140	2237.806558609009
13140	2237.806558609009
13141	1550.3511428833008
13141	1550.3511428833008
13142	1499.49312210083
13142	1499.49312210083
13143	1445.5761909484863
13143	1445.5761909484863
13144	1715.0967121124268
13144	1715.0967121124268
13145	1434.4141483306885
13145	1434.4141483306885
13146	1532.6173305511475
13146	1532.6173305511475
13147	1636.343240737915
13147	1636.343240737915
13148	1569.8132514953613
13148	1569.8132514953613
13149	2001.335859298706
13149	2001.335859298706
13150	2202.9662132263184
13150	2202.9662132263184
13151	1626.225471496582
13151	1626.225471496582
13152	2283.503770828247
13152	2283.503770828247
13153	2418.665885925293
13153	2418.665885925293
13154	2414.238929748535
13154	2414.238929748535
13155	2399.462938308716
13155	2399.462938308716
13156	2527.864694595337
13156	2527.864694595337
13157	2404.101848602295
13157	2404.101848602295
13158	2453.8369178771973
13158	2453.8369178771973
13159	2610.5706691741943
13159	2610.5706691741943
13160	3253.5672187805176
13160	3253.5672187805176
13161	2890.549421310425
13161	2890.549421310425
13162	2748.02303314209
13162	2748.02303314209
13163	2779.550075531006
13163	2779.550075531006
13164	2782.136917114258
13164	2782.136917114258
13165	2905.475616455078
13165	2905.475616455078
13166	2767.240285873413
13166	2767.240285873413
13167	2495.2545166015625
13167	2495.2545166015625
13168	2774.94478225708
13168	2774.94478225708
13169	2670.997381210327
13169	2670.997381210327
13170	3367.9280281066895
13170	3367.9280281066895
13171	2970.6525802612305
13171	2970.6525802612305
13172	1737.088680267334
13172	1737.088680267334
13173	1845.9689617156982
13173	1845.9689617156982
13174	2572.265386581421
13174	2572.265386581421
13175	2573.9855766296387
13175	2573.9855766296387
13176	2678.7991523742676
13176	2678.7991523742676
13177	2605.926513671875
13177	2605.926513671875
13178	2686.333179473877
13178	2686.333179473877
13179	2763.385057449341
13179	2763.385057449341
13180	3152.703046798706
13180	3152.703046798706
13181	2713.8352394104004
13181	2713.8352394104004
13182	2600.2185344696045
13182	2600.2185344696045
13183	2883.5020065307617
13183	2883.5020065307617
13184	2507.706880569458
13184	2507.706880569458
13185	2740.297317504883
13185	2740.297317504883
13186	2186.306953430176
13186	2186.306953430176
13187	2289.0090942382812
13187	2289.0090942382812
13188	2181.575059890747
13188	2181.575059890747
13189	2546.1010932922363
13189	2546.1010932922363
13190	3436.8197917938232
13190	3436.8197917938232
13191	2597.0633029937744
13191	2597.0633029937744
13192	2490.882396697998
13192	2490.882396697998
13193	2756.5271854400635
13193	2756.5271854400635
13194	2639.0576362609863
13194	2639.0576362609863
13195	2684.18288230896
13195	2684.18288230896
13196	2823.0419158935547
13196	2823.0419158935547
13197	2763.3578777313232
13197	2763.3578777313232
13198	2826.6544342041016
13198	2826.6544342041016
13199	2751.30558013916
13199	2751.30558013916
13200	3031.41450881958
13200	3031.41450881958
13201	2294.156074523926
13201	2294.156074523926
13202	2511.671543121338
13202	2511.671543121338
13203	2352.5633811950684
13203	2352.5633811950684
13204	2439.873218536377
13204	2439.873218536377
13205	2359.198570251465
13205	2359.198570251465
13206	2835.4575634002686
13206	2835.4575634002686
13207	2479.22945022583
13207	2479.22945022583
13208	2441.533327102661
13208	2441.533327102661
13209	2681.0176372528076
13209	2681.0176372528076
13210	3345.6461429595947
13210	3345.6461429595947
13211	2523.0753421783447
13211	2523.0753421783447
13212	2854.3617725372314
13212	2854.3617725372314
13213	2601.2089252471924
13213	2601.2089252471924
13214	2697.2529888153076
13214	2697.2529888153076
13215	2799.4112968444824
13215	2799.4112968444824
13216	2763.162136077881
13216	2763.162136077881
13217	2774.009943008423
13217	2774.009943008423
13218	2260.3654861450195
13218	2260.3654861450195
13219	2662.3587608337402
13219	2662.3587608337402
13220	3113.644599914551
13220	3113.644599914551
13221	2683.434247970581
13221	2683.434247970581
13222	2547.61004447937
13222	2547.61004447937
13223	2680.4628372192383
13223	2680.4628372192383
13224	2657.5534343719482
13224	2657.5534343719482
13225	2866.2936687469482
13225	2866.2936687469482
13226	2755.146026611328
13226	2755.146026611328
13227	2538.515329360962
13227	2538.515329360962
13228	2686.7241859436035
13228	2686.7241859436035
13229	2582.5247764587402
13229	2582.5247764587402
13230	3191.2572383880615
13230	3191.2572383880615
13231	2848.1268882751465
13231	2848.1268882751465
13232	2815.0253295898438
13232	2815.0253295898438
13233	2608.0849170684814
13233	2608.0849170684814
13234	2764.9459838867188
13234	2764.9459838867188
13235	2525.611400604248
13235	2525.611400604248
13236	2264.8677825927734
13236	2264.8677825927734
13237	2096.811056137085
13237	2096.811056137085
13238	2175.7137775421143
13238	2175.7137775421143
13239	2401.8161296844482
13239	2401.8161296844482
13240	3269.627332687378
13240	3269.627332687378
13241	2563.4117126464844
13241	2563.4117126464844
13242	2596.7259407043457
13242	2596.7259407043457
13243	2695.6491470336914
13243	2695.6491470336914
13244	2711.949348449707
13244	2711.949348449707
13245	2610.877513885498
13245	2610.877513885498
13246	2858.677387237549
13246	2858.677387237549
13247	2707.7090740203857
13247	2707.7090740203857
13248	2803.5807609558105
13248	2803.5807609558105
13249	2762.267589569092
13249	2762.267589569092
13250	3198.8301277160645
13250	3198.8301277160645
13251	2589.6575450897217
13251	2589.6575450897217
13252	2210.237741470337
13252	2210.237741470337
13253	2428.516387939453
13253	2428.516387939453
13254	2610.8202934265137
13254	2610.8202934265137
13255	2541.05281829834
13255	2541.05281829834
13256	2364.985227584839
13256	2364.985227584839
13257	2586.134910583496
13257	2586.134910583496
13258	2352.612257003784
13258	2352.612257003784
13259	2425.503730773926
13259	2425.503730773926
13260	3356.4178943634033
13260	3356.4178943634033
13261	2659.5897674560547
13261	2659.5897674560547
13262	2600.968837738037
13262	2600.968837738037
13263	2768.2571411132812
13263	2768.2571411132812
13264	2175.682783126831
13264	2175.682783126831
13265	2748.1446266174316
13265	2748.1446266174316
13266	2714.332342147827
13266	2714.332342147827
13267	2964.7510051727295
13267	2964.7510051727295
13268	2717.6482677459717
13268	2717.6482677459717
13269	2617.0494556427
13269	2617.0494556427
13270	2912.9512310028076
13270	2912.9512310028076
13271	2391.6866779327393
13271	2391.6866779327393
13272	2549.226999282837
13272	2549.226999282837
13273	2752.3210048675537
13273	2752.3210048675537
13274	2496.9263076782227
13274	2496.9263076782227
13275	2623.3386993408203
13275	2623.3386993408203
13276	2643.480062484741
13276	2643.480062484741
13277	2572.1969604492188
13277	2572.1969604492188
13278	2698.490858078003
13278	2698.490858078003
13279	2676.00154876709
13279	2676.00154876709
13280	3024.859666824341
13280	3024.859666824341
13281	2552.2103309631348
13281	2552.2103309631348
13282	2371.321678161621
13282	2371.321678161621
13283	2562.66188621521
13283	2562.66188621521
13284	2599.705934524536
13284	2599.705934524536
13285	2687.757730484009
13285	2687.757730484009
13286	2521.705389022827
13286	2521.705389022827
13287	2719.5048332214355
13287	2719.5048332214355
13288	2870.9585666656494
13288	2870.9585666656494
13289	2660.7415676116943
13289	2660.7415676116943
13290	3075.7083892822266
13290	3075.7083892822266
13291	2138.9856338500977
13291	2138.9856338500977
13292	2527.150869369507
13292	2527.150869369507
13293	2156.830310821533
13293	2156.830310821533
13294	2487.755537033081
13294	2487.755537033081
13295	2703.585386276245
13295	2703.585386276245
13296	2671.616792678833
13296	2671.616792678833
13297	2630.485773086548
13297	2630.485773086548
13298	2658.535957336426
13298	2658.535957336426
13299	2677.419900894165
13299	2677.419900894165
13300	3452.611207962036
13300	3452.611207962036
13301	2737.7102375030518
13301	2737.7102375030518
13302	2409.284830093384
13302	2409.284830093384
13303	2657.5772762298584
13303	2657.5772762298584
13304	2052.8340339660645
13304	2052.8340339660645
13305	2043.3158874511719
13305	2043.3158874511719
13306	2110.3436946868896
13306	2110.3436946868896
13307	2539.2258167266846
13307	2539.2258167266846
13308	2610.7685565948486
13308	2610.7685565948486
13309	2623.3997344970703
13309	2623.3997344970703
13310	3211.012125015259
13310	3211.012125015259
13311	2683.7522983551025
13311	2683.7522983551025
13312	2599.4014739990234
13312	2599.4014739990234
13313	2756.5131187438965
13313	2756.5131187438965
13314	2685.296058654785
13314	2685.296058654785
13315	2357.767343521118
13315	2357.767343521118
13316	2334.3656063079834
13316	2334.3656063079834
13317	2677.996873855591
13317	2677.996873855591
13318	2575.035810470581
13318	2575.035810470581
13319	2733.8483333587646
13319	2733.8483333587646
13320	3276.825428009033
13320	3276.825428009033
13321	2494.9846267700195
13321	2494.9846267700195
13322	2609.5499992370605
13322	2609.5499992370605
13323	2577.415704727173
13323	2577.415704727173
13324	2759.385585784912
13324	2759.385585784912
13325	2859.4086170196533
13325	2859.4086170196533
13326	2703.3369541168213
13326	2703.3369541168213
13327	2258.2762241363525
13327	2258.2762241363525
13328	2186.56325340271
13328	2186.56325340271
13329	2479.9516201019287
13329	2479.9516201019287
13330	2849.816083908081
13330	2849.816083908081
13331	2416.491985321045
13331	2416.491985321045
13332	2535.4464054107666
13332	2535.4464054107666
13333	2580.616235733032
13333	2580.616235733032
13334	2475.0430583953857
13334	2475.0430583953857
13335	2484.5404624938965
13335	2484.5404624938965
13336	2668.9090728759766
13336	2668.9090728759766
13337	1904.865026473999
13337	1904.865026473999
13338	1247.1752166748047
13338	1247.1752166748047
13339	1343.1484699249268
13339	1343.1484699249268
13340	2038.3224487304688
13340	2038.3224487304688
13341	1392.2958374023438
13341	1392.2958374023438
13342	1370.3868389129639
13342	1370.3868389129639
13343	1376.662015914917
13343	1376.662015914917
13344	1257.0183277130127
13344	1257.0183277130127
13345	1870.0006008148193
13345	1870.0006008148193
13346	1611.5036010742188
13346	1611.5036010742188
13347	1734.4727516174316
13347	1734.4727516174316
13348	1631.0746669769287
13348	1631.0746669769287
13349	1579.3871879577637
13349	1579.3871879577637
13350	2242.5687313079834
13350	2242.5687313079834
13351	1609.5643043518066
13351	1609.5643043518066
13352	1598.1595516204834
13352	1598.1595516204834
13353	1578.9830684661865
13353	1578.9830684661865
13354	1501.6803741455078
13354	1501.6803741455078
13355	1688.417911529541
13355	1688.417911529541
13356	1473.1712341308594
13356	1473.1712341308594
13357	1662.689208984375
13357	1662.689208984375
13358	1612.5612258911133
13358	1612.5612258911133
13359	1588.3290767669678
13359	1588.3290767669678
13360	2199.360132217407
13360	2199.360132217407
13361	1550.4438877105713
13361	1550.4438877105713
13362	1630.687952041626
13362	1630.687952041626
13363	1570.8644390106201
13363	1570.8644390106201
13364	1628.2429695129395
13364	1628.2429695129395
13365	1628.8113594055176
13365	1628.8113594055176
13366	1489.8579120635986
13366	1489.8579120635986
13367	1562.3574256896973
13367	1562.3574256896973
13368	1491.4896488189697
13368	1491.4896488189697
13369	1627.6614665985107
13369	1627.6614665985107
13370	2373.0685710906982
13370	2373.0685710906982
13371	1558.2873821258545
13371	1558.2873821258545
13372	1669.0177917480469
13372	1669.0177917480469
13373	1501.265048980713
13373	1501.265048980713
13374	1776.9248485565186
13374	1776.9248485565186
13375	1551.1009693145752
13375	1551.1009693145752
13376	1715.6565189361572
13376	1715.6565189361572
13377	1565.7014846801758
13377	1565.7014846801758
13378	1704.958200454712
13378	1704.958200454712
13379	1628.798007965088
13379	1628.798007965088
13380	2207.1101665496826
13380	2207.1101665496826
13381	1570.2660083770752
13381	1570.2660083770752
13382	1741.5499687194824
13382	1741.5499687194824
13383	1601.3836860656738
13383	1601.3836860656738
13384	1610.6536388397217
13384	1610.6536388397217
13385	1543.1439876556396
13385	1543.1439876556396
13386	1514.4379138946533
13386	1514.4379138946533
13387	1633.1040859222412
13387	1633.1040859222412
13388	1704.9829959869385
13388	1704.9829959869385
13389	1490.100383758545
13389	1490.100383758545
13390	2285.792589187622
13390	2285.792589187622
13391	1602.034330368042
13391	1602.034330368042
13392	1725.0370979309082
13392	1725.0370979309082
13393	1651.5753269195557
13393	1651.5753269195557
13394	1678.976058959961
13394	1678.976058959961
13395	1583.547592163086
13395	1583.547592163086
13396	1577.0883560180664
13396	1577.0883560180664
13397	1512.8169059753418
13397	1512.8169059753418
13398	1556.595802307129
13398	1556.595802307129
13399	1563.5900497436523
13399	1563.5900497436523
13400	2392.3513889312744
13400	2392.3513889312744
13401	1581.8140506744385
13401	1581.8140506744385
13402	1673.0968952178955
13402	1673.0968952178955
13403	1603.0142307281494
13403	1603.0142307281494
13404	1811.0017776489258
13404	1811.0017776489258
13405	1533.559799194336
13405	1533.559799194336
13406	1744.2963123321533
13406	1744.2963123321533
13407	1654.4196605682373
13407	1654.4196605682373
13408	1684.967279434204
13408	1684.967279434204
13409	1648.5671997070312
13409	1648.5671997070312
13410	2236.502170562744
13410	2236.502170562744
13411	1603.325605392456
13411	1603.325605392456
13412	1564.9309158325195
13412	1564.9309158325195
13413	1621.3483810424805
13413	1621.3483810424805
13414	1473.644733428955
13414	1473.644733428955
13415	1572.2947120666504
13415	1572.2947120666504
13416	1688.544750213623
13416	1688.544750213623
13417	1554.978847503662
13417	1554.978847503662
13418	1250.2257823944092
13418	1250.2257823944092
13419	1215.7838344573975
13419	1215.7838344573975
13420	2068.772077560425
13420	2068.772077560425
13421	1502.406358718872
13421	1502.406358718872
13422	1385.5218887329102
13422	1385.5218887329102
13423	1398.6024856567383
13423	1398.6024856567383
13424	1384.9115371704102
13424	1384.9115371704102
13425	1904.9603939056396
13425	1904.9603939056396
13426	1134.507656097412
13426	1134.507656097412
13427	1247.8349208831787
13427	1247.8349208831787
13428	1149.3349075317383
13428	1149.3349075317383
13429	1258.8903903961182
13429	1258.8903903961182
13430	2010.0018978118896
13430	2010.0018978118896
13431	1428.131341934204
13431	1428.131341934204
13432	1282.1485996246338
13432	1282.1485996246338
13433	1384.1073513031006
13433	1384.1073513031006
13434	1365.2973175048828
13434	1365.2973175048828
13435	1288.4232997894287
13435	1288.4232997894287
13436	1259.8536014556885
13436	1259.8536014556885
13437	1193.3131217956543
13437	1193.3131217956543
13438	1088.5541439056396
13438	1088.5541439056396
13439	1261.6493701934814
13439	1261.6493701934814
13440	1845.6666469573975
13440	1845.6666469573975
13441	1161.3523960113525
13441	1161.3523960113525
13442	1192.8176879882812
13442	1192.8176879882812
13443	1140.1362419128418
13443	1140.1362419128418
13444	1265.2220726013184
13444	1265.2220726013184
13445	1145.8005905151367
13445	1145.8005905151367
13446	1530.693769454956
13446	1530.693769454956
13447	1492.0933246612549
13447	1492.0933246612549
13448	1744.3087100982666
13448	1744.3087100982666
13449	1570.997953414917
13449	1570.997953414917
13450	2325.6964683532715
13450	2325.6964683532715
13451	1644.3538665771484
13451	1644.3538665771484
13452	1524.09029006958
13452	1524.09029006958
13453	1602.830171585083
13453	1602.830171585083
13454	1547.7027893066406
13454	1547.7027893066406
13455	1560.117483139038
13455	1560.117483139038
13456	1785.0494384765625
13456	1785.0494384765625
13457	1446.3369846343994
13457	1446.3369846343994
13458	1597.3198413848877
13458	1597.3198413848877
13459	1563.2104873657227
13459	1563.2104873657227
13460	2312.0675086975098
13460	2312.0675086975098
13461	1593.2285785675049
13461	1593.2285785675049
13462	1594.4461822509766
13462	1594.4461822509766
13463	1561.74635887146
13463	1561.74635887146
13464	1583.1589698791504
13464	1583.1589698791504
13465	1743.8480854034424
13465	1743.8480854034424
13466	1672.987937927246
13466	1672.987937927246
13467	1504.523515701294
13467	1504.523515701294
13468	1459.6219062805176
13468	1459.6219062805176
13469	1510.9484195709229
13469	1510.9484195709229
13470	2184.145450592041
13470	2184.145450592041
13471	1613.5311126708984
13471	1613.5311126708984
13472	1736.969232559204
13472	1736.969232559204
13473	1736.6831302642822
13473	1736.6831302642822
13474	1556.9171905517578
13474	1556.9171905517578
13475	1745.267629623413
13475	1745.267629623413
13476	1605.3576469421387
13476	1605.3576469421387
13477	1728.0664443969727
13477	1728.0664443969727
13478	1570.7104206085205
13478	1570.7104206085205
13479	1810.5459213256836
13479	1810.5459213256836
13480	2114.513397216797
13480	2114.513397216797
13481	1446.1026191711426
13481	1446.1026191711426
13482	1516.160249710083
13482	1516.160249710083
13483	1624.5815753936768
13483	1624.5815753936768
13484	2300.713539123535
13484	2300.713539123535
13485	1621.5543746948242
13485	1621.5543746948242
13486	1587.6641273498535
13486	1587.6641273498535
13487	2301.539421081543
13487	2301.539421081543
13488	2280.9510231018066
13488	2280.9510231018066
13489	2421.3571548461914
13489	2421.3571548461914
13490	3085.204601287842
13490	3085.204601287842
13491	2533.6015224456787
13491	2533.6015224456787
13492	2426.0830879211426
13492	2426.0830879211426
13493	2639.601707458496
13493	2639.601707458496
13494	2430.140256881714
13494	2430.140256881714
13495	2664.318799972534
13495	2664.318799972534
13496	2736.560106277466
13496	2736.560106277466
13497	2706.897735595703
13497	2706.897735595703
13498	2763.1025314331055
13498	2763.1025314331055
13499	2694.199323654175
13499	2694.199323654175
13500	10763.851165771484
13500	10763.851165771484
13501	2644.1383361816406
13501	2644.1383361816406
13502	2839.7607803344727
13502	2839.7607803344727
13503	2626.225471496582
13503	2626.225471496582
13504	2595.921516418457
13504	2595.921516418457
13505	2651.772975921631
13505	2651.772975921631
13506	2780.4551124572754
13506	2780.4551124572754
13507	2715.834617614746
13507	2715.834617614746
13508	2763.9923095703125
13508	2763.9923095703125
13509	2214.637279510498
13509	2214.637279510498
13510	2941.497802734375
13510	2941.497802734375
13511	2392.4763202667236
13511	2392.4763202667236
13512	2459.9461555480957
13512	2459.9461555480957
13513	2732.328176498413
13513	2732.328176498413
13514	2695.322036743164
13514	2695.322036743164
13515	2844.5844650268555
13515	2844.5844650268555
13516	2495.270013809204
13516	2495.270013809204
13517	2740.427255630493
13517	2740.427255630493
13518	2803.8294315338135
13518	2803.8294315338135
13519	2624.6633529663086
13519	2624.6633529663086
13520	3445.0418949127197
13520	3445.0418949127197
13521	2478.745460510254
13521	2478.745460510254
13522	2540.00186920166
13522	2540.00186920166
13523	2513.489246368408
13523	2513.489246368408
13524	2853.1219959259033
13524	2853.1219959259033
13525	2902.6572704315186
13525	2902.6572704315186
13526	2674.6864318847656
13526	2674.6864318847656
13527	2481.506824493408
13527	2481.506824493408
13528	2371.6044425964355
13528	2371.6044425964355
13529	2588.7680053710938
13529	2588.7680053710938
13530	3270.925521850586
13530	3270.925521850586
13531	2601.865768432617
13531	2601.865768432617
13532	2738.731622695923
13532	2738.731622695923
13533	2479.8922538757324
13533	2479.8922538757324
13534	2656.8973064422607
13534	2656.8973064422607
13535	2490.6818866729736
13535	2490.6818866729736
13536	2699.7787952423096
13536	2699.7787952423096
13537	2522.660970687866
13537	2522.660970687866
13538	2731.6341400146484
13538	2731.6341400146484
13539	2815.1397705078125
13539	2815.1397705078125
13540	3471.789836883545
13540	3471.789836883545
13541	2582.350492477417
13541	2582.350492477417
13542	2425.8854389190674
13542	2425.8854389190674
13543	2417.9399013519287
13543	2417.9399013519287
13544	2684.5247745513916
13544	2684.5247745513916
13545	2299.785375595093
13545	2299.785375595093
13546	2883.136749267578
13546	2883.136749267578
13547	2544.1253185272217
13547	2544.1253185272217
13548	2907.6781272888184
13548	2907.6781272888184
13549	2889.4119262695312
13549	2889.4119262695312
13550	3194.7436332702637
13550	3194.7436332702637
13551	3003.7968158721924
13551	3003.7968158721924
13552	2886.15083694458
13552	2886.15083694458
13553	3034.867286682129
13553	3034.867286682129
13554	2759.3953609466553
13554	2759.3953609466553
13555	3093.4550762176514
13555	3093.4550762176514
13556	2925.3265857696533
13556	2925.3265857696533
13557	3424.3032932281494
13557	3424.3032932281494
13558	2786.900043487549
13558	2786.900043487549
13559	2937.182903289795
13559	2937.182903289795
13560	3365.27943611145
13560	3365.27943611145
13561	2203.9458751678467
13561	2203.9458751678467
13562	2348.745107650757
13562	2348.745107650757
13563	2474.8287200927734
13563	2474.8287200927734
13564	2535.4249477386475
13564	2535.4249477386475
13565	2620.2120780944824
13565	2620.2120780944824
13566	2759.1259479522705
13566	2759.1259479522705
13567	2491.462230682373
13567	2491.462230682373
13568	2705.984115600586
13568	2705.984115600586
13569	2689.157009124756
13569	2689.157009124756
13570	3439.8930072784424
13570	3439.8930072784424
13571	2604.99906539917
13571	2604.99906539917
13572	2883.594751358032
13572	2883.594751358032
13573	2684.248924255371
13573	2684.248924255371
13574	2925.9438514709473
13574	2925.9438514709473
13575	2555.8395385742188
13575	2555.8395385742188
13576	2330.75213432312
13576	2330.75213432312
13577	2129.711866378784
13577	2129.711866378784
13578	2570.143461227417
13578	2570.143461227417
13579	2622.441530227661
13579	2622.441530227661
13580	3355.508327484131
13580	3355.508327484131
13581	2567.8327083587646
13581	2567.8327083587646
13582	2466.1831855773926
13582	2466.1831855773926
13583	2791.8055057525635
13583	2791.8055057525635
13584	2725.5027294158936
13584	2725.5027294158936
13585	2684.0338706970215
13585	2684.0338706970215
13586	2659.2929363250732
13586	2659.2929363250732
13587	2604.360580444336
13587	2604.360580444336
13588	2719.633102416992
13588	2719.633102416992
13589	2886.3325119018555
13589	2886.3325119018555
13590	3410.3193283081055
13590	3410.3193283081055
13591	2818.9516067504883
13591	2818.9516067504883
13592	2852.107048034668
13592	2852.107048034668
13593	2231.419801712036
13593	2231.419801712036
13594	2475.421905517578
13594	2475.421905517578
13595	2583.578109741211
13595	2583.578109741211
13596	2406.238794326782
13596	2406.238794326782
13597	2790.607452392578
13597	2790.607452392578
13598	2661.4911556243896
13598	2661.4911556243896
13599	2770.4644203186035
13599	2770.4644203186035
13600	3275.8255004882812
13600	3275.8255004882812
13601	2651.013135910034
13601	2651.013135910034
13602	2826.193332672119
13602	2826.193332672119
13603	2707.5459957122803
13603	2707.5459957122803
13604	2840.37184715271
13604	2840.37184715271
13605	2524.5296955108643
13605	2524.5296955108643
13606	2221.5726375579834
13606	2221.5726375579834
13607	2420.9609031677246
13607	2420.9609031677246
13608	2169.1431999206543
13608	2169.1431999206543
13609	2213.087320327759
13609	2213.087320327759
13610	3288.8541221618652
13610	3288.8541221618652
13611	2756.294012069702
13611	2756.294012069702
13612	2704.8962116241455
13612	2704.8962116241455
13613	2893.620491027832
13613	2893.620491027832
13614	2681.1044216156006
13614	2681.1044216156006
13615	2618.6423301696777
13615	2618.6423301696777
13616	2717.0376777648926
13616	2717.0376777648926
13617	2643.946647644043
13617	2643.946647644043
13618	2660.1688861846924
13618	2660.1688861846924
13619	2801.9561767578125
13619	2801.9561767578125
13620	3503.751754760742
13620	3503.751754760742
13621	2832.153558731079
13621	2832.153558731079
13622	2890.1216983795166
13622	2890.1216983795166
13623	2299.0925312042236
13623	2299.0925312042236
13624	2481.419086456299
13624	2481.419086456299
13625	2500.260353088379
13625	2500.260353088379
13626	2527.5862216949463
13626	2527.5862216949463
13627	2612.3249530792236
13627	2612.3249530792236
13628	2705.571174621582
13628	2705.571174621582
13629	2450.047492980957
13629	2450.047492980957
13630	3309.685230255127
13630	3309.685230255127
13631	2610.8920574188232
13631	2610.8920574188232
13632	2716.991662979126
13632	2716.991662979126
13633	2744.469404220581
13633	2744.469404220581
13634	2817.4562454223633
13634	2817.4562454223633
13635	2819.765090942383
13635	2819.765090942383
13636	2350.9140014648438
13636	2350.9140014648438
13637	2126.3115406036377
13637	2126.3115406036377
13638	2568.4542655944824
13638	2568.4542655944824
13639	2649.0070819854736
13639	2649.0070819854736
13640	3365.3926849365234
13640	3365.3926849365234
13641	2533.8759422302246
13641	2533.8759422302246
13642	2878.840446472168
13642	2878.840446472168
13643	2697.868824005127
13643	2697.868824005127
13644	2831.920385360718
13644	2831.920385360718
13645	2747.03049659729
13645	2747.03049659729
13646	2784.909963607788
13646	2784.909963607788
13647	2728.855609893799
13647	2728.855609893799
13648	2867.91729927063
13648	2867.91729927063
13649	2557.267665863037
13649	2557.267665863037
13650	3398.163318634033
13650	3398.163318634033
13651	2431.702136993408
13651	2431.702136993408
13652	2360.151529312134
13652	2360.151529312134
13653	2652.1947383880615
13653	2652.1947383880615
13654	2595.055103302002
13654	2595.055103302002
13655	2392.518997192383
13655	2392.518997192383
13656	2569.632053375244
13656	2569.632053375244
13657	2662.2109413146973
13657	2662.2109413146973
13658	2655.7281017303467
13658	2655.7281017303467
13659	2683.3205223083496
13659	2683.3205223083496
13660	3113.3761405944824
13660	3113.3761405944824
13661	2264.730215072632
13661	2264.730215072632
13662	2486.4814281463623
13662	2486.4814281463623
13663	2539.921998977661
13663	2539.921998977661
13664	2532.3703289031982
13664	2532.3703289031982
13665	2629.4100284576416
13665	2629.4100284576416
13666	2787.3594760894775
13666	2787.3594760894775
13667	2777.934789657593
13667	2777.934789657593
13668	2759.2790126800537
13668	2759.2790126800537
13669	2490.128517150879
13669	2490.128517150879
13670	3265.1844024658203
13670	3265.1844024658203
13671	2365.757465362549
13671	2365.757465362549
13672	2676.99933052063
13672	2676.99933052063
13673	2592.8940773010254
13673	2592.8940773010254
13674	2093.9583778381348
13674	2093.9583778381348
13675	1452.8834819793701
13675	1452.8834819793701
13676	1529.8709869384766
13676	1529.8709869384766
13677	1634.3512535095215
13677	1634.3512535095215
13678	1653.3043384552002
13678	1653.3043384552002
13679	1602.064609527588
13679	1602.064609527588
13680	2214.88618850708
13680	2214.88618850708
13681	1741.2447929382324
13681	1741.2447929382324
13682	1577.3251056671143
13682	1577.3251056671143
13683	1627.1064281463623
13683	1627.1064281463623
13684	1562.5269412994385
13684	1562.5269412994385
13685	1646.5733051300049
13685	1646.5733051300049
13686	1534.5497131347656
13686	1534.5497131347656
13687	1474.2588996887207
13687	1474.2588996887207
13688	1612.281322479248
13688	1612.281322479248
13689	1627.84743309021
13689	1627.84743309021
13690	2367.4747943878174
13690	2367.4747943878174
13691	1643.0425643920898
13691	1643.0425643920898
13692	1685.7597827911377
13692	1685.7597827911377
13693	1470.7739353179932
13693	1470.7739353179932
13694	1622.0011711120605
13694	1622.0011711120605
13695	1248.2595443725586
13695	1248.2595443725586
13696	1403.2046794891357
13696	1403.2046794891357
13697	1403.846263885498
13697	1403.846263885498
13698	1443.7568187713623
13698	1443.7568187713623
13699	1368.818759918213
13699	1368.818759918213
13700	2184.7658157348633
13700	2184.7658157348633
13701	1375.7624626159668
13701	1375.7624626159668
13702	1564.0316009521484
13702	1564.0316009521484
13703	1273.477554321289
13703	1273.477554321289
13704	1139.3492221832275
13704	1139.3492221832275
13705	1591.8517112731934
13705	1591.8517112731934
13706	1652.4195671081543
13706	1652.4195671081543
13707	1755.4197311401367
13707	1755.4197311401367
13708	1571.265697479248
13708	1571.265697479248
13709	1479.5942306518555
13709	1479.5942306518555
13710	2354.2590141296387
13710	2354.2590141296387
13711	1575.1595497131348
13711	1575.1595497131348
13712	1745.1019287109375
13712	1745.1019287109375
13713	1507.544994354248
13713	1507.544994354248
13714	1494.4815635681152
13714	1494.4815635681152
13715	1493.5276508331299
13715	1493.5276508331299
13716	1605.588436126709
13716	1605.588436126709
13717	1620.9213733673096
13717	1620.9213733673096
13718	1480.952501296997
13718	1480.952501296997
13719	1619.760274887085
13719	1619.760274887085
13720	2072.643518447876
13720	2072.643518447876
13721	1748.5101222991943
13721	1748.5101222991943
13722	1623.8007545471191
13722	1623.8007545471191
13723	1696.6533660888672
13723	1696.6533660888672
13724	1466.9747352600098
13724	1466.9747352600098
13725	1645.0376510620117
13725	1645.0376510620117
13726	1573.5270977020264
13726	1573.5270977020264
13727	1823.040246963501
13727	1823.040246963501
13728	1713.1431102752686
13728	1713.1431102752686
13729	1776.3481140136719
13729	1776.3481140136719
13730	2299.7453212738037
13730	2299.7453212738037
13731	1482.4419021606445
13731	1482.4419021606445
13732	1649.5318412780762
13732	1649.5318412780762
13733	1669.546365737915
13733	1669.546365737915
13734	1354.6223640441895
13734	1354.6223640441895
13735	1615.4146194458008
13735	1615.4146194458008
13736	1585.6142044067383
13736	1585.6142044067383
13737	1531.7423343658447
13737	1531.7423343658447
13738	1633.2392692565918
13738	1633.2392692565918
13739	1565.4702186584473
13739	1565.4702186584473
13740	2307.5549602508545
13740	2307.5549602508545
13741	1413.1410121917725
13741	1413.1410121917725
13742	1694.1394805908203
13742	1694.1394805908203
13743	1579.038381576538
13743	1579.038381576538
13744	1610.6348037719727
13744	1610.6348037719727
13745	1584.8932266235352
13745	1584.8932266235352
13746	1510.5345249176025
13746	1510.5345249176025
13747	1578.766107559204
13747	1578.766107559204
13748	1561.406135559082
13748	1561.406135559082
13749	1757.1797370910645
13749	1757.1797370910645
13750	2244.659423828125
13750	2244.659423828125
13751	1424.6017932891846
13751	1424.6017932891846
13752	1645.3547477722168
13752	1645.3547477722168
13753	1455.8234214782715
13753	1455.8234214782715
13754	1696.2883472442627
13754	1696.2883472442627
13755	1515.9931182861328
13755	1515.9931182861328
13756	1696.2149143218994
13756	1696.2149143218994
13757	1575.9801864624023
13757	1575.9801864624023
13758	1574.415683746338
13758	1574.415683746338
13759	1522.1571922302246
13759	1522.1571922302246
13760	2274.111032485962
13760	2274.111032485962
13761	1470.60227394104
13761	1470.60227394104
13762	1609.7183227539062
13762	1609.7183227539062
13763	1602.231740951538
13763	1602.231740951538
13764	1679.6596050262451
13764	1679.6596050262451
13765	1546.1173057556152
13765	1546.1173057556152
13766	1583.7743282318115
13766	1583.7743282318115
13767	1716.0069942474365
13767	1716.0069942474365
13768	1444.6172714233398
13768	1444.6172714233398
13769	1784.7862243652344
13769	1784.7862243652344
13770	2149.8095989227295
13770	2149.8095989227295
13771	1592.561960220337
13771	1592.561960220337
13772	1519.7551250457764
13772	1519.7551250457764
13773	1470.6881046295166
13773	1470.6881046295166
13774	1587.2747898101807
13774	1587.2747898101807
13775	1430.1068782806396
13775	1430.1068782806396
13776	1372.647762298584
13776	1372.647762298584
13777	1412.5282764434814
13777	1412.5282764434814
13778	1498.8110065460205
13778	1498.8110065460205
13779	1386.3334655761719
13779	1386.3334655761719
13780	2147.3031044006348
13780	2147.3031044006348
13781	1392.98415184021
13781	1392.98415184021
13782	1421.888828277588
13782	1421.888828277588
13783	1737.3285293579102
13783	1737.3285293579102
13784	1522.907018661499
13784	1522.907018661499
13785	1556.7128658294678
13785	1556.7128658294678
13786	1626.7054080963135
13786	1626.7054080963135
13787	1751.7011165618896
13787	1751.7011165618896
13788	1626.312494277954
13788	1626.312494277954
13789	1569.4515705108643
13789	1569.4515705108643
13790	2113.821506500244
13790	2113.821506500244
13791	1491.4281368255615
13791	1491.4281368255615
13792	1612.3032569885254
13792	1612.3032569885254
13793	1586.4033699035645
13793	1586.4033699035645
13794	1832.7596187591553
13794	1832.7596187591553
13795	1581.9978713989258
13795	1581.9978713989258
13796	1572.8442668914795
13796	1572.8442668914795
13797	1494.2493438720703
13797	1494.2493438720703
13798	1597.4452495574951
13798	1597.4452495574951
13799	1645.7879543304443
13799	1645.7879543304443
13800	2262.7477645874023
13800	2262.7477645874023
13801	1665.137529373169
13801	1665.137529373169
13802	1630.2034854888916
13802	1630.2034854888916
13803	1601.8855571746826
13803	1601.8855571746826
13804	1604.9633026123047
13804	1604.9633026123047
13805	1526.876449584961
13805	1526.876449584961
13806	1615.2031421661377
13806	1615.2031421661377
13807	1551.1329174041748
13807	1551.1329174041748
13808	1548.7415790557861
13808	1548.7415790557861
13809	1660.8452796936035
13809	1660.8452796936035
13810	2489.0692234039307
13810	2489.0692234039307
13811	1565.9961700439453
13811	1565.9961700439453
13812	1445.6756114959717
13812	1445.6756114959717
13813	1609.4136238098145
13813	1609.4136238098145
13814	1562.882423400879
13814	1562.882423400879
13815	3068.2435035705566
13815	3068.2435035705566
13816	1457.7157497406006
13816	1457.7157497406006
13817	1527.4569988250732
13817	1527.4569988250732
13818	1586.308479309082
13818	1586.308479309082
13819	1748.8772869110107
13819	1748.8772869110107
13820	2238.826036453247
13820	2238.826036453247
13821	1674.7188568115234
13821	1674.7188568115234
13822	1492.6199913024902
13822	1492.6199913024902
13823	1912.0817184448242
13823	1912.0817184448242
13824	2247.65944480896
13824	2247.65944480896
13825	2428.2755851745605
13825	2428.2755851745605
13826	2581.433057785034
13826	2581.433057785034
13827	2402.116537094116
13827	2402.116537094116
13828	2381.1724185943604
13828	2381.1724185943604
13829	2766.862154006958
13829	2766.862154006958
13830	3269.970655441284
13830	3269.970655441284
13831	2497.997522354126
13831	2497.997522354126
13832	2566.476345062256
13832	2566.476345062256
13833	2719.5868492126465
13833	2719.5868492126465
13834	2847.9435443878174
13834	2847.9435443878174
13835	2734.4746589660645
13835	2734.4746589660645
13836	2776.1738300323486
13836	2776.1738300323486
13837	2755.9521198272705
13837	2755.9521198272705
13838	2805.443525314331
13838	2805.443525314331
13839	2744.931936264038
13839	2744.931936264038
13840	2945.4238414764404
13840	2945.4238414764404
13841	2421.666145324707
13841	2421.666145324707
13842	2661.3876819610596
13842	2661.3876819610596
13843	2641.751289367676
13843	2641.751289367676
13844	2308.2828521728516
13844	2308.2828521728516
13845	2714.6008014678955
13845	2714.6008014678955
13846	2260.810136795044
13846	2260.810136795044
13847	2685.0368976593018
13847	2685.0368976593018
13848	2653.3443927764893
13848	2653.3443927764893
13849	2697.5715160369873
13849	2697.5715160369873
13850	3470.4630374908447
13850	3470.4630374908447
13851	2502.094507217407
13851	2502.094507217407
13852	2759.228467941284
13852	2759.228467941284
13853	2728.095293045044
13853	2728.095293045044
13854	2812.187671661377
13854	2812.187671661377
13855	2886.5509033203125
13855	2886.5509033203125
13856	2770.8098888397217
13856	2770.8098888397217
13857	2267.9007053375244
13857	2267.9007053375244
13858	2457.965612411499
13858	2457.965612411499
13859	2477.046251296997
13859	2477.046251296997
13860	3255.314826965332
13860	3255.314826965332
13861	2443.100690841675
13861	2443.100690841675
13862	2598.222494125366
13862	2598.222494125366
13863	2449.3234157562256
13863	2449.3234157562256
13864	2791.0590171813965
13864	2791.0590171813965
13865	2679.2399883270264
13865	2679.2399883270264
13866	2640.0110721588135
13866	2640.0110721588135
13867	2741.8441772460938
13867	2741.8441772460938
13868	2599.483013153076
13868	2599.483013153076
13869	2424.8344898223877
13869	2424.8344898223877
13870	2941.3418769836426
13870	2941.3418769836426
13871	2614.630699157715
13871	2614.630699157715
13872	2609.074354171753
13872	2609.074354171753
13873	2580.5511474609375
13873	2580.5511474609375
13874	2552.323818206787
13874	2552.323818206787
13875	2747.225284576416
13875	2747.225284576416
13876	2759.178876876831
13876	2759.178876876831
13877	2688.2688999176025
13877	2688.2688999176025
13878	2870.7451820373535
13878	2870.7451820373535
13879	2739.5238876342773
13879	2739.5238876342773
13880	3287.4598503112793
13880	3287.4598503112793
13881	2896.7676162719727
13881	2896.7676162719727
13882	2614.8695945739746
13882	2614.8695945739746
13883	2799.9377250671387
13883	2799.9377250671387
13884	2783.369541168213
13884	2783.369541168213
13885	2436.893939971924
13885	2436.893939971924
13886	2581.8843841552734
13886	2581.8843841552734
13887	2642.0164108276367
13887	2642.0164108276367
13888	2588.1664752960205
13888	2588.1664752960205
13889	2506.7179203033447
13889	2506.7179203033447
13890	3271.054983139038
13890	3271.054983139038
13891	2789.9177074432373
13891	2789.9177074432373
13892	2698.624610900879
13892	2698.624610900879
13893	2886.798143386841
13893	2886.798143386841
13894	2817.9407119750977
13894	2817.9407119750977
13895	2865.6630516052246
13895	2865.6630516052246
13896	2901.9851684570312
13896	2901.9851684570312
13897	2949.3539333343506
13897	2949.3539333343506
13898	2906.2395095825195
13898	2906.2395095825195
13899	2758.7931156158447
13899	2758.7931156158447
13900	3623.3668327331543
13900	3623.3668327331543
13901	2993.5195446014404
13901	2993.5195446014404
13902	3029.70814704895
13902	3029.70814704895
13903	2890.223503112793
13903	2890.223503112793
13904	1705.1022052764893
13904	1705.1022052764893
13905	1955.812692642212
13905	1955.812692642212
13906	2605.700969696045
13906	2605.700969696045
13907	2746.34051322937
13907	2746.34051322937
13908	2822.4895000457764
13908	2822.4895000457764
13909	2720.325708389282
13909	2720.325708389282
13910	3249.4149208068848
13910	3249.4149208068848
13911	2561.582565307617
13911	2561.582565307617
13912	2797.778844833374
13912	2797.778844833374
13913	2895.4873085021973
13913	2895.4873085021973
13914	2555.26065826416
13914	2555.26065826416
13915	2849.9913215637207
13915	2849.9913215637207
13916	2794.095993041992
13916	2794.095993041992
13917	2771.775960922241
13917	2771.775960922241
13918	2775.2480506896973
13918	2775.2480506896973
13919	2892.618179321289
13919	2892.618179321289
13920	3201.4524936676025
13920	3201.4524936676025
13921	2441.999673843384
13921	2441.999673843384
13922	2621.9046115875244
13922	2621.9046115875244
13923	2061.4335536956787
13923	2061.4335536956787
13924	2487.994432449341
13924	2487.994432449341
13925	2678.4799098968506
13925	2678.4799098968506
13926	2724.38383102417
13926	2724.38383102417
13927	2718.486785888672
13927	2718.486785888672
13928	2684.232473373413
13928	2684.232473373413
13929	2863.205909729004
13929	2863.205909729004
13930	3353.2135486602783
13930	3353.2135486602783
13931	2623.662233352661
13931	2623.662233352661
13932	2874.082565307617
13932	2874.082565307617
13933	2761.080265045166
13933	2761.080265045166
13934	2992.391586303711
13934	2992.391586303711
13935	2561.1941814422607
13935	2561.1941814422607
13936	2679.2984008789062
13936	2679.2984008789062
13937	2150.787115097046
13937	2150.787115097046
13938	2361.957311630249
13938	2361.957311630249
13939	2393.6009407043457
13939	2393.6009407043457
13940	3235.8245849609375
13940	3235.8245849609375
13941	2601.2370586395264
13941	2601.2370586395264
13942	2516.5786743164062
13942	2516.5786743164062
13943	2669.142723083496
13943	2669.142723083496
13944	2480.8902740478516
13944	2480.8902740478516
13945	2764.031410217285
13945	2764.031410217285
13946	2763.7031078338623
13946	2763.7031078338623
13947	2789.637804031372
13947	2789.637804031372
13948	2529.4008255004883
13948	2529.4008255004883
13949	2756.4477920532227
13949	2756.4477920532227
13950	3433.6419105529785
13950	3433.6419105529785
13951	2226.5572547912598
13951	2226.5572547912598
13952	2258.1331729888916
13952	2258.1331729888916
13953	2577.5930881500244
13953	2577.5930881500244
13954	2566.490650177002
13954	2566.490650177002
13955	2844.534158706665
13955	2844.534158706665
13956	2746.4535236358643
13956	2746.4535236358643
13957	2777.486562728882
13957	2777.486562728882
13958	2753.1981468200684
13958	2753.1981468200684
13959	2883.179187774658
13959	2883.179187774658
13960	3538.6719703674316
13960	3538.6719703674316
13961	2676.0425567626953
13961	2676.0425567626953
13962	2703.005313873291
13962	2703.005313873291
13963	2396.724224090576
13963	2396.724224090576
13964	2462.3827934265137
13964	2462.3827934265137
13965	2606.1410903930664
13965	2606.1410903930664
13966	2552.1764755249023
13966	2552.1764755249023
13967	2756.524085998535
13967	2756.524085998535
13968	2642.3003673553467
13968	2642.3003673553467
13969	2814.633369445801
13969	2814.633369445801
13970	3362.117290496826
13970	3362.117290496826
13971	2542.2418117523193
13971	2542.2418117523193
13972	2783.8027477264404
13972	2783.8027477264404
13973	2223.893642425537
13973	2223.893642425537
13974	2562.91127204895
13974	2562.91127204895
13975	2516.5977478027344
13975	2516.5977478027344
13976	2601.470470428467
13976	2601.470470428467
13977	2607.820987701416
13977	2607.820987701416
13978	2514.104127883911
13978	2514.104127883911
13979	2740.3948307037354
13979	2740.3948307037354
13980	3306.4098358154297
13980	3306.4098358154297
13981	2805.3526878356934
13981	2805.3526878356934
13982	2791.5632724761963
13982	2791.5632724761963
13983	2593.0237770080566
13983	2593.0237770080566
13984	2529.1354656219482
13984	2529.1354656219482
13985	2757.49135017395
13985	2757.49135017395
13986	2556.678533554077
13986	2556.678533554077
13987	2443.075180053711
13987	2443.075180053711
13988	2235.25071144104
13988	2235.25071144104
13989	2592.280864715576
13989	2592.280864715576
13990	3337.0065689086914
13990	3337.0065689086914
13991	2590.1596546173096
13991	2590.1596546173096
13992	2411.9629859924316
13992	2411.9629859924316
13993	2919.2538261413574
13993	2919.2538261413574
13994	2677.0896911621094
13994	2677.0896911621094
13995	2572.133779525757
13995	2572.133779525757
13996	2724.550724029541
13996	2724.550724029541
13997	2715.688943862915
13997	2715.688943862915
13998	2258.2108974456787
13998	2258.2108974456787
13999	2288.6645793914795
13999	2288.6645793914795
14000	15287.516117095947
14000	15287.516117095947
14001	1611.7384433746338
14001	1611.7384433746338
14002	1581.5508365631104
14002	1581.5508365631104
14003	1678.067684173584
14003	1678.067684173584
14004	1656.9359302520752
14004	1656.9359302520752
14005	1685.9662532806396
14005	1685.9662532806396
14006	1780.552864074707
14006	1780.552864074707
14007	1601.398229598999
14007	1601.398229598999
14008	1699.500560760498
14008	1699.500560760498
14009	1604.4695377349854
14009	1604.4695377349854
14010	2382.6699256896973
14010	2382.6699256896973
14011	1779.123306274414
14011	1779.123306274414
14012	1703.033685684204
14012	1703.033685684204
14013	1850.4173755645752
14013	1850.4173755645752
14014	1613.945722579956
14014	1613.945722579956
14015	1750.5934238433838
14015	1750.5934238433838
14016	1669.5382595062256
14016	1669.5382595062256
14017	1619.4159984588623
14017	1619.4159984588623
14018	1600.3096103668213
14018	1600.3096103668213
14019	1620.3978061676025
14019	1620.3978061676025
14020	2476.3002395629883
14020	2476.3002395629883
14021	1619.3361282348633
14021	1619.3361282348633
14022	1475.827693939209
14022	1475.827693939209
14023	1395.7488536834717
14023	1395.7488536834717
14024	1427.1156787872314
14024	1427.1156787872314
14025	1283.695936203003
14025	1283.695936203003
14026	1419.708251953125
14026	1419.708251953125
14027	1401.376724243164
14027	1401.376724243164
14028	1447.7252960205078
14028	1447.7252960205078
14029	1543.8332557678223
14029	1543.8332557678223
14030	2249.645709991455
14030	2249.645709991455
14031	1608.31618309021
14031	1608.31618309021
14032	1701.1387348175049
14032	1701.1387348175049
14033	1611.0494136810303
14033	1611.0494136810303
14034	1573.7018585205078
14034	1573.7018585205078
14035	1654.5569896697998
14035	1654.5569896697998
14036	1632.929801940918
14036	1632.929801940918
14037	1626.0688304901123
14037	1626.0688304901123
14038	1525.9475708007812
14038	1525.9475708007812
14039	1698.4126567840576
14039	1698.4126567840576
14040	2321.2857246398926
14040	2321.2857246398926
14041	1680.3998947143555
14041	1680.3998947143555
14042	1608.827829360962
14042	1608.827829360962
14043	1459.177017211914
14043	1459.177017211914
14044	1424.386739730835
14044	1424.386739730835
14045	1613.861322402954
14045	1613.861322402954
14046	1699.6657848358154
14046	1699.6657848358154
14047	1637.6328468322754
14047	1637.6328468322754
14048	1769.7227001190186
14048	1769.7227001190186
14049	1391.1564350128174
14049	1391.1564350128174
14050	2247.412919998169
14050	2247.412919998169
14051	1614.5000457763672
14051	1614.5000457763672
14052	1489.3503189086914
14052	1489.3503189086914
14053	1603.6434173583984
14053	1603.6434173583984
14054	1642.2507762908936
14054	1642.2507762908936
14055	1526.3400077819824
14055	1526.3400077819824
14056	1671.832799911499
14056	1671.832799911499
14057	1465.0294780731201
14057	1465.0294780731201
14058	1478.6550998687744
14058	1478.6550998687744
14059	1598.4811782836914
14059	1598.4811782836914
14060	2416.8405532836914
14060	2416.8405532836914
14061	1773.6892700195312
14061	1773.6892700195312
14062	1546.701431274414
14062	1546.701431274414
14063	1771.5985774993896
14063	1771.5985774993896
14064	1710.3321552276611
14064	1710.3321552276611
14065	1646.7885971069336
14065	1646.7885971069336
14066	1627.5813579559326
14066	1627.5813579559326
14067	1587.9740715026855
14067	1587.9740715026855
14068	1576.3483047485352
14068	1576.3483047485352
14069	1469.0642356872559
14069	1469.0642356872559
14070	2424.163818359375
14070	2424.163818359375
14071	1657.2864055633545
14071	1657.2864055633545
14072	1601.4337539672852
14072	1601.4337539672852
14073	1745.6231117248535
14073	1745.6231117248535
14074	1559.274435043335
14074	1559.274435043335
14075	1725.6157398223877
14075	1725.6157398223877
14076	1611.5729808807373
14076	1611.5729808807373
14077	1669.6324348449707
14077	1669.6324348449707
14078	1682.7127933502197
14078	1682.7127933502197
14079	1783.2391262054443
14079	1783.2391262054443
14080	2405.6479930877686
14080	2405.6479930877686
14081	1622.3516464233398
14081	1622.3516464233398
14082	1489.1576766967773
14082	1489.1576766967773
14083	1493.3557510375977
14083	1493.3557510375977
14084	1479.2559146881104
14084	1479.2559146881104
14085	1793.4322357177734
14085	1793.4322357177734
14086	1628.1731128692627
14086	1628.1731128692627
14087	1711.6055488586426
14087	1711.6055488586426
14088	1616.2407398223877
14088	1616.2407398223877
14089	1586.136817932129
14089	1586.136817932129
14090	2446.617364883423
14090	2446.617364883423
14091	1571.4530944824219
14091	1571.4530944824219
14092	1568.5360431671143
14092	1568.5360431671143
14093	1641.7937278747559
14093	1641.7937278747559
14094	1633.9340209960938
14094	1633.9340209960938
14095	1626.9826889038086
14095	1626.9826889038086
14096	1666.0034656524658
14096	1666.0034656524658
14097	1646.8324661254883
14097	1646.8324661254883
14098	1647.3791599273682
14098	1647.3791599273682
14099	1786.133050918579
14099	1786.133050918579
14100	2211.7152214050293
14100	2211.7152214050293
14101	1273.2725143432617
14101	1273.2725143432617
14102	1518.296241760254
14102	1518.296241760254
14103	1281.9724082946777
14103	1281.9724082946777
14104	1403.7001132965088
14104	1403.7001132965088
14105	1409.8289012908936
14105	1409.8289012908936
14106	1297.7752685546875
14106	1297.7752685546875
14107	1523.824691772461
14107	1523.824691772461
14108	1193.7572956085205
14108	1193.7572956085205
14109	1107.0692539215088
14109	1107.0692539215088
14110	2348.633289337158
14110	2348.633289337158
14111	1621.567726135254
14111	1621.567726135254
14112	1391.117811203003
14112	1391.117811203003
14113	1733.0780029296875
14113	1733.0780029296875
14114	1600.9912490844727
14114	1600.9912490844727
14115	1595.1919555664062
14115	1595.1919555664062
14116	1486.433982849121
14116	1486.433982849121
14117	1582.2043418884277
14117	1582.2043418884277
14118	1646.3680267333984
14118	1646.3680267333984
14119	1732.7380180358887
14119	1732.7380180358887
14120	2112.480401992798
14120	2112.480401992798
14121	1780.5354595184326
14121	1780.5354595184326
14122	1695.1072216033936
14122	1695.1072216033936
14123	1697.9479789733887
14123	1697.9479789733887
14124	1742.2776222229004
14124	1742.2776222229004
14125	1705.913782119751
14125	1705.913782119751
14126	1762.831449508667
14126	1762.831449508667
14127	1624.204158782959
14127	1624.204158782959
14128	1815.476655960083
14128	1815.476655960083
14129	1568.526268005371
14129	1568.526268005371
14130	2242.3882484436035
14130	2242.3882484436035
14131	1693.6957836151123
14131	1693.6957836151123
14132	1575.6170749664307
14132	1575.6170749664307
14133	1910.6884002685547
14133	1910.6884002685547
14134	1905.3990840911865
14134	1905.3990840911865
14135	1730.8170795440674
14135	1730.8170795440674
14136	1939.565658569336
14136	1939.565658569336
14137	2405.3738117218018
14137	2405.3738117218018
14138	2482.8782081604004
14138	2482.8782081604004
14139	2378.0601024627686
14139	2378.0601024627686
14140	3234.2259883880615
14140	3234.2259883880615
14141	2543.9505577087402
14141	2543.9505577087402
14142	2661.8170738220215
14142	2661.8170738220215
14143	2532.066822052002
14143	2532.066822052002
14144	2787.433862686157
14144	2787.433862686157
14145	2824.6700763702393
14145	2824.6700763702393
14146	2773.7388610839844
14146	2773.7388610839844
14147	2685.1279735565186
14147	2685.1279735565186
14148	2855.525255203247
14148	2855.525255203247
14149	2758.1379413604736
14149	2758.1379413604736
14150	3498.8651275634766
14150	3498.8651275634766
14151	2742.969036102295
14151	2742.969036102295
14152	2768.6004638671875
14152	2768.6004638671875
14153	2252.5992393493652
14153	2252.5992393493652
14154	2350.306749343872
14154	2350.306749343872
14155	2604.5846939086914
14155	2604.5846939086914
14156	2556.013822555542
14156	2556.013822555542
14157	2504.5981407165527
14157	2504.5981407165527
14158	2635.9124183654785
14158	2635.9124183654785
14159	2844.618082046509
14159	2844.618082046509
14160	3151.897430419922
14160	3151.897430419922
14161	2497.2312450408936
14161	2497.2312450408936
14162	2927.474021911621
14162	2927.474021911621
14163	2653.3048152923584
14163	2653.3048152923584
14164	2865.671157836914
14164	2865.671157836914
14165	2833.420991897583
14165	2833.420991897583
14166	2738.879680633545
14166	2738.879680633545
14167	2334.1426849365234
14167	2334.1426849365234
14168	2397.1426486968994
14168	2397.1426486968994
14169	2657.8731536865234
14169	2657.8731536865234
14170	3407.9835414886475
14170	3407.9835414886475
14171	2645.18141746521
14171	2645.18141746521
14172	2678.370475769043
14172	2678.370475769043
14173	2593.2438373565674
14173	2593.2438373565674
14174	2769.9995040893555
14174	2769.9995040893555
14175	2622.3526000976562
14175	2622.3526000976562
14176	2719.5661067962646
14176	2719.5661067962646
14177	2951.2417316436768
14177	2951.2417316436768
14178	2718.126058578491
14178	2718.126058578491
14179	2793.3101654052734
14179	2793.3101654052734
14180	3557.3277473449707
14180	3557.3277473449707
14181	2837.319850921631
14181	2837.319850921631
14182	2126.8999576568604
14182	2126.8999576568604
14183	2196.6490745544434
14183	2196.6490745544434
14184	2489.3617630004883
14184	2489.3617630004883
14185	2510.035514831543
14185	2510.035514831543
14186	2703.444480895996
14186	2703.444480895996
14187	2475.3334522247314
14187	2475.3334522247314
14188	2642.014980316162
14188	2642.014980316162
14189	2735.485553741455
14189	2735.485553741455
14190	3255.8512687683105
14190	3255.8512687683105
14191	2661.534309387207
14191	2661.534309387207
14192	2781.4581394195557
14192	2781.4581394195557
14193	2707.012891769409
14193	2707.012891769409
14194	2950.54292678833
14194	2950.54292678833
14195	2799.340009689331
14195	2799.340009689331
14196	2858.3860397338867
14196	2858.3860397338867
14197	2822.484016418457
14197	2822.484016418457
14198	2705.8823108673096
14198	2705.8823108673096
14199	2376.520872116089
14199	2376.520872116089
14200	3212.8493785858154
14200	3212.8493785858154
14201	2686.0079765319824
14201	2686.0079765319824
14202	2689.41330909729
14202	2689.41330909729
14203	2658.590316772461
14203	2658.590316772461
14204	2693.847417831421
14204	2693.847417831421
14205	2726.9394397735596
14205	2726.9394397735596
14206	2843.806505203247
14206	2843.806505203247
14207	2762.6657485961914
14207	2762.6657485961914
14208	2651.91388130188
14208	2651.91388130188
14209	2739.9728298187256
14209	2739.9728298187256
14210	3261.827230453491
14210	3261.827230453491
14211	2761.3766193389893
14211	2761.3766193389893
14212	2670.144557952881
14212	2670.144557952881
14213	2647.0768451690674
14213	2647.0768451690674
14214	2693.80784034729
14214	2693.80784034729
14215	2642.5912380218506
14215	2642.5912380218506
14216	2713.447093963623
14216	2713.447093963623
14217	2270.705223083496
14217	2270.705223083496
14218	2391.6544914245605
14218	2391.6544914245605
14219	2504.0132999420166
14219	2504.0132999420166
14220	3330.2016258239746
14220	3330.2016258239746
14221	2708.5278034210205
14221	2708.5278034210205
14222	2582.3779106140137
14222	2582.3779106140137
14223	2790.895700454712
14223	2790.895700454712
14224	2488.414764404297
14224	2488.414764404297
14225	2753.4732818603516
14225	2753.4732818603516
14226	2582.5161933898926
14226	2582.5161933898926
14227	2767.160654067993
14227	2767.160654067993
14228	2845.189094543457
14228	2845.189094543457
14229	2608.2069873809814
14229	2608.2069873809814
14230	3292.4723625183105
14230	3292.4723625183105
14231	2388.3113861083984
14231	2388.3113861083984
14232	2114.9120330810547
14232	2114.9120330810547
14233	2532.750368118286
14233	2532.750368118286
14234	2600.5349159240723
14234	2600.5349159240723
14235	2527.3330211639404
14235	2527.3330211639404
14236	2765.1526927948
14236	2765.1526927948
14237	2820.571184158325
14237	2820.571184158325
14238	2454.397678375244
14238	2454.397678375244
14239	2890.134334564209
14239	2890.134334564209
14240	3691.1439895629883
14240	3691.1439895629883
14241	3160.708427429199
14241	3160.708427429199
14242	2981.024742126465
14242	2981.024742126465
14243	3025.099039077759
14243	3025.099039077759
14244	3278.8543701171875
14244	3278.8543701171875
14245	2775.0134468078613
14245	2775.0134468078613
14246	2928.048610687256
14246	2928.048610687256
14247	2862.151622772217
14247	2862.151622772217
14248	2962.2108936309814
14248	2962.2108936309814
14249	2343.5866832733154
14249	2343.5866832733154
14250	2881.248712539673
14250	2881.248712539673
14251	2510.3936195373535
14251	2510.3936195373535
14252	2606.184959411621
14252	2606.184959411621
14253	2756.4287185668945
14253	2756.4287185668945
14254	2599.4555950164795
14254	2599.4555950164795
14255	2692.026376724243
14255	2692.026376724243
14256	2932.673692703247
14256	2932.673692703247
14257	2715.0771617889404
14257	2715.0771617889404
14258	2742.4914836883545
14258	2742.4914836883545
14259	2744.317054748535
14259	2744.317054748535
14260	3380.76114654541
14260	3380.76114654541
14261	2752.3953914642334
14261	2752.3953914642334
14262	2060.6367588043213
14262	2060.6367588043213
14263	2340.839385986328
14263	2340.839385986328
14264	2638.7081146240234
14264	2638.7081146240234
14265	2895.1969146728516
14265	2895.1969146728516
14266	3091.003894805908
14266	3091.003894805908
14267	2671.9770431518555
14267	2671.9770431518555
14268	2504.1344165802
14268	2504.1344165802
14269	2652.8725624084473
14269	2652.8725624084473
14270	3508.854389190674
14270	3508.854389190674
14271	2537.6675128936768
14271	2537.6675128936768
14272	2664.73650932312
14272	2664.73650932312
14273	2756.8674087524414
14273	2756.8674087524414
14274	2290.2772426605225
14274	2290.2772426605225
14275	2367.4869537353516
14275	2367.4869537353516
14276	2455.6093215942383
14276	2455.6093215942383
14277	2508.6822509765625
14277	2508.6822509765625
14278	2535.5916023254395
14278	2535.5916023254395
14279	2571.9125270843506
14279	2571.9125270843506
14280	3530.9016704559326
14280	3530.9016704559326
14281	2561.9585514068604
14281	2561.9585514068604
14282	2760.2686882019043
14282	2760.2686882019043
14283	2640.4941082000732
14283	2640.4941082000732
14284	2710.5612754821777
14284	2710.5612754821777
14285	2333.3373069763184
14285	2333.3373069763184
14286	2327.991485595703
14286	2327.991485595703
14287	2518.8515186309814
14287	2518.8515186309814
14288	2657.273054122925
14288	2657.273054122925
14289	2678.5991191864014
14289	2678.5991191864014
14290	3339.552640914917
14290	3339.552640914917
14291	2257.3516368865967
14291	2257.3516368865967
14292	2513.4458541870117
14292	2513.4458541870117
14293	2689.164400100708
14293	2689.164400100708
14294	2586.2839221954346
14294	2586.2839221954346
14295	2663.8450622558594
14295	2663.8450622558594
14296	2768.584966659546
14296	2768.584966659546
14297	3008.758306503296
14297	3008.758306503296
14298	2759.385585784912
14298	2759.385585784912
14299	2784.8446369171143
14299	2784.8446369171143
14300	3534.817695617676
14300	3534.817695617676
14301	2424.147605895996
14301	2424.147605895996
14302	2227.6782989501953
14302	2227.6782989501953
14303	2219.9079990386963
14303	2219.9079990386963
14304	2555.222511291504
14304	2555.222511291504
14305	2594.9060916900635
14305	2594.9060916900635
14306	2429.619550704956
14306	2429.619550704956
14307	2672.7354526519775
14307	2672.7354526519775
14308	2800.581455230713
14308	2800.581455230713
14309	2803.072929382324
14309	2803.072929382324
14310	3446.5487003326416
14310	3446.5487003326416
14311	2814.06831741333
14311	2814.06831741333
14312	2701.3564109802246
14312	2701.3564109802246
14313	2854.32767868042
14313	2854.32767868042
14314	2544.4047451019287
14314	2544.4047451019287
14315	2821.986198425293
14315	2821.986198425293
14316	2786.405563354492
14316	2786.405563354492
14317	2278.117895126343
14317	2278.117895126343
14318	2393.413543701172
14318	2393.413543701172
14319	2290.6293869018555
14319	2290.6293869018555
14320	3161.4012718200684
14320	3161.4012718200684
14321	2380.462646484375
14321	2380.462646484375
14322	2534.838914871216
14322	2534.838914871216
14323	2647.358179092407
14323	2647.358179092407
14324	2843.935012817383
14324	2843.935012817383
14325	2553.2116889953613
14325	2553.2116889953613
14326	1635.6010437011719
14326	1635.6010437011719
14327	1592.0863151550293
14327	1592.0863151550293
14328	1705.491065979004
14328	1705.491065979004
14329	1741.9753074645996
14329	1741.9753074645996
14330	2243.4849739074707
14330	2243.4849739074707
14331	1460.390329360962
14331	1460.390329360962
14332	1690.6702518463135
14332	1690.6702518463135
14333	1687.908411026001
14333	1687.908411026001
14334	1578.275203704834
14334	1578.275203704834
14335	1784.3773365020752
14335	1784.3773365020752
14336	1547.3384857177734
14336	1547.3384857177734
14337	1621.5400695800781
14337	1621.5400695800781
14338	1589.9851322174072
14338	1589.9851322174072
14339	1812.7951622009277
14339	1812.7951622009277
14340	2264.9624347686768
14340	2264.9624347686768
14341	1759.7804069519043
14341	1759.7804069519043
14342	1645.7202434539795
14342	1645.7202434539795
14343	1571.808099746704
14343	1571.808099746704
14344	1671.0641384124756
14344	1671.0641384124756
14345	1609.4725131988525
14345	1609.4725131988525
14346	1764.8468017578125
14346	1764.8468017578125
14347	1651.191234588623
14347	1651.191234588623
14348	1534.3472957611084
14348	1534.3472957611084
14349	1541.1269664764404
14349	1541.1269664764404
14350	2264.2452716827393
14350	2264.2452716827393
14351	1624.5715618133545
14351	1624.5715618133545
14352	1631.1511993408203
14352	1631.1511993408203
14353	1592.7865505218506
14353	1592.7865505218506
14354	1656.7554473876953
14354	1656.7554473876953
14355	1675.0378608703613
14355	1675.0378608703613
14356	1516.3497924804688
14356	1516.3497924804688
14357	1501.7905235290527
14357	1501.7905235290527
14358	1613.0530834197998
14358	1613.0530834197998
14359	1268.9759731292725
14359	1268.9759731292725
14360	2200.505256652832
14360	2200.505256652832
14361	1554.940938949585
14361	1554.940938949585
14362	1280.6107997894287
14362	1280.6107997894287
14363	1301.274061203003
14363	1301.274061203003
14364	1271.3780403137207
14364	1271.3780403137207
14365	1396.7092037200928
14365	1396.7092037200928
14366	1525.062084197998
14366	1525.062084197998
14367	1102.9434204101562
14367	1102.9434204101562
14368	1711.7762565612793
14368	1711.7762565612793
14369	1601.022481918335
14369	1601.022481918335
14370	2126.140832901001
14370	2126.140832901001
14371	1663.6295318603516
14371	1663.6295318603516
14372	1721.066951751709
14372	1721.066951751709
14373	1596.674919128418
14373	1596.674919128418
14374	1648.5469341278076
14374	1648.5469341278076
14375	1677.2089004516602
14375	1677.2089004516602
14376	1706.2747478485107
14376	1706.2747478485107
14377	1752.619981765747
14377	1752.619981765747
14378	1687.1161460876465
14378	1687.1161460876465
14379	1797.194004058838
14379	1797.194004058838
14380	2414.4959449768066
14380	2414.4959449768066
14381	1685.5108737945557
14381	1685.5108737945557
14382	1450.6938457489014
14382	1450.6938457489014
14383	1612.2634410858154
14383	1612.2634410858154
14384	1432.187557220459
14384	1432.187557220459
14385	1600.799322128296
14385	1600.799322128296
14386	1526.7407894134521
14386	1526.7407894134521
14387	1620.762586593628
14387	1620.762586593628
14388	1757.143497467041
14388	1757.143497467041
14389	1452.2969722747803
14389	1452.2969722747803
14390	2096.0397720336914
14390	2096.0397720336914
14391	1593.2886600494385
14391	1593.2886600494385
14392	1596.63987159729
14392	1596.63987159729
14393	1603.3821105957031
14393	1603.3821105957031
14394	1595.432996749878
14394	1595.432996749878
14395	1648.435115814209
14395	1648.435115814209
14396	1803.4348487854004
14396	1803.4348487854004
14397	1545.8183288574219
14397	1545.8183288574219
14398	1460.7963562011719
14398	1460.7963562011719
14399	1604.2771339416504
14399	1604.2771339416504
14400	2149.217367172241
14400	2149.217367172241
14401	1637.7348899841309
14401	1637.7348899841309
14402	1588.796615600586
14402	1588.796615600586
14403	1638.8616561889648
14403	1638.8616561889648
14404	1471.505880355835
14404	1471.505880355835
14405	1530.8117866516113
14405	1530.8117866516113
14406	1600.6290912628174
14406	1600.6290912628174
14407	1739.274501800537
14407	1739.274501800537
14408	1672.3604202270508
14408	1672.3604202270508
14409	1555.4556846618652
14409	1555.4556846618652
14410	2339.077949523926
14410	2339.077949523926
14411	1660.222053527832
14411	1660.222053527832
14412	1622.0042705535889
14412	1622.0042705535889
14413	1765.9666538238525
14413	1765.9666538238525
14414	1496.1457252502441
14414	1496.1457252502441
14415	1650.3479480743408
14415	1650.3479480743408
14416	1657.85551071167
14416	1657.85551071167
14417	1626.6181468963623
14417	1626.6181468963623
14418	1847.5286960601807
14418	1847.5286960601807
14419	1485.0490093231201
14419	1485.0490093231201
14420	2255.5129528045654
14420	2255.5129528045654
14421	1590.0487899780273
14421	1590.0487899780273
14422	1623.2080459594727
14422	1623.2080459594727
14423	1596.083641052246
14423	1596.083641052246
14424	1788.3968353271484
14424	1788.3968353271484
14425	1680.4091930389404
14425	1680.4091930389404
14426	1502.8321743011475
14426	1502.8321743011475
14427	1343.8072204589844
14427	1343.8072204589844
14428	1714.690923690796
14428	1714.690923690796
14429	1482.5811386108398
14429	1482.5811386108398
14430	2334.840774536133
14430	2334.840774536133
14431	1584.4953060150146
14431	1584.4953060150146
14432	1795.3641414642334
14432	1795.3641414642334
14433	1639.9004459381104
14433	1639.9004459381104
14434	1683.727741241455
14434	1683.727741241455
14435	1483.1209182739258
14435	1483.1209182739258
14436	1393.479824066162
14436	1393.479824066162
14437	1431.0545921325684
14437	1431.0545921325684
14438	1392.0259475708008
14438	1392.0259475708008
14439	1392.486333847046
14439	1392.486333847046
14440	2244.239091873169
14440	2244.239091873169
14441	1402.1868705749512
14441	1402.1868705749512
14442	1402.9254913330078
14442	1402.9254913330078
14443	1890.3040885925293
14443	1890.3040885925293
14444	1676.3479709625244
14444	1676.3479709625244
14445	1604.2554378509521
14445	1604.2554378509521
14446	1640.8803462982178
14446	1640.8803462982178
14447	1676.3474941253662
14447	1676.3474941253662
14448	1660.9604358673096
14448	1660.9604358673096
14449	1660.8285903930664
14449	1660.8285903930664
14450	2225.4252433776855
14450	2225.4252433776855
14451	1732.0969104766846
14451	1732.0969104766846
14452	1629.2273998260498
14452	1629.2273998260498
14453	1571.9549655914307
14453	1571.9549655914307
14454	1648.2903957366943
14454	1648.2903957366943
14455	1603.3720970153809
14455	1603.3720970153809
14456	1654.0238857269287
14456	1654.0238857269287
14457	1570.2011585235596
14457	1570.2011585235596
14458	1744.868516921997
14458	1744.868516921997
14459	1663.06734085083
14459	1663.06734085083
14460	2213.6075496673584
14460	2213.6075496673584
14461	2316.614866256714
14461	2316.614866256714
14462	1634.9663734436035
14462	1634.9663734436035
14463	1476.7084121704102
14463	1476.7084121704102
14464	2421.5989112854004
14464	2421.5989112854004
14465	2441.883325576782
14465	2441.883325576782
14466	2655.4317474365234
14466	2655.4317474365234
14467	2356.987237930298
14467	2356.987237930298
14468	2565.9899711608887
14468	2565.9899711608887
14469	2785.4087352752686
14469	2785.4087352752686
14470	3524.542808532715
14470	3524.542808532715
14471	2706.3543796539307
14471	2706.3543796539307
14472	2723.7820625305176
14472	2723.7820625305176
14473	2748.163938522339
14473	2748.163938522339
14474	2734.2963218688965
14474	2734.2963218688965
14475	2785.851001739502
14475	2785.851001739502
14476	2826.47442817688
14476	2826.47442817688
14477	2680.304527282715
14477	2680.304527282715
14478	2649.5282649993896
14478	2649.5282649993896
14479	2783.5960388183594
14479	2783.5960388183594
14480	3494.3087100982666
14480	3494.3087100982666
14481	2120.208740234375
14481	2120.208740234375
14482	2110.466480255127
14482	2110.466480255127
14483	2602.1111011505127
14483	2602.1111011505127
14484	2465.294122695923
14484	2465.294122695923
14485	2612.518787384033
14485	2612.518787384033
14486	2719.756841659546
14486	2719.756841659546
14487	2643.725872039795
14487	2643.725872039795
14488	2874.9337196350098
14488	2874.9337196350098
14489	2760.4353427886963
14489	2760.4353427886963
14490	3224.9538898468018
14490	3224.9538898468018
14491	2598.3822345733643
14491	2598.3822345733643
14492	2690.4218196868896
14492	2690.4218196868896
14493	2862.5240325927734
14493	2862.5240325927734
14494	2668.682336807251
14494	2668.682336807251
14495	2557.098627090454
14495	2557.098627090454
14496	2769.123315811157
14496	2769.123315811157
14497	2762.456178665161
14497	2762.456178665161
14498	2545.569896697998
14498	2545.569896697998
14499	2525.3922939300537
14499	2525.3922939300537
14500	10754.55117225647
14500	10754.55117225647
14501	2767.9314613342285
14501	2767.9314613342285
14502	2924.5975017547607
14502	2924.5975017547607
14503	2792.7567958831787
14503	2792.7567958831787
14504	2663.985252380371
14504	2663.985252380371
14505	2525.360107421875
14505	2525.360107421875
14506	2518.8024044036865
14506	2518.8024044036865
14507	2581.5799236297607
14507	2581.5799236297607
14508	2660.7823371887207
14508	2660.7823371887207
14509	2753.7989616394043
14509	2753.7989616394043
14510	3472.399950027466
14510	3472.399950027466
14511	2867.5003051757812
14511	2867.5003051757812
14512	2683.985710144043
14512	2683.985710144043
14513	2786.8564128875732
14513	2786.8564128875732
14514	2763.3442878723145
14514	2763.3442878723145
14515	2727.4820804595947
14515	2727.4820804595947
14516	2975.9843349456787
14516	2975.9843349456787
14517	2517.659902572632
14517	2517.659902572632
14518	2577.6236057281494
14518	2577.6236057281494
14519	2807.1115016937256
14519	2807.1115016937256
14520	3433.586359024048
14520	3433.586359024048
14521	2164.475440979004
14521	2164.475440979004
14522	2387.704849243164
14522	2387.704849243164
14523	2477.994918823242
14523	2477.994918823242
14524	2578.354835510254
14524	2578.354835510254
14525	2776.384115219116
14525	2776.384115219116
14526	2750.009298324585
14526	2750.009298324585
14527	2458.8918685913086
14527	2458.8918685913086
14528	2877.108335494995
14528	2877.108335494995
14529	2732.9514026641846
14529	2732.9514026641846
14530	3601.580858230591
14530	3601.580858230591
14531	2775.9547233581543
14531	2775.9547233581543
14532	2628.7362575531006
14532	2628.7362575531006
14533	2726.0429859161377
14533	2726.0429859161377
14534	2702.2805213928223
14534	2702.2805213928223
14535	2744.5619106292725
14535	2744.5619106292725
14536	2912.169933319092
14536	2912.169933319092
14537	2803.3952713012695
14537	2803.3952713012695
14538	2520.4403400421143
14538	2520.4403400421143
14539	2387.791395187378
14539	2387.791395187378
14540	3200.031280517578
14540	3200.031280517578
14541	2557.4471950531006
14541	2557.4471950531006
14542	2703.9167881011963
14542	2703.9167881011963
14543	2437.3462200164795
14543	2437.3462200164795
14544	2738.6443614959717
14544	2738.6443614959717
14545	2719.3613052368164
14545	2719.3613052368164
14546	2601.564645767212
14546	2601.564645767212
14547	2864.234209060669
14547	2864.234209060669
14548	2527.6193618774414
14548	2527.6193618774414
14549	2756.9210529327393
14549	2756.9210529327393
14550	3486.3414764404297
14550	3486.3414764404297
14551	2895.34068107605
14551	2895.34068107605
14552	2830.846071243286
14552	2830.846071243286
14553	2643.909215927124
14553	2643.909215927124
14554	2754.646062850952
14554	2754.646062850952
14555	2815.0782585144043
14555	2815.0782585144043
14556	2465.3263092041016
14556	2465.3263092041016
14557	2452.2335529327393
14557	2452.2335529327393
14558	2325.127124786377
14558	2325.127124786377
14559	2563.511371612549
14559	2563.511371612549
14560	3307.727575302124
14560	3307.727575302124
14561	2693.791151046753
14561	2693.791151046753
14562	2853.9021015167236
14562	2853.9021015167236
14563	2604.4342517852783
14563	2604.4342517852783
14564	2665.0002002716064
14564	2665.0002002716064
14565	2593.2555198669434
14565	2593.2555198669434
14566	2877.946376800537
14566	2877.946376800537
14567	3005.432367324829
14567	3005.432367324829
14568	2805.222988128662
14568	2805.222988128662
14569	2924.3576526641846
14569	2924.3576526641846
14570	3742.934465408325
14570	3742.934465408325
14571	2975.7978916168213
14571	2975.7978916168213
14572	2773.9062309265137
14572	2773.9062309265137
14573	2623.811960220337
14573	2623.811960220337
14574	2346.081256866455
14574	2346.081256866455
14575	2194.5366859436035
14575	2194.5366859436035
14576	2942.4455165863037
14576	2942.4455165863037
14577	1972.0163345336914
14577	1972.0163345336914
14578	2752.777576446533
14578	2752.777576446533
14579	2560.2710247039795
14579	2560.2710247039795
14580	3230.557441711426
14580	3230.557441711426
14581	2804.8694133758545
14581	2804.8694133758545
14582	2759.441614151001
14582	2759.441614151001
14583	2327.221155166626
14583	2327.221155166626
14584	2565.887928009033
14584	2565.887928009033
14585	2551.086187362671
14585	2551.086187362671
14586	2570.9378719329834
14586	2570.9378719329834
14587	2609.5995903015137
14587	2609.5995903015137
14588	2616.72043800354
14588	2616.72043800354
14589	2866.6555881500244
14589	2866.6555881500244
14590	3485.276460647583
14590	3485.276460647583
14591	2569.074869155884
14591	2569.074869155884
14592	3099.5631217956543
14592	3099.5631217956543
14593	2612.250328063965
14593	2612.250328063965
14594	2229.435920715332
14594	2229.435920715332
14595	2643.807888031006
14595	2643.807888031006
14596	2504.4658184051514
14596	2504.4658184051514
14597	2454.1049003601074
14597	2454.1049003601074
14598	2463.369846343994
14598	2463.369846343994
14599	2672.5287437438965
14599	2672.5287437438965
14600	3307.636260986328
14600	3307.636260986328
14601	2648.794412612915
14601	2648.794412612915
14602	2733.4885597229004
14602	2733.4885597229004
14603	2773.4532356262207
14603	2773.4532356262207
14604	2865.131616592407
14604	2865.131616592407
14605	2546.5118885040283
14605	2546.5118885040283
14606	2331.019878387451
14606	2331.019878387451
14607	2392.392635345459
14607	2392.392635345459
14608	2424.9963760375977
14608	2424.9963760375977
14609	2542.3901081085205
14609	2542.3901081085205
14610	3501.0154247283936
14610	3501.0154247283936
14611	2670.490503311157
14611	2670.490503311157
14612	2522.6025581359863
14612	2522.6025581359863
14613	2904.1686058044434
14613	2904.1686058044434
14614	2681.558847427368
14614	2681.558847427368
14615	2717.897415161133
14615	2717.897415161133
14616	2690.122365951538
14616	2690.122365951538
14617	2772.4103927612305
14617	2772.4103927612305
14618	2771.3165283203125
14618	2771.3165283203125
14619	2824.681043624878
14619	2824.681043624878
14620	3509.064197540283
14620	3509.064197540283
14621	2781.1172008514404
14621	2781.1172008514404
14622	2933.8529109954834
14622	2933.8529109954834
14623	2133.6913108825684
14623	2133.6913108825684
14624	2336.5674018859863
14624	2336.5674018859863
14625	2402.3115634918213
14625	2402.3115634918213
14626	2631.06632232666
14626	2631.06632232666
14627	2684.1750144958496
14627	2684.1750144958496
14628	2866.6024208068848
14628	2866.6024208068848
14629	2733.5259914398193
14629	2733.5259914398193
14630	3342.2775268554688
14630	3342.2775268554688
14631	2692.9852962493896
14631	2692.9852962493896
14632	2520.562171936035
14632	2520.562171936035
14633	2756.6170692443848
14633	2756.6170692443848
14634	2934.0999126434326
14634	2934.0999126434326
14635	2607.8929901123047
14635	2607.8929901123047
14636	2194.549083709717
14636	2194.549083709717
14637	2325.718402862549
14637	2325.718402862549
14638	2358.449935913086
14638	2358.449935913086
14639	2449.60355758667
14639	2449.60355758667
14640	3472.731590270996
14640	3472.731590270996
14641	2754.4331550598145
14641	2754.4331550598145
14642	2659.1904163360596
14642	2659.1904163360596
14643	2362.1559143066406
14643	2362.1559143066406
14644	2768.7578201293945
14644	2768.7578201293945
14645	2611.4203929901123
14645	2611.4203929901123
14646	1807.7278137207031
14646	1807.7278137207031
14647	1650.796890258789
14647	1650.796890258789
14648	1558.3980083465576
14648	1558.3980083465576
14649	1718.5068130493164
14649	1718.5068130493164
14650	2281.742572784424
14650	2281.742572784424
14651	1537.7202033996582
14651	1537.7202033996582
14652	1815.0153160095215
14652	1815.0153160095215
14653	1629.5850276947021
14653	1629.5850276947021
14654	1704.2484283447266
14654	1704.2484283447266
14655	1674.5452880859375
14655	1674.5452880859375
14656	1624.9032020568848
14656	1624.9032020568848
14657	1647.8087902069092
14657	1647.8087902069092
14658	1565.7072067260742
14658	1565.7072067260742
14659	1658.907175064087
14659	1658.907175064087
14660	2314.7034645080566
14660	2314.7034645080566
14661	1684.7853660583496
14661	1684.7853660583496
14662	1562.603235244751
14662	1562.603235244751
14663	1784.433364868164
14663	1784.433364868164
14664	1655.3714275360107
14664	1655.3714275360107
14665	1457.871913909912
14665	1457.871913909912
14666	1737.0295524597168
14666	1737.0295524597168
14667	1672.100305557251
14667	1672.100305557251
14668	1635.969877243042
14668	1635.969877243042
14669	1599.3497371673584
14669	1599.3497371673584
14670	2268.674850463867
14670	2268.674850463867
14671	1559.0929985046387
14671	1559.0929985046387
14672	1751.5146732330322
14672	1751.5146732330322
14673	1704.0934562683105
14673	1704.0934562683105
14674	1570.6093311309814
14674	1570.6093311309814
14675	1730.8027744293213
14675	1730.8027744293213
14676	1480.8318614959717
14676	1480.8318614959717
14677	1708.2023620605469
14677	1708.2023620605469
14678	1603.6624908447266
14678	1603.6624908447266
14679	1478.7449836730957
14679	1478.7449836730957
14680	2409.759521484375
14680	2409.759521484375
14681	1722.153902053833
14681	1722.153902053833
14682	1624.3460178375244
14682	1624.3460178375244
14683	1641.472578048706
14683	1641.472578048706
14684	1579.3983936309814
14684	1579.3983936309814
14685	1422.4276542663574
14685	1422.4276542663574
14686	1305.1958084106445
14686	1305.1958084106445
14687	1469.165325164795
14687	1469.165325164795
14688	1436.2821578979492
14688	1436.2821578979492
14689	1444.7739124298096
14689	1444.7739124298096
14690	2210.994005203247
14690	2210.994005203247
14691	1755.6638717651367
14691	1755.6638717651367
14692	1536.9446277618408
14692	1536.9446277618408
14693	1825.1729011535645
14693	1825.1729011535645
14694	1712.8188610076904
14694	1712.8188610076904
14695	1543.0388450622559
14695	1543.0388450622559
14696	1666.7354106903076
14696	1666.7354106903076
14697	1774.9712467193604
14697	1774.9712467193604
14698	1842.2839641571045
14698	1842.2839641571045
14699	1475.4180908203125
14699	1475.4180908203125
14700	2140.3563022613525
14700	2140.3563022613525
14701	1564.0747547149658
14701	1564.0747547149658
14702	1766.2787437438965
14702	1766.2787437438965
14703	1739.8805618286133
14703	1739.8805618286133
14704	1680.6013584136963
14704	1680.6013584136963
14705	1671.8263626098633
14705	1671.8263626098633
14706	1562.7813339233398
14706	1562.7813339233398
14707	1632.4968338012695
14707	1632.4968338012695
14708	1599.0915298461914
14708	1599.0915298461914
14709	1664.489507675171
14709	1664.489507675171
14710	2331.324338912964
14710	2331.324338912964
14711	1795.3672409057617
14711	1795.3672409057617
14712	1702.3520469665527
14712	1702.3520469665527
14713	1535.6428623199463
14713	1535.6428623199463
14714	1582.329273223877
14714	1582.329273223877
14715	1626.7197132110596
14715	1626.7197132110596
14716	1810.2998733520508
14716	1810.2998733520508
14717	1604.905366897583
14717	1604.905366897583
14718	1656.3003063201904
14718	1656.3003063201904
14719	1792.1078205108643
14719	1792.1078205108643
14720	2496.0453510284424
14720	2496.0453510284424
14721	1730.3762435913086
14721	1730.3762435913086
14722	1495.8748817443848
14722	1495.8748817443848
14723	1736.8650436401367
14723	1736.8650436401367
14724	1675.6117343902588
14724	1675.6117343902588
14725	1481.0380935668945
14725	1481.0380935668945
14726	1652.2817611694336
14726	1652.2817611694336
14727	1611.1223697662354
14727	1611.1223697662354
14728	1794.7094440460205
14728	1794.7094440460205
14729	1560.0290298461914
14729	1560.0290298461914
14730	2269.160032272339
14730	2269.160032272339
14731	1633.4023475646973
14731	1633.4023475646973
14732	1744.384527206421
14732	1744.384527206421
14733	1654.0696620941162
14733	1654.0696620941162
14734	1723.1166362762451
14734	1723.1166362762451
14735	1499.7899532318115
14735	1499.7899532318115
14736	1518.831491470337
14736	1518.831491470337
14737	1567.6519870758057
14737	1567.6519870758057
14738	1756.8678855895996
14738	1756.8678855895996
14739	1623.6531734466553
14739	1623.6531734466553
14740	2386.618137359619
14740	2386.618137359619
14741	1765.0680541992188
14741	1765.0680541992188
14742	1447.2553730010986
14742	1447.2553730010986
14743	1593.3969020843506
14743	1593.3969020843506
14744	1738.2628917694092
14744	1738.2628917694092
14745	1696.5389251708984
14745	1696.5389251708984
14746	1570.0414180755615
14746	1570.0414180755615
14747	1791.5966510772705
14747	1791.5966510772705
14748	1588.078498840332
14748	1588.078498840332
14749	1647.0293998718262
14749	1647.0293998718262
14750	2387.462377548218
14750	2387.462377548218
14751	1773.0493545532227
14751	1773.0493545532227
14752	1683.643102645874
14752	1683.643102645874
14753	1610.2182865142822
14753	1610.2182865142822
14754	1646.8491554260254
14754	1646.8491554260254
14755	1624.4053840637207
14755	1624.4053840637207
14756	1626.8258094787598
14756	1626.8258094787598
14757	1675.574541091919
14757	1675.574541091919
14758	1501.2905597686768
14758	1501.2905597686768
14759	1591.775894165039
14759	1591.775894165039
14760	2170.0894832611084
14760	2170.0894832611084
14761	1400.1948833465576
14761	1400.1948833465576
14762	1604.5117378234863
14762	1604.5117378234863
14763	1426.1984825134277
14763	1426.1984825134277
14764	1467.0929908752441
14764	1467.0929908752441
14765	1420.8061695098877
14765	1420.8061695098877
14766	1792.1364307403564
14766	1792.1364307403564
14767	1199.5012760162354
14767	1199.5012760162354
14768	1100.961446762085
14768	1100.961446762085
14769	1586.1451625823975
14769	1586.1451625823975
14770	2445.3885555267334
14770	2445.3885555267334
14771	1511.0669136047363
14771	1511.0669136047363
14772	1588.0508422851562
14772	1588.0508422851562
14773	1633.2166194915771
14773	1633.2166194915771
14774	1731.3556671142578
14774	1731.3556671142578
14775	1486.285924911499
14775	1486.285924911499
14776	1643.9728736877441
14776	1643.9728736877441
14777	1620.8264827728271
14777	1620.8264827728271
14778	1670.5572605133057
14778	1670.5572605133057
14779	1776.8545150756836
14779	1776.8545150756836
14780	3545.0971126556396
14780	3545.0971126556396
14781	1713.2604122161865
14781	1713.2604122161865
14782	1655.6060314178467
14782	1655.6060314178467
14783	2254.894018173218
14783	2254.894018173218
14784	2416.038751602173
14784	2416.038751602173
14785	2479.844093322754
14785	2479.844093322754
14786	2502.181053161621
14786	2502.181053161621
14787	2676.3150691986084
14787	2676.3150691986084
14788	2623.396396636963
14788	2623.396396636963
14789	2860.077381134033
14789	2860.077381134033
14790	3154.1974544525146
14790	3154.1974544525146
14791	2729.475259780884
14791	2729.475259780884
14792	2679.3651580810547
14792	2679.3651580810547
14793	2538.1038188934326
14793	2538.1038188934326
14794	2509.6659660339355
14794	2509.6659660339355
14795	2859.2734336853027
14795	2859.2734336853027
14796	2753.1087398529053
14796	2753.1087398529053
14797	2784.6860885620117
14797	2784.6860885620117
14798	2732.686758041382
14798	2732.686758041382
14799	2566.758871078491
14799	2566.758871078491
14800	3117.8085803985596
14800	3117.8085803985596
14801	2381.7062377929688
14801	2381.7062377929688
14802	2532.9837799072266
14802	2532.9837799072266
14803	2646.472692489624
14803	2646.472692489624
14804	2611.2730503082275
14804	2611.2730503082275
14805	2329.7293186187744
14805	2329.7293186187744
14806	2526.7465114593506
14806	2526.7465114593506
14807	2750.398874282837
14807	2750.398874282837
14808	2508.798360824585
14808	2508.798360824585
14809	2795.454978942871
14809	2795.454978942871
14810	3544.231176376343
14810	3544.231176376343
14811	2779.4783115386963
14811	2779.4783115386963
14812	2786.769390106201
14812	2786.769390106201
14813	2987.165689468384
14813	2987.165689468384
14814	2290.797710418701
14814	2290.797710418701
14815	2246.232748031616
14815	2246.232748031616
14816	2310.1272583007812
14816	2310.1272583007812
14817	2649.4784355163574
14817	2649.4784355163574
14818	2668.574810028076
14818	2668.574810028076
14819	2692.9237842559814
14819	2692.9237842559814
14820	3354.210376739502
14820	3354.210376739502
14821	2535.226345062256
14821	2535.226345062256
14822	2683.3808422088623
14822	2683.3808422088623
14823	2727.7309894561768
14823	2727.7309894561768
14824	2563.267230987549
14824	2563.267230987549
14825	2969.048023223877
14825	2969.048023223877
14826	2711.8306159973145
14826	2711.8306159973145
14827	2725.3918647766113
14827	2725.3918647766113
14828	2899.2931842803955
14828	2899.2931842803955
14829	2498.9404678344727
14829	2498.9404678344727
14830	3193.0887699127197
14830	3193.0887699127197
14831	2593.951463699341
14831	2593.951463699341
14832	2595.6149101257324
14832	2595.6149101257324
14833	2680.1674365997314
14833	2680.1674365997314
14834	2853.874683380127
14834	2853.874683380127
14835	2634.443759918213
14835	2634.443759918213
14836	2635.396957397461
14836	2635.396957397461
14837	2750.8227825164795
14837	2750.8227825164795
14838	2788.780689239502
14838	2788.780689239502
14839	2742.035150527954
14839	2742.035150527954
14840	3512.274742126465
14840	3512.274742126465
14841	2520.6782817840576
14841	2520.6782817840576
14842	2557.738780975342
14842	2557.738780975342
14843	2747.8621006011963
14843	2747.8621006011963
14844	2746.6061115264893
14844	2746.6061115264893
14845	2798.9776134490967
14845	2798.9776134490967
14846	2576.2853622436523
14846	2576.2853622436523
14847	2519.619941711426
14847	2519.619941711426
14848	2560.518264770508
14848	2560.518264770508
14849	2761.04998588562
14849	2761.04998588562
14850	3432.3577880859375
14850	3432.3577880859375
14851	2621.067762374878
14851	2621.067762374878
14852	2654.0424823760986
14852	2654.0424823760986
14853	2929.9962520599365
14853	2929.9962520599365
14854	2821.6397762298584
14854	2821.6397762298584
14855	2706.78448677063
14855	2706.78448677063
14856	2920.1676845550537
14856	2920.1676845550537
14857	2706.6080570220947
14857	2706.6080570220947
14858	2646.7831134796143
14858	2646.7831134796143
14859	3023.787260055542
14859	3023.787260055542
14860	3593.148708343506
14860	3593.148708343506
14861	2821.0318088531494
14861	2821.0318088531494
14862	2500.2081394195557
14862	2500.2081394195557
14863	2925.837516784668
14863	2925.837516784668
14864	2249.8531341552734
14864	2249.8531341552734
14865	2539.742946624756
14865	2539.742946624756
14866	2746.5763092041016
14866	2746.5763092041016
14867	2588.191270828247
14867	2588.191270828247
14868	2405.2395820617676
14868	2405.2395820617676
14869	2645.9436416625977
14869	2645.9436416625977
14870	3319.512128829956
14870	3319.512128829956
14871	2584.681510925293
14871	2584.681510925293
14872	2724.8106002807617
14872	2724.8106002807617
14873	2847.3148345947266
14873	2847.3148345947266
14874	2762.9213333129883
14874	2762.9213333129883
14875	2520.8160877227783
14875	2520.8160877227783
14876	2835.845708847046
14876	2835.845708847046
14877	2354.418992996216
14877	2354.418992996216
14878	2412.532329559326
14878	2412.532329559326
14879	2541.7776107788086
14879	2541.7776107788086
14880	3258.6257457733154
14880	3258.6257457733154
14881	2526.20267868042
14881	2526.20267868042
14882	2449.3775367736816
14882	2449.3775367736816
14883	2660.42160987854
14883	2660.42160987854
14884	2710.7551097869873
14884	2710.7551097869873
14885	2785.059690475464
14885	2785.059690475464
14886	2817.099094390869
14886	2817.099094390869
14887	2785.6571674346924
14887	2785.6571674346924
14888	2834.078550338745
14888	2834.078550338745
14889	2830.183744430542
14889	2830.183744430542
14890	3663.947582244873
14890	3663.947582244873
14891	2806.065797805786
14891	2806.065797805786
14892	2845.541000366211
14892	2845.541000366211
14893	2751.004695892334
14893	2751.004695892334
14894	2154.654026031494
14894	2154.654026031494
14895	2591.7623043060303
14895	2591.7623043060303
14896	2582.271099090576
14896	2582.271099090576
14897	2641.4735317230225
14897	2641.4735317230225
14898	2823.984146118164
14898	2823.984146118164
14899	2777.6615619659424
14899	2777.6615619659424
14900	3332.115411758423
14900	3332.115411758423
14901	2621.3366985321045
14901	2621.3366985321045
14902	2775.53653717041
14902	2775.53653717041
14903	2739.276885986328
14903	2739.276885986328
14904	2621.209144592285
14904	2621.209144592285
14905	2870.098829269409
14905	2870.098829269409
14906	2728.4505367279053
14906	2728.4505367279053
14907	2690.9072399139404
14907	2690.9072399139404
14908	2726.8311977386475
14908	2726.8311977386475
14909	2930.889368057251
14909	2930.889368057251
14910	3024.693489074707
14910	3024.693489074707
14911	2397.0160484313965
14911	2397.0160484313965
14912	2721.9080924987793
14912	2721.9080924987793
14913	2593.108892440796
14913	2593.108892440796
14914	2784.2955589294434
14914	2784.2955589294434
14915	2755.6211948394775
14915	2755.6211948394775
14916	2821.026086807251
14916	2821.026086807251
14917	2803.5240173339844
14917	2803.5240173339844
14918	3225.4395484924316
14918	3225.4395484924316
14919	2839.7927284240723
14919	2839.7927284240723
14920	3362.440586090088
14920	3362.440586090088
14921	2327.256202697754
14921	2327.256202697754
14922	2131.063938140869
14922	2131.063938140869
14923	2463.794231414795
14923	2463.794231414795
14924	2616.2946224212646
14924	2616.2946224212646
14925	2666.52774810791
14925	2666.52774810791
14926	2575.749635696411
14926	2575.749635696411
14927	2837.308645248413
14927	2837.308645248413
14928	2511.4288330078125
14928	2511.4288330078125
14929	2640.104293823242
14929	2640.104293823242
14930	3306.140899658203
14930	3306.140899658203
14931	2561.1398220062256
14931	2561.1398220062256
14932	2718.099355697632
14932	2718.099355697632
14933	2322.8890895843506
14933	2322.8890895843506
14934	2555.992603302002
14934	2555.992603302002
14935	2572.1616744995117
14935	2572.1616744995117
14936	2508.230209350586
14936	2508.230209350586
14937	2798.970937728882
14937	2798.970937728882
14938	2664.4206047058105
14938	2664.4206047058105
14939	2712.0602130889893
14939	2712.0602130889893
14940	3397.759199142456
14940	3397.759199142456
14941	2901.402711868286
14941	2901.402711868286
14942	2527.93550491333
14942	2527.93550491333
14943	2763.014793395996
14943	2763.014793395996
14944	2730.299234390259
14944	2730.299234390259
14945	2828.3629417419434
14945	2828.3629417419434
14946	2713.2866382598877
14946	2713.2866382598877
14947	2954.780101776123
14947	2954.780101776123
14948	2575.347900390625
14948	2575.347900390625
14949	2222.7954864501953
14949	2222.7954864501953
14950	3017.230749130249
14950	3017.230749130249
14951	2537.628650665283
14951	2537.628650665283
14952	2691.208839416504
14952	2691.208839416504
14953	2666.5611267089844
14953	2666.5611267089844
14954	2438.237428665161
14954	2438.237428665161
14955	2817.626714706421
14955	2817.626714706421
14956	2676.971673965454
14956	2676.971673965454
14957	2422.1482276916504
14957	2422.1482276916504
14958	2843.6193466186523
14958	2843.6193466186523
14959	2605.7026386260986
14959	2605.7026386260986
14960	3485.445261001587
14960	3485.445261001587
14961	2749.225378036499
14961	2749.225378036499
14962	2857.5737476348877
14962	2857.5737476348877
14963	2795.985698699951
14963	2795.985698699951
14964	2787.0795726776123
14964	2787.0795726776123
14965	2969.31791305542
14965	2969.31791305542
14966	2242.5167560577393
14966	2242.5167560577393
14967	2275.5939960479736
14967	2275.5939960479736
14968	2661.8635654449463
14968	2661.8635654449463
14969	2711.050510406494
14969	2711.050510406494
14970	3241.067409515381
14970	3241.067409515381
14971	2441.944360733032
14971	2441.944360733032
14972	2612.351417541504
14972	2612.351417541504
14973	2621.580123901367
14973	2621.580123901367
14974	2611.6204261779785
14974	2611.6204261779785
14975	2537.1620655059814
14975	2537.1620655059814
14976	2579.450845718384
14976	2579.450845718384
14977	2614.2423152923584
14977	2614.2423152923584
14978	1599.4846820831299
14978	1599.4846820831299
14979	1620.335578918457
14979	1620.335578918457
14980	2364.1765117645264
14980	2364.1765117645264
14981	1573.1217861175537
14981	1573.1217861175537
14982	1651.4959335327148
14982	1651.4959335327148
14983	1512.336254119873
14983	1512.336254119873
14984	1694.4224834442139
14984	1694.4224834442139
14985	1765.2311325073242
14985	1765.2311325073242
14986	1537.5432968139648
14986	1537.5432968139648
14987	1694.4208145141602
14987	1694.4208145141602
14988	1858.49928855896
14988	1858.49928855896
14989	1517.9650783538818
14989	1517.9650783538818
14990	2320.430278778076
14990	2320.430278778076
14991	1694.8635578155518
14991	1694.8635578155518
14992	1826.2689113616943
14992	1826.2689113616943
14993	1631.791353225708
14993	1631.791353225708
14994	1368.0229187011719
14994	1368.0229187011719
14995	1754.2071342468262
14995	1754.2071342468262
14996	1674.4215488433838
14996	1674.4215488433838
14997	1582.641363143921
14997	1582.641363143921
14998	1652.5213718414307
14998	1652.5213718414307
14999	1691.8177604675293
14999	1691.8177604675293
15000	14206.730842590332
15000	14206.730842590332
15001	1645.9755897521973
15001	1645.9755897521973
15002	1677.6471138000488
15002	1677.6471138000488
15003	1511.3897323608398
15003	1511.3897323608398
15004	1799.3741035461426
15004	1799.3741035461426
15005	1605.823278427124
15005	1605.823278427124
15006	1646.798849105835
15006	1646.798849105835
15007	1598.7770557403564
15007	1598.7770557403564
15008	1405.3285121917725
15008	1405.3285121917725
15009	1465.090036392212
15009	1465.090036392212
15010	2194.852590560913
15010	2194.852590560913
15011	1579.9295902252197
15011	1579.9295902252197
15012	1425.5404472351074
15012	1425.5404472351074
15013	1426.0129928588867
15013	1426.0129928588867
15014	1559.6282482147217
15014	1559.6282482147217
15015	1746.3068962097168
15015	1746.3068962097168
15016	1185.1792335510254
15016	1185.1792335510254
15017	1360.9888553619385
15017	1360.9888553619385
15018	1675.5328178405762
15018	1675.5328178405762
15019	1599.449872970581
15019	1599.449872970581
15020	2407.014846801758
15020	2407.014846801758
15021	1834.7358703613281
15021	1834.7358703613281
15022	1491.7199611663818
15022	1491.7199611663818
15023	1486.7489337921143
15023	1486.7489337921143
15024	1809.0553283691406
15024	1809.0553283691406
15025	1596.7075824737549
15025	1596.7075824737549
15026	1653.273582458496
15026	1653.273582458496
15027	1779.217004776001
15027	1779.217004776001
15028	1568.3658123016357
15028	1568.3658123016357
15029	1647.2294330596924
15029	1647.2294330596924
15030	2459.455728530884
15030	2459.455728530884
15031	1680.079698562622
15031	1680.079698562622
15032	1664.4666194915771
15032	1664.4666194915771
15033	1679.5318126678467
15033	1679.5318126678467
15034	1803.205966949463
15034	1803.205966949463
15035	1607.9094409942627
15035	1607.9094409942627
15036	1678.4954071044922
15036	1678.4954071044922
15037	1835.0229263305664
15037	1835.0229263305664
15038	1613.0080223083496
15038	1613.0080223083496
15039	1748.4474182128906
15039	1748.4474182128906
15040	2541.7399406433105
15040	2541.7399406433105
15041	1847.7587699890137
15041	1847.7587699890137
15042	1604.8095226287842
15042	1604.8095226287842
15043	1651.315450668335
15043	1651.315450668335
15044	1793.8895225524902
15044	1793.8895225524902
15045	1643.8636779785156
15045	1643.8636779785156
15046	1553.4555912017822
15046	1553.4555912017822
15047	1696.9201564788818
15047	1696.9201564788818
15048	1659.0032577514648
15048	1659.0032577514648
15049	1655.0581455230713
15049	1655.0581455230713
15050	2301.9299507141113
15050	2301.9299507141113
15051	1609.8034381866455
15051	1609.8034381866455
15052	1678.73215675354
15052	1678.73215675354
15053	1651.8135070800781
15053	1651.8135070800781
15054	1530.6060314178467
15054	1530.6060314178467
15055	1721.968173980713
15055	1721.968173980713
15056	1654.9298763275146
15056	1654.9298763275146
15057	1461.071252822876
15057	1461.071252822876
15058	1604.762315750122
15058	1604.762315750122
15059	1660.7158184051514
15059	1660.7158184051514
15060	2408.8525772094727
15060	2408.8525772094727
15061	1698.0502605438232
15061	1698.0502605438232
15062	1832.5598239898682
15062	1832.5598239898682
15063	1696.9413757324219
15063	1696.9413757324219
15064	1687.4895095825195
15064	1687.4895095825195
15065	1817.8236484527588
15065	1817.8236484527588
15066	1716.12548828125
15066	1716.12548828125
15067	1597.1202850341797
15067	1597.1202850341797
15068	1825.4210948944092
15068	1825.4210948944092
15069	1709.9294662475586
15069	1709.9294662475586
15070	2280.8210849761963
15070	2280.8210849761963
15071	1503.2572746276855
15071	1503.2572746276855
15072	1815.5007362365723
15072	1815.5007362365723
15073	1829.1757106781006
15073	1829.1757106781006
15074	1696.747064590454
15074	1696.747064590454
15075	1672.4481582641602
15075	1672.4481582641602
15076	1696.0248947143555
15076	1696.0248947143555
15077	1586.580514907837
15077	1586.580514907837
15078	1700.451135635376
15078	1700.451135635376
15079	1736.1233234405518
15079	1736.1233234405518
15080	2293.2472229003906
15080	2293.2472229003906
15081	1615.4298782348633
15081	1615.4298782348633
15082	1781.825304031372
15082	1781.825304031372
15083	1742.462158203125
15083	1742.462158203125
15084	1338.944435119629
15084	1338.944435119629
15085	1602.2417545318604
15085	1602.2417545318604
15086	1414.2756462097168
15086	1414.2756462097168
15087	1454.3864727020264
15087	1454.3864727020264
15088	1602.3705005645752
15088	1602.3705005645752
15089	1334.8777294158936
15089	1334.8777294158936
15090	2147.2275257110596
15090	2147.2275257110596
15091	1788.4352207183838
15091	1788.4352207183838
15092	1463.84596824646
15092	1463.84596824646
15093	1744.3351745605469
15093	1744.3351745605469
15094	1704.0772438049316
15094	1704.0772438049316
15095	1744.041919708252
15095	1744.041919708252
15096	1725.2984046936035
15096	1725.2984046936035
15097	1970.1125621795654
15097	1970.1125621795654
15098	1762.7336978912354
15098	1762.7336978912354
15099	1880.45334815979
15099	1880.45334815979
15100	2541.7354106903076
15100	2541.7354106903076
15101	1739.6271228790283
15101	1739.6271228790283
15102	1685.154914855957
15102	1685.154914855957
15103	2338.839292526245
15103	2338.839292526245
15104	2257.9030990600586
15104	2257.9030990600586
15105	2408.6008071899414
15105	2408.6008071899414
15106	2704.4339179992676
15106	2704.4339179992676
15107	2323.432683944702
15107	2323.432683944702
15108	2732.9187393188477
15108	2732.9187393188477
15109	2778.691530227661
15109	2778.691530227661
15110	3287.1644496917725
15110	3287.1644496917725
15111	2614.280939102173
15111	2614.280939102173
15112	2834.725856781006
15112	2834.725856781006
15113	2729.168176651001
15113	2729.168176651001
15114	2719.2037105560303
15114	2719.2037105560303
15115	2839.163303375244
15115	2839.163303375244
15116	2879.087209701538
15116	2879.087209701538
15117	2813.692808151245
15117	2813.692808151245
15118	2336.9736671447754
15118	2336.9736671447754
15119	2708.1499099731445
15119	2708.1499099731445
15120	2966.550588607788
15120	2966.550588607788
15121	2502.910614013672
15121	2502.910614013672
15122	2338.8116359710693
15122	2338.8116359710693
15123	2703.688383102417
15123	2703.688383102417
15124	2476.980447769165
15124	2476.980447769165
15125	2571.014165878296
15125	2571.014165878296
15126	2763.0581855773926
15126	2763.0581855773926
15127	2776.7386436462402
15127	2776.7386436462402
15128	2702.4829387664795
15128	2702.4829387664795
15129	2244.0264225006104
15129	2244.0264225006104
15130	3378.9308071136475
15130	3378.9308071136475
15131	2789.6811962127686
15131	2789.6811962127686
15132	2830.2407264709473
15132	2830.2407264709473
15133	2761.5745067596436
15133	2761.5745067596436
15134	2361.2992763519287
15134	2361.2992763519287
15135	2487.565517425537
15135	2487.565517425537
15136	2528.531074523926
15136	2528.531074523926
15137	2690.8631324768066
15137	2690.8631324768066
15138	2649.980306625366
15138	2649.980306625366
15139	2729.2563915252686
15139	2729.2563915252686
15140	3549.650192260742
15140	3549.650192260742
15141	2895.106315612793
15141	2895.106315612793
15142	2742.562770843506
15142	2742.562770843506
15143	2781.301736831665
15143	2781.301736831665
15144	2676.309823989868
15144	2676.309823989868
15145	2811.359405517578
15145	2811.359405517578
15146	2634.2711448669434
15146	2634.2711448669434
15147	2632.232427597046
15147	2632.232427597046
15148	2835.987091064453
15148	2835.987091064453
15149	2774.3115425109863
15149	2774.3115425109863
15150	3543.283224105835
15150	3543.283224105835
15151	2387.7313137054443
15151	2387.7313137054443
15152	2448.5185146331787
15152	2448.5185146331787
15153	2602.74076461792
15153	2602.74076461792
15154	2808.100461959839
15154	2808.100461959839
15155	2772.2976207733154
15155	2772.2976207733154
15156	2656.4295291900635
15156	2656.4295291900635
15157	2887.2458934783936
15157	2887.2458934783936
15158	2602.576732635498
15158	2602.576732635498
15159	2804.9027919769287
15159	2804.9027919769287
15160	3552.7169704437256
15160	3552.7169704437256
15161	2748.284339904785
15161	2748.284339904785
15162	2548.90775680542
15162	2548.90775680542
15163	2874.068021774292
15163	2874.068021774292
15164	2586.1001014709473
15164	2586.1001014709473
15165	2983.567237854004
15165	2983.567237854004
15166	2799.4003295898438
15166	2799.4003295898438
15167	2255.3250789642334
15167	2255.3250789642334
15168	2379.2388439178467
15168	2379.2388439178467
15169	2571.509838104248
15169	2571.509838104248
15170	3221.034049987793
15170	3221.034049987793
15171	2647.355318069458
15171	2647.355318069458
15172	2770.08056640625
15172	2770.08056640625
15173	2651.848793029785
15173	2651.848793029785
15174	2643.455982208252
15174	2643.455982208252
15175	2916.858911514282
15175	2916.858911514282
15176	2717.585802078247
15176	2717.585802078247
15177	2784.5988273620605
15177	2784.5988273620605
15178	2902.0984172821045
15178	2902.0984172821045
15179	2795.8590984344482
15179	2795.8590984344482
15180	2965.437173843384
15180	2965.437173843384
15181	2405.278444290161
15181	2405.278444290161
15182	2562.2150897979736
15182	2562.2150897979736
15183	2508.6731910705566
15183	2508.6731910705566
15184	2636.1875534057617
15184	2636.1875534057617
15185	2673.8927364349365
15185	2673.8927364349365
15186	2863.882303237915
15186	2863.882303237915
15187	2507.248878479004
15187	2507.248878479004
15188	2530.2717685699463
15188	2530.2717685699463
15189	2889.2431259155273
15189	2889.2431259155273
15190	3234.66420173645
15190	3234.66420173645
15191	2517.242670059204
15191	2517.242670059204
15192	2783.1149101257324
15192	2783.1149101257324
15193	2738.074541091919
15193	2738.074541091919
15194	2412.614107131958
15194	2412.614107131958
15195	2239.0317916870117
15195	2239.0317916870117
15196	2478.121519088745
15196	2478.121519088745
15197	2759.4687938690186
15197	2759.4687938690186
15198	2687.533378601074
15198	2687.533378601074
15199	2687.8881454467773
15199	2687.8881454467773
15200	3210.87646484375
15200	3210.87646484375
15201	2686.3551139831543
15201	2686.3551139831543
15202	2740.4239177703857
15202	2740.4239177703857
15203	2771.580219268799
15203	2771.580219268799
15204	2877.418279647827
15204	2877.418279647827
15205	2655.6360721588135
15205	2655.6360721588135
15206	2795.9325313568115
15206	2795.9325313568115
15207	2670.7053184509277
15207	2670.7053184509277
15208	3011.911392211914
15208	3011.911392211914
15209	2787.501573562622
15209	2787.501573562622
15210	3129.638671875
15210	3129.638671875
15211	2076.6758918762207
15211	2076.6758918762207
15212	2493.7222003936768
15212	2493.7222003936768
15213	2758.7685585021973
15213	2758.7685585021973
15214	2622.692823410034
15214	2622.692823410034
15215	2618.194818496704
15215	2618.194818496704
15216	2848.8998413085938
15216	2848.8998413085938
15217	2730.1888465881348
15217	2730.1888465881348
15218	2695.0325965881348
15218	2695.0325965881348
15219	2771.955728530884
15219	2771.955728530884
15220	3606.738805770874
15220	3606.738805770874
15221	2106.438636779785
15221	2106.438636779785
15222	2251.997470855713
15222	2251.997470855713
15223	2392.366647720337
15223	2392.366647720337
15224	2674.121856689453
15224	2674.121856689453
15225	2607.619047164917
15225	2607.619047164917
15226	2582.5021266937256
15226	2582.5021266937256
15227	2690.6683444976807
15227	2690.6683444976807
15228	2701.6994953155518
15228	2701.6994953155518
15229	2681.661367416382
15229	2681.661367416382
15230	3300.1935482025146
15230	3300.1935482025146
15231	2899.71661567688
15231	2899.71661567688
15232	2684.7548484802246
15232	2684.7548484802246
15233	2190.10329246521
15233	2190.10329246521
15234	2194.384813308716
15234	2194.384813308716
15235	2912.1901988983154
15235	2912.1901988983154
15236	2735.7499599456787
15236	2735.7499599456787
15237	2754.077434539795
15237	2754.077434539795
15238	2907.6931476593018
15238	2907.6931476593018
15239	2687.396764755249
15239	2687.396764755249
15240	3626.420736312866
15240	3626.420736312866
15241	2232.6133251190186
15241	2232.6133251190186
15242	2594.832181930542
15242	2594.832181930542
15243	2215.834856033325
15243	2215.834856033325
15244	2132.1730613708496
15244	2132.1730613708496
15245	2598.968744277954
15245	2598.968744277954
15246	2455.6877613067627
15246	2455.6877613067627
15247	2636.903762817383
15247	2636.903762817383
15248	2481.555700302124
15248	2481.555700302124
15249	2763.8659477233887
15249	2763.8659477233887
15250	3524.141788482666
15250	3524.141788482666
15251	2851.2444496154785
15251	2851.2444496154785
15252	2723.653554916382
15252	2723.653554916382
15253	2541.1181449890137
15253	2541.1181449890137
15254	2874.1326332092285
15254	2874.1326332092285
15255	2770.845651626587
15255	2770.845651626587
15256	2759.0079307556152
15256	2759.0079307556152
15257	2579.932451248169
15257	2579.932451248169
15258	2359.2445850372314
15258	2359.2445850372314
15259	2436.2738132476807
15259	2436.2738132476807
15260	3059.189558029175
15260	3059.189558029175
15261	2453.8512229919434
15261	2453.8512229919434
15262	2626.523494720459
15262	2626.523494720459
15263	2490.9961223602295
15263	2490.9961223602295
15264	2708.6269855499268
15264	2708.6269855499268
15265	2694.647789001465
15265	2694.647789001465
15266	2815.3042793273926
15266	2815.3042793273926
15267	2827.566146850586
15267	2827.566146850586
15268	2823.652505874634
15268	2823.652505874634
15269	2788.5329723358154
15269	2788.5329723358154
15270	3600.501775741577
15270	3600.501775741577
15271	2808.990478515625
15271	2808.990478515625
15272	2591.3212299346924
15272	2591.3212299346924
15273	2846.5912342071533
15273	2846.5912342071533
15274	2899.7576236724854
15274	2899.7576236724854
15275	2515.7957077026367
15275	2515.7957077026367
15276	2412.839412689209
15276	2412.839412689209
15277	2306.4229488372803
15277	2306.4229488372803
15278	2571.98429107666
15278	2571.98429107666
15279	2437.093734741211
15279	2437.093734741211
15280	3444.17405128479
15280	3444.17405128479
15281	2659.9152088165283
15281	2659.9152088165283
15282	2627.0036697387695
15282	2627.0036697387695
15283	2614.067792892456
15283	2614.067792892456
15284	2517.37642288208
15284	2517.37642288208
15285	1556.1227798461914
15285	1556.1227798461914
15286	1668.4203147888184
15286	1668.4203147888184
15287	1722.564935684204
15287	1722.564935684204
15288	1635.4825496673584
15288	1635.4825496673584
15289	1534.6400737762451
15289	1534.6400737762451
15290	2406.043291091919
15290	2406.043291091919
15291	1657.940149307251
15291	1657.940149307251
15292	1780.7769775390625
15292	1780.7769775390625
15293	1658.3833694458008
15293	1658.3833694458008
15294	1720.7739353179932
15294	1720.7739353179932
15295	1784.411907196045
15295	1784.411907196045
15296	1602.701187133789
15296	1602.701187133789
15297	1565.4325485229492
15297	1565.4325485229492
15298	1748.612880706787
15298	1748.612880706787
15299	1744.9116706848145
15299	1744.9116706848145
15300	2400.8395671844482
15300	2400.8395671844482
15301	1614.3410205841064
15301	1614.3410205841064
15302	1639.0440464019775
15302	1639.0440464019775
15303	1734.273910522461
15303	1734.273910522461
15304	1759.2747211456299
15304	1759.2747211456299
15305	1508.446455001831
15305	1508.446455001831
15306	1723.5651016235352
15306	1723.5651016235352
15307	1777.099609375
15307	1777.099609375
15308	1452.0063400268555
15308	1452.0063400268555
15309	1447.7763175964355
15309	1447.7763175964355
15310	2343.350887298584
15310	2343.350887298584
15311	1689.5287036895752
15311	1689.5287036895752
15312	1783.8735580444336
15312	1783.8735580444336
15313	1652.0936489105225
15313	1652.0936489105225
15314	1660.041332244873
15314	1660.041332244873
15315	1594.6648120880127
15315	1594.6648120880127
15316	1650.420904159546
15316	1650.420904159546
15317	1651.9622802734375
15317	1651.9622802734375
15318	1589.792251586914
15318	1589.792251586914
15319	1785.7656478881836
15319	1785.7656478881836
15320	2447.1638202667236
15320	2447.1638202667236
15321	1776.6642570495605
15321	1776.6642570495605
15322	1618.4766292572021
15322	1618.4766292572021
15323	1641.6676044464111
15323	1641.6676044464111
15324	1759.0768337249756
15324	1759.0768337249756
15325	1626.060962677002
15325	1626.060962677002
15326	1734.8213195800781
15326	1734.8213195800781
15327	1522.3112106323242
15327	1522.3112106323242
15328	1813.5731220245361
15328	1813.5731220245361
15329	1539.3528938293457
15329	1539.3528938293457
15330	2388.1752490997314
15330	2388.1752490997314
15331	1685.9402656555176
15331	1685.9402656555176
15332	1779.5906066894531
15332	1779.5906066894531
15333	1592.9138660430908
15333	1592.9138660430908
15334	1308.586597442627
15334	1308.586597442627
15335	1301.2924194335938
15335	1301.2924194335938
15336	1428.3936023712158
15336	1428.3936023712158
15337	1411.0107421875
15337	1411.0107421875
15338	1462.9087448120117
15338	1462.9087448120117
15339	1434.3500137329102
15339	1434.3500137329102
15340	2503.6489963531494
15340	2503.6489963531494
15341	1841.0491943359375
15341	1841.0491943359375
15342	1671.144962310791
15342	1671.144962310791
15343	1634.6375942230225
15343	1634.6375942230225
15344	1684.1070652008057
15344	1684.1070652008057
15345	1638.434648513794
15345	1638.434648513794
15346	1491.1565780639648
15346	1491.1565780639648
15347	1468.641757965088
15347	1468.641757965088
15348	1629.8730373382568
15348	1629.8730373382568
15349	1754.230260848999
15349	1754.230260848999
15350	2572.7200508117676
15350	2572.7200508117676
15351	1731.7378520965576
15351	1731.7378520965576
15352	1627.047061920166
15352	1627.047061920166
15353	1569.542407989502
15353	1569.542407989502
15354	1758.3966255187988
15354	1758.3966255187988
15355	1548.0048656463623
15355	1548.0048656463623
15356	1647.5090980529785
15356	1647.5090980529785
15357	1629.4059753417969
15357	1629.4059753417969
15358	1611.797571182251
15358	1611.797571182251
15359	1651.8526077270508
15359	1651.8526077270508
15360	2349.5726585388184
15360	2349.5726585388184
15361	1670.5362796783447
15361	1670.5362796783447
15362	1684.5943927764893
15362	1684.5943927764893
15363	1711.7233276367188
15363	1711.7233276367188
15364	1466.109275817871
15364	1466.109275817871
15365	1753.8435459136963
15365	1753.8435459136963
15366	1801.8651008605957
15366	1801.8651008605957
15367	1652.7771949768066
15367	1652.7771949768066
15368	1477.1969318389893
15368	1477.1969318389893
15369	1735.5291843414307
15369	1735.5291843414307
15370	2503.192186355591
15370	2503.192186355591
15371	1697.4363327026367
15371	1697.4363327026367
15372	1483.0021858215332
15372	1483.0021858215332
15373	1699.1453170776367
15373	1699.1453170776367
15374	1658.1969261169434
15374	1658.1969261169434
15375	1742.0711517333984
15375	1742.0711517333984
15376	1550.4281520843506
15376	1550.4281520843506
15377	1626.0545253753662
15377	1626.0545253753662
15378	1756.4294338226318
15378	1756.4294338226318
15379	1646.1877822875977
15379	1646.1877822875977
15380	2318.4127807617188
15380	2318.4127807617188
15381	1531.8217277526855
15381	1531.8217277526855
15382	1606.9250106811523
15382	1606.9250106811523
15383	1672.269344329834
15383	1672.269344329834
15384	1751.2152194976807
15384	1751.2152194976807
15385	1584.9609375
15385	1584.9609375
15386	1679.2266368865967
15386	1679.2266368865967
15387	1845.001220703125
15387	1845.001220703125
15388	1726.4142036437988
15388	1726.4142036437988
15389	1480.5681705474854
15389	1480.5681705474854
15390	2283.4408283233643
15390	2283.4408283233643
15391	1685.0266456604004
15391	1685.0266456604004
15392	1691.5411949157715
15392	1691.5411949157715
15393	1675.2755641937256
15393	1675.2755641937256
15394	1671.6880798339844
15394	1671.6880798339844
15395	1631.8848133087158
15395	1631.8848133087158
15396	1778.8994312286377
15396	1778.8994312286377
15397	1616.1203384399414
15397	1616.1203384399414
15398	1508.155345916748
15398	1508.155345916748
15399	1632.0436000823975
15399	1632.0436000823975
15400	2278.7086963653564
15400	2278.7086963653564
15401	1830.052375793457
15401	1830.052375793457
15402	1506.4115524291992
15402	1506.4115524291992
15403	1643.0234909057617
15403	1643.0234909057617
15404	1744.1368103027344
15404	1744.1368103027344
15405	1465.8758640289307
15405	1465.8758640289307
15406	1738.9953136444092
15406	1738.9953136444092
15407	1611.8659973144531
15407	1611.8659973144531
15408	1552.7863502502441
15408	1552.7863502502441
15409	1287.7886295318604
15409	1287.7886295318604
15410	2207.512855529785
15410	2207.512855529785
15411	1303.920030593872
15411	1303.920030593872
15412	1311.6097450256348
15412	1311.6097450256348
15413	1429.347276687622
15413	1429.347276687622
15414	1419.2137718200684
15414	1419.2137718200684
15415	1746.0546493530273
15415	1746.0546493530273
15416	1130.2151679992676
15416	1130.2151679992676
15417	1237.3230457305908
15417	1237.3230457305908
15418	1624.8984336853027
15418	1624.8984336853027
15419	1632.6825618743896
15419	1632.6825618743896
15420	2395.0510025024414
15420	2395.0510025024414
15421	1819.8130130767822
15421	1819.8130130767822
15422	1741.8112754821777
15422	1741.8112754821777
15423	1618.8571453094482
15423	1618.8571453094482
15424	2240.2355670928955
15424	2240.2355670928955
15425	2024.8298645019531
15425	2024.8298645019531
15426	2428.5213947296143
15426	2428.5213947296143
15427	2587.165594100952
15427	2587.165594100952
15428	2686.0837936401367
15428	2686.0837936401367
15429	2596.0278511047363
15429	2596.0278511047363
15430	3494.6351051330566
15430	3494.6351051330566
15431	2680.2659034729004
15431	2680.2659034729004
15432	2617.1317100524902
15432	2617.1317100524902
15433	2737.255334854126
15433	2737.255334854126
15434	2737.107992172241
15434	2737.107992172241
15435	2547.685384750366
15435	2547.685384750366
15436	2560.9960556030273
15436	2560.9960556030273
15437	2562.019109725952
15437	2562.019109725952
15438	2930.4168224334717
15438	2930.4168224334717
15439	2871.662139892578
15439	2871.662139892578
15440	3448.420524597168
15440	3448.420524597168
15441	2349.7695922851562
15441	2349.7695922851562
15442	2358.598232269287
15442	2358.598232269287
15443	2473.8428592681885
15443	2473.8428592681885
15444	2588.0484580993652
15444	2588.0484580993652
15445	2656.6131114959717
15445	2656.6131114959717
15446	2763.667345046997
15446	2763.667345046997
15447	2665.821313858032
15447	2665.821313858032
15448	2803.0223846435547
15448	2803.0223846435547
15449	2618.2801723480225
15449	2618.2801723480225
15450	3571.766138076782
15450	3571.766138076782
15451	2666.4960384368896
15451	2666.4960384368896
15452	2585.9787464141846
15452	2585.9787464141846
15453	2617.7093982696533
15453	2617.7093982696533
15454	2817.990779876709
15454	2817.990779876709
15455	2738.265037536621
15455	2738.265037536621
15456	2702.8772830963135
15456	2702.8772830963135
15457	2884.866714477539
15457	2884.866714477539
15458	2465.2605056762695
15458	2465.2605056762695
15459	2540.7111644744873
15459	2540.7111644744873
15460	3297.6503372192383
15460	3297.6503372192383
15461	2596.355438232422
15461	2596.355438232422
15462	2707.6127529144287
15462	2707.6127529144287
15463	2730.3519248962402
15463	2730.3519248962402
15464	2693.8579082489014
15464	2693.8579082489014
15465	2814.661979675293
15465	2814.661979675293
15466	2735.917568206787
15466	2735.917568206787
15467	2657.764434814453
15467	2657.764434814453
15468	2802.9332160949707
15468	2802.9332160949707
15469	2748.1374740600586
15469	2748.1374740600586
15470	3513.458490371704
15470	3513.458490371704
15471	2806.1556816101074
15471	2806.1556816101074
15472	2934.2198371887207
15472	2934.2198371887207
15473	2807.788372039795
15473	2807.788372039795
15474	2748.1513023376465
15474	2748.1513023376465
15475	2395.052194595337
15475	2395.052194595337
15476	2581.160068511963
15476	2581.160068511963
15477	2357.715368270874
15477	2357.715368270874
15478	2461.2905979156494
15478	2461.2905979156494
15479	2783.700466156006
15479	2783.700466156006
15480	3258.8212490081787
15480	3258.8212490081787
15481	2672.0030307769775
15481	2672.0030307769775
15482	2621.0854053497314
15482	2621.0854053497314
15483	2790.30704498291
15483	2790.30704498291
15484	2745.353937149048
15484	2745.353937149048
15485	2627.243757247925
15485	2627.243757247925
15486	2684.901714324951
15486	2684.901714324951
15487	2741.65940284729
15487	2741.65940284729
15488	2933.1271648406982
15488	2933.1271648406982
15489	2721.761703491211
15489	2721.761703491211
15490	3598.6576080322266
15490	3598.6576080322266
15491	2302.393674850464
15491	2302.393674850464
15492	2408.1499576568604
15492	2408.1499576568604
15493	2420.4843044281006
15493	2420.4843044281006
15494	2621.803045272827
15494	2621.803045272827
15495	2701.8773555755615
15495	2701.8773555755615
15496	2577.9025554656982
15496	2577.9025554656982
15497	2935.9898567199707
15497	2935.9898567199707
15498	2545.2640056610107
15498	2545.2640056610107
15499	2805.6013584136963
15499	2805.6013584136963
15500	10173.972606658936
15500	10173.972606658936
15501	2501.5735626220703
15501	2501.5735626220703
15502	2692.5058364868164
15502	2692.5058364868164
15503	2512.751817703247
15503	2512.751817703247
15504	2618.2568073272705
15504	2618.2568073272705
15505	2652.391195297241
15505	2652.391195297241
15506	2766.2198543548584
15506	2766.2198543548584
15507	2591.8617248535156
15507	2591.8617248535156
15508	2783.4627628326416
15508	2783.4627628326416
15509	2804.330587387085
15509	2804.330587387085
15510	3619.2846298217773
15510	3619.2846298217773
15511	2418.036699295044
15511	2418.036699295044
15512	2395.1165676116943
15512	2395.1165676116943
15513	2538.73348236084
15513	2538.73348236084
15514	2644.520044326782
15514	2644.520044326782
15515	2725.442886352539
15515	2725.442886352539
15516	2796.900510787964
15516	2796.900510787964
15517	2752.6164054870605
15517	2752.6164054870605
15518	2829.6468257904053
15518	2829.6468257904053
15519	2575.183868408203
15519	2575.183868408203
15520	3587.46075630188
15520	3587.46075630188
15521	2812.7574920654297
15521	2812.7574920654297
15522	2809.5545768737793
15522	2809.5545768737793
15523	2231.508493423462
15523	2231.508493423462
15524	2384.904146194458
15524	2384.904146194458
15525	2387.176275253296
15525	2387.176275253296
15526	2624.7012615203857
15526	2624.7012615203857
15527	2655.583143234253
15527	2655.583143234253
15528	2754.793167114258
15528	2754.793167114258
15529	2761.317253112793
15529	2761.317253112793
15530	3364.74871635437
15530	3364.74871635437
15531	2837.46075630188
15531	2837.46075630188
15532	2890.658140182495
15532	2890.658140182495
15533	2797.3721027374268
15533	2797.3721027374268
15534	2778.2328128814697
15534	2778.2328128814697
15535	2758.808135986328
15535	2758.808135986328
15536	2775.8948802948
15536	2775.8948802948
15537	2692.1002864837646
15537	2692.1002864837646
15538	2560.610771179199
15538	2560.610771179199
15539	2802.194356918335
15539	2802.194356918335
15540	3028.7466049194336
15540	3028.7466049194336
15541	2421.1955070495605
15541	2421.1955070495605
15542	2450.6993293762207
15542	2450.6993293762207
15543	2345.8290100097656
15543	2345.8290100097656
15544	2650.8071422576904
15544	2650.8071422576904
15545	2694.626808166504
15545	2694.626808166504
15546	2846.1215496063232
15546	2846.1215496063232
15547	2845.113515853882
15547	2845.113515853882
15548	2728.9915084838867
15548	2728.9915084838867
15549	2840.197801589966
15549	2840.197801589966
15550	2874.2353916168213
15550	2874.2353916168213
15551	2483.025074005127
15551	2483.025074005127
15552	2358.161211013794
15552	2358.161211013794
15553	2687.777280807495
15553	2687.777280807495
15554	2597.4326133728027
15554	2597.4326133728027
15555	2894.2911624908447
15555	2894.2911624908447
15556	3004.686117172241
15556	3004.686117172241
15557	2726.4251708984375
15557	2726.4251708984375
15558	2898.561716079712
15558	2898.561716079712
15559	2799.3361949920654
15559	2799.3361949920654
15560	3759.963035583496
15560	3759.963035583496
15561	2692.6162242889404
15561	2692.6162242889404
15562	3181.5345287323
15562	3181.5345287323
15563	2801.0473251342773
15563	2801.0473251342773
15564	2424.3485927581787
15564	2424.3485927581787
15565	2445.983648300171
15565	2445.983648300171
15566	2740.6129837036133
15566	2740.6129837036133
15567	2473.69122505188
15567	2473.69122505188
15568	2654.4952392578125
15568	2654.4952392578125
15569	2709.259271621704
15569	2709.259271621704
15570	3551.543712615967
15570	3551.543712615967
15571	3019.5603370666504
15571	3019.5603370666504
15572	2625.887155532837
15572	2625.887155532837
15573	2598.738431930542
15573	2598.738431930542
15574	2651.320219039917
15574	2651.320219039917
15575	2363.478183746338
15575	2363.478183746338
15576	2306.0498237609863
15576	2306.0498237609863
15577	2626.631259918213
15577	2626.631259918213
15578	2713.7341499328613
15578	2713.7341499328613
15579	2455.320119857788
15579	2455.320119857788
15580	3574.089288711548
15580	3574.089288711548
15581	2756.0009956359863
15581	2756.0009956359863
15582	2764.960289001465
15582	2764.960289001465
15583	2709.012031555176
15583	2709.012031555176
15584	2736.3216876983643
15584	2736.3216876983643
15585	2844.5613384246826
15585	2844.5613384246826
15586	2809.5834255218506
15586	2809.5834255218506
15587	2801.1295795440674
15587	2801.1295795440674
15588	2786.489248275757
15588	2786.489248275757
15589	2412.456274032593
15589	2412.456274032593
15590	2883.6162090301514
15590	2883.6162090301514
15591	2482.0237159729004
15591	2482.0237159729004
15592	2601.1276245117188
15592	2601.1276245117188
15593	2558.6397647857666
15593	2558.6397647857666
15594	2640.089750289917
15594	2640.089750289917
15595	2645.9598541259766
15595	2645.9598541259766
15596	2701.7431259155273
15596	2701.7431259155273
15597	2780.7235717773438
15597	2780.7235717773438
15598	2813.2805824279785
15598	2813.2805824279785
15599	1708.6906433105469
15599	1708.6906433105469
15600	2437.695264816284
15600	2437.695264816284
15601	1628.9317607879639
15601	1628.9317607879639
15602	1631.9808959960938
15602	1631.9808959960938
15603	1723.809003829956
15603	1723.809003829956
15604	1641.4580345153809
15604	1641.4580345153809
15605	1637.7990245819092
15605	1637.7990245819092
15606	1569.488763809204
15606	1569.488763809204
15607	1815.7196044921875
15607	1815.7196044921875
15608	1655.2660465240479
15608	1655.2660465240479
15609	1483.5827350616455
15609	1483.5827350616455
15610	2134.9925994873047
15610	2134.9925994873047
15611	1506.2015056610107
15611	1506.2015056610107
15612	1679.8160076141357
15612	1679.8160076141357
15613	1775.954246520996
15613	1775.954246520996
15614	1629.2290687561035
15614	1629.2290687561035
15615	1724.1754531860352
15615	1724.1754531860352
15616	1645.190715789795
15616	1645.190715789795
15617	1802.8740882873535
15617	1802.8740882873535
15618	1689.5928382873535
15618	1689.5928382873535
15619	1498.657464981079
15619	1498.657464981079
15620	2282.083034515381
15620	2282.083034515381
15621	1635.0481510162354
15621	1635.0481510162354
15622	1772.6924419403076
15622	1772.6924419403076
15623	1907.2108268737793
15623	1907.2108268737793
15624	1469.3632125854492
15624	1469.3632125854492
15625	1617.9225444793701
15625	1617.9225444793701
15626	1540.0488376617432
15626	1540.0488376617432
15627	1599.4725227355957
15627	1599.4725227355957
15628	1630.5382251739502
15628	1630.5382251739502
15629	1640.6140327453613
15629	1640.6140327453613
15630	2311.5060329437256
15630	2311.5060329437256
15631	1680.6542873382568
15631	1680.6542873382568
15632	1636.5504264831543
15632	1636.5504264831543
15633	1712.477207183838
15633	1712.477207183838
15634	1713.4208679199219
15634	1713.4208679199219
15635	1608.7298393249512
15635	1608.7298393249512
15636	1784.3906879425049
15636	1784.3906879425049
15637	1725.104570388794
15637	1725.104570388794
15638	1609.9205017089844
15638	1609.9205017089844
15639	1704.9975395202637
15639	1704.9975395202637
15640	2345.9506034851074
15640	2345.9506034851074
15641	1567.0702457427979
15641	1567.0702457427979
15642	1781.2213897705078
15642	1781.2213897705078
15643	1609.5905303955078
15643	1609.5905303955078
15644	1694.8919296264648
15644	1694.8919296264648
15645	1644.8259353637695
15645	1644.8259353637695
15646	1664.2706394195557
15646	1664.2706394195557
15647	1647.5858688354492
15647	1647.5858688354492
15648	1653.7537574768066
15648	1653.7537574768066
15649	1643.0673599243164
15649	1643.0673599243164
15650	2193.5598850250244
15650	2193.5598850250244
15651	1415.611982345581
15651	1415.611982345581
15652	1422.3544597625732
15652	1422.3544597625732
15653	1430.1183223724365
15653	1430.1183223724365
15654	1498.0862140655518
15654	1498.0862140655518
15655	1573.2290744781494
15655	1573.2290744781494
15656	1485.093593597412
15656	1485.093593597412
15657	1606.2548160552979
15657	1606.2548160552979
15658	1217.7283763885498
15658	1217.7283763885498
15659	1312.0830059051514
15659	1312.0830059051514
15660	2495.7144260406494
15660	2495.7144260406494
15661	1812.9065036773682
15661	1812.9065036773682
15662	1807.0058822631836
15662	1807.0058822631836
15663	1572.6852416992188
15663	1572.6852416992188
15664	1626.8904209136963
15664	1626.8904209136963
15665	1689.039707183838
15665	1689.039707183838
15666	1627.2382736206055
15666	1627.2382736206055
15667	1602.7002334594727
15667	1602.7002334594727
15668	1516.5209770202637
15668	1516.5209770202637
15669	1569.8473453521729
15669	1569.8473453521729
15670	2461.674451828003
15670	2461.674451828003
15671	1718.449354171753
15671	1718.449354171753
15672	1656.909704208374
15672	1656.909704208374
15673	1652.7676582336426
15673	1652.7676582336426
15674	1635.9584331512451
15674	1635.9584331512451
15675	1548.3176708221436
15675	1548.3176708221436
15676	1786.7934703826904
15676	1786.7934703826904
15677	1635.685682296753
15677	1635.685682296753
15678	1669.1086292266846
15678	1669.1086292266846
15679	1550.67777633667
15679	1550.67777633667
15680	2448.76766204834
15680	2448.76766204834
15681	1690.3183460235596
15681	1690.3183460235596
15682	1742.0108318328857
15682	1742.0108318328857
15683	1662.4250411987305
15683	1662.4250411987305
15684	1670.9365844726562
15684	1670.9365844726562
15685	1622.9870319366455
15685	1622.9870319366455
15686	1679.375171661377
15686	1679.375171661377
15687	1426.5637397766113
15687	1426.5637397766113
15688	1495.4266548156738
15688	1495.4266548156738
15689	1647.1590995788574
15689	1647.1590995788574
15690	2403.334856033325
15690	2403.334856033325
15691	1823.1751918792725
15691	1823.1751918792725
15692	1761.514663696289
15692	1761.514663696289
15693	1689.5925998687744
15693	1689.5925998687744
15694	1639.554738998413
15694	1639.554738998413
15695	1682.8925609588623
15695	1682.8925609588623
15696	1780.9422016143799
15696	1780.9422016143799
15697	1644.4883346557617
15697	1644.4883346557617
15698	1676.922082901001
15698	1676.922082901001
15699	1588.1097316741943
15699	1588.1097316741943
15700	2309.5173835754395
15700	2309.5173835754395
15701	1819.413423538208
15701	1819.413423538208
15702	1689.7666454315186
15702	1689.7666454315186
15703	1629.8553943634033
15703	1629.8553943634033
15704	1660.2303981781006
15704	1660.2303981781006
15705	1685.3594779968262
15705	1685.3594779968262
15706	1789.8802757263184
15706	1789.8802757263184
15707	1551.4605045318604
15707	1551.4605045318604
15708	1665.250301361084
15708	1665.250301361084
15709	1580.5013179779053
15709	1580.5013179779053
15710	2427.824020385742
15710	2427.824020385742
15711	1634.4413757324219
15711	1634.4413757324219
15712	1785.163402557373
15712	1785.163402557373
15713	1571.5391635894775
15713	1571.5391635894775
15714	1736.7756366729736
15714	1736.7756366729736
15715	1490.8032417297363
15715	1490.8032417297363
15716	1791.2166118621826
15716	1791.2166118621826
15717	1613.2981777191162
15717	1613.2981777191162
15718	1853.4681797027588
15718	1853.4681797027588
15719	1706.7735195159912
15719	1706.7735195159912
15720	2448.387622833252
15720	2448.387622833252
15721	1667.6030158996582
15721	1667.6030158996582
15722	1693.448781967163
15722	1693.448781967163
15723	1491.4159774780273
15723	1491.4159774780273
15724	1655.7905673980713
15724	1655.7905673980713
15725	1595.2293872833252
15725	1595.2293872833252
15726	1777.613878250122
15726	1777.613878250122
15727	1315.1144981384277
15727	1315.1144981384277
15728	1471.5328216552734
15728	1471.5328216552734
15729	1504.3668746948242
15729	1504.3668746948242
15730	2314.271926879883
15730	2314.271926879883
15731	1475.0087261199951
15731	1475.0087261199951
15732	1319.232702255249
15732	1319.232702255249
15733	1321.927785873413
15733	1321.927785873413
15734	1606.3811779022217
15734	1606.3811779022217
15735	1836.686611175537
15735	1836.686611175537
15736	1793.2262420654297
15736	1793.2262420654297
15737	1664.9575233459473
15737	1664.9575233459473
15738	2278.022050857544
15738	2278.022050857544
15739	2359.184741973877
15739	2359.184741973877
15740	3178.396224975586
15740	3178.396224975586
15741	2835.325002670288
15741	2835.325002670288
15742	2379.767894744873
15742	2379.767894744873
15743	2689.645528793335
15743	2689.645528793335
15744	2687.5364780426025
15744	2687.5364780426025
15745	2710.768461227417
15745	2710.768461227417
15746	2847.3103046417236
15746	2847.3103046417236
15747	2948.1184482574463
15747	2948.1184482574463
15748	2383.870840072632
15748	2383.870840072632
15749	2785.240411758423
15749	2785.240411758423
15750	3205.1711082458496
15750	3205.1711082458496
15751	2758.32200050354
15751	2758.32200050354
15752	2825.204610824585
15752	2825.204610824585
15753	2783.806085586548
15753	2783.806085586548
15754	2861.680507659912
15754	2861.680507659912
15755	2237.830877304077
15755	2237.830877304077
15756	2390.146493911743
15756	2390.146493911743
15757	2502.6488304138184
15757	2502.6488304138184
15758	2661.996603012085
15758	2661.996603012085
15759	2550.962448120117
15759	2550.962448120117
15760	3346.996307373047
15760	3346.996307373047
15761	2734.3740463256836
15761	2734.3740463256836
15762	2666.486978530884
15762	2666.486978530884
15763	2737.840414047241
15763	2737.840414047241
15764	2853.760242462158
15764	2853.760242462158
15765	2791.1102771759033
15765	2791.1102771759033
15766	2809.478998184204
15766	2809.478998184204
15767	2254.4796466827393
15767	2254.4796466827393
15768	2418.2987213134766
15768	2418.2987213134766
15769	2596.8704223632812
15769	2596.8704223632812
15770	3294.6321964263916
15770	3294.6321964263916
15771	2821.92063331604
15771	2821.92063331604
15772	2841.824769973755
15772	2841.824769973755
15773	2508.2077980041504
15773	2508.2077980041504
15774	2626.1398792266846
15774	2626.1398792266846
15775	2770.820140838623
15775	2770.820140838623
15776	2935.068130493164
15776	2935.068130493164
15777	2783.4692001342773
15777	2783.4692001342773
15778	2777.7462005615234
15778	2777.7462005615234
15779	2599.381685256958
15779	2599.381685256958
15780	3347.2914695739746
15780	3347.2914695739746
15781	2670.0456142425537
15781	2670.0456142425537
15782	2581.3231468200684
15782	2581.3231468200684
15783	2630.211114883423
15783	2630.211114883423
15784	2050.6813526153564
15784	2050.6813526153564
15785	2374.976634979248
15785	2374.976634979248
15786	2700.7641792297363
15786	2700.7641792297363
15787	2775.4669189453125
15787	2775.4669189453125
15788	2573.5957622528076
15788	2573.5957622528076
15789	2615.9629821777344
15789	2615.9629821777344
15790	3361.020088195801
15790	3361.020088195801
15791	2597.349166870117
15791	2597.349166870117
15792	2690.9444332122803
15792	2690.9444332122803
15793	2940.850257873535
15793	2940.850257873535
15794	2898.221015930176
15794	2898.221015930176
15795	2733.5052490234375
15795	2733.5052490234375
15796	2807.771682739258
15796	2807.771682739258
15797	2873.593330383301
15797	2873.593330383301
15798	2456.7525386810303
15798	2456.7525386810303
15799	2496.988296508789
15799	2496.988296508789
15800	3318.7637329101562
15800	3318.7637329101562
15801	2670.8920001983643
15801	2670.8920001983643
15802	2879.9798488616943
15802	2879.9798488616943
15803	2783.881425857544
15803	2783.881425857544
15804	2711.531162261963
15804	2711.531162261963
15805	2729.875326156616
15805	2729.875326156616
15806	2757.824659347534
15806	2757.824659347534
15807	2797.4941730499268
15807	2797.4941730499268
15808	2756.3276290893555
15808	2756.3276290893555
15809	2764.456272125244
15809	2764.456272125244
15810	3555.293083190918
15810	3555.293083190918
15811	2702.575922012329
15811	2702.575922012329
15812	2776.4692306518555
15812	2776.4692306518555
15813	2452.817916870117
15813	2452.817916870117
15814	2819.645881652832
15814	2819.645881652832
15815	2646.3160514831543
15815	2646.3160514831543
15816	2545.165777206421
15816	2545.165777206421
15817	2482.447862625122
15817	2482.447862625122
15818	2527.0469188690186
15818	2527.0469188690186
15819	2686.9330406188965
15819	2686.9330406188965
15820	3527.52685546875
15820	3527.52685546875
15821	2753.648519515991
15821	2753.648519515991
15822	2718.916416168213
15822	2718.916416168213
15823	2891.770601272583
15823	2891.770601272583
15824	2860.811948776245
15824	2860.811948776245
15825	2619.297742843628
15825	2619.297742843628
15826	2818.4046745300293
15826	2818.4046745300293
15827	2932.497262954712
15827	2932.497262954712
15828	2835.1962566375732
15828	2835.1962566375732
15829	2312.6139640808105
15829	2312.6139640808105
15830	2929.927110671997
15830	2929.927110671997
15831	2417.5524711608887
15831	2417.5524711608887
15832	2780.2133560180664
15832	2780.2133560180664
15833	2770.8423137664795
15833	2770.8423137664795
15834	2668.767213821411
15834	2668.767213821411
15835	2685.298442840576
15835	2685.298442840576
15836	2775.0368118286133
15836	2775.0368118286133
15837	2889.0647888183594
15837	2889.0647888183594
15838	2953.157424926758
15838	2953.157424926758
15839	2661.663770675659
15839	2661.663770675659
15840	3562.4732971191406
15840	3562.4732971191406
15841	2874.666690826416
15841	2874.666690826416
15842	2779.867172241211
15842	2779.867172241211
15843	2846.7671871185303
15843	2846.7671871185303
15844	2817.6419734954834
15844	2817.6419734954834
15845	2391.2956714630127
15845	2391.2956714630127
15846	2290.412664413452
15846	2290.412664413452
15847	2346.707344055176
15847	2346.707344055176
15848	2477.7369499206543
15848	2477.7369499206543
15849	2740.4210567474365
15849	2740.4210567474365
15850	3460.584878921509
15850	3460.584878921509
15851	2848.036289215088
15851	2848.036289215088
15852	2795.942544937134
15852	2795.942544937134
15853	2797.3506450653076
15853	2797.3506450653076
15854	2662.362575531006
15854	2662.362575531006
15855	2885.1191997528076
15855	2885.1191997528076
15856	2790.3029918670654
15856	2790.3029918670654
15857	2566.5886402130127
15857	2566.5886402130127
15858	2820.7499980926514
15858	2820.7499980926514
15859	3001.7175674438477
15859	3001.7175674438477
15860	3391.3180828094482
15860	3391.3180828094482
15861	2340.468645095825
15861	2340.468645095825
15862	2258.267879486084
15862	2258.267879486084
15863	2356.365919113159
15863	2356.365919113159
15864	2625.9515285491943
15864	2625.9515285491943
15865	2782.960891723633
15865	2782.960891723633
15866	2726.4931201934814
15866	2726.4931201934814
15867	2696.403741836548
15867	2696.403741836548
15868	2776.803970336914
15868	2776.803970336914
15869	2884.005308151245
15869	2884.005308151245
15870	3689.5649433135986
15870	3689.5649433135986
15871	2954.6823501586914
15871	2954.6823501586914
15872	2670.3529357910156
15872	2670.3529357910156
15873	2809.450626373291
15873	2809.450626373291
15874	2595.510482788086
15874	2595.510482788086
15875	2781.1224460601807
15875	2781.1224460601807
15876	2755.97882270813
15876	2755.97882270813
15877	2847.3310470581055
15877	2847.3310470581055
15878	2275.113105773926
15878	2275.113105773926
15879	2419.0025329589844
15879	2419.0025329589844
15880	3277.1623134613037
15880	3277.1623134613037
15881	2674.4186878204346
15881	2674.4186878204346
15882	2838.609457015991
15882	2838.609457015991
15883	2848.46830368042
15883	2848.46830368042
15884	2862.2639179229736
15884	2862.2639179229736
15885	2689.467668533325
15885	2689.467668533325
15886	2963.9694690704346
15886	2963.9694690704346
15887	3083.649158477783
15887	3083.649158477783
15888	2705.798625946045
15888	2705.798625946045
15889	3009.2625617980957
15889	3009.2625617980957
15890	3011.0065937042236
15890	3011.0065937042236
15891	2946.9213485717773
15891	2946.9213485717773
15892	1773.3852863311768
15892	1773.3852863311768
15893	2595.7095623016357
15893	2595.7095623016357
15894	2696.5670585632324
15894	2696.5670585632324
15895	2788.6931896209717
15895	2788.6931896209717
15896	2735.4390621185303
15896	2735.4390621185303
15897	2741.6601181030273
15897	2741.6601181030273
15898	2822.9987621307373
15898	2822.9987621307373
15899	2634.0346336364746
15899	2634.0346336364746
15900	3439.038038253784
15900	3439.038038253784
15901	2340.956449508667
15901	2340.956449508667
15902	2214.7247791290283
15902	2214.7247791290283
15903	2555.6912422180176
15903	2555.6912422180176
15904	2496.372938156128
15904	2496.372938156128
15905	2637.199878692627
15905	2637.199878692627
15906	2744.2827224731445
15906	2744.2827224731445
15907	2800.5306720733643
15907	2800.5306720733643
15908	2647.3612785339355
15908	2647.3612785339355
15909	2828.4432888031006
15909	2828.4432888031006
15910	3249.6347427368164
15910	3249.6347427368164
15911	2743.4346675872803
15911	2743.4346675872803
15912	2722.3291397094727
15912	2722.3291397094727
15913	3010.8609199523926
15913	3010.8609199523926
15914	2872.5147247314453
15914	2872.5147247314453
15915	2835.071086883545
15915	2835.071086883545
15916	2814.8205280303955
15916	2814.8205280303955
15917	2194.0157413482666
15917	2194.0157413482666
15918	2319.5111751556396
15918	2319.5111751556396
15919	2325.458288192749
15919	2325.458288192749
15920	3103.616952896118
15920	3103.616952896118
15921	2556.201457977295
15921	2556.201457977295
15922	2584.2199325561523
15922	2584.2199325561523
15923	2787.6029014587402
15923	2787.6029014587402
15924	2802.6397228240967
15924	2802.6397228240967
15925	2715.9550189971924
15925	2715.9550189971924
15926	2519.200086593628
15926	2519.200086593628
15927	2510.284185409546
15927	2510.284185409546
15928	2868.327856063843
15928	2868.327856063843
15929	1530.0464630126953
15929	1530.0464630126953
15930	2498.5883235931396
15930	2498.5883235931396
15931	1683.990716934204
15931	1683.990716934204
15932	1631.8912506103516
15932	1631.8912506103516
15933	1584.503173828125
15933	1584.503173828125
15934	1767.564296722412
15934	1767.564296722412
15935	1877.3527145385742
15935	1877.3527145385742
15936	1759.791374206543
15936	1759.791374206543
15937	1602.7889251708984
15937	1602.7889251708984
15938	1455.85036277771
15938	1455.85036277771
15939	1598.2482433319092
15939	1598.2482433319092
15940	2427.69193649292
15940	2427.69193649292
15941	1677.1881580352783
15941	1677.1881580352783
15942	1742.664098739624
15942	1742.664098739624
15943	1522.1476554870605
15943	1522.1476554870605
15944	1598.435401916504
15944	1598.435401916504
15945	1491.9636249542236
15945	1491.9636249542236
15946	1776.500940322876
15946	1776.500940322876
15947	1648.9229202270508
15947	1648.9229202270508
15948	1485.8508110046387
15948	1485.8508110046387
15949	1658.1707000732422
15949	1658.1707000732422
15950	2446.9120502471924
15950	2446.9120502471924
15951	1729.4905185699463
15951	1729.4905185699463
15952	1682.744026184082
15952	1682.744026184082
15953	1736.586093902588
15953	1736.586093902588
15954	1746.9348907470703
15954	1746.9348907470703
15955	1664.773941040039
15955	1664.773941040039
15956	1711.155891418457
15956	1711.155891418457
15957	1647.101640701294
15957	1647.101640701294
15958	1729.9854755401611
15958	1729.9854755401611
15959	1616.8832778930664
15959	1616.8832778930664
15960	2285.2392196655273
15960	2285.2392196655273
15961	1576.1830806732178
15961	1576.1830806732178
15962	1688.5402202606201
15962	1688.5402202606201
15963	1604.013204574585
15963	1604.013204574585
15964	1818.5055255889893
15964	1818.5055255889893
15965	1558.7241649627686
15965	1558.7241649627686
15966	1699.5797157287598
15966	1699.5797157287598
15967	1579.9381732940674
15967	1579.9381732940674
15968	1720.097541809082
15968	1720.097541809082
15969	1655.7579040527344
15969	1655.7579040527344
15970	2467.2584533691406
15970	2467.2584533691406
15971	1712.8944396972656
15971	1712.8944396972656
15972	1694.6690082550049
15972	1694.6690082550049
15973	1634.7339153289795
15973	1634.7339153289795
15974	1633.579969406128
15974	1633.579969406128
15975	1550.234079360962
15975	1550.234079360962
15976	1651.4339447021484
15976	1651.4339447021484
15977	1742.89870262146
15977	1742.89870262146
15978	1607.6297760009766
15978	1607.6297760009766
15979	1761.7998123168945
15979	1761.7998123168945
15980	2192.6019191741943
15980	2192.6019191741943
15981	1445.1253414154053
15981	1445.1253414154053
15982	1575.3824710845947
15982	1575.3824710845947
15983	1445.8754062652588
15983	1445.8754062652588
15984	1331.6099643707275
15984	1331.6099643707275
15985	1334.6059322357178
15985	1334.6059322357178
15986	1557.3914051055908
15986	1557.3914051055908
15987	1885.5624198913574
15987	1885.5624198913574
15988	1504.9774646759033
15988	1504.9774646759033
15989	1728.700876235962
15989	1728.700876235962
15990	2426.7053604125977
15990	2426.7053604125977
15991	1681.9162368774414
15991	1681.9162368774414
15992	1483.4575653076172
15992	1483.4575653076172
15993	1812.9336833953857
15993	1812.9336833953857
15994	1655.3945541381836
15994	1655.3945541381836
15995	1639.3704414367676
15995	1639.3704414367676
15996	1617.1538829803467
15996	1617.1538829803467
15997	1626.3341903686523
15997	1626.3341903686523
15998	1638.9484405517578
15998	1638.9484405517578
15999	1587.9795551300049
15999	1587.9795551300049
16000	15864.307403564453
16000	15864.307403564453
16001	1613.0242347717285
16001	1613.0242347717285
16002	1537.6214981079102
16002	1537.6214981079102
16003	1510.0388526916504
16003	1510.0388526916504
16004	1667.2334671020508
16004	1667.2334671020508
16005	1753.1907558441162
16005	1753.1907558441162
16006	1765.162706375122
16006	1765.162706375122
16007	1673.579454421997
16007	1673.579454421997
16008	1553.9536476135254
16008	1553.9536476135254
16009	1724.1668701171875
16009	1724.1668701171875
16010	2414.355754852295
16010	2414.355754852295
16011	1789.952039718628
16011	1789.952039718628
16012	1866.0452365875244
16012	1866.0452365875244
16013	1695.0600147247314
16013	1695.0600147247314
16014	1629.542350769043
16014	1629.542350769043
16015	1578.6032676696777
16015	1578.6032676696777
16016	1640.5634880065918
16016	1640.5634880065918
16017	1836.9104862213135
16017	1836.9104862213135
16018	1739.255428314209
16018	1739.255428314209
16019	1682.0566654205322
16019	1682.0566654205322
16020	2365.919351577759
16020	2365.919351577759
16021	1689.4984245300293
16021	1689.4984245300293
16022	1569.920539855957
16022	1569.920539855957
16023	1645.6191539764404
16023	1645.6191539764404
16024	1797.0314025878906
16024	1797.0314025878906
16025	1779.0770530700684
16025	1779.0770530700684
16026	1620.9912300109863
16026	1620.9912300109863
16027	1712.9020690917969
16027	1712.9020690917969
16028	1747.955083847046
16028	1747.955083847046
16029	1672.9011535644531
16029	1672.9011535644531
16030	2312.9680156707764
16030	2312.9680156707764
16031	1673.4564304351807
16031	1673.4564304351807
16032	1642.103672027588
16032	1642.103672027588
16033	1688.9469623565674
16033	1688.9469623565674
16034	1773.658275604248
16034	1773.658275604248
16035	1739.0689849853516
16035	1739.0689849853516
16036	1653.761625289917
16036	1653.761625289917
16037	1567.9209232330322
16037	1567.9209232330322
16038	1727.654218673706
16038	1727.654218673706
16039	1843.7657356262207
16039	1843.7657356262207
16040	2287.1968746185303
16040	2287.1968746185303
16041	1578.5605907440186
16041	1578.5605907440186
16042	1555.8714866638184
16042	1555.8714866638184
16043	1323.517084121704
16043	1323.517084121704
16044	1515.1491165161133
16044	1515.1491165161133
16045	1453.9835453033447
16045	1453.9835453033447
16046	1445.8749294281006
16046	1445.8749294281006
16047	1605.5688858032227
16047	1605.5688858032227
16048	1657.9041481018066
16048	1657.9041481018066
16049	1240.7350540161133
16049	1240.7350540161133
16050	1933.7568283081055
16050	1933.7568283081055
16051	1686.0129833221436
16051	1686.0129833221436
16052	1649.8908996582031
16052	1649.8908996582031
16053	1551.1772632598877
16053	1551.1772632598877
16054	1881.5553188323975
16054	1881.5553188323975
16055	1611.9897365570068
16055	1611.9897365570068
16056	1656.6572189331055
16056	1656.6572189331055
16057	2189.3813610076904
16057	2189.3813610076904
16058	2474.5583534240723
16058	2474.5583534240723
16059	2586.40456199646
16059	2586.40456199646
16060	3379.518508911133
16060	3379.518508911133
16061	2793.3762073516846
16061	2793.3762073516846
16062	2604.9811840057373
16062	2604.9811840057373
16063	2613.4262084960938
16063	2613.4262084960938
16064	2655.715227127075
16064	2655.715227127075
16065	2465.5661582946777
16065	2465.5661582946777
16066	2914.7284030914307
16066	2914.7284030914307
16067	2782.444477081299
16067	2782.444477081299
16068	2808.617353439331
16068	2808.617353439331
16069	2760.432004928589
16069	2760.432004928589
16070	3676.8341064453125
16070	3676.8341064453125
16071	2817.4614906311035
16071	2817.4614906311035
16072	2795.5026626586914
16072	2795.5026626586914
16073	2992.9351806640625
16073	2992.9351806640625
16074	2287.2540950775146
16074	2287.2540950775146
16075	2179.0761947631836
16075	2179.0761947631836
16076	2680.6986331939697
16076	2680.6986331939697
16077	2726.402759552002
16077	2726.402759552002
16078	2626.9710063934326
16078	2626.9710063934326
16079	2678.7500381469727
16079	2678.7500381469727
16080	3288.754463195801
16080	3288.754463195801
16081	2654.5310020446777
16081	2654.5310020446777
16082	2862.5001907348633
16082	2862.5001907348633
16083	2824.765920639038
16083	2824.765920639038
16084	2824.3484497070312
16084	2824.3484497070312
16085	2957.0910930633545
16085	2957.0910930633545
16086	2560.189723968506
16086	2560.189723968506
16087	2479.8951148986816
16087	2479.8951148986816
16088	2555.504083633423
16088	2555.504083633423
16089	2661.4513397216797
16089	2661.4513397216797
16090	3622.8115558624268
16090	3622.8115558624268
16091	2751.68514251709
16091	2751.68514251709
16092	2764.301061630249
16092	2764.301061630249
16093	2612.027406692505
16093	2612.027406692505
16094	2666.64457321167
16094	2666.64457321167
16095	2780.1411151885986
16095	2780.1411151885986
16096	2850.478172302246
16096	2850.478172302246
16097	2911.266803741455
16097	2911.266803741455
16098	2940.10591506958
16098	2940.10591506958
16099	2887.2926235198975
16099	2887.2926235198975
16100	3617.2749996185303
16100	3617.2749996185303
16101	2861.8762493133545
16101	2861.8762493133545
16102	2369.3697452545166
16102	2369.3697452545166
16103	2515.2533054351807
16103	2515.2533054351807
16104	2570.6679821014404
16104	2570.6679821014404
16105	2755.028009414673
16105	2755.028009414673
16106	2534.21950340271
16106	2534.21950340271
16107	2556.5342903137207
16107	2556.5342903137207
16108	2774.733781814575
16108	2774.733781814575
16109	2552.578926086426
16109	2552.578926086426
16110	3630.9492588043213
16110	3630.9492588043213
16111	2563.6777877807617
16111	2563.6777877807617
16112	2832.9238891601562
16112	2832.9238891601562
16113	2767.794609069824
16113	2767.794609069824
16114	2843.9595699310303
16114	2843.9595699310303
16115	2409.3523025512695
16115	2409.3523025512695
16116	2603.4114360809326
16116	2603.4114360809326
16117	2796.680212020874
16117	2796.680212020874
16118	2794.0962314605713
16118	2794.0962314605713
16119	2741.4186000823975
16119	2741.4186000823975
16120	3308.6602687835693
16120	3308.6602687835693
16121	2708.57834815979
16121	2708.57834815979
16122	2838.792324066162
16122	2838.792324066162
16123	2560.810327529907
16123	2560.810327529907
16124	3074.671983718872
16124	3074.671983718872
16125	2947.6118087768555
16125	2947.6118087768555
16126	2771.975517272949
16126	2771.975517272949
16127	2790.8201217651367
16127	2790.8201217651367
16128	2565.793037414551
16128	2565.793037414551
16129	2961.9739055633545
16129	2961.9739055633545
16130	3735.8899116516113
16130	3735.8899116516113
16131	2744.9986934661865
16131	2744.9986934661865
16132	2281.524181365967
16132	2281.524181365967
16133	2429.6655654907227
16133	2429.6655654907227
16134	2671.251058578491
16134	2671.251058578491
16135	2559.854745864868
16135	2559.854745864868
16136	2862.6675605773926
16136	2862.6675605773926
16137	2762.178421020508
16137	2762.178421020508
16138	2741.852045059204
16138	2741.852045059204
16139	2779.263496398926
16139	2779.263496398926
16140	3448.0366706848145
16140	3448.0366706848145
16141	2709.271192550659
16141	2709.271192550659
16142	2888.8237476348877
16142	2888.8237476348877
16143	2899.8966217041016
16143	2899.8966217041016
16144	2966.5093421936035
16144	2966.5093421936035
16145	2605.597972869873
16145	2605.597972869873
16146	2644.7103023529053
16146	2644.7103023529053
16147	2680.5646419525146
16147	2680.5646419525146
16148	2532.2792530059814
16148	2532.2792530059814
16149	2333.3258628845215
16149	2333.3258628845215
16150	3143.833637237549
16150	3143.833637237549
16151	2567.6472187042236
16151	2567.6472187042236
16152	2728.931427001953
16152	2728.931427001953
16153	2970.0140953063965
16153	2970.0140953063965
16154	2673.199415206909
16154	2673.199415206909
16155	2921.4107990264893
16155	2921.4107990264893
16156	2923.726797103882
16156	2923.726797103882
16157	2843.393564224243
16157	2843.393564224243
16158	2951.965808868408
16158	2951.965808868408
16159	2787.8005504608154
16159	2787.8005504608154
16160	3539.173364639282
16160	3539.173364639282
16161	2794.999361038208
16161	2794.999361038208
16162	2658.6201190948486
16162	2658.6201190948486
16163	2894.1919803619385
16163	2894.1919803619385
16164	2683.0592155456543
16164	2683.0592155456543
16165	2343.722105026245
16165	2343.722105026245
16166	2404.2534828186035
16166	2404.2534828186035
16167	2681.4095973968506
16167	2681.4095973968506
16168	2548.0148792266846
16168	2548.0148792266846
16169	2486.03892326355
16169	2486.03892326355
16170	3372.3506927490234
16170	3372.3506927490234
16171	2807.3177337646484
16171	2807.3177337646484
16172	2680.112361907959
16172	2680.112361907959
16173	2650.0003337860107
16173	2650.0003337860107
16174	2921.095371246338
16174	2921.095371246338
16175	3001.4500617980957
16175	3001.4500617980957
16176	2802.5906085968018
16176	2802.5906085968018
16177	2877.737045288086
16177	2877.737045288086
16178	2633.2974433898926
16178	2633.2974433898926
16179	2309.032201766968
16179	2309.032201766968
16180	3063.6937618255615
16180	3063.6937618255615
16181	2428.5061359405518
16181	2428.5061359405518
16182	2743.8111305236816
16182	2743.8111305236816
16183	2824.9995708465576
16183	2824.9995708465576
16184	2761.5907192230225
16184	2761.5907192230225
16185	2625.011682510376
16185	2625.011682510376
16186	2823.805570602417
16186	2823.805570602417
16187	2793.5268878936768
16187	2793.5268878936768
16188	2362.454414367676
16188	2362.454414367676
16189	2401.078701019287
16189	2401.078701019287
16190	3121.4494705200195
16190	3121.4494705200195
16191	2485.7802391052246
16191	2485.7802391052246
16192	2688.8723373413086
16192	2688.8723373413086
16193	2680.7680130004883
16193	2680.7680130004883
16194	2515.23756980896
16194	2515.23756980896
16195	2554.9368858337402
16195	2554.9368858337402
16196	2827.867269515991
16196	2827.867269515991
16197	2860.2418899536133
16197	2860.2418899536133
16198	2912.0218753814697
16198	2912.0218753814697
16199	2887.2265815734863
16199	2887.2265815734863
16200	3521.6400623321533
16200	3521.6400623321533
16201	2781.47029876709
16201	2781.47029876709
16202	2411.008358001709
16202	2411.008358001709
16203	2512.645721435547
16203	2512.645721435547
16204	2668.0564880371094
16204	2668.0564880371094
16205	2923.1765270233154
16205	2923.1765270233154
16206	2755.305051803589
16206	2755.305051803589
16207	3251.6536712646484
16207	3251.6536712646484
16208	2466.387987136841
16208	2466.387987136841
16209	2615.8699989318848
16209	2615.8699989318848
16210	3557.182550430298
16210	3557.182550430298
16211	2759.906768798828
16211	2759.906768798828
16212	2181.9398403167725
16212	2181.9398403167725
16213	2518.214702606201
16213	2518.214702606201
16214	2513.0724906921387
16214	2513.0724906921387
16215	2541.226863861084
16215	2541.226863861084
16216	2706.576347351074
16216	2706.576347351074
16217	2725.2628803253174
16217	2725.2628803253174
16218	2613.8174533843994
16218	2613.8174533843994
16219	2739.8200035095215
16219	2739.8200035095215
16220	3530.5325984954834
16220	3530.5325984954834
16221	2743.882894515991
16221	2743.882894515991
16222	2791.6042804718018
16222	2791.6042804718018
16223	2315.7777786254883
16223	2315.7777786254883
16224	2289.311170578003
16224	2289.311170578003
16225	2543.8570976257324
16225	2543.8570976257324
16226	2485.06498336792
16226	2485.06498336792
16227	2593.6050415039062
16227	2593.6050415039062
16228	2737.8990650177
16228	2737.8990650177
16229	2681.2691688537598
16229	2681.2691688537598
16230	3484.7447872161865
16230	3484.7447872161865
16231	2665.6577587127686
16231	2665.6577587127686
16232	2737.8079891204834
16232	2737.8079891204834
16233	2791.2144660949707
16233	2791.2144660949707
16234	2796.2160110473633
16234	2796.2160110473633
16235	2701.470136642456
16235	2701.470136642456
16236	1519.3769931793213
16236	1519.3769931793213
16237	1697.9923248291016
16237	1697.9923248291016
16238	1835.2267742156982
16238	1835.2267742156982
16239	1637.7170085906982
16239	1637.7170085906982
16240	2424.600839614868
16240	2424.600839614868
16241	1691.6882991790771
16241	1691.6882991790771
16242	1677.3576736450195
16242	1677.3576736450195
16243	1679.3787479400635
16243	1679.3787479400635
16244	1764.4236087799072
16244	1764.4236087799072
16245	1791.447639465332
16245	1791.447639465332
16246	1795.2969074249268
16246	1795.2969074249268
16247	1514.1794681549072
16247	1514.1794681549072
16248	1637.697696685791
16248	1637.697696685791
16249	1748.6708164215088
16249	1748.6708164215088
16250	2434.696912765503
16250	2434.696912765503
16251	1718.3136940002441
16251	1718.3136940002441
16252	1766.4706707000732
16252	1766.4706707000732
16253	1811.025619506836
16253	1811.025619506836
16254	1451.3483047485352
16254	1451.3483047485352
16255	1744.0330982208252
16255	1744.0330982208252
16256	1596.9231128692627
16256	1596.9231128692627
16257	1517.8806781768799
16257	1517.8806781768799
16258	1826.4961242675781
16258	1826.4961242675781
16259	1732.2092056274414
16259	1732.2092056274414
16260	2417.236804962158
16260	2417.236804962158
16261	1627.9358863830566
16261	1627.9358863830566
16262	1714.0283584594727
16262	1714.0283584594727
16263	1728.1816005706787
16263	1728.1816005706787
16264	1514.5058631896973
16264	1514.5058631896973
16265	1726.2375354766846
16265	1726.2375354766846
16266	1836.712121963501
16266	1836.712121963501
16267	1516.8068408966064
16267	1516.8068408966064
16268	1638.7262344360352
16268	1638.7262344360352
16269	1533.3259105682373
16269	1533.3259105682373
16270	2361.025810241699
16270	2361.025810241699
16271	1666.8720245361328
16271	1666.8720245361328
16272	1547.7726459503174
16272	1547.7726459503174
16273	1822.0813274383545
16273	1822.0813274383545
16274	1722.9793071746826
16274	1722.9793071746826
16275	1806.0922622680664
16275	1806.0922622680664
16276	1683.8090419769287
16276	1683.8090419769287
16277	1724.0996360778809
16277	1724.0996360778809
16278	1724.1547107696533
16278	1724.1547107696533
16279	1715.9225940704346
16279	1715.9225940704346
16280	2439.039468765259
16280	2439.039468765259
16281	1658.7355136871338
16281	1658.7355136871338
16282	1802.3362159729004
16282	1802.3362159729004
16283	1675.1184463500977
16283	1675.1184463500977
16284	1625.9894371032715
16284	1625.9894371032715
16285	1723.883867263794
16285	1723.883867263794
16286	1554.1260242462158
16286	1554.1260242462158
16287	1827.357292175293
16287	1827.357292175293
16288	1806.7076206207275
16288	1806.7076206207275
16289	1316.5299892425537
16289	1316.5299892425537
16290	2265.841007232666
16290	2265.841007232666
16291	1347.2309112548828
16291	1347.2309112548828
16292	1477.9369831085205
16292	1477.9369831085205
16293	1455.2009105682373
16293	1455.2009105682373
16294	1470.3643321990967
16294	1470.3643321990967
16295	1666.3641929626465
16295	1666.3641929626465
16296	1331.629753112793
16296	1331.629753112793
16297	1132.6868534088135
16297	1132.6868534088135
16298	1576.0760307312012
16298	1576.0760307312012
16299	1633.7215900421143
16299	1633.7215900421143
16300	2269.5698738098145
16300	2269.5698738098145
16301	1709.7721099853516
16301	1709.7721099853516
16302	1647.9284763336182
16302	1647.9284763336182
16303	1772.8302478790283
16303	1772.8302478790283
16304	1870.9917068481445
16304	1870.9917068481445
16305	1694.7102546691895
16305	1694.7102546691895
16306	1665.5116081237793
16306	1665.5116081237793
16307	1616.272211074829
16307	1616.272211074829
16308	1775.7227420806885
16308	1775.7227420806885
16309	1792.163610458374
16309	1792.163610458374
16310	2593.6262607574463
16310	2593.6262607574463
16311	1684.0689182281494
16311	1684.0689182281494
16312	1748.7928867340088
16312	1748.7928867340088
16313	1759.1753005981445
16313	1759.1753005981445
16314	1689.9981498718262
16314	1689.9981498718262
16315	1644.26851272583
16315	1644.26851272583
16316	1626.9168853759766
16316	1626.9168853759766
16317	1671.945333480835
16317	1671.945333480835
16318	1814.9971961975098
16318	1814.9971961975098
16319	1736.3955974578857
16319	1736.3955974578857
16320	2406.9454669952393
16320	2406.9454669952393
16321	1750.0293254852295
16321	1750.0293254852295
16322	1710.3755474090576
16322	1710.3755474090576
16323	1687.340259552002
16323	1687.340259552002
16324	1708.8370323181152
16324	1708.8370323181152
16325	1689.255952835083
16325	1689.255952835083
16326	1832.2460651397705
16326	1832.2460651397705
16327	1808.8998794555664
16327	1808.8998794555664
16328	1671.9391345977783
16328	1671.9391345977783
16329	1679.642677307129
16329	1679.642677307129
16330	2170.1877117156982
16330	2170.1877117156982
16331	1539.7236347198486
16331	1539.7236347198486
16332	1715.4033184051514
16332	1715.4033184051514
16333	1720.9630012512207
16333	1720.9630012512207
16334	1810.1882934570312
16334	1810.1882934570312
16335	1838.7422561645508
16335	1838.7422561645508
16336	1700.7224559783936
16336	1700.7224559783936
16337	1521.956443786621
16337	1521.956443786621
16338	1719.475507736206
16338	1719.475507736206
16339	1664.4659042358398
16339	1664.4659042358398
16340	2289.433002471924
16340	2289.433002471924
16341	1597.7387428283691
16341	1597.7387428283691
16342	1686.8746280670166
16342	1686.8746280670166
16343	1811.8515014648438
16343	1811.8515014648438
16344	1546.6711521148682
16344	1546.6711521148682
16345	1692.5289630889893
16345	1692.5289630889893
16346	1736.851692199707
16346	1736.851692199707
16347	1696.3844299316406
16347	1696.3844299316406
16348	1675.5623817443848
16348	1675.5623817443848
16349	1613.114595413208
16349	1613.114595413208
16350	2476.5994548797607
16350	2476.5994548797607
16351	1774.5795249938965
16351	1774.5795249938965
16352	1687.6296997070312
16352	1687.6296997070312
16353	1515.1126384735107
16353	1515.1126384735107
16354	1632.9245567321777
16354	1632.9245567321777
16355	1624.4192123413086
16355	1624.4192123413086
16356	1539.1137599945068
16356	1539.1137599945068
16357	1658.9689254760742
16357	1658.9689254760742
16358	1794.9409484863281
16358	1794.9409484863281
16359	1788.0322933197021
16359	1788.0322933197021
16360	2499.2637634277344
16360	2499.2637634277344
16361	1658.691644668579
16361	1658.691644668579
16362	1568.3581829071045
16362	1568.3581829071045
16363	1441.392421722412
16363	1441.392421722412
16364	1330.6307792663574
16364	1330.6307792663574
16365	1405.7762622833252
16365	1405.7762622833252
16366	1480.5355072021484
16366	1480.5355072021484
16367	1465.409517288208
16367	1465.409517288208
16368	1843.4209823608398
16368	1843.4209823608398
16369	1993.431806564331
16369	1993.431806564331
16370	2475.778818130493
16370	2475.778818130493
16371	1720.0088500976562
16371	1720.0088500976562
16372	2069.742202758789
16372	2069.742202758789
16373	1852.1018028259277
16373	1852.1018028259277
16374	2119.4512844085693
16374	2119.4512844085693
16375	2282.3615074157715
16375	2282.3615074157715
16376	2182.7645301818848
16376	2182.7645301818848
16377	2534.7354412078857
16377	2534.7354412078857
16378	2753.61704826355
16378	2753.61704826355
16379	2751.026391983032
16379	2751.026391983032
16380	2960.75177192688
16380	2960.75177192688
16381	2844.351053237915
16381	2844.351053237915
16382	2516.223669052124
16382	2516.223669052124
16383	2541.276454925537
16383	2541.276454925537
16384	2734.365940093994
16384	2734.365940093994
16385	2550.344705581665
16385	2550.344705581665
16386	2767.326593399048
16386	2767.326593399048
16387	2642.7154541015625
16387	2642.7154541015625
16388	2698.5151767730713
16388	2698.5151767730713
16389	2901.698112487793
16389	2901.698112487793
16390	3384.6070766448975
16390	3384.6070766448975
16391	2319.629669189453
16391	2319.629669189453
16392	2473.4339714050293
16392	2473.4339714050293
16393	2482.8925132751465
16393	2482.8925132751465
16394	2900.710105895996
16394	2900.710105895996
16395	2738.6176586151123
16395	2738.6176586151123
16396	2693.768262863159
16396	2693.768262863159
16397	2548.1278896331787
16397	2548.1278896331787
16398	2525.456428527832
16398	2525.456428527832
16399	2727.9701232910156
16399	2727.9701232910156
16400	3495.1136112213135
16400	3495.1136112213135
16401	2867.703914642334
16401	2867.703914642334
16402	2233.9072227478027
16402	2233.9072227478027
16403	2156.4536094665527
16403	2156.4536094665527
16404	2538.0821228027344
16404	2538.0821228027344
16405	2642.6589488983154
16405	2642.6589488983154
16406	2448.9188194274902
16406	2448.9188194274902
16407	2620.1443672180176
16407	2620.1443672180176
16408	2734.372138977051
16408	2734.372138977051
16409	2777.698755264282
16409	2777.698755264282
16410	3416.443109512329
16410	3416.443109512329
16411	2808.725118637085
16411	2808.725118637085
16412	2808.3713054656982
16412	2808.3713054656982
16413	2772.061824798584
16413	2772.061824798584
16414	2916.5468215942383
16414	2916.5468215942383
16415	2982.3317527770996
16415	2982.3317527770996
16416	2825.6354331970215
16416	2825.6354331970215
16417	2762.721538543701
16417	2762.721538543701
16418	2748.755693435669
16418	2748.755693435669
16419	2383.66436958313
16419	2383.66436958313
16420	3128.0174255371094
16420	3128.0174255371094
16421	2542.711019515991
16421	2542.711019515991
16422	2426.555395126343
16422	2426.555395126343
16423	2843.93048286438
16423	2843.93048286438
16424	2648.8685607910156
16424	2648.8685607910156
16425	2736.1509799957275
16425	2736.1509799957275
16426	2794.663667678833
16426	2794.663667678833
16427	2642.308473587036
16427	2642.308473587036
16428	2834.261655807495
16428	2834.261655807495
16429	2873.2216358184814
16429	2873.2216358184814
16430	3563.7428760528564
16430	3563.7428760528564
16431	2885.3583335876465
16431	2885.3583335876465
16432	2815.7057762145996
16432	2815.7057762145996
16433	2421.9212532043457
16433	2421.9212532043457
16434	2361.5036010742188
16434	2361.5036010742188
16435	2817.9550170898438
16435	2817.9550170898438
16436	2833.836317062378
16436	2833.836317062378
16437	2675.9634017944336
16437	2675.9634017944336
16438	2658.1974029541016
16438	2658.1974029541016
16439	2346.726179122925
16439	2346.726179122925
16440	3402.0373821258545
16440	3402.0373821258545
16441	2736.208438873291
16441	2736.208438873291
16442	2924.2749214172363
16442	2924.2749214172363
16443	2629.241466522217
16443	2629.241466522217
16444	2887.8986835479736
16444	2887.8986835479736
16445	2809.7925186157227
16445	2809.7925186157227
16446	2821.789026260376
16446	2821.789026260376
16447	2784.3713760375977
16447	2784.3713760375977
16448	2822.9894638061523
16448	2822.9894638061523
16449	2920.2637672424316
16449	2920.2637672424316
16450	3184.6039295196533
16450	3184.6039295196533
16451	2726.7398834228516
16451	2726.7398834228516
16452	2278.9244651794434
16452	2278.9244651794434
16453	2499.113082885742
16453	2499.113082885742
16454	2662.2185707092285
16454	2662.2185707092285
16455	2716.7797088623047
16455	2716.7797088623047
16456	2918.182134628296
16456	2918.182134628296
16457	2477.7843952178955
16457	2477.7843952178955
16458	2749.207019805908
16458	2749.207019805908
16459	2849.5960235595703
16459	2849.5960235595703
16460	3453.8447856903076
16460	3453.8447856903076
16461	2747.5616931915283
16461	2747.5616931915283
16462	2739.4165992736816
16462	2739.4165992736816
16463	2783.0278873443604
16463	2783.0278873443604
16464	2867.274045944214
16464	2867.274045944214
16465	2857.0456504821777
16465	2857.0456504821777
16466	2864.159345626831
16466	2864.159345626831
16467	2400.5579948425293
16467	2400.5579948425293
16468	2532.665967941284
16468	2532.665967941284
16469	2722.672939300537
16469	2722.672939300537
16470	3400.6948471069336
16470	3400.6948471069336
16471	2968.3549404144287
16471	2968.3549404144287
16472	2914.7255420684814
16472	2914.7255420684814
16473	2751.939535140991
16473	2751.939535140991
16474	2754.5299530029297
16474	2754.5299530029297
16475	2661.902666091919
16475	2661.902666091919
16476	2796.233654022217
16476	2796.233654022217
16477	2762.1676921844482
16477	2762.1676921844482
16478	2689.6843910217285
16478	2689.6843910217285
16479	2603.355884552002
16479	2603.355884552002
16480	3585.3519439697266
16480	3585.3519439697266
16481	2806.8060874938965
16481	2806.8060874938965
16482	2627.951145172119
16482	2627.951145172119
16483	2033.665418624878
16483	2033.665418624878
16484	2318.833351135254
16484	2318.833351135254
16485	2449.895143508911
16485	2449.895143508911
16486	2679.8272132873535
16486	2679.8272132873535
16487	2457.695722579956
16487	2457.695722579956
16488	2720.862627029419
16488	2720.862627029419
16489	2750.162124633789
16489	2750.162124633789
16490	3366.7333126068115
16490	3366.7333126068115
16491	2776.735544204712
16491	2776.735544204712
16492	3016.3912773132324
16492	3016.3912773132324
16493	2827.2452354431152
16493	2827.2452354431152
16494	2797.497510910034
16494	2797.497510910034
16495	2500.9517669677734
16495	2500.9517669677734
16496	2445.786237716675
16496	2445.786237716675
16497	2391.4804458618164
16497	2391.4804458618164
16498	2758.78643989563
16498	2758.78643989563
16499	2786.4930629730225
16499	2786.4930629730225
16500	11002.739906311035
16500	11002.739906311035
16501	2366.079330444336
16501	2366.079330444336
16502	2360.579490661621
16502	2360.579490661621
16503	2404.9432277679443
16503	2404.9432277679443
16504	2328.679323196411
16504	2328.679323196411
16505	2771.5511322021484
16505	2771.5511322021484
16506	2531.8872928619385
16506	2531.8872928619385
16507	2702.195405960083
16507	2702.195405960083
16508	2717.040538787842
16508	2717.040538787842
16509	2541.215419769287
16509	2541.215419769287
16510	3533.393621444702
16510	3533.393621444702
16511	2807.900905609131
16511	2807.900905609131
16512	2976.9954681396484
16512	2976.9954681396484
16513	2653.0163288116455
16513	2653.0163288116455
16514	2751.913070678711
16514	2751.913070678711
16515	2779.784679412842
16515	2779.784679412842
16516	2902.7886390686035
16516	2902.7886390686035
16517	2815.0582313537598
16517	2815.0582313537598
16518	2973.820686340332
16518	2973.820686340332
16519	2862.1673583984375
16519	2862.1673583984375
16520	3871.1843490600586
16520	3871.1843490600586
16521	3335.742950439453
16521	3335.742950439453
16522	2454.487085342407
16522	2454.487085342407
16523	2281.6154956817627
16523	2281.6154956817627
16524	2763.294458389282
16524	2763.294458389282
16525	2119.715690612793
16525	2119.715690612793
16526	2255.117893218994
16526	2255.117893218994
16527	2683.9187145233154
16527	2683.9187145233154
16528	2538.0196571350098
16528	2538.0196571350098
16529	2762.728691101074
16529	2762.728691101074
16530	3393.0349349975586
16530	3393.0349349975586
16531	2679.5096397399902
16531	2679.5096397399902
16532	2555.940628051758
16532	2555.940628051758
16533	2742.7828311920166
16533	2742.7828311920166
16534	2892.597436904907
16534	2892.597436904907
16535	2775.066614151001
16535	2775.066614151001
16536	2213.576316833496
16536	2213.576316833496
16537	2065.9780502319336
16537	2065.9780502319336
16538	2337.208032608032
16538	2337.208032608032
16539	2607.287645339966
16539	2607.287645339966
16540	3313.683271408081
16540	3313.683271408081
16541	2713.9151096343994
16541	2713.9151096343994
16542	2664.04128074646
16542	2664.04128074646
16543	2733.7913513183594
16543	2733.7913513183594
16544	2664.8104190826416
16544	2664.8104190826416
16545	2583.65535736084
16545	2583.65535736084
16546	2731.5690517425537
16546	2731.5690517425537
16547	2960.026502609253
16547	2960.026502609253
16548	2831.0558795928955
16548	2831.0558795928955
16549	2792.7818298339844
16549	2792.7818298339844
16550	2263.282537460327
16550	2263.282537460327
16551	1718.726396560669
16551	1718.726396560669
16552	1638.9470100402832
16552	1638.9470100402832
16553	1634.9225044250488
16553	1634.9225044250488
16554	1793.762445449829
16554	1793.762445449829
16555	1859.0826988220215
16555	1859.0826988220215
16556	1634.9751949310303
16556	1634.9751949310303
16557	1678.663969039917
16557	1678.663969039917
16558	1714.040756225586
16558	1714.040756225586
16559	1830.3210735321045
16559	1830.3210735321045
16560	2325.6702423095703
16560	2325.6702423095703
16561	1625.7729530334473
16561	1625.7729530334473
16562	1753.9360523223877
16562	1753.9360523223877
16563	1745.2166080474854
16563	1745.2166080474854
16564	1755.8953762054443
16564	1755.8953762054443
16565	1719.0272808074951
16565	1719.0272808074951
16566	1599.1883277893066
16566	1599.1883277893066
16567	1666.771411895752
16567	1666.771411895752
16568	1676.0118007659912
16568	1676.0118007659912
16569	1454.636812210083
16569	1454.636812210083
16570	2353.2874584198
16570	2353.2874584198
16571	1821.7930793762207
16571	1821.7930793762207
16572	1627.471923828125
16572	1627.471923828125
16573	1692.2001838684082
16573	1692.2001838684082
16574	1598.311424255371
16574	1598.311424255371
16575	1757.2689056396484
16575	1757.2689056396484
16576	1792.2685146331787
16576	1792.2685146331787
16577	1501.643419265747
16577	1501.643419265747
16578	1612.997055053711
16578	1612.997055053711
16579	1526.7817974090576
16579	1526.7817974090576
16580	2268.075942993164
16580	2268.075942993164
16581	1666.9130325317383
16581	1666.9130325317383
16582	1654.9382209777832
16582	1654.9382209777832
16583	1727.8709411621094
16583	1727.8709411621094
16584	1709.407091140747
16584	1709.407091140747
16585	1732.6209545135498
16585	1732.6209545135498
16586	1574.361801147461
16586	1574.361801147461
16587	1731.6365242004395
16587	1731.6365242004395
16588	1780.7879447937012
16588	1780.7879447937012
16589	1701.122522354126
16589	1701.122522354126
16590	2495.4538345336914
16590	2495.4538345336914
16591	1746.2506294250488
16591	1746.2506294250488
16592	1806.2117099761963
16592	1806.2117099761963
16593	1684.5614910125732
16593	1684.5614910125732
16594	1626.0762214660645
16594	1626.0762214660645
16595	1736.3629341125488
16595	1736.3629341125488
16596	1481.318473815918
16596	1481.318473815918
16597	1741.4042949676514
16597	1741.4042949676514
16598	1776.0889530181885
16598	1776.0889530181885
16599	1686.3892078399658
16599	1686.3892078399658
16600	2368.2658672332764
16600	2368.2658672332764
16601	1846.4324474334717
16601	1846.4324474334717
16602	1598.5662937164307
16602	1598.5662937164307
16603	1542.860984802246
16603	1542.860984802246
16604	1703.8297653198242
16604	1703.8297653198242
16605	1406.5701961517334
16605	1406.5701961517334
16606	1542.640209197998
16606	1542.640209197998
16607	1437.4253749847412
16607	1437.4253749847412
16608	1449.047565460205
16608	1449.047565460205
16609	1453.0630111694336
16609	1453.0630111694336
16610	2125.5691051483154
16610	2125.5691051483154
16611	1718.8897132873535
16611	1718.8897132873535
16612	1732.6695919036865
16612	1732.6695919036865
16613	1737.6043796539307
16613	1737.6043796539307
16614	1516.150712966919
16614	1516.150712966919
16615	1844.5115089416504
16615	1844.5115089416504
16616	1717.3008918762207
16616	1717.3008918762207
16617	1636.0447406768799
16617	1636.0447406768799
16618	1705.998420715332
16618	1705.998420715332
16619	1656.9514274597168
16619	1656.9514274597168
16620	2137.763500213623
16620	2137.763500213623
16621	1652.8956890106201
16621	1652.8956890106201
16622	1640.151023864746
16622	1640.151023864746
16623	1706.697940826416
16623	1706.697940826416
16624	1720.6361293792725
16624	1720.6361293792725
16625	1598.7980365753174
16625	1598.7980365753174
16626	1651.6177654266357
16626	1651.6177654266357
16627	1735.2561950683594
16627	1735.2561950683594
16628	1650.2902507781982
16628	1650.2902507781982
16629	1496.959924697876
16629	1496.959924697876
16630	2336.5445137023926
16630	2336.5445137023926
16631	1622.5318908691406
16631	1622.5318908691406
16632	1402.2929668426514
16632	1402.2929668426514
16633	1580.8279514312744
16633	1580.8279514312744
16634	1741.981029510498
16634	1741.981029510498
16635	1593.9462184906006
16635	1593.9462184906006
16636	1634.141445159912
16636	1634.141445159912
16637	1666.2988662719727
16637	1666.2988662719727
16638	1671.9770431518555
16638	1671.9770431518555
16639	1736.1209392547607
16639	1736.1209392547607
16640	2379.840612411499
16640	2379.840612411499
16641	1735.7687950134277
16641	1735.7687950134277
16642	1787.8715991973877
16642	1787.8715991973877
16643	1727.668285369873
16643	1727.668285369873
16644	1483.9928150177002
16644	1483.9928150177002
16645	1730.8049201965332
16645	1730.8049201965332
16646	1441.544771194458
16646	1441.544771194458
16647	1620.0892925262451
16647	1620.0892925262451
16648	1823.9705562591553
16648	1823.9705562591553
16649	1857.6922416687012
16649	1857.6922416687012
16650	2481.2357425689697
16650	2481.2357425689697
16651	1609.8299026489258
16651	1609.8299026489258
16652	1753.9441585540771
16652	1753.9441585540771
16653	1506.4315795898438
16653	1506.4315795898438
16654	1532.42826461792
16654	1532.42826461792
16655	1637.1593475341797
16655	1637.1593475341797
16656	1607.2640419006348
16656	1607.2640419006348
16657	1844.8200225830078
16657	1844.8200225830078
16658	1823.2159614562988
16658	1823.2159614562988
16659	1627.328872680664
16659	1627.328872680664
16660	2428.4443855285645
16660	2428.4443855285645
16661	1599.4224548339844
16661	1599.4224548339844
16662	1769.798994064331
16662	1769.798994064331
16663	1652.4474620819092
16663	1652.4474620819092
16664	1640.753984451294
16664	1640.753984451294
16665	1699.1612911224365
16665	1699.1612911224365
16666	1832.460880279541
16666	1832.460880279541
16667	1663.5103225708008
16667	1663.5103225708008
16668	1809.363842010498
16668	1809.363842010498
16669	1626.819133758545
16669	1626.819133758545
16670	2316.4894580841064
16670	2316.4894580841064
16671	1661.0026359558105
16671	1661.0026359558105
16672	1709.1920375823975
16672	1709.1920375823975
16673	1630.2707195281982
16673	1630.2707195281982
16674	1717.6778316497803
16674	1717.6778316497803
16675	1630.9616565704346
16675	1630.9616565704346
16676	1554.7235012054443
16676	1554.7235012054443
16677	1653.1898975372314
16677	1653.1898975372314
16678	1736.9706630706787
16678	1736.9706630706787
16679	1305.58443069458
16679	1305.58443069458
16680	2090.9547805786133
16680	2090.9547805786133
16681	1452.9006481170654
16681	1452.9006481170654
16682	1440.3109550476074
16682	1440.3109550476074
16683	1425.3697395324707
16683	1425.3697395324707
16684	1465.4598236083984
16684	1465.4598236083984
16685	2124.758243560791
16685	2124.758243560791
16686	1417.3908233642578
16686	1417.3908233642578
16687	1140.6574249267578
16687	1140.6574249267578
16688	2307.6672554016113
16688	2307.6672554016113
16689	2148.0984687805176
16689	2148.0984687805176
16690	3283.782958984375
16690	3283.782958984375
16691	2613.0194664001465
16691	2613.0194664001465
16692	2409.72638130188
16692	2409.72638130188
16693	2584.9545001983643
16693	2584.9545001983643
16694	2620.164155960083
16694	2620.164155960083
16695	2226.6411781311035
16695	2226.6411781311035
16696	2598.5875129699707
16696	2598.5875129699707
16697	2778.9149284362793
16697	2778.9149284362793
16698	2749.659299850464
16698	2749.659299850464
16699	2709.5870971679688
16699	2709.5870971679688
16700	3487.746238708496
16700	3487.746238708496
16701	2597.3496437072754
16701	2597.3496437072754
16702	2811.223030090332
16702	2811.223030090332
16703	2803.966760635376
16703	2803.966760635376
16704	2942.2383308410645
16704	2942.2383308410645
16705	2455.3728103637695
16705	2455.3728103637695
16706	2539.897680282593
16706	2539.897680282593
16707	2553.6699295043945
16707	2553.6699295043945
16708	2692.107915878296
16708	2692.107915878296
16709	2632.0977210998535
16709	2632.0977210998535
16710	3281.0418605804443
16710	3281.0418605804443
16711	2507.4450969696045
16711	2507.4450969696045
16712	2752.1753311157227
16712	2752.1753311157227
16713	2865.0147914886475
16713	2865.0147914886475
16714	2564.819574356079
16714	2564.819574356079
16715	2603.224992752075
16715	2603.224992752075
16716	2947.9804039001465
16716	2947.9804039001465
16717	2961.251735687256
16717	2961.251735687256
16718	2903.299570083618
16718	2903.299570083618
16719	2855.5452823638916
16719	2855.5452823638916
16720	3667.491674423218
16720	3667.491674423218
16721	2475.0804901123047
16721	2475.0804901123047
16722	2197.7930068969727
16722	2197.7930068969727
16723	2528.0609130859375
16723	2528.0609130859375
16724	2644.9332237243652
16724	2644.9332237243652
16725	2728.2817363739014
16725	2728.2817363739014
16726	2767.43221282959
16726	2767.43221282959
16727	2752.5429725646973
16727	2752.5429725646973
16728	2729.166269302368
16728	2729.166269302368
16729	2713.4785652160645
16729	2713.4785652160645
16730	3264.6236419677734
16730	3264.6236419677734
16731	2809.0667724609375
16731	2809.0667724609375
16732	2797.5516319274902
16732	2797.5516319274902
16733	2807.8224658966064
16733	2807.8224658966064
16734	2936.2733364105225
16734	2936.2733364105225
16735	2827.9314041137695
16735	2827.9314041137695
16736	2727.263927459717
16736	2727.263927459717
16737	2826.0538578033447
16737	2826.0538578033447
16738	2434.490919113159
16738	2434.490919113159
16739	2391.115188598633
16739	2391.115188598633
16740	3413.095474243164
16740	3413.095474243164
16741	2766.6263580322266
16741	2766.6263580322266
16742	2786.993980407715
16742	2786.993980407715
16743	2767.787456512451
16743	2767.787456512451
16744	2716.771125793457
16744	2716.771125793457
16745	2679.896354675293
16745	2679.896354675293
16746	2638.0279064178467
16746	2638.0279064178467
16747	2793.9791679382324
16747	2793.9791679382324
16748	2792.6697731018066
16748	2792.6697731018066
16749	2696.6652870178223
16749	2696.6652870178223
16750	3679.321527481079
16750	3679.321527481079
16751	3092.8170680999756
16751	3092.8170680999756
16752	2718.6121940612793
16752	2718.6121940612793
16753	3054.78835105896
16753	3054.78835105896
16754	2329.9193382263184
16754	2329.9193382263184
16755	2648.378849029541
16755	2648.378849029541
16756	2643.362045288086
16756	2643.362045288086
16757	2612.509250640869
16757	2612.509250640869
16758	2521.8749046325684
16758	2521.8749046325684
16759	2530.735492706299
16759	2530.735492706299
16760	3304.898262023926
16760	3304.898262023926
16761	2777.367115020752
16761	2777.367115020752
16762	2758.3584785461426
16762	2758.3584785461426
16763	2884.000778198242
16763	2884.000778198242
16764	2906.3847064971924
16764	2906.3847064971924
16765	2932.797908782959
16765	2932.797908782959
16766	2990.713119506836
16766	2990.713119506836
16767	2350.0914573669434
16767	2350.0914573669434
16768	2201.0326385498047
16768	2201.0326385498047
16769	2631.2336921691895
16769	2631.2336921691895
16770	3287.574529647827
16770	3287.574529647827
16771	2813.2994174957275
16771	2813.2994174957275
16772	2713.2742404937744
16772	2713.2742404937744
16773	2718.992233276367
16773	2718.992233276367
16774	2794.952392578125
16774	2794.952392578125
16775	2902.580738067627
16775	2902.580738067627
16776	2902.8491973876953
16776	2902.8491973876953
16777	2916.196584701538
16777	2916.196584701538
16778	2563.5406970977783
16778	2563.5406970977783
16779	2818.68314743042
16779	2818.68314743042
16780	2905.7395458221436
16780	2905.7395458221436
16781	2255.0785541534424
16781	2255.0785541534424
16782	2580.432176589966
16782	2580.432176589966
16783	2550.0285625457764
16783	2550.0285625457764
16784	2659.1198444366455
16784	2659.1198444366455
16785	2928.112745285034
16785	2928.112745285034
16786	2825.450658798218
16786	2825.450658798218
16787	2771.2504863739014
16787	2771.2504863739014
16788	2553.779125213623
16788	2553.779125213623
16789	2756.20436668396
16789	2756.20436668396
16790	3314.2247200012207
16790	3314.2247200012207
16791	2633.8272094726562
16791	2633.8272094726562
16792	2910.960912704468
16792	2910.960912704468
16793	2569.4234371185303
16793	2569.4234371185303
16794	2747.443437576294
16794	2747.443437576294
16795	2691.8723583221436
16795	2691.8723583221436
16796	2637.847661972046
16796	2637.847661972046
16797	2273.225784301758
16797	2273.225784301758
16798	2545.8905696868896
16798	2545.8905696868896
16799	2573.8158226013184
16799	2573.8158226013184
16800	3345.592260360718
16800	3345.592260360718
16801	2641.4706707000732
16801	2641.4706707000732
16802	2626.8463134765625
16802	2626.8463134765625
16803	2713.968276977539
16803	2713.968276977539
16804	2492.2797679901123
16804	2492.2797679901123
16805	2773.3314037323
16805	2773.3314037323
16806	2903.301239013672
16806	2903.301239013672
16807	2972.2602367401123
16807	2972.2602367401123
16808	2949.9573707580566
16808	2949.9573707580566
16809	2802.074193954468
16809	2802.074193954468
16810	2904.127359390259
16810	2904.127359390259
16811	2303.572177886963
16811	2303.572177886963
16812	2389.122486114502
16812	2389.122486114502
16813	2403.346061706543
16813	2403.346061706543
16814	2747.9963302612305
16814	2747.9963302612305
16815	2758.1069469451904
16815	2758.1069469451904
16816	2736.208200454712
16816	2736.208200454712
16817	2699.4075775146484
16817	2699.4075775146484
16818	2136.504650115967
16818	2136.504650115967
16819	2324.902296066284
16819	2324.902296066284
16820	3471.281051635742
16820	3471.281051635742
16821	2475.1040935516357
16821	2475.1040935516357
16822	2812.469005584717
16822	2812.469005584717
16823	2875.77748298645
16823	2875.77748298645
16824	2656.8117141723633
16824	2656.8117141723633
16825	2899.322748184204
16825	2899.322748184204
16826	2730.5243015289307
16826	2730.5243015289307
16827	2714.216470718384
16827	2714.216470718384
16828	2693.046808242798
16828	2693.046808242798
16829	2867.1019077301025
16829	2867.1019077301025
16830	3480.687141418457
16830	3480.687141418457
16831	2248.2197284698486
16831	2248.2197284698486
16832	2522.170305252075
16832	2522.170305252075
16833	2598.7510681152344
16833	2598.7510681152344
16834	2700.5252838134766
16834	2700.5252838134766
16835	2500.3983974456787
16835	2500.3983974456787
16836	2789.675712585449
16836	2789.675712585449
16837	2625.1301765441895
16837	2625.1301765441895
16838	2860.435724258423
16838	2860.435724258423
16839	2919.1160202026367
16839	2919.1160202026367
16840	3416.8741703033447
16840	3416.8741703033447
16841	2939.9824142456055
16841	2939.9824142456055
16842	3095.8597660064697
16842	3095.8597660064697
16843	3094.301223754883
16843	3094.301223754883
16844	2872.0946311950684
16844	2872.0946311950684
16845	2972.1155166625977
16845	2972.1155166625977
16846	3034.3692302703857
16846	3034.3692302703857
16847	2417.5503253936768
16847	2417.5503253936768
16848	2429.832935333252
16848	2429.832935333252
16849	2730.5002212524414
16849	2730.5002212524414
16850	3590.4335975646973
16850	3590.4335975646973
16851	3141.7622566223145
16851	3141.7622566223145
16852	2728.9841175079346
16852	2728.9841175079346
16853	2523.49591255188
16853	2523.49591255188
16854	2922.492027282715
16854	2922.492027282715
16855	2875.065565109253
16855	2875.065565109253
16856	2780.9646129608154
16856	2780.9646129608154
16857	2779.642343521118
16857	2779.642343521118
16858	2822.2365379333496
16858	2822.2365379333496
16859	2804.720878601074
16859	2804.720878601074
16860	3466.2716388702393
16860	3466.2716388702393
16861	2920.1903343200684
16861	2920.1903343200684
16862	2818.389654159546
16862	2818.389654159546
16863	2316.039800643921
16863	2316.039800643921
16864	2322.6091861724854
16864	2322.6091861724854
16865	2557.1329593658447
16865	2557.1329593658447
16866	2429.811716079712
16866	2429.811716079712
16867	2396.9194889068604
16867	2396.9194889068604
16868	2634.065866470337
16868	2634.065866470337
16869	2418.468713760376
16869	2418.468713760376
16870	3453.6707401275635
16870	3453.6707401275635
16871	2517.976999282837
16871	2517.976999282837
16872	2737.147808074951
16872	2737.147808074951
16873	1586.8070125579834
16873	1586.8070125579834
16874	1667.301893234253
16874	1667.301893234253
16875	1734.9493503570557
16875	1734.9493503570557
16876	1697.3071098327637
16876	1697.3071098327637
16877	1747.3952770233154
16877	1747.3952770233154
16878	1543.5051918029785
16878	1543.5051918029785
16879	1634.8371505737305
16879	1634.8371505737305
16880	2321.1746215820312
16880	2321.1746215820312
16881	1860.3603839874268
16881	1860.3603839874268
16882	1865.6883239746094
16882	1865.6883239746094
16883	1628.563404083252
16883	1628.563404083252
16884	1522.5105285644531
16884	1522.5105285644531
16885	1676.063060760498
16885	1676.063060760498
16886	1743.9720630645752
16886	1743.9720630645752
16887	1673.3746528625488
16887	1673.3746528625488
16888	1626.9102096557617
16888	1626.9102096557617
16889	1774.308681488037
16889	1774.308681488037
16890	2439.8655891418457
16890	2439.8655891418457
16891	1559.5626831054688
16891	1559.5626831054688
16892	1740.4515743255615
16892	1740.4515743255615
16893	1733.8452339172363
16893	1733.8452339172363
16894	1723.5352993011475
16894	1723.5352993011475
16895	1609.449863433838
16895	1609.449863433838
16896	1709.1755867004395
16896	1709.1755867004395
16897	1704.991102218628
16897	1704.991102218628
16898	1501.4920234680176
16898	1501.4920234680176
16899	1702.5666236877441
16899	1702.5666236877441
16900	2125.884532928467
16900	2125.884532928467
16901	1628.4503936767578
16901	1628.4503936767578
16902	1652.1613597869873
16902	1652.1613597869873
16903	1715.3544425964355
16903	1715.3544425964355
16904	1767.4810886383057
16904	1767.4810886383057
16905	1799.0708351135254
16905	1799.0708351135254
16906	1486.694574356079
16906	1486.694574356079
16907	1642.8635120391846
16907	1642.8635120391846
16908	1624.6893405914307
16908	1624.6893405914307
16909	1695.2266693115234
16909	1695.2266693115234
16910	2230.3075790405273
16910	2230.3075790405273
16911	1528.7158489227295
16911	1528.7158489227295
16912	1658.5798263549805
16912	1658.5798263549805
16913	1738.851547241211
16913	1738.851547241211
16914	1602.4651527404785
16914	1602.4651527404785
16915	1521.296739578247
16915	1521.296739578247
16916	1609.0023517608643
16916	1609.0023517608643
16917	1710.1941108703613
16917	1710.1941108703613
16918	1665.719985961914
16918	1665.719985961914
16919	1527.838945388794
16919	1527.838945388794
16920	2475.3477573394775
16920	2475.3477573394775
16921	1722.1426963806152
16921	1722.1426963806152
16922	1515.7618522644043
16922	1515.7618522644043
16923	1523.608922958374
16923	1523.608922958374
16924	1646.986961364746
16924	1646.986961364746
16925	1795.7546710968018
16925	1795.7546710968018
16926	1683.053731918335
16926	1683.053731918335
16927	1737.3771667480469
16927	1737.3771667480469
16928	1742.4042224884033
16928	1742.4042224884033
16929	1547.7941036224365
16929	1547.7941036224365
16930	2217.1835899353027
16930	2217.1835899353027
16931	1402.9982089996338
16931	1402.9982089996338
16932	1443.4404373168945
16932	1443.4404373168945
16933	1341.4971828460693
16933	1341.4971828460693
16934	1430.7878017425537
16934	1430.7878017425537
16935	1459.1684341430664
16935	1459.1684341430664
16936	1817.1446323394775
16936	1817.1446323394775
16937	1341.770887374878
16937	1341.770887374878
16938	1359.0636253356934
16938	1359.0636253356934
16939	1766.9909000396729
16939	1766.9909000396729
16940	2538.949728012085
16940	2538.949728012085
16941	1865.666389465332
16941	1865.666389465332
16942	1755.756139755249
16942	1755.756139755249
16943	1876.0454654693604
16943	1876.0454654693604
16944	1871.1652755737305
16944	1871.1652755737305
16945	1508.7220668792725
16945	1508.7220668792725
16946	1573.2336044311523
16946	1573.2336044311523
16947	1555.774211883545
16947	1555.774211883545
16948	1628.7555694580078
16948	1628.7555694580078
16949	1599.9584197998047
16949	1599.9584197998047
16950	2421.4279651641846
16950	2421.4279651641846
16951	1890.5322551727295
16951	1890.5322551727295
16952	1648.6523151397705
16952	1648.6523151397705
16953	1629.9242973327637
16953	1629.9242973327637
16954	1599.1206169128418
16954	1599.1206169128418
16955	1508.0976486206055
16955	1508.0976486206055
16956	1529.1407108306885
16956	1529.1407108306885
16957	1801.9392490386963
16957	1801.9392490386963
16958	1832.3848247528076
16958	1832.3848247528076
16959	1665.4300689697266
16959	1665.4300689697266
16960	2514.6775245666504
16960	2514.6775245666504
16961	1757.5249671936035
16961	1757.5249671936035
16962	1756.8106651306152
16962	1756.8106651306152
16963	1799.6432781219482
16963	1799.6432781219482
16964	1837.4145030975342
16964	1837.4145030975342
16965	1561.2776279449463
16965	1561.2776279449463
16966	1694.547176361084
16966	1694.547176361084
16967	1669.2559719085693
16967	1669.2559719085693
16968	1528.8376808166504
16968	1528.8376808166504
16969	1748.3887672424316
16969	1748.3887672424316
16970	2412.1813774108887
16970	2412.1813774108887
16971	1634.1145038604736
16971	1634.1145038604736
16972	1574.74684715271
16972	1574.74684715271
16973	1639.434814453125
16973	1639.434814453125
16974	1912.7428531646729
16974	1912.7428531646729
16975	1749.3247985839844
16975	1749.3247985839844
16976	1694.5831775665283
16976	1694.5831775665283
16977	1639.9009227752686
16977	1639.9009227752686
16978	1736.8786334991455
16978	1736.8786334991455
16979	1763.7226581573486
16979	1763.7226581573486
16980	2495.6820011138916
16980	2495.6820011138916
16981	1779.212474822998
16981	1779.212474822998
16982	1507.0295333862305
16982	1507.0295333862305
16983	1744.0624237060547
16983	1744.0624237060547
16984	1554.5806884765625
16984	1554.5806884765625
16985	1517.3876285552979
16985	1517.3876285552979
16986	1723.4547138214111
16986	1723.4547138214111
16987	1639.467477798462
16987	1639.467477798462
16988	1747.7266788482666
16988	1747.7266788482666
16989	1828.1397819519043
16989	1828.1397819519043
16990	2498.0597496032715
16990	2498.0597496032715
16991	1858.9541912078857
16991	1858.9541912078857
16992	1864.408254623413
16992	1864.408254623413
16993	1608.9661121368408
16993	1608.9661121368408
16994	1708.336591720581
16994	1708.336591720581
16995	1582.4203491210938
16995	1582.4203491210938
16996	1671.8099117279053
16996	1671.8099117279053
16997	1635.443925857544
16997	1635.443925857544
16998	1727.4129390716553
16998	1727.4129390716553
16999	1784.6488952636719
16999	1784.6488952636719
17000	16654.22821044922
17000	16654.22821044922
17001	2693.2077407836914
17001	2693.2077407836914
17002	3298.743724822998
17002	3298.743724822998
17003	2403.947353363037
17003	2403.947353363037
17004	2716.3400650024414
17004	2716.3400650024414
17005	2720.184564590454
17005	2720.184564590454
17006	2798.1700897216797
17006	2798.1700897216797
17007	2862.478256225586
17007	2862.478256225586
17008	2611.0596656799316
17008	2611.0596656799316
17009	2665.5542850494385
17009	2665.5542850494385
17010	3295.3851222991943
17010	3295.3851222991943
17011	2892.3592567443848
17011	2892.3592567443848
17012	2601.2866497039795
17012	2601.2866497039795
17013	2954.7531604766846
17013	2954.7531604766846
17014	2490.304470062256
17014	2490.304470062256
17015	2504.343271255493
17015	2504.343271255493
17016	2635.756731033325
17016	2635.756731033325
17017	2682.8761100769043
17017	2682.8761100769043
17018	2471.3082313537598
17018	2471.3082313537598
17019	2807.060956954956
17019	2807.060956954956
17020	3471.088409423828
17020	3471.088409423828
17021	2880.723714828491
17021	2880.723714828491
17022	2793.1976318359375
17022	2793.1976318359375
17023	2705.0082683563232
17023	2705.0082683563232
17024	2824.714183807373
17024	2824.714183807373
17025	2775.581121444702
17025	2775.581121444702
17026	2772.106885910034
17026	2772.106885910034
17027	3000.4923343658447
17027	3000.4923343658447
17028	2844.982385635376
17028	2844.982385635376
17029	2605.9927940368652
17029	2605.9927940368652
17030	3031.782865524292
17030	3031.782865524292
17031	2516.371011734009
17031	2516.371011734009
17032	2436.448812484741
17032	2436.448812484741
17033	2778.0728340148926
17033	2778.0728340148926
17034	2440.438985824585
17034	2440.438985824585
17035	2709.665536880493
17035	2709.665536880493
17036	2765.2595043182373
17036	2765.2595043182373
17037	2543.7614917755127
17037	2543.7614917755127
17038	2762.4521255493164
17038	2762.4521255493164
17039	2797.8272438049316
17039	2797.8272438049316
17040	3628.94868850708
17040	3628.94868850708
17041	2767.886161804199
17041	2767.886161804199
17042	2604.816198348999
17042	2604.816198348999
17043	2808.2470893859863
17043	2808.2470893859863
17044	2902.804374694824
17044	2902.804374694824
17045	2954.869508743286
17045	2954.869508743286
17046	2842.0233726501465
17046	2842.0233726501465
17047	2159.266471862793
17047	2159.266471862793
17048	2446.8932151794434
17048	2446.8932151794434
17049	2538.036584854126
17049	2538.036584854126
17050	3269.4218158721924
17050	3269.4218158721924
17051	2714.506149291992
17051	2714.506149291992
17052	2687.852144241333
17052	2687.852144241333
17053	2605.194091796875
17053	2605.194091796875
17054	2639.6701335906982
17054	2639.6701335906982
17055	2621.9539642333984
17055	2621.9539642333984
17056	2825.4265785217285
17056	2825.4265785217285
17057	2816.2083625793457
17057	2816.2083625793457
17058	2928.945302963257
17058	2928.945302963257
17059	2788.3460521698
17059	2788.3460521698
17060	3549.501895904541
17060	3549.501895904541
17061	2402.4226665496826
17061	2402.4226665496826
17062	2656.6123962402344
17062	2656.6123962402344
17063	2791.2659645080566
17063	2791.2659645080566
17064	2686.2173080444336
17064	2686.2173080444336
17065	2569.350242614746
17065	2569.350242614746
17066	2762.7346515655518
17066	2762.7346515655518
17067	2692.6634311676025
17067	2692.6634311676025
17068	2724.1463661193848
17068	2724.1463661193848
17069	2563.351631164551
17069	2563.351631164551
17070	3488.1889820098877
17070	3488.1889820098877
17071	2815.9379959106445
17071	2815.9379959106445
17072	2828.7878036499023
17072	2828.7878036499023
17073	2460.268020629883
17073	2460.268020629883
17074	2812.345027923584
17074	2812.345027923584
17075	2860.084056854248
17075	2860.084056854248
17076	2712.3496532440186
17076	2712.3496532440186
17077	2987.028121948242
17077	2987.028121948242
17078	2248.054265975952
17078	2248.054265975952
17079	2547.58882522583
17079	2547.58882522583
17080	3134.1400146484375
17080	3134.1400146484375
17081	2684.507131576538
17081	2684.507131576538
17082	2793.774366378784
17082	2793.774366378784
17083	2979.0635108947754
17083	2979.0635108947754
17084	2856.0211658477783
17084	2856.0211658477783
17085	2930.9613704681396
17085	2930.9613704681396
17086	2809.959650039673
17086	2809.959650039673
17087	2742.5248622894287
17087	2742.5248622894287
17088	2904.183864593506
17088	2904.183864593506
17089	2752.3586750030518
17089	2752.3586750030518
17090	3004.732370376587
17090	3004.732370376587
17091	2460.2582454681396
17091	2460.2582454681396
17092	2549.8626232147217
17092	2549.8626232147217
17093	2703.1211853027344
17093	2703.1211853027344
17094	2714.0657901763916
17094	2714.0657901763916
17095	2589.374780654907
17095	2589.374780654907
17096	2726.013660430908
17096	2726.013660430908
17097	2794.60072517395
17097	2794.60072517395
17098	2882.9219341278076
17098	2882.9219341278076
17099	2933.4301948547363
17099	2933.4301948547363
17100	3596.794366836548
17100	3596.794366836548
17101	2794.677257537842
17101	2794.677257537842
17102	2818.349599838257
17102	2818.349599838257
17103	2835.603952407837
17103	2835.603952407837
17104	2717.573404312134
17104	2717.573404312134
17105	3042.7002906799316
17105	3042.7002906799316
17106	2274.186611175537
17106	2274.186611175537
17107	2098.776340484619
17107	2098.776340484619
17108	2475.1570224761963
17108	2475.1570224761963
17109	2583.57834815979
17109	2583.57834815979
17110	3448.81272315979
17110	3448.81272315979
17111	2776.031017303467
17111	2776.031017303467
17112	2802.1206855773926
17112	2802.1206855773926
17113	2812.47878074646
17113	2812.47878074646
17114	2609.5759868621826
17114	2609.5759868621826
17115	2674.4329929351807
17115	2674.4329929351807
17116	2596.8832969665527
17116	2596.8832969665527
17117	2723.4368324279785
17117	2723.4368324279785
17118	2242.2213554382324
17118	2242.2213554382324
17119	2431.9941997528076
17119	2431.9941997528076
17120	3379.720449447632
17120	3379.720449447632
17121	2632.8890323638916
17121	2632.8890323638916
17122	2649.717330932617
17122	2649.717330932617
17123	2795.069456100464
17123	2795.069456100464
17124	2656.689405441284
17124	2656.689405441284
17125	2792.621374130249
17125	2792.621374130249
17126	2786.0748767852783
17126	2786.0748767852783
17127	2775.393486022949
17127	2775.393486022949
17128	2858.3457469940186
17128	2858.3457469940186
17129	2860.971212387085
17129	2860.971212387085
17130	3590.0471210479736
17130	3590.0471210479736
17131	2759.7804069519043
17131	2759.7804069519043
17132	2701.613664627075
17132	2701.613664627075
17133	2537.001609802246
17133	2537.001609802246
17134	2378.4735202789307
17134	2378.4735202789307
17135	2187.894821166992
17135	2187.894821166992
17136	2462.024927139282
17136	2462.024927139282
17137	2731.299877166748
17137	2731.299877166748
17138	2743.5641288757324
17138	2743.5641288757324
17139	2519.472360610962
17139	2519.472360610962
17140	3544.4116592407227
17140	3544.4116592407227
17141	2788.2282733917236
17141	2788.2282733917236
17142	2751.169443130493
17142	2751.169443130493
17143	2851.327896118164
17143	2851.327896118164
17144	2820.160388946533
17144	2820.160388946533
17145	2859.929323196411
17145	2859.929323196411
17146	2690.6399726867676
17146	2690.6399726867676
17147	2840.111494064331
17147	2840.111494064331
17148	2658.252716064453
17148	2658.252716064453
17149	2462.507724761963
17149	2462.507724761963
17150	3033.6756706237793
17150	3033.6756706237793
17151	2686.1467361450195
17151	2686.1467361450195
17152	2724.0357398986816
17152	2724.0357398986816
17153	2766.390323638916
17153	2766.390323638916
17154	2752.58207321167
17154	2752.58207321167
17155	2841.2179946899414
17155	2841.2179946899414
17156	3066.431999206543
17156	3066.431999206543
17157	3016.308307647705
17157	3016.308307647705
17158	2916.3293838500977
17158	2916.3293838500977
17159	2948.078393936157
17159	2948.078393936157
17160	3818.016290664673
17160	3818.016290664673
17161	2934.5436096191406
17161	2934.5436096191406
17162	3178.020715713501
17162	3178.020715713501
17163	3030.76434135437
17163	3030.76434135437
17164	3088.226318359375
17164	3088.226318359375
17165	2460.453510284424
17165	2460.453510284424
17166	2927.7796745300293
17166	2927.7796745300293
17167	1858.1194877624512
17167	1858.1194877624512
17168	2663.28763961792
17168	2663.28763961792
17169	2660.6860160827637
17169	2660.6860160827637
17170	3428.030252456665
17170	3428.030252456665
17171	2633.422613143921
17171	2633.422613143921
17172	2746.750593185425
17172	2746.750593185425
17173	2858.8433265686035
17173	2858.8433265686035
17174	2801.687717437744
17174	2801.687717437744
17175	2860.058069229126
17175	2860.058069229126
17176	2845.91007232666
17176	2845.91007232666
17177	2685.5804920196533
17177	2685.5804920196533
17178	2836.7910385131836
17178	2836.7910385131836
17179	2378.7786960601807
17179	2378.7786960601807
17180	3149.9361991882324
17180	3149.9361991882324
17181	2283.0235958099365
17181	2283.0235958099365
17182	2419.8780059814453
17182	2419.8780059814453
17183	2403.0838012695312
17183	2403.0838012695312
17184	2585.592031478882
17184	2585.592031478882
17185	2879.4281482696533
17185	2879.4281482696533
17186	2854.675531387329
17186	2854.675531387329
17187	2678.4818172454834
17187	2678.4818172454834
17188	2746.0968494415283
17188	2746.0968494415283
17189	2506.673812866211
17189	2506.673812866211
17190	3496.5076446533203
17190	3496.5076446533203
17191	2920.4530715942383
17191	2920.4530715942383
17192	2444.3564414978027
17192	2444.3564414978027
17193	1755.746603012085
17193	1755.746603012085
17194	1596.2951183319092
17194	1596.2951183319092
17195	1732.7709197998047
17195	1732.7709197998047
17196	1523.151159286499
17196	1523.151159286499
17197	1684.6387386322021
17197	1684.6387386322021
17198	1522.0680236816406
17198	1522.0680236816406
17199	1419.4979667663574
17199	1419.4979667663574
17200	2169.0292358398438
17200	2169.0292358398438
17201	1688.3699893951416
17201	1688.3699893951416
17202	1662.3108386993408
17202	1662.3108386993408
17203	1670.1595783233643
17203	1670.1595783233643
17204	1729.088544845581
17204	1729.088544845581
17205	1697.6826190948486
17205	1697.6826190948486
17206	1652.0397663116455
17206	1652.0397663116455
17207	1880.6045055389404
17207	1880.6045055389404
17208	1813.3313655853271
17208	1813.3313655853271
17209	1823.9219188690186
17209	1823.9219188690186
17210	2331.812620162964
17210	2331.812620162964
17211	1624.2561340332031
17211	1624.2561340332031
17212	1796.9155311584473
17212	1796.9155311584473
17213	1822.7510452270508
17213	1822.7510452270508
17214	1844.8145389556885
17214	1844.8145389556885
17215	1768.7668800354004
17215	1768.7668800354004
17216	1470.6447124481201
17216	1470.6447124481201
17217	1642.160177230835
17217	1642.160177230835
17218	1532.6893329620361
17218	1532.6893329620361
17219	1641.645908355713
17219	1641.645908355713
17220	2296.5831756591797
17220	2296.5831756591797
17221	1719.1715240478516
17221	1719.1715240478516
17222	1748.5883235931396
17222	1748.5883235931396
17223	1686.1989498138428
17223	1686.1989498138428
17224	1680.358648300171
17224	1680.358648300171
17225	1591.3443565368652
17225	1591.3443565368652
17226	1694.413423538208
17226	1694.413423538208
17227	1670.9139347076416
17227	1670.9139347076416
17228	1801.5849590301514
17228	1801.5849590301514
17229	1805.910587310791
17229	1805.910587310791
17230	2452.441453933716
17230	2452.441453933716
17231	1692.7847862243652
17231	1692.7847862243652
17232	1639.4970417022705
17232	1639.4970417022705
17233	1818.8598155975342
17233	1818.8598155975342
17234	1769.9012756347656
17234	1769.9012756347656
17235	1686.6073608398438
17235	1686.6073608398438
17236	1723.0045795440674
17236	1723.0045795440674
17237	1725.2073287963867
17237	1725.2073287963867
17238	1514.2567157745361
17238	1514.2567157745361
17239	1693.2673454284668
17239	1693.2673454284668
17240	2457.115650177002
17240	2457.115650177002
17241	1678.713321685791
17241	1678.713321685791
17242	1893.9476013183594
17242	1893.9476013183594
17243	1721.519947052002
17243	1721.519947052002
17244	1693.824052810669
17244	1693.824052810669
17245	1719.1886901855469
17245	1719.1886901855469
17246	1688.145637512207
17246	1688.145637512207
17247	1443.5973167419434
17247	1443.5973167419434
17248	1443.6681270599365
17248	1443.6681270599365
17249	1342.414140701294
17249	1342.414140701294
17250	2136.9359493255615
17250	2136.9359493255615
17251	1471.195936203003
17251	1471.195936203003
17252	1465.86275100708
17252	1465.86275100708
17253	1456.742763519287
17253	1456.742763519287
17254	1631.6311359405518
17254	1631.6311359405518
17255	1716.822624206543
17255	1716.822624206543
17256	1728.4860610961914
17256	1728.4860610961914
17257	1660.1548194885254
17257	1660.1548194885254
17258	1479.5691967010498
17258	1479.5691967010498
17259	1788.7814044952393
17259	1788.7814044952393
17260	2549.88956451416
17260	2549.88956451416
17261	1713.9606475830078
17261	1713.9606475830078
17262	1399.2125988006592
17262	1399.2125988006592
17263	1706.667184829712
17263	1706.667184829712
17264	1601.5944480895996
17264	1601.5944480895996
17265	1592.583179473877
17265	1592.583179473877
17266	1691.3809776306152
17266	1691.3809776306152
17267	1771.2490558624268
17267	1771.2490558624268
17268	1798.5479831695557
17268	1798.5479831695557
17269	1743.6869144439697
17269	1743.6869144439697
17270	2543.7164306640625
17270	2543.7164306640625
17271	1757.500171661377
17271	1757.500171661377
17272	1521.6400623321533
17272	1521.6400623321533
17273	1799.3085384368896
17273	1799.3085384368896
17274	1911.1132621765137
17274	1911.1132621765137
17275	1841.5002822875977
17275	1841.5002822875977
17276	1764.857530593872
17276	1764.857530593872
17277	1690.0966167449951
17277	1690.0966167449951
17278	1724.3051528930664
17278	1724.3051528930664
17279	1805.9182167053223
17279	1805.9182167053223
17280	2440.659523010254
17280	2440.659523010254
17281	1665.0118827819824
17281	1665.0118827819824
17282	1717.8966999053955
17282	1717.8966999053955
17283	1855.4036617279053
17283	1855.4036617279053
17284	1784.8734855651855
17284	1784.8734855651855
17285	1847.5103378295898
17285	1847.5103378295898
17286	1762.0108127593994
17286	1762.0108127593994
17287	1719.4328308105469
17287	1719.4328308105469
17288	1619.7304725646973
17288	1619.7304725646973
17289	1554.670810699463
17289	1554.670810699463
17290	2529.8590660095215
17290	2529.8590660095215
17291	1717.3960208892822
17291	1717.3960208892822
17292	1744.476318359375
17292	1744.476318359375
17293	1538.9981269836426
17293	1538.9981269836426
17294	1643.284559249878
17294	1643.284559249878
17295	1896.134853363037
17295	1896.134853363037
17296	1839.4887447357178
17296	1839.4887447357178
17297	1712.9263877868652
17297	1712.9263877868652
17298	1684.2682361602783
17298	1684.2682361602783
17299	1716.1083221435547
17299	1716.1083221435547
17300	2287.4250411987305
17300	2287.4250411987305
17301	1807.7936172485352
17301	1807.7936172485352
17302	1828.3047676086426
17302	1828.3047676086426
17303	1621.2716102600098
17303	1621.2716102600098
17304	1505.6402683258057
17304	1505.6402683258057
17305	1556.1039447784424
17305	1556.1039447784424
17306	1646.7530727386475
17306	1646.7530727386475
17307	1682.1980476379395
17307	1682.1980476379395
17308	1638.9508247375488
17308	1638.9508247375488
17309	1691.9629573822021
17309	1691.9629573822021
17310	2309.6508979797363
17310	2309.6508979797363
17311	1632.472276687622
17311	1632.472276687622
17312	1680.9577941894531
17312	1680.9577941894531
17313	1637.3944282531738
17313	1637.3944282531738
17314	1677.525520324707
17314	1677.525520324707
17315	1536.0183715820312
17315	1536.0183715820312
17316	1694.3058967590332
17316	1694.3058967590332
17317	1633.0890655517578
17317	1633.0890655517578
17318	1533.7145328521729
17318	1533.7145328521729
17319	1485.9304428100586
17319	1485.9304428100586
17320	2119.565486907959
17320	2119.565486907959
17321	1499.2008209228516
17321	1499.2008209228516
17322	1352.6577949523926
17322	1352.6577949523926
17323	1354.8388481140137
17323	1354.8388481140137
17324	1519.3324089050293
17324	1519.3324089050293
17325	1267.4610614776611
17325	1267.4610614776611
17326	1930.1784038543701
17326	1930.1784038543701
17327	1234.7912788391113
17327	1234.7912788391113
17328	1244.5337772369385
17328	1244.5337772369385
17329	1613.603115081787
17329	1613.603115081787
17330	2428.494691848755
17330	2428.494691848755
17331	2299.394369125366
17331	2299.394369125366
17332	2365.947484970093
17332	2365.947484970093
17333	2449.2225646972656
17333	2449.2225646972656
17334	2624.493360519409
17334	2624.493360519409
17335	2936.6023540496826
17335	2936.6023540496826
17336	2576.4636993408203
17336	2576.4636993408203
17337	2676.934003829956
17337	2676.934003829956
17338	2540.0640964508057
17338	2540.0640964508057
17339	2566.1346912384033
17339	2566.1346912384033
17340	3591.350793838501
17340	3591.350793838501
17341	2668.760299682617
17341	2668.760299682617
17342	2475.450277328491
17342	2475.450277328491
17343	2681.657075881958
17343	2681.657075881958
17344	2793.6668395996094
17344	2793.6668395996094
17345	2886.1677646636963
17345	2886.1677646636963
17346	2833.2855701446533
17346	2833.2855701446533
17347	2669.7795391082764
17347	2669.7795391082764
17348	2538.0444526672363
17348	2538.0444526672363
17349	2631.481647491455
17349	2631.481647491455
17350	3436.9781017303467
17350	3436.9781017303467
17351	2694.8702335357666
17351	2694.8702335357666
17352	2738.211154937744
17352	2738.211154937744
17353	2668.081283569336
17353	2668.081283569336
17354	2772.294521331787
17354	2772.294521331787
17355	2530.088186264038
17355	2530.088186264038
17356	2783.9038372039795
17356	2783.9038372039795
17357	2706.6774368286133
17357	2706.6774368286133
17358	2912.445545196533
17358	2912.445545196533
17359	2975.831985473633
17359	2975.831985473633
17360	3598.5167026519775
17360	3598.5167026519775
17361	2837.2294902801514
17361	2837.2294902801514
17362	2341.3736820220947
17362	2341.3736820220947
17363	2434.2713356018066
17363	2434.2713356018066
17364	2605.51381111145
17364	2605.51381111145
17365	2674.6315956115723
17365	2674.6315956115723
17366	2711.909770965576
17366	2711.909770965576
17367	2749.6442794799805
17367	2749.6442794799805
17368	2782.7672958374023
17368	2782.7672958374023
17369	2881.330966949463
17369	2881.330966949463
17370	3371.3219165802
17370	3371.3219165802
17371	2760.8964443206787
17371	2760.8964443206787
17372	2699.659585952759
17372	2699.659585952759
17373	2685.3885650634766
17373	2685.3885650634766
17374	2709.0914249420166
17374	2709.0914249420166
17375	2782.1757793426514
17375	2782.1757793426514
17376	2905.1437377929688
17376	2905.1437377929688
17377	2928.0006885528564
17377	2928.0006885528564
17378	2566.3414001464844
17378	2566.3414001464844
17379	2261.1451148986816
17379	2261.1451148986816
17380	3404.6332836151123
17380	3404.6332836151123
17381	2519.726037979126
17381	2519.726037979126
17382	2698.4241008758545
17382	2698.4241008758545
17383	2800.262451171875
17383	2800.262451171875
17384	2798.1948852539062
17384	2798.1948852539062
17385	2542.224168777466
17385	2542.224168777466
17386	2750.4818439483643
17386	2750.4818439483643
17387	2921.1223125457764
17387	2921.1223125457764
17388	2548.3028888702393
17388	2548.3028888702393
17389	2888.047456741333
17389	2888.047456741333
17390	3647.1683979034424
17390	3647.1683979034424
17391	2734.0657711029053
17391	2734.0657711029053
17392	2849.8101234436035
17392	2849.8101234436035
17393	2848.515033721924
17393	2848.515033721924
17394	2479.658603668213
17394	2479.658603668213
17395	2277.8255939483643
17395	2277.8255939483643
17396	2344.146966934204
17396	2344.146966934204
17397	2709.0108394622803
17397	2709.0108394622803
17398	2913.5212898254395
17398	2913.5212898254395
17399	2909.2328548431396
17399	2909.2328548431396
17400	3521.60906791687
17400	3521.60906791687
17401	2788.3379459381104
17401	2788.3379459381104
17402	2676.239252090454
17402	2676.239252090454
17403	2788.87939453125
17403	2788.87939453125
17404	2661.738634109497
17404	2661.738634109497
17405	2639.1944885253906
17405	2639.1944885253906
17406	2857.5057983398438
17406	2857.5057983398438
17407	3013.9000415802
17407	3013.9000415802
17408	2969.6154594421387
17408	2969.6154594421387
17409	2740.7162189483643
17409	2740.7162189483643
17410	3161.2513065338135
17410	3161.2513065338135
17411	2619.59171295166
17411	2619.59171295166
17412	2317.765712738037
17412	2317.765712738037
17413	2467.4911499023438
17413	2467.4911499023438
17414	2729.3736934661865
17414	2729.3736934661865
17415	2675.3151416778564
17415	2675.3151416778564
17416	2645.4954147338867
17416	2645.4954147338867
17417	2566.1730766296387
17417	2566.1730766296387
17418	2693.9456462860107
17418	2693.9456462860107
17419	2877.786636352539
17419	2877.786636352539
17420	3568.6042308807373
17420	3568.6042308807373
17421	2804.0761947631836
17421	2804.0761947631836
17422	2842.174530029297
17422	2842.174530029297
17423	2610.9113693237305
17423	2610.9113693237305
17424	2574.0129947662354
17424	2574.0129947662354
17425	2337.488889694214
17425	2337.488889694214
17426	2607.699394226074
17426	2607.699394226074
17427	2690.485954284668
17427	2690.485954284668
17428	2615.90313911438
17428	2615.90313911438
17429	2646.9504833221436
17429	2646.9504833221436
17430	3422.18017578125
17430	3422.18017578125
17431	2566.3063526153564
17431	2566.3063526153564
17432	2775.773763656616
17432	2775.773763656616
17433	2847.0356464385986
17433	2847.0356464385986
17434	2807.767152786255
17434	2807.767152786255
17435	2856.907606124878
17435	2856.907606124878
17436	2853.8355827331543
17436	2853.8355827331543
17437	2843.0962562561035
17437	2843.0962562561035
17438	2729.34627532959
17438	2729.34627532959
17439	2883.4939002990723
17439	2883.4939002990723
17440	3422.849655151367
17440	3422.849655151367
17441	2347.39351272583
17441	2347.39351272583
17442	2473.926305770874
17442	2473.926305770874
17443	2493.051290512085
17443	2493.051290512085
17444	2669.635772705078
17444	2669.635772705078
17445	2643.6383724212646
17445	2643.6383724212646
17446	2628.8304328918457
17446	2628.8304328918457
17447	2856.745958328247
17447	2856.745958328247
17448	2929.401636123657
17448	2929.401636123657
17449	2980.027198791504
17449	2980.027198791504
17450	3697.02410697937
17450	3697.02410697937
17451	2525.8712768554688
17451	2525.8712768554688
17452	2732.1627140045166
17452	2732.1627140045166
17453	2852.6694774627686
17453	2852.6694774627686
17454	2724.9550819396973
17454	2724.9550819396973
17455	2776.7107486724854
17455	2776.7107486724854
17456	2630.645990371704
17456	2630.645990371704
17457	2382.8134536743164
17457	2382.8134536743164
17458	2653.5868644714355
17458	2653.5868644714355
17459	2685.995578765869
17459	2685.995578765869
17460	3380.439043045044
17460	3380.439043045044
17461	2659.363269805908
17461	2659.363269805908
17462	2775.792121887207
17462	2775.792121887207
17463	2754.0130615234375
17463	2754.0130615234375
17464	2631.3562393188477
17464	2631.3562393188477
17465	2928.4849166870117
17465	2928.4849166870117
17466	2875.34236907959
17466	2875.34236907959
17467	2962.592124938965
17467	2962.592124938965
17468	3028.649091720581
17468	3028.649091720581
17469	2963.8352394104004
17469	2963.8352394104004
17470	3648.082733154297
17470	3648.082733154297
17471	2748.011589050293
17471	2748.011589050293
17472	2680.515766143799
17472	2680.515766143799
17473	2324.462652206421
17473	2324.462652206421
17474	2231.7636013031006
17474	2231.7636013031006
17475	2637.347459793091
17475	2637.347459793091
17476	2745.0942993164062
17476	2745.0942993164062
17477	2858.4489822387695
17477	2858.4489822387695
17478	2984.266519546509
17478	2984.266519546509
17479	3000.455856323242
17479	3000.455856323242
17480	3723.9928245544434
17480	3723.9928245544434
17481	2775.202751159668
17481	2775.202751159668
17482	2805.7305812835693
17482	2805.7305812835693
17483	2805.0179481506348
17483	2805.0179481506348
17484	2957.07368850708
17484	2957.07368850708
17485	3021.435260772705
17485	3021.435260772705
17486	2978.3434867858887
17486	2978.3434867858887
17487	3089.571237564087
17487	3089.571237564087
17488	2980.5891513824463
17488	2980.5891513824463
17489	2186.4962577819824
17489	2186.4962577819824
17490	3347.7087020874023
17490	3347.7087020874023
17491	2702.1028995513916
17491	2702.1028995513916
17492	2697.0157623291016
17492	2697.0157623291016
17493	2494.6556091308594
17493	2494.6556091308594
17494	2812.4282360076904
17494	2812.4282360076904
17495	2782.4342250823975
17495	2782.4342250823975
17496	2761.2662315368652
17496	2761.2662315368652
17497	2600.973129272461
17497	2600.973129272461
17498	2894.824266433716
17498	2894.824266433716
17499	2776.732921600342
17499	2776.732921600342
17500	10639.32204246521
17500	10639.32204246521
17501	2862.04195022583
17501	2862.04195022583
17502	2682.5621128082275
17502	2682.5621128082275
17503	2297.80650138855
17503	2297.80650138855
17504	2082.3004245758057
17504	2082.3004245758057
17505	2211.5793228149414
17505	2211.5793228149414
17506	2479.522228240967
17506	2479.522228240967
17507	2542.1462059020996
17507	2542.1462059020996
17508	2709.911584854126
17508	2709.911584854126
17509	2500.8997917175293
17509	2500.8997917175293
17510	3274.012327194214
17510	3274.012327194214
17511	2540.9421920776367
17511	2540.9421920776367
17512	2795.8984375
17512	2795.8984375
17513	2687.7753734588623
17513	2687.7753734588623
17514	2582.658290863037
17514	2582.658290863037
17515	2686.97190284729
17515	2686.97190284729
17516	2897.4196910858154
17516	2897.4196910858154
17517	1877.5486946105957
17517	1877.5486946105957
17518	1682.5189590454102
17518	1682.5189590454102
17519	1799.192190170288
17519	1799.192190170288
17520	2479.377508163452
17520	2479.377508163452
17521	1661.9365215301514
17521	1661.9365215301514
17522	1647.9341983795166
17522	1647.9341983795166
17523	1685.1837635040283
17523	1685.1837635040283
17524	1668.229341506958
17524	1668.229341506958
17525	1704.6990394592285
17525	1704.6990394592285
17526	1694.0011978149414
17526	1694.0011978149414
17527	1539.3812656402588
17527	1539.3812656402588
17528	1633.730173110962
17528	1633.730173110962
17529	1713.0720615386963
17529	1713.0720615386963
17530	2398.387670516968
17530	2398.387670516968
17531	1600.6317138671875
17531	1600.6317138671875
17532	1722.4185466766357
17532	1722.4185466766357
17533	1654.2341709136963
17533	1654.2341709136963
17534	1702.9364109039307
17534	1702.9364109039307
17535	1639.573097229004
17535	1639.573097229004
17536	1523.3328342437744
17536	1523.3328342437744
17537	1531.3019752502441
17537	1531.3019752502441
17538	1546.7228889465332
17538	1546.7228889465332
17539	1495.9280490875244
17539	1495.9280490875244
17540	2374.4027614593506
17540	2374.4027614593506
17541	1619.095802307129
17541	1619.095802307129
17542	1676.0890483856201
17542	1676.0890483856201
17543	1594.9079990386963
17543	1594.9079990386963
17544	1661.8008613586426
17544	1661.8008613586426
17545	1513.4608745574951
17545	1513.4608745574951
17546	1751.8548965454102
17546	1751.8548965454102
17547	1657.529354095459
17547	1657.529354095459
17548	1782.714605331421
17548	1782.714605331421
17549	1737.187147140503
17549	1737.187147140503
17550	2559.2916011810303
17550	2559.2916011810303
17551	1814.3343925476074
17551	1814.3343925476074
17552	1773.6804485321045
17552	1773.6804485321045
17553	1827.646255493164
17553	1827.646255493164
17554	1820.828914642334
17554	1820.828914642334
17555	1767.179250717163
17555	1767.179250717163
17556	1806.319236755371
17556	1806.319236755371
17557	1911.7507934570312
17557	1911.7507934570312
17558	1796.2279319763184
17558	1796.2279319763184
17559	1775.3593921661377
17559	1775.3593921661377
17560	2336.2629413604736
17560	2336.2629413604736
17561	1752.9819011688232
17561	1752.9819011688232
17562	1789.374828338623
17562	1789.374828338623
17563	1708.5778713226318
17563	1708.5778713226318
17564	1514.8162841796875
17564	1514.8162841796875
17565	1606.675624847412
17565	1606.675624847412
17566	1549.954891204834
17566	1549.954891204834
17567	1445.7621574401855
17567	1445.7621574401855
17568	1622.3640441894531
17568	1622.3640441894531
17569	1452.3563385009766
17569	1452.3563385009766
17570	2366.407871246338
17570	2366.407871246338
17571	1377.8061866760254
17571	1377.8061866760254
17572	1808.2003593444824
17572	1808.2003593444824
17573	1222.632646560669
17573	1222.632646560669
17574	1219.2633152008057
17574	1219.2633152008057
17575	1739.6929264068604
17575	1739.6929264068604
17576	1638.3278369903564
17576	1638.3278369903564
17577	1513.7710571289062
17577	1513.7710571289062
17578	1598.6249446868896
17578	1598.6249446868896
17579	1688.2925033569336
17579	1688.2925033569336
17580	2369.7078227996826
17580	2369.7078227996826
17581	1665.8470630645752
17581	1665.8470630645752
17582	1727.8673648834229
17582	1727.8673648834229
17583	1704.9517631530762
17583	1704.9517631530762
17584	1624.3646144866943
17584	1624.3646144866943
17585	1654.6907424926758
17585	1654.6907424926758
17586	1703.4151554107666
17586	1703.4151554107666
17587	1698.1384754180908
17587	1698.1384754180908
17588	1566.6656494140625
17588	1566.6656494140625
17589	1719.0933227539062
17589	1719.0933227539062
17590	2483.1809997558594
17590	2483.1809997558594
17591	1670.9728240966797
17591	1670.9728240966797
17592	1783.599853515625
17592	1783.599853515625
17593	1806.1742782592773
17593	1806.1742782592773
17594	1810.40620803833
17594	1810.40620803833
17595	1774.9474048614502
17595	1774.9474048614502
17596	1845.0102806091309
17596	1845.0102806091309
17597	1634.5512866973877
17597	1634.5512866973877
17598	1867.7444458007812
17598	1867.7444458007812
17599	1839.015245437622
17599	1839.015245437622
17600	2334.918975830078
17600	2334.918975830078
17601	1678.6327362060547
17601	1678.6327362060547
17602	1527.9083251953125
17602	1527.9083251953125
17603	1690.2716159820557
17603	1690.2716159820557
17604	1712.1639251708984
17604	1712.1639251708984
17605	1682.3222637176514
17605	1682.3222637176514
17606	1583.6608409881592
17606	1583.6608409881592
17607	1537.0190143585205
17607	1537.0190143585205
17608	1839.731216430664
17608	1839.731216430664
17609	1740.9558296203613
17609	1740.9558296203613
17610	2646.6732025146484
17610	2646.6732025146484
17611	1666.9247150421143
17611	1666.9247150421143
17612	1654.313564300537
17612	1654.313564300537
17613	1650.9292125701904
17613	1650.9292125701904
17614	1555.1128387451172
17614	1555.1128387451172
17615	1730.3225994110107
17615	1730.3225994110107
17616	1680.4091930389404
17616	1680.4091930389404
17617	1645.1117992401123
17617	1645.1117992401123
17618	1729.5479774475098
17618	1729.5479774475098
17619	1739.8149967193604
17619	1739.8149967193604
17620	2519.724130630493
17620	2519.724130630493
17621	1653.7954807281494
17621	1653.7954807281494
17622	1737.8230094909668
17622	1737.8230094909668
17623	1829.7579288482666
17623	1829.7579288482666
17624	1675.8522987365723
17624	1675.8522987365723
17625	1783.1547260284424
17625	1783.1547260284424
17626	1640.0644779205322
17626	1640.0644779205322
17627	1642.446517944336
17627	1642.446517944336
17628	1689.910888671875
17628	1689.910888671875
17629	1690.7074451446533
17629	1690.7074451446533
17630	2536.132574081421
17630	2536.132574081421
17631	1781.1427116394043
17631	1781.1427116394043
17632	1837.8636837005615
17632	1837.8636837005615
17633	1843.2085514068604
17633	1843.2085514068604
17634	1824.5229721069336
17634	1824.5229721069336
17635	1780.379056930542
17635	1780.379056930542
17636	1835.5658054351807
17636	1835.5658054351807
17637	1584.5108032226562
17637	1584.5108032226562
17638	1695.0032711029053
17638	1695.0032711029053
17639	1481.3480377197266
17639	1481.3480377197266
17640	2129.757881164551
17640	2129.757881164551
17641	1544.4562435150146
17641	1544.4562435150146
17642	1613.9767169952393
17642	1613.9767169952393
17643	1604.3298244476318
17643	1604.3298244476318
17644	1593.106746673584
17644	1593.106746673584
17645	1593.9173698425293
17645	1593.9173698425293
17646	1779.1564464569092
17646	1779.1564464569092
17647	1715.2726650238037
17647	1715.2726650238037
17648	1900.2354145050049
17648	1900.2354145050049
17649	1768.0740356445312
17649	1768.0740356445312
17650	3625.2856254577637
17650	3625.2856254577637
17651	1777.8716087341309
17651	1777.8716087341309
17652	1717.56911277771
17652	1717.56911277771
17653	1790.5197143554688
17653	1790.5197143554688
17654	2196.8867778778076
17654	2196.8867778778076
17655	1720.7491397857666
17655	1720.7491397857666
17656	1743.9143657684326
17656	1743.9143657684326
17657	1658.3266258239746
17657	1658.3266258239746
17658	2426.9187450408936
17658	2426.9187450408936
17659	2364.454507827759
17659	2364.454507827759
17660	2987.816095352173
17660	2987.816095352173
17661	2427.267551422119
17661	2427.267551422119
17662	2694.059371948242
17662	2694.059371948242
17663	2479.369640350342
17663	2479.369640350342
17664	2790.743350982666
17664	2790.743350982666
17665	2748.4042644500732
17665	2748.4042644500732
17666	2520.9274291992188
17666	2520.9274291992188
17667	2817.408800125122
17667	2817.408800125122
17668	2768.415927886963
17668	2768.415927886963
17669	2418.1265830993652
17669	2418.1265830993652
17670	3355.6621074676514
17670	3355.6621074676514
17671	2602.6673316955566
17671	2602.6673316955566
17672	2799.899101257324
17672	2799.899101257324
17673	2926.0900020599365
17673	2926.0900020599365
17674	2532.538652420044
17674	2532.538652420044
17675	2375.7009506225586
17675	2375.7009506225586
17676	2508.578300476074
17676	2508.578300476074
17677	2539.2708778381348
17677	2539.2708778381348
17678	2676.555395126343
17678	2676.555395126343
17679	2762.211561203003
17679	2762.211561203003
17680	3554.820775985718
17680	3554.820775985718
17681	2974.381446838379
17681	2974.381446838379
17682	2938.1909370422363
17682	2938.1909370422363
17683	2886.3418102264404
17683	2886.3418102264404
17684	2987.2593879699707
17684	2987.2593879699707
17685	2793.4939861297607
17685	2793.4939861297607
17686	2917.76180267334
17686	2917.76180267334
17687	2906.0897827148438
17687	2906.0897827148438
17688	3044.8427200317383
17688	3044.8427200317383
17689	3000.075578689575
17689	3000.075578689575
17690	3249.422550201416
17690	3249.422550201416
17691	2470.956325531006
17691	2470.956325531006
17692	2647.874116897583
17692	2647.874116897583
17693	2466.3424491882324
17693	2466.3424491882324
17694	2716.2320613861084
17694	2716.2320613861084
17695	2745.0950145721436
17695	2745.0950145721436
17696	2760.4496479034424
17696	2760.4496479034424
17697	2803.0834197998047
17697	2803.0834197998047
17698	2740.269899368286
17698	2740.269899368286
17699	2795.818567276001
17699	2795.818567276001
17700	3491.1208152770996
17700	3491.1208152770996
17701	2555.4237365722656
17701	2555.4237365722656
17702	2493.865728378296
17702	2493.865728378296
17703	2374.216318130493
17703	2374.216318130493
17704	2716.3748741149902
17704	2716.3748741149902
17705	2756.4773559570312
17705	2756.4773559570312
17706	2734.3833446502686
17706	2734.3833446502686
17707	2682.7452182769775
17707	2682.7452182769775
17708	2710.81280708313
17708	2710.81280708313
17709	2805.1962852478027
17709	2805.1962852478027
17710	3638.6282444000244
17710	3638.6282444000244
17711	2953.092098236084
17711	2953.092098236084
17712	2917.840003967285
17712	2917.840003967285
17713	2730.910062789917
17713	2730.910062789917
17714	3010.0419521331787
17714	3010.0419521331787
17715	2897.62020111084
17715	2897.62020111084
17716	2800.665855407715
17716	2800.665855407715
17717	2671.342372894287
17717	2671.342372894287
17718	2825.1657485961914
17718	2825.1657485961914
17719	2619.6129322052
17719	2619.6129322052
17720	3485.1200580596924
17720	3485.1200580596924
17721	2830.3070068359375
17721	2830.3070068359375
17722	2789.287567138672
17722	2789.287567138672
17723	2792.72723197937
17723	2792.72723197937
17724	2662.1923446655273
17724	2662.1923446655273
17725	2678.121566772461
17725	2678.121566772461
17726	2903.294324874878
17726	2903.294324874878
17727	2889.0886306762695
17727	2889.0886306762695
17728	2902.486801147461
17728	2902.486801147461
17729	2927.2828102111816
17729	2927.2828102111816
17730	3537.3497009277344
17730	3537.3497009277344
17731	2838.6385440826416
17731	2838.6385440826416
17732	2869.3416118621826
17732	2869.3416118621826
17733	2579.136848449707
17733	2579.136848449707
17734	2512.8417015075684
17734	2512.8417015075684
17735	2307.5714111328125
17735	2307.5714111328125
17736	2759.413719177246
17736	2759.413719177246
17737	2660.4814529418945
17737	2660.4814529418945
17738	2350.970983505249
17738	2350.970983505249
17739	2783.0424308776855
17739	2783.0424308776855
17740	3632.589340209961
17740	3632.589340209961
17741	2889.6331787109375
17741	2889.6331787109375
17742	2908.051013946533
17742	2908.051013946533
17743	2696.613550186157
17743	2696.613550186157
17744	2733.358144760132
17744	2733.358144760132
17745	2799.5617389678955
17745	2799.5617389678955
17746	2849.6785163879395
17746	2849.6785163879395
17747	2835.36958694458
17747	2835.36958694458
17748	3000.959634780884
17748	3000.959634780884
17749	2901.9877910614014
17749	2901.9877910614014
17750	3161.378860473633
17750	3161.378860473633
17751	2532.6597690582275
17751	2532.6597690582275
17752	2533.414602279663
17752	2533.414602279663
17753	2635.0927352905273
17753	2635.0927352905273
17754	2796.165704727173
17754	2796.165704727173
17755	2755.521297454834
17755	2755.521297454834
17756	2759.1278553009033
17756	2759.1278553009033
17757	2818.377733230591
17757	2818.377733230591
17758	2728.419065475464
17758	2728.419065475464
17759	2815.9749507904053
17759	2815.9749507904053
17760	3348.1550216674805
17760	3348.1550216674805
17761	2807.90638923645
17761	2807.90638923645
17762	2804.241418838501
17762	2804.241418838501
17763	2981.46653175354
17763	2981.46653175354
17764	2842.1926498413086
17764	2842.1926498413086
17765	2762.671709060669
17765	2762.671709060669
17766	2108.7722778320312
17766	2108.7722778320312
17767	2402.1401405334473
17767	2402.1401405334473
17768	2559.525728225708
17768	2559.525728225708
17769	2709.873914718628
17769	2709.873914718628
17770	3502.713680267334
17770	3502.713680267334
17771	2713.291883468628
17771	2713.291883468628
17772	2531.562328338623
17772	2531.562328338623
17773	2715.5773639678955
17773	2715.5773639678955
17774	2984.835624694824
17774	2984.835624694824
17775	2902.902126312256
17775	2902.902126312256
17776	2873.030662536621
17776	2873.030662536621
17777	2653.07879447937
17777	2653.07879447937
17778	2899.5015621185303
17778	2899.5015621185303
17779	2662.3244285583496
17779	2662.3244285583496
17780	3556.654214859009
17780	3556.654214859009
17781	2696.4285373687744
17781	2696.4285373687744
17782	2575.378179550171
17782	2575.378179550171
17783	2816.6067600250244
17783	2816.6067600250244
17784	2843.0373668670654
17784	2843.0373668670654
17785	2585.4578018188477
17785	2585.4578018188477
17786	2987.645387649536
17786	2987.645387649536
17787	2748.837947845459
17787	2748.837947845459
17788	2711.500406265259
17788	2711.500406265259
17789	3047.018051147461
17789	3047.018051147461
17790	2415.733814239502
17790	2415.733814239502
17791	1930.9799671173096
17791	1930.9799671173096
17792	2785.670757293701
17792	2785.670757293701
17793	2817.786693572998
17793	2817.786693572998
17794	2835.4077339172363
17794	2835.4077339172363
17795	2879.345417022705
17795	2879.345417022705
17796	2736.0026836395264
17796	2736.0026836395264
17797	2928.699254989624
17797	2928.699254989624
17798	2892.8635120391846
17798	2892.8635120391846
17799	2432.089328765869
17799	2432.089328765869
17800	3378.7708282470703
17800	3378.7708282470703
17801	2047.8565692901611
17801	2047.8565692901611
17802	2190.6731128692627
17802	2190.6731128692627
17803	2132.5552463531494
17803	2132.5552463531494
17804	2334.75399017334
17804	2334.75399017334
17805	2395.925521850586
17805	2395.925521850586
17806	2339.942693710327
17806	2339.942693710327
17807	2478.012800216675
17807	2478.012800216675
17808	2913.700580596924
17808	2913.700580596924
17809	2705.1331996917725
17809	2705.1331996917725
17810	3610.7382774353027
17810	3610.7382774353027
17811	2588.390111923218
17811	2588.390111923218
17812	2824.451208114624
17812	2824.451208114624
17813	2418.318271636963
17813	2418.318271636963
17814	2234.4117164611816
17814	2234.4117164611816
17815	2671.5097427368164
17815	2671.5097427368164
17816	2324.5935440063477
17816	2324.5935440063477
17817	2779.5727252960205
17817	2779.5727252960205
17818	2722.1062183380127
17818	2722.1062183380127
17819	2723.4344482421875
17819	2723.4344482421875
17820	3504.5082569122314
17820	3504.5082569122314
17821	2803.913354873657
17821	2803.913354873657
17822	2946.2831020355225
17822	2946.2831020355225
17823	2293.7183380126953
17823	2293.7183380126953
17824	2305.4378032684326
17824	2305.4378032684326
17825	2222.8827476501465
17825	2222.8827476501465
17826	2247.11537361145
17826	2247.11537361145
17827	2640.106201171875
17827	2640.106201171875
17828	2594.594955444336
17828	2594.594955444336
17829	2334.4526290893555
17829	2334.4526290893555
17830	3329.469919204712
17830	3329.469919204712
17831	2723.8199710845947
17831	2723.8199710845947
17832	2588.38152885437
17832	2588.38152885437
17833	1734.6129417419434
17833	1734.6129417419434
17834	1636.0704898834229
17834	1636.0704898834229
17835	1634.5484256744385
17835	1634.5484256744385
17836	1761.9926929473877
17836	1761.9926929473877
17837	1725.4457473754883
17837	1725.4457473754883
17838	1747.2484111785889
17838	1747.2484111785889
17839	1651.888132095337
17839	1651.888132095337
17840	2468.985080718994
17840	2468.985080718994
17841	1567.361831665039
17841	1567.361831665039
17842	1603.5902500152588
17842	1603.5902500152588
17843	1741.1580085754395
17843	1741.1580085754395
17844	1663.6650562286377
17844	1663.6650562286377
17845	1594.736099243164
17845	1594.736099243164
17846	1684.1144561767578
17846	1684.1144561767578
17847	1690.4211044311523
17847	1690.4211044311523
17848	1536.6787910461426
17848	1536.6787910461426
17849	1770.4803943634033
17849	1770.4803943634033
17850	2349.072217941284
17850	2349.072217941284
17851	1600.3482341766357
17851	1600.3482341766357
17852	1755.023717880249
17852	1755.023717880249
17853	1817.659854888916
17853	1817.659854888916
17854	1452.7533054351807
17854	1452.7533054351807
17855	1694.2920684814453
17855	1694.2920684814453
17856	1526.3495445251465
17856	1526.3495445251465
17857	1642.6336765289307
17857	1642.6336765289307
17858	1613.6295795440674
17858	1613.6295795440674
17859	1713.3970260620117
17859	1713.3970260620117
17860	2425.7936477661133
17860	2425.7936477661133
17861	1645.836591720581
17861	1645.836591720581
17862	1617.919683456421
17862	1617.919683456421
17863	1628.4892559051514
17863	1628.4892559051514
17864	1666.9337749481201
17864	1666.9337749481201
17865	1749.222755432129
17865	1749.222755432129
17866	1809.3726634979248
17866	1809.3726634979248
17867	1816.2190914154053
17867	1816.2190914154053
17868	1768.6598300933838
17868	1768.6598300933838
17869	1809.8273277282715
17869	1809.8273277282715
17870	2443.8729286193848
17870	2443.8729286193848
17871	1665.330171585083
17871	1665.330171585083
17872	1745.9235191345215
17872	1745.9235191345215
17873	1613.3227348327637
17873	1613.3227348327637
17874	1719.1541194915771
17874	1719.1541194915771
17875	1474.2100238800049
17875	1474.2100238800049
17876	1528.136968612671
17876	1528.136968612671
17877	1640.000581741333
17877	1640.000581741333
17878	1615.4630184173584
17878	1615.4630184173584
17879	1659.9984169006348
17879	1659.9984169006348
17880	2370.765447616577
17880	2370.765447616577
17881	1524.895429611206
17881	1524.895429611206
17882	1722.104787826538
17882	1722.104787826538
17883	1646.2321281433105
17883	1646.2321281433105
17884	1617.6817417144775
17884	1617.6817417144775
17885	1659.834384918213
17885	1659.834384918213
17886	1724.313497543335
17886	1724.313497543335
17887	1483.6146831512451
17887	1483.6146831512451
17888	1427.8883934020996
17888	1427.8883934020996
17889	1488.0728721618652
17889	1488.0728721618652
17890	2300.783634185791
17890	2300.783634185791
17891	1439.5451545715332
17891	1439.5451545715332
17892	1373.462438583374
17892	1373.462438583374
17893	1895.7951068878174
17893	1895.7951068878174
17894	1794.0430641174316
17894	1794.0430641174316
17895	1823.3158588409424
17895	1823.3158588409424
17896	1797.1916198730469
17896	1797.1916198730469
17897	1762.514352798462
17897	1762.514352798462
17898	1818.0034160614014
17898	1818.0034160614014
17899	1660.8633995056152
17899	1660.8633995056152
17900	2518.5985565185547
17900	2518.5985565185547
17901	1701.8001079559326
17901	1701.8001079559326
17902	1496.2027072906494
17902	1496.2027072906494
17903	1688.3313655853271
17903	1688.3313655853271
17904	1635.716199874878
17904	1635.716199874878
17905	1534.583568572998
17905	1534.583568572998
17906	1618.4468269348145
17906	1618.4468269348145
17907	1718.1034088134766
17907	1718.1034088134766
17908	1530.8177471160889
17908	1530.8177471160889
17909	1653.5398960113525
17909	1653.5398960113525
17910	2454.026222229004
17910	2454.026222229004
17911	1752.9301643371582
17911	1752.9301643371582
17912	1847.5430011749268
17912	1847.5430011749268
17913	1805.5293560028076
17913	1805.5293560028076
17914	1761.8818283081055
17914	1761.8818283081055
17915	1759.6585750579834
17915	1759.6585750579834
17916	1699.866771697998
17916	1699.866771697998
17917	1745.8539009094238
17917	1745.8539009094238
17918	1809.9026679992676
17918	1809.9026679992676
17919	1591.822624206543
17919	1591.822624206543
17920	2331.3117027282715
17920	2331.3117027282715
17921	1689.791202545166
17921	1689.791202545166
17922	1666.1219596862793
17922	1666.1219596862793
17923	1709.378719329834
17923	1709.378719329834
17924	1659.7967147827148
17924	1659.7967147827148
17925	1727.9341220855713
17925	1727.9341220855713
17926	1641.5150165557861
17926	1641.5150165557861
17927	1713.7537002563477
17927	1713.7537002563477
17928	1644.9565887451172
17928	1644.9565887451172
17929	1709.5940113067627
17929	1709.5940113067627
17930	2463.8750553131104
17930	2463.8750553131104
17931	1776.768684387207
17931	1776.768684387207
17932	1781.1553478240967
17932	1781.1553478240967
17933	1702.1541595458984
17933	1702.1541595458984
17934	1836.7187976837158
17934	1836.7187976837158
17935	1868.7965869903564
17935	1868.7965869903564
17936	1616.0883903503418
17936	1616.0883903503418
17937	1699.5723247528076
17937	1699.5723247528076
17938	1791.8155193328857
17938	1791.8155193328857
17939	1693.115234375
17939	1693.115234375
17940	2562.821626663208
17940	2562.821626663208
17941	1722.1007347106934
17941	1722.1007347106934
17942	1658.5185527801514
17942	1658.5185527801514
17943	1735.5008125305176
17943	1735.5008125305176
17944	1643.1002616882324
17944	1643.1002616882324
17945	1568.7642097473145
17945	1568.7642097473145
17946	1660.1979732513428
17946	1660.1979732513428
17947	1638.0832195281982
17947	1638.0832195281982
17948	1587.62526512146
17948	1587.62526512146
17949	1491.800308227539
17949	1491.800308227539
17950	2532.1691036224365
17950	2532.1691036224365
17951	1790.6293869018555
17951	1790.6293869018555
17952	1664.1349792480469
17952	1664.1349792480469
17953	1688.5380744934082
17953	1688.5380744934082
17954	1645.1361179351807
17954	1645.1361179351807
17955	1537.5101566314697
17955	1537.5101566314697
17956	1664.759635925293
17956	1664.759635925293
17957	1661.7286205291748
17957	1661.7286205291748
17958	1424.7021675109863
17958	1424.7021675109863
17959	1468.6546325683594
17959	1468.6546325683594
17960	2326.158046722412
17960	2326.158046722412
17961	1452.178955078125
17961	1452.178955078125
17962	1458.6949348449707
17962	1458.6949348449707
17963	1452.7733325958252
17963	1452.7733325958252
17964	2302.962303161621
17964	2302.962303161621
17965	1219.475507736206
17965	1219.475507736206
17966	1512.3870372772217
17966	1512.3870372772217
17967	1755.1474571228027
17967	1755.1474571228027
17968	2072.479486465454
17968	2072.479486465454
17969	2497.8530406951904
17969	2497.8530406951904
17970	3362.462043762207
17970	3362.462043762207
17971	2615.4990196228027
17971	2615.4990196228027
17972	2469.4738388061523
17972	2469.4738388061523
17973	2518.664598464966
17973	2518.664598464966
17974	2842.7176475524902
17974	2842.7176475524902
17975	2668.077230453491
17975	2668.077230453491
17976	2709.43021774292
17976	2709.43021774292
17977	2755.7318210601807
17977	2755.7318210601807
17978	2745.7051277160645
17978	2745.7051277160645
17979	2269.0212726593018
17979	2269.0212726593018
17980	3484.145164489746
17980	3484.145164489746
17981	2763.4880542755127
17981	2763.4880542755127
17982	2578.6962509155273
17982	2578.6962509155273
17983	2788.540840148926
17983	2788.540840148926
17984	2892.082929611206
17984	2892.082929611206
17985	2287.0328426361084
17985	2287.0328426361084
17986	2388.3750438690186
17986	2388.3750438690186
17987	2524.035930633545
17987	2524.035930633545
17988	2667.3333644866943
17988	2667.3333644866943
17989	2661.595106124878
17989	2661.595106124878
17990	3386.7392539978027
17990	3386.7392539978027
17991	2818.039894104004
17991	2818.039894104004
17992	2566.8551921844482
17992	2566.8551921844482
17993	2874.114751815796
17993	2874.114751815796
17994	2735.4671955108643
17994	2735.4671955108643
17995	2850.306987762451
17995	2850.306987762451
17996	2773.191452026367
17996	2773.191452026367
17997	2645.7769870758057
17997	2645.7769870758057
17998	2819.854736328125
17998	2819.854736328125
17999	2430.051803588867
17999	2430.051803588867
18000	17290.66753387451
18000	17290.66753387451
18001	2693.0482387542725
18001	2693.0482387542725
18002	2583.3239555358887
18002	2583.3239555358887
18003	2733.189582824707
18003	2733.189582824707
18004	2755.8085918426514
18004	2755.8085918426514
18005	2837.8233909606934
18005	2837.8233909606934
18006	2775.4063606262207
18006	2775.4063606262207
18007	2573.221206665039
18007	2573.221206665039
18008	2768.0633068084717
18008	2768.0633068084717
18009	2940.265893936157
18009	2940.265893936157
18010	3267.3699855804443
18010	3267.3699855804443
18011	3030.6665897369385
18011	3030.6665897369385
18012	2926.2964725494385
18012	2926.2964725494385
18013	2078.8562297821045
18013	2078.8562297821045
18014	2282.313108444214
18014	2282.313108444214
18015	2654.4816493988037
18015	2654.4816493988037
18016	2659.428358078003
18016	2659.428358078003
18017	2499.06849861145
18017	2499.06849861145
18018	2601.008176803589
18018	2601.008176803589
18019	2911.705732345581
18019	2911.705732345581
18020	3392.4026489257812
18020	3392.4026489257812
18021	2395.2014446258545
18021	2395.2014446258545
18022	2569.2543983459473
18022	2569.2543983459473
18023	2809.295892715454
18023	2809.295892715454
18024	2781.7435264587402
18024	2781.7435264587402
18025	2869.082450866699
18025	2869.082450866699
18026	2824.0177631378174
18026	2824.0177631378174
18027	2947.857141494751
18027	2947.857141494751
18028	2950.537919998169
18028	2950.537919998169
18029	2985.410690307617
18029	2985.410690307617
18030	3737.1349334716797
18030	3737.1349334716797
18031	2282.44948387146
18031	2282.44948387146
18032	2504.395008087158
18032	2504.395008087158
18033	2614.499807357788
18033	2614.499807357788
18034	2434.919595718384
18034	2434.919595718384
18035	2675.6081581115723
18035	2675.6081581115723
18036	2744.3456649780273
18036	2744.3456649780273
18037	2771.8071937561035
18037	2771.8071937561035
18038	2764.3814086914062
18038	2764.3814086914062
18039	2877.0534992218018
18039	2877.0534992218018
18040	3690.899133682251
18040	3690.899133682251
18041	2903.2654762268066
18041	2903.2654762268066
18042	2592.1223163604736
18042	2592.1223163604736
18043	2779.364824295044
18043	2779.364824295044
18044	2601.3596057891846
18044	2601.3596057891846
18045	2601.762056350708
18045	2601.762056350708
18046	2841.4134979248047
18046	2841.4134979248047
18047	2358.8545322418213
18047	2358.8545322418213
18048	2322.6966857910156
18048	2322.6966857910156
18049	2462.1529579162598
18049	2462.1529579162598
18050	3592.24009513855
18050	3592.24009513855
18051	2509.793519973755
18051	2509.793519973755
18052	2809.8387718200684
18052	2809.8387718200684
18053	2708.714723587036
18053	2708.714723587036
18054	2747.2660541534424
18054	2747.2660541534424
18055	2717.393159866333
18055	2717.393159866333
18056	2796.004295349121
18056	2796.004295349121
18057	2818.4406757354736
18057	2818.4406757354736
18058	2680.0661087036133
18058	2680.0661087036133
18059	2805.1538467407227
18059	2805.1538467407227
18060	3571.767568588257
18060	3571.767568588257
18061	2870.295524597168
18061	2870.295524597168
18062	2785.1336002349854
18062	2785.1336002349854
18063	2225.027084350586
18063	2225.027084350586
18064	2532.9816341400146
18064	2532.9816341400146
18065	2761.3210678100586
18065	2761.3210678100586
18066	2748.648166656494
18066	2748.648166656494
18067	2662.3525619506836
18067	2662.3525619506836
18068	2616.230249404907
18068	2616.230249404907
18069	2831.4387798309326
18069	2831.4387798309326
18070	3579.312801361084
18070	3579.312801361084
18071	2873.6181259155273
18071	2873.6181259155273
18072	2780.550718307495
18072	2780.550718307495
18073	2587.0747566223145
18073	2587.0747566223145
18074	2127.9842853546143
18074	2127.9842853546143
18075	2405.750513076782
18075	2405.750513076782
18076	2513.9729976654053
18076	2513.9729976654053
18077	2715.0909900665283
18077	2715.0909900665283
18078	2736.116647720337
18078	2736.116647720337
18079	2694.6516036987305
18079	2694.6516036987305
18080	3509.7663402557373
18080	3509.7663402557373
18081	2633.138656616211
18081	2633.138656616211
18082	2661.8616580963135
18082	2661.8616580963135
18083	2269.728660583496
18083	2269.728660583496
18084	2385.895013809204
18084	2385.895013809204
18085	2677.0572662353516
18085	2677.0572662353516
18086	2606.0562133789062
18086	2606.0562133789062
18087	2837.270498275757
18087	2837.270498275757
18088	2512.1395587921143
18088	2512.1395587921143
18089	2738.1253242492676
18089	2738.1253242492676
18090	3474.463939666748
18090	3474.463939666748
18091	2567.9190158843994
18091	2567.9190158843994
18092	2763.2641792297363
18092	2763.2641792297363
18093	2418.17307472229
18093	2418.17307472229
18094	2485.140323638916
18094	2485.140323638916
18095	2268.9309120178223
18095	2268.9309120178223
18096	2594.4478511810303
18096	2594.4478511810303
18097	2651.268243789673
18097	2651.268243789673
18098	2723.3879566192627
18098	2723.3879566192627
18099	2721.9395637512207
18099	2721.9395637512207
18100	3330.5747509002686
18100	3330.5747509002686
18101	2866.3041591644287
18101	2866.3041591644287
18102	2695.310592651367
18102	2695.310592651367
18103	2899.6453285217285
18103	2899.6453285217285
18104	2990.8933639526367
18104	2990.8933639526367
18105	2685.917615890503
18105	2685.917615890503
18106	2999.6893405914307
18106	2999.6893405914307
18107	2988.5168075561523
18107	2988.5168075561523
18108	2765.200138092041
18108	2765.200138092041
18109	2987.5521659851074
18109	2987.5521659851074
18110	3280.9364795684814
18110	3280.9364795684814
18111	2814.836025238037
18111	2814.836025238037
18112	2546.2992191314697
18112	2546.2992191314697
18113	2760.280132293701
18113	2760.280132293701
18114	2759.5620155334473
18114	2759.5620155334473
18115	2691.713809967041
18115	2691.713809967041
18116	2748.772621154785
18116	2748.772621154785
18117	2733.6196899414062
18117	2733.6196899414062
18118	2788.6016368865967
18118	2788.6016368865967
18119	2697.812795639038
18119	2697.812795639038
18120	3371.1636066436768
18120	3371.1636066436768
18121	2485.0783348083496
18121	2485.0783348083496
18122	2451.0817527770996
18122	2451.0817527770996
18123	2659.3878269195557
18123	2659.3878269195557
18124	2698.6913681030273
18124	2698.6913681030273
18125	2521.9075679779053
18125	2521.9075679779053
18126	2779.6716690063477
18126	2779.6716690063477
18127	2767.967939376831
18127	2767.967939376831
18128	1808.363914489746
18128	1808.363914489746
18129	1643.8019275665283
18129	1643.8019275665283
18130	2271.9080448150635
18130	2271.9080448150635
18131	1677.185297012329
18131	1677.185297012329
18132	1658.1707000732422
18132	1658.1707000732422
18133	1664.0751361846924
18133	1664.0751361846924
18134	1728.1231880187988
18134	1728.1231880187988
18135	1743.2634830474854
18135	1743.2634830474854
18136	1719.7470664978027
18136	1719.7470664978027
18137	1696.0818767547607
18137	1696.0818767547607
18138	1683.5148334503174
18138	1683.5148334503174
18139	1742.2161102294922
18139	1742.2161102294922
18140	2461.289167404175
18140	2461.289167404175
18141	1734.1926097869873
18141	1734.1926097869873
18142	1798.8886833190918
18142	1798.8886833190918
18143	1777.709722518921
18143	1777.709722518921
18144	1624.1607666015625
18144	1624.1607666015625
18145	1782.8919887542725
18145	1782.8919887542725
18146	1617.948293685913
18146	1617.948293685913
18147	1662.8763675689697
18147	1662.8763675689697
18148	1782.9272747039795
18148	1782.9272747039795
18149	1741.882562637329
18149	1741.882562637329
18150	2312.9358291625977
18150	2312.9358291625977
18151	1640.458583831787
18151	1640.458583831787
18152	1896.2557315826416
18152	1896.2557315826416
18153	1891.7202949523926
18153	1891.7202949523926
18154	1869.1511154174805
18154	1869.1511154174805
18155	1837.5780582427979
18155	1837.5780582427979
18156	1788.3672714233398
18156	1788.3672714233398
18157	1769.1092491149902
18157	1769.1092491149902
18158	1699.2511749267578
18158	1699.2511749267578
18159	1864.3500804901123
18159	1864.3500804901123
18160	2533.2298278808594
18160	2533.2298278808594
18161	1674.809217453003
18161	1674.809217453003
18162	1633.5015296936035
18162	1633.5015296936035
18163	1725.165605545044
18163	1725.165605545044
18164	1775.1259803771973
18164	1775.1259803771973
18165	1580.0557136535645
18165	1580.0557136535645
18166	1502.7225017547607
18166	1502.7225017547607
18167	1737.2312545776367
18167	1737.2312545776367
18168	1726.1219024658203
18168	1726.1219024658203
18169	1683.3443641662598
18169	1683.3443641662598
18170	2588.3936882019043
18170	2588.3936882019043
18171	1663.710594177246
18171	1663.710594177246
18172	1553.7445545196533
18172	1553.7445545196533
18173	1509.1466903686523
18173	1509.1466903686523
18174	1524.2900848388672
18174	1524.2900848388672
18175	1684.926986694336
18175	1684.926986694336
18176	1618.2746887207031
18176	1618.2746887207031
18177	1567.422866821289
18177	1567.422866821289
18178	1707.6079845428467
18178	1707.6079845428467
18179	1665.5821800231934
18179	1665.5821800231934
18180	2575.408935546875
18180	2575.408935546875
18181	1699.2034912109375
18181	1699.2034912109375
18182	1689.8698806762695
18182	1689.8698806762695
18183	1439.603328704834
18183	1439.603328704834
18184	1431.065559387207
18184	1431.065559387207
18185	1496.0577487945557
18185	1496.0577487945557
18186	1455.822229385376
18186	1455.822229385376
18187	1345.4666137695312
18187	1345.4666137695312
18188	1342.0038223266602
18188	1342.0038223266602
18189	1775.6636142730713
18189	1775.6636142730713
18190	2040.68922996521
18190	2040.68922996521
18191	1362.5860214233398
18191	1362.5860214233398
18192	1820.9412097930908
18192	1820.9412097930908
18193	1818.3023929595947
18193	1818.3023929595947
18194	1691.8623447418213
18194	1691.8623447418213
18195	1834.8309993743896
18195	1834.8309993743896
18196	1744.3022727966309
18196	1744.3022727966309
18197	1762.1486186981201
18197	1762.1486186981201
18198	1647.3231315612793
18198	1647.3231315612793
18199	1727.3509502410889
18199	1727.3509502410889
18200	2301.712989807129
18200	2301.712989807129
18201	1715.7483100891113
18201	1715.7483100891113
18202	1538.4893417358398
18202	1538.4893417358398
18203	1824.7709274291992
18203	1824.7709274291992
18204	1808.854103088379
18204	1808.854103088379
18205	1641.289472579956
18205	1641.289472579956
18206	1531.8622589111328
18206	1531.8622589111328
18207	1391.8473720550537
18207	1391.8473720550537
18208	1600.8884906768799
18208	1600.8884906768799
18209	1539.0512943267822
18209	1539.0512943267822
18210	2525.672197341919
18210	2525.672197341919
18211	1806.6911697387695
18211	1806.6911697387695
18212	1821.6183185577393
18212	1821.6183185577393
18213	1654.1097164154053
18213	1654.1097164154053
18214	1847.6500511169434
18214	1847.6500511169434
18215	1799.6115684509277
18215	1799.6115684509277
18216	1787.7719402313232
18216	1787.7719402313232
18217	1676.734447479248
18217	1676.734447479248
18218	1710.8609676361084
18218	1710.8609676361084
18219	1704.6444416046143
18219	1704.6444416046143
18220	2466.3712978363037
18220	2466.3712978363037
18221	1670.8693504333496
18221	1670.8693504333496
18222	1637.6678943634033
18222	1637.6678943634033
18223	1846.9374179840088
18223	1846.9374179840088
18224	1809.1261386871338
18224	1809.1261386871338
18225	1539.5328998565674
18225	1539.5328998565674
18226	1721.8589782714844
18226	1721.8589782714844
18227	1678.5798072814941
18227	1678.5798072814941
18228	1746.7741966247559
18228	1746.7741966247559
18229	1685.4534149169922
18229	1685.4534149169922
18230	2333.3637714385986
18230	2333.3637714385986
18231	1783.4911346435547
18231	1783.4911346435547
18232	1657.7887535095215
18232	1657.7887535095215
18233	1686.4280700683594
18233	1686.4280700683594
18234	1794.295072555542
18234	1794.295072555542
18235	1752.734899520874
18235	1752.734899520874
18236	1803.405523300171
18236	1803.405523300171
18237	1735.5461120605469
18237	1735.5461120605469
18238	1907.2959423065186
18238	1907.2959423065186
18239	1781.8400859832764
18239	1781.8400859832764
18240	2648.3585834503174
18240	2648.3585834503174
18241	1673.7117767333984
18241	1673.7117767333984
18242	1562.7610683441162
18242	1562.7610683441162
18243	1786.0310077667236
18243	1786.0310077667236
18244	1734.3270778656006
18244	1734.3270778656006
18245	1719.7985649108887
18245	1719.7985649108887
18246	1587.5391960144043
18246	1587.5391960144043
18247	1641.5672302246094
18247	1641.5672302246094
18248	1893.9497470855713
18248	1893.9497470855713
18249	1734.806776046753
18249	1734.806776046753
18250	2543.1272983551025
18250	2543.1272983551025
18251	1592.391014099121
18251	1592.391014099121
18252	1520.6654071807861
18252	1520.6654071807861
18253	1665.8682823181152
18253	1665.8682823181152
18254	1744.417428970337
18254	1744.417428970337
18255	1699.7203826904297
18255	1699.7203826904297
18256	1571.549892425537
18256	1571.549892425537
18257	1469.9318408966064
18257	1469.9318408966064
18258	2153.313398361206
18258	2153.313398361206
18259	2006.5093040466309
18259	2006.5093040466309
18260	2200.5436420440674
18260	2200.5436420440674
18261	1489.799976348877
18261	1489.799976348877
18262	1767.1759128570557
18262	1767.1759128570557
18263	1734.9836826324463
18263	1734.9836826324463
18264	2078.9546966552734
18264	2078.9546966552734
18265	2504.514455795288
18265	2504.514455795288
18266	2769.559860229492
18266	2769.559860229492
18267	2793.1010723114014
18267	2793.1010723114014
18268	2864.0379905700684
18268	2864.0379905700684
18269	2858.901023864746
18269	2858.901023864746
18270	3393.0625915527344
18270	3393.0625915527344
18271	2800.5776405334473
18271	2800.5776405334473
18272	2794.052839279175
18272	2794.052839279175
18273	2704.477071762085
18273	2704.477071762085
18274	2600.8665561676025
18274	2600.8665561676025
18275	2797.4162101745605
18275	2797.4162101745605
18276	2815.965175628662
18276	2815.965175628662
18277	2753.631353378296
18277	2753.631353378296
18278	2782.860040664673
18278	2782.860040664673
18279	2743.6535358428955
18279	2743.6535358428955
18280	3087.902307510376
18280	3087.902307510376
18281	2481.274366378784
18281	2481.274366378784
18282	2509.4406604766846
18282	2509.4406604766846
18283	2685.434103012085
18283	2685.434103012085
18284	2684.589624404907
18284	2684.589624404907
18285	2627.053737640381
18285	2627.053737640381
18286	2655.8897495269775
18286	2655.8897495269775
18287	2943.0274963378906
18287	2943.0274963378906
18288	2906.0821533203125
18288	2906.0821533203125
18289	3032.769203186035
18289	3032.769203186035
18290	3576.7602920532227
18290	3576.7602920532227
18291	2979.890823364258
18291	2979.890823364258
18292	2765.3822898864746
18292	2765.3822898864746
18293	2984.328269958496
18293	2984.328269958496
18294	2750.1232624053955
18294	2750.1232624053955
18295	2934.901475906372
18295	2934.901475906372
18296	2407.4809551239014
18296	2407.4809551239014
18297	2545.637845993042
18297	2545.637845993042
18298	2556.0302734375
18298	2556.0302734375
18299	2638.2360458374023
18299	2638.2360458374023
18300	3411.916971206665
18300	3411.916971206665
18301	2754.469633102417
18301	2754.469633102417
18302	2820.8231925964355
18302	2820.8231925964355
18303	2747.328519821167
18303	2747.328519821167
18304	2924.553155899048
18304	2924.553155899048
18305	2709.3122005462646
18305	2709.3122005462646
18306	2985.6152534484863
18306	2985.6152534484863
18307	2945.140600204468
18307	2945.140600204468
18308	2749.7220039367676
18308	2749.7220039367676
18309	2401.466131210327
18309	2401.466131210327
18310	3296.471118927002
18310	3296.471118927002
18311	2608.718156814575
18311	2608.718156814575
18312	2767.8427696228027
18312	2767.8427696228027
18313	2802.75821685791
18313	2802.75821685791
18314	2873.0926513671875
18314	2873.0926513671875
18315	2884.4003677368164
18315	2884.4003677368164
18316	2789.259672164917
18316	2789.259672164917
18317	2892.55690574646
18317	2892.55690574646
18318	2569.9660778045654
18318	2569.9660778045654
18319	2775.881052017212
18319	2775.881052017212
18320	3527.9016494750977
18320	3527.9016494750977
18321	2742.4376010894775
18321	2742.4376010894775
18322	2642.190933227539
18322	2642.190933227539
18323	2680.500030517578
18323	2680.500030517578
18324	2522.6330757141113
18324	2522.6330757141113
18325	2662.9414558410645
18325	2662.9414558410645
18326	2761.4288330078125
18326	2761.4288330078125
18327	2773.2346057891846
18327	2773.2346057891846
18328	2857.1937084198
18328	2857.1937084198
18329	2856.5680980682373
18329	2856.5680980682373
18330	3491.9660091400146
18330	3491.9660091400146
18331	2935.2548122406006
18331	2935.2548122406006
18332	2929.719924926758
18332	2929.719924926758
18333	2593.3594703674316
18333	2593.3594703674316
18334	2955.885410308838
18334	2955.885410308838
18335	2929.7163486480713
18335	2929.7163486480713
18336	2950.7153034210205
18336	2950.7153034210205
18337	2692.805290222168
18337	2692.805290222168
18338	2667.487859725952
18338	2667.487859725952
18339	2262.3374462127686
18339	2262.3374462127686
18340	3225.341796875
18340	3225.341796875
18341	2765.5746936798096
18341	2765.5746936798096
18342	2768.615961074829
18342	2768.615961074829
18343	2720.21746635437
18343	2720.21746635437
18344	2762.085199356079
18344	2762.085199356079
18345	2783.24294090271
18345	2783.24294090271
18346	2834.1472148895264
18346	2834.1472148895264
18347	2862.964630126953
18347	2862.964630126953
18348	2915.16375541687
18348	2915.16375541687
18349	2693.6042308807373
18349	2693.6042308807373
18350	3276.9763469696045
18350	3276.9763469696045
18351	2287.4109745025635
18351	2287.4109745025635
18352	2374.654531478882
18352	2374.654531478882
18353	2522.144079208374
18353	2522.144079208374
18354	2819.5440769195557
18354	2819.5440769195557
18355	2692.7037239074707
18355	2692.7037239074707
18356	2688.9193058013916
18356	2688.9193058013916
18357	2535.1407527923584
18357	2535.1407527923584
18358	2762.1378898620605
18358	2762.1378898620605
18359	2588.5984897613525
18359	2588.5984897613525
18360	3535.813093185425
18360	3535.813093185425
18361	2828.9127349853516
18361	2828.9127349853516
18362	2716.1214351654053
18362	2716.1214351654053
18363	2844.747304916382
18363	2844.747304916382
18364	2898.0138301849365
18364	2898.0138301849365
18365	2860.1396083831787
18365	2860.1396083831787
18366	2616.9333457946777
18366	2616.9333457946777
18367	2360.1081371307373
18367	2360.1081371307373
18368	2485.8903884887695
18368	2485.8903884887695
18369	2634.9923610687256
18369	2634.9923610687256
18370	3585.5307579040527
18370	3585.5307579040527
18371	2848.0334281921387
18371	2848.0334281921387
18372	2870.2197074890137
18372	2870.2197074890137
18373	2692.324638366699
18373	2692.324638366699
18374	2777.808904647827
18374	2777.808904647827
18375	2813.027858734131
18375	2813.027858734131
18376	2768.6240673065186
18376	2768.6240673065186
18377	2780.1272869110107
18377	2780.1272869110107
18378	2621.0954189300537
18378	2621.0954189300537
18379	2885.0481510162354
18379	2885.0481510162354
18380	3700.3443241119385
18380	3700.3443241119385
18381	2513.035774230957
18381	2513.035774230957
18382	2548.4719276428223
18382	2548.4719276428223
18383	2618.0691719055176
18383	2618.0691719055176
18384	2384.437084197998
18384	2384.437084197998
18385	2644.7503566741943
18385	2644.7503566741943
18386	2478.1510829925537
18386	2478.1510829925537
18387	2765.8724784851074
18387	2765.8724784851074
18388	2559.070587158203
18388	2559.070587158203
18389	2831.6447734832764
18389	2831.6447734832764
18390	3449.486494064331
18390	3449.486494064331
18391	2727.7438640594482
18391	2727.7438640594482
18392	2448.901653289795
18392	2448.901653289795
18393	2390.183210372925
18393	2390.183210372925
18394	2229.658603668213
18394	2229.658603668213
18395	2707.6456546783447
18395	2707.6456546783447
18396	2520.1103687286377
18396	2520.1103687286377
18397	2707.975149154663
18397	2707.975149154663
18398	2744.239330291748
18398	2744.239330291748
18399	2569.5505142211914
18399	2569.5505142211914
18400	3569.7810649871826
18400	3569.7810649871826
18401	2941.281795501709
18401	2941.281795501709
18402	2862.065553665161
18402	2862.065553665161
18403	2405.036211013794
18403	2405.036211013794
18404	2448.3413696289062
18404	2448.3413696289062
18405	2538.827896118164
18405	2538.827896118164
18406	2612.5595569610596
18406	2612.5595569610596
18407	2712.6624584198
18407	2712.6624584198
18408	2782.525062561035
18408	2782.525062561035
18409	2763.8697624206543
18409	2763.8697624206543
18410	3580.4667472839355
18410	3580.4667472839355
18411	3115.089178085327
18411	3115.089178085327
18412	2862.8978729248047
18412	2862.8978729248047
18413	3007.002115249634
18413	3007.002115249634
18414	2581.0720920562744
18414	2581.0720920562744
18415	2659.9128246307373
18415	2659.9128246307373
18416	2559.645652770996
18416	2559.645652770996
18417	2912.407875061035
18417	2912.407875061035
18418	2877.0997524261475
18418	2877.0997524261475
18419	3176.570415496826
18419	3176.570415496826
18420	2942.530393600464
18420	2942.530393600464
18421	2868.9804077148438
18421	2868.9804077148438
18422	2768.2037353515625
18422	2768.2037353515625
18423	2790.351390838623
18423	2790.351390838623
18424	2614.0871047973633
18424	2614.0871047973633
18425	2866.973876953125
18425	2866.973876953125
18426	2818.694829940796
18426	2818.694829940796
18427	2598.0310440063477
18427	2598.0310440063477
18428	2809.180736541748
18428	2809.180736541748
18429	2853.1408309936523
18429	2853.1408309936523
18430	3048.534631729126
18430	3048.534631729126
18431	2338.90438079834
18431	2338.90438079834
18432	2585.89506149292
18432	2585.89506149292
18433	2315.422534942627
18433	2315.422534942627
18434	2660.331964492798
18434	2660.331964492798
18435	2561.631202697754
18435	2561.631202697754
18436	2730.5350303649902
18436	2730.5350303649902
18437	2711.435556411743
18437	2711.435556411743
18438	1700.0744342803955
18438	1700.0744342803955
18439	1522.4061012268066
18439	1522.4061012268066
18440	2369.7547912597656
18440	2369.7547912597656
18441	1757.2135925292969
18441	1757.2135925292969
18442	1762.7408504486084
18442	1762.7408504486084
18443	1840.7313823699951
18443	1840.7313823699951
18444	1707.092523574829
18444	1707.092523574829
18445	1487.581729888916
18445	1487.581729888916
18446	1574.2831230163574
18446	1574.2831230163574
18447	1658.679723739624
18447	1658.679723739624
18448	1686.5801811218262
18448	1686.5801811218262
18449	1738.4798526763916
18449	1738.4798526763916
18450	2436.1040592193604
18450	2436.1040592193604
18451	1836.092472076416
18451	1836.092472076416
18452	1678.9801120758057
18452	1678.9801120758057
18453	1729.029893875122
18453	1729.029893875122
18454	1643.9399719238281
18454	1643.9399719238281
18455	1739.027738571167
18455	1739.027738571167
18456	1703.909158706665
18456	1703.909158706665
18457	1630.009412765503
18457	1630.009412765503
18458	1618.147850036621
18458	1618.147850036621
18459	1520.7195281982422
18459	1520.7195281982422
18460	2556.88738822937
18460	2556.88738822937
18461	1512.6409530639648
18461	1512.6409530639648
18462	1709.8817825317383
18462	1709.8817825317383
18463	1717.594861984253
18463	1717.594861984253
18464	1661.3430976867676
18464	1661.3430976867676
18465	1641.6783332824707
18465	1641.6783332824707
18466	1756.1061382293701
18466	1756.1061382293701
18467	1642.4167156219482
18467	1642.4167156219482
18468	1658.0677032470703
18468	1658.0677032470703
18469	1660.0878238677979
18469	1660.0878238677979
18470	2343.611717224121
18470	2343.611717224121
18471	1717.092752456665
18471	1717.092752456665
18472	1784.7034931182861
18472	1784.7034931182861
18473	1614.6554946899414
18473	1614.6554946899414
18474	1505.5394172668457
18474	1505.5394172668457
18475	1778.637409210205
18475	1778.637409210205
18476	1684.7896575927734
18476	1684.7896575927734
18477	1768.6374187469482
18477	1768.6374187469482
18478	1857.5496673583984
18478	1857.5496673583984
18479	1657.5322151184082
18479	1657.5322151184082
18480	2228.5680770874023
18480	2228.5680770874023
18481	1698.7416744232178
18481	1698.7416744232178
18482	1872.765302658081
18482	1872.765302658081
18483	1855.24320602417
18483	1855.24320602417
18484	1782.69362449646
18484	1782.69362449646
18485	1752.4666786193848
18485	1752.4666786193848
18486	1679.2991161346436
18486	1679.2991161346436
18487	1595.6430435180664
18487	1595.6430435180664
18488	1723.3221530914307
18488	1723.3221530914307
18489	1667.9511070251465
18489	1667.9511070251465
18490	2557.1136474609375
18490	2557.1136474609375
18491	1735.8789443969727
18491	1735.8789443969727
18492	1805.586576461792
18492	1805.586576461792
18493	1871.3631629943848
18493	1871.3631629943848
18494	1322.8569030761719
18494	1322.8569030761719
18495	1442.183256149292
18495	1442.183256149292
18496	1361.0663414001465
18496	1361.0663414001465
18497	1464.2183780670166
18497	1464.2183780670166
18498	1448.270559310913
18498	1448.270559310913
18499	1471.6415405273438
18499	1471.6415405273438
18500	7493.799924850464
18500	7493.799924850464
18501	1721.1594581604004
18501	1721.1594581604004
18502	1631.8109035491943
18502	1631.8109035491943
18503	1654.5145511627197
18503	1654.5145511627197
18504	1660.9165668487549
18504	1660.9165668487549
18505	1503.4852027893066
18505	1503.4852027893066
18506	1524.1546630859375
18506	1524.1546630859375
18507	1776.646614074707
18507	1776.646614074707
18508	1792.0150756835938
18508	1792.0150756835938
18509	1840.0015830993652
18509	1840.0015830993652
18510	2392.9455280303955
18510	2392.9455280303955
18511	1725.0592708587646
18511	1725.0592708587646
18512	1671.3979244232178
18512	1671.3979244232178
18513	1724.7779369354248
18513	1724.7779369354248
18514	1843.8949584960938
18514	1843.8949584960938
18515	1638.5221481323242
18515	1638.5221481323242
18516	1783.2129001617432
18516	1783.2129001617432
18517	1813.27486038208
18517	1813.27486038208
18518	1624.9918937683105
18518	1624.9918937683105
18519	1530.4758548736572
18519	1530.4758548736572
18520	2466.2868976593018
18520	2466.2868976593018
18521	1799.086570739746
18521	1799.086570739746
18522	1544.8672771453857
18522	1544.8672771453857
18523	1854.35152053833
18523	1854.35152053833
18524	1721.6112613677979
18524	1721.6112613677979
18525	1511.1358165740967
18525	1511.1358165740967
18526	1753.0741691589355
18526	1753.0741691589355
18527	1686.8853569030762
18527	1686.8853569030762
18528	1640.3882503509521
18528	1640.3882503509521
18529	1682.0650100708008
18529	1682.0650100708008
18530	2429.4886589050293
18530	2429.4886589050293
18531	1723.0634689331055
18531	1723.0634689331055
18532	1686.7926120758057
18532	1686.7926120758057
18533	1569.7617530822754
18533	1569.7617530822754
18534	1739.8574352264404
18534	1739.8574352264404
18535	1674.2479801177979
18535	1674.2479801177979
18536	1708.1434726715088
18536	1708.1434726715088
18537	1641.7357921600342
18537	1641.7357921600342
18538	1646.1524963378906
18538	1646.1524963378906
18539	1742.2785758972168
18539	1742.2785758972168
18540	2364.085912704468
18540	2364.085912704468
18541	1697.9048252105713
18541	1697.9048252105713
18542	1690.4549598693848
18542	1690.4549598693848
18543	1712.8205299377441
18543	1712.8205299377441
18544	1636.5408897399902
18544	1636.5408897399902
18545	1707.9694271087646
18545	1707.9694271087646
18546	1631.2508583068848
18546	1631.2508583068848
18547	1606.7047119140625
18547	1606.7047119140625
18548	1546.4794635772705
18548	1546.4794635772705
18549	1513.1642818450928
18549	1513.1642818450928
18550	2512.6070976257324
18550	2512.6070976257324
18551	1666.0635471343994
18551	1666.0635471343994
18552	1526.8559455871582
18552	1526.8559455871582
18553	1572.0672607421875
18553	1572.0672607421875
18554	1727.391242980957
18554	1727.391242980957
18555	1832.6237201690674
18555	1832.6237201690674
18556	1458.2934379577637
18556	1458.2934379577637
18557	1331.2113285064697
18557	1331.2113285064697
18558	2360.30912399292
18558	2360.30912399292
18559	2677.7148246765137
18559	2677.7148246765137
18560	3614.82310295105
18560	3614.82310295105
18561	2801.0966777801514
18561	2801.0966777801514
18562	2829.99587059021
18562	2829.99587059021
18563	2858.6714267730713
18563	2858.6714267730713
18564	2637.8936767578125
18564	2637.8936767578125
18565	2922.0690727233887
18565	2922.0690727233887
18566	2346.240758895874
18566	2346.240758895874
18567	2893.5022354125977
18567	2893.5022354125977
18568	2745.302200317383
18568	2745.302200317383
18569	2981.1947345733643
18569	2981.1947345733643
18570	3509.511947631836
18570	3509.511947631836
18571	2845.2746868133545
18571	2845.2746868133545
18572	2788.2871627807617
18572	2788.2871627807617
18573	2869.4822788238525
18573	2869.4822788238525
18574	2518.0447101593018
18574	2518.0447101593018
18575	2318.6004161834717
18575	2318.6004161834717
18576	2775.0651836395264
18576	2775.0651836395264
18577	2548.795461654663
18577	2548.795461654663
18578	2785.426139831543
18578	2785.426139831543
18579	2769.822597503662
18579	2769.822597503662
18580	3465.618133544922
18580	3465.618133544922
18581	2932.4047565460205
18581	2932.4047565460205
18582	2986.9980812072754
18582	2986.9980812072754
18583	2776.8125534057617
18583	2776.8125534057617
18584	2689.2848014831543
18584	2689.2848014831543
18585	2627.2833347320557
18585	2627.2833347320557
18586	2350.855588912964
18586	2350.855588912964
18587	2542.033910751343
18587	2542.033910751343
18588	2611.203670501709
18588	2611.203670501709
18589	2563.0123615264893
18589	2563.0123615264893
18590	3596.7822074890137
18590	3596.7822074890137
18591	2870.8417415618896
18591	2870.8417415618896
18592	2904.571533203125
18592	2904.571533203125
18593	2751.079559326172
18593	2751.079559326172
18594	2703.3767700195312
18594	2703.3767700195312
18595	2697.301149368286
18595	2697.301149368286
18596	2866.49489402771
18596	2866.49489402771
18597	2264.399528503418
18597	2264.399528503418
18598	2376.6918182373047
18598	2376.6918182373047
18599	2498.6658096313477
18599	2498.6658096313477
18600	3262.953758239746
18600	3262.953758239746
18601	2739.661455154419
18601	2739.661455154419
18602	2742.9192066192627
18602	2742.9192066192627
18603	2753.254175186157
18603	2753.254175186157
18604	2860.49747467041
18604	2860.49747467041
18605	2869.1933155059814
18605	2869.1933155059814
18606	2605.743169784546
18606	2605.743169784546
18607	2817.4571990966797
18607	2817.4571990966797
18608	2895.169973373413
18608	2895.169973373413
18609	2631.452798843384
18609	2631.452798843384
18610	3651.6358852386475
18610	3651.6358852386475
18611	2301.907777786255
18611	2301.907777786255
18612	2665.3382778167725
18612	2665.3382778167725
18613	2682.697534561157
18613	2682.697534561157
18614	2487.830877304077
18614	2487.830877304077
18615	2739.4394874572754
18615	2739.4394874572754
18616	2787.6203060150146
18616	2787.6203060150146
18617	2798.093318939209
18617	2798.093318939209
18618	2831.9170475006104
18618	2831.9170475006104
18619	2813.063144683838
18619	2813.063144683838
18620	3532.2611331939697
18620	3532.2611331939697
18621	2574.643135070801
18621	2574.643135070801
18622	2850.926637649536
18622	2850.926637649536
18623	2842.5214290618896
18623	2842.5214290618896
18624	2821.791887283325
18624	2821.791887283325
18625	2636.211156845093
18625	2636.211156845093
18626	2750.1327991485596
18626	2750.1327991485596
18627	2704.7133445739746
18627	2704.7133445739746
18628	2507.9610347747803
18628	2507.9610347747803
18629	2576.063632965088
18629	2576.063632965088
18630	3790.0211811065674
18630	3790.0211811065674
18631	3394.9873447418213
18631	3394.9873447418213
18632	3601.522445678711
18632	3601.522445678711
18633	2830.0862312316895
18633	2830.0862312316895
18634	3714.3397331237793
18634	3714.3397331237793
18635	3463.0367755889893
18635	3463.0367755889893
18636	3224.947214126587
18636	3224.947214126587
18637	3315.8180713653564
18637	3315.8180713653564
18638	3211.7667198181152
18638	3211.7667198181152
18639	3690.951347351074
18639	3690.951347351074
18640	4789.2749309539795
18640	4789.2749309539795
18641	3978.037118911743
18641	3978.037118911743
18642	3262.876033782959
18642	3262.876033782959
18643	3015.4383182525635
18643	3015.4383182525635
18644	3243.730306625366
18644	3243.730306625366
18645	3510.90669631958
18645	3510.90669631958
18646	3388.277769088745
18646	3388.277769088745
18647	3143.183708190918
18647	3143.183708190918
18648	3195.7321166992188
18648	3195.7321166992188
18649	3310.8530044555664
18649	3310.8530044555664
18650	4418.75433921814
18650	4418.75433921814
18651	2923.0895042419434
18651	2923.0895042419434
18652	3329.312801361084
18652	3329.312801361084
18653	3567.394495010376
18653	3567.394495010376
18654	4185.365200042725
18654	4185.365200042725
18655	3975.924253463745
18655	3975.924253463745
18656	3545.8548069000244
18656	3545.8548069000244
18657	2839.2090797424316
18657	2839.2090797424316
18658	3268.867015838623
18658	3268.867015838623
18659	3369.408369064331
18659	3369.408369064331
18660	4303.832292556763
18660	4303.832292556763
18661	3421.793222427368
18661	3421.793222427368
18662	3276.1683464050293
18662	3276.1683464050293
18663	2791.6855812072754
18663	2791.6855812072754
18664	2669.367551803589
18664	2669.367551803589
18665	2869.222402572632
18665	2869.222402572632
18666	2827.6519775390625
18666	2827.6519775390625
18667	2737.1370792388916
18667	2737.1370792388916
18668	2748.056173324585
18668	2748.056173324585
18669	2419.9750423431396
18669	2419.9750423431396
18670	3386.5950107574463
18670	3386.5950107574463
18671	2669.501781463623
18671	2669.501781463623
18672	2743.7384128570557
18672	2743.7384128570557
18673	2735.163927078247
18673	2735.163927078247
18674	2534.4936847686768
18674	2534.4936847686768
18675	2771.56138420105
18675	2771.56138420105
18676	2854.261636734009
18676	2854.261636734009
18677	2880.4337978363037
18677	2880.4337978363037
18678	2279.832363128662
18678	2279.832363128662
18679	2539.8857593536377
18679	2539.8857593536377
18680	3349.4484424591064
18680	3349.4484424591064
18681	2725.1548767089844
18681	2725.1548767089844
18682	2772.4173069000244
18682	2772.4173069000244
18683	2826.0676860809326
18683	2826.0676860809326
18684	2915.271043777466
18684	2915.271043777466
18685	2911.238193511963
18685	2911.238193511963
18686	2551.755428314209
18686	2551.755428314209
18687	2382.833480834961
18687	2382.833480834961
18688	2425.689935684204
18688	2425.689935684204
18689	2601.471185684204
18689	2601.471185684204
18690	3527.8658866882324
18690	3527.8658866882324
18691	2875.640869140625
18691	2875.640869140625
18692	2799.6881008148193
18692	2799.6881008148193
18693	2810.4248046875
18693	2810.4248046875
18694	2759.25350189209
18694	2759.25350189209
18695	2839.020252227783
18695	2839.020252227783
18696	2907.2210788726807
18696	2907.2210788726807
18697	2819.226026535034
18697	2819.226026535034
18698	2647.637367248535
18698	2647.637367248535
18699	2741.4302825927734
18699	2741.4302825927734
18700	3847.2697734832764
18700	3847.2697734832764
18701	2973.9394187927246
18701	2973.9394187927246
18702	2627.3438930511475
18702	2627.3438930511475
18703	2531.8493843078613
18703	2531.8493843078613
18704	2600.675344467163
18704	2600.675344467163
18705	2777.8732776641846
18705	2777.8732776641846
18706	2871.450901031494
18706	2871.450901031494
18707	2860.1701259613037
18707	2860.1701259613037
18708	3027.9059410095215
18708	3027.9059410095215
18709	3249.8037815093994
18709	3249.8037815093994
18710	3654.2789936065674
18710	3654.2789936065674
18711	2470.5119132995605
18711	2470.5119132995605
18712	2749.531030654907
18712	2749.531030654907
18713	2777.8565883636475
18713	2777.8565883636475
18714	2636.2714767456055
18714	2636.2714767456055
18715	2964.9264812469482
18715	2964.9264812469482
18716	2978.6553382873535
18716	2978.6553382873535
18717	3015.010118484497
18717	3015.010118484497
18718	2347.7585315704346
18718	2347.7585315704346
18719	2457.1285247802734
18719	2457.1285247802734
18720	3338.8121128082275
18720	3338.8121128082275
18721	3622.640609741211
18721	3622.640609741211
18722	3029.714345932007
18722	3029.714345932007
18723	3445.3048706054688
18723	3445.3048706054688
18724	2723.376512527466
18724	2723.376512527466
18725	3531.0261249542236
18725	3531.0261249542236
18726	2970.621109008789
18726	2970.621109008789
18727	3379.6744346618652
18727	3379.6744346618652
18728	3897.1827030181885
18728	3897.1827030181885
18729	2323.9951133728027
18729	2323.9951133728027
18730	3318.004369735718
18730	3318.004369735718
18731	2732.9604625701904
18731	2732.9604625701904
18732	2409.942388534546
18732	2409.942388534546
18733	2412.761688232422
18733	2412.761688232422
18734	2125.3104209899902
18734	2125.3104209899902
18735	2635.6630325317383
18735	2635.6630325317383
18736	2401.4904499053955
18736	2401.4904499053955
18737	2612.936019897461
18737	2612.936019897461
18738	2460.0493907928467
18738	2460.0493907928467
18739	2586.458683013916
18739	2586.458683013916
18740	4277.588129043579
18740	4277.588129043579
18741	2212.2859954833984
18741	2212.2859954833984
18742	2403.2492637634277
18742	2403.2492637634277
18743	2479.1042804718018
18743	2479.1042804718018
18744	2829.8230171203613
18744	2829.8230171203613
18745	1722.8443622589111
18745	1722.8443622589111
18746	1840.9183025360107
18746	1840.9183025360107
18747	1742.6605224609375
18747	1742.6605224609375
18748	1719.5286750793457
18748	1719.5286750793457
18749	1748.9941120147705
18749	1748.9941120147705
18750	2565.02103805542
18750	2565.02103805542
18751	1809.2389106750488
18751	1809.2389106750488
18752	1783.4010124206543
18752	1783.4010124206543
18753	1565.2179718017578
18753	1565.2179718017578
18754	1642.49849319458
18754	1642.49849319458
18755	1689.6541118621826
18755	1689.6541118621826
18756	1590.6875133514404
18756	1590.6875133514404
18757	1678.429126739502
18757	1678.429126739502
18758	1645.8613872528076
18758	1645.8613872528076
18759	1673.5084056854248
18759	1673.5084056854248
18760	2364.745855331421
18760	2364.745855331421
18761	1734.490156173706
18761	1734.490156173706
18762	1657.606840133667
18762	1657.606840133667
18763	1891.7536735534668
18763	1891.7536735534668
18764	2388.5180950164795
18764	2388.5180950164795
18765	2374.317169189453
18765	2374.317169189453
18766	1897.2561359405518
18766	1897.2561359405518
18767	1828.2349109649658
18767	1828.2349109649658
18768	1843.5921669006348
18768	1843.5921669006348
18769	1898.130178451538
18769	1898.130178451538
18770	2452.166795730591
18770	2452.166795730591
18771	1632.5938701629639
18771	1632.5938701629639
18772	1601.2828350067139
18772	1601.2828350067139
18773	1820.235013961792
18773	1820.235013961792
18774	1526.1123180389404
18774	1526.1123180389404
18775	1739.3622398376465
18775	1739.3622398376465
18776	1521.6152667999268
18776	1521.6152667999268
18777	1466.4757251739502
18777	1466.4757251739502
18778	1506.638765335083
18778	1506.638765335083
18779	1479.9678325653076
18779	1479.9678325653076
18780	2384.049654006958
18780	2384.049654006958
18781	1502.0127296447754
18781	1502.0127296447754
18782	1513.8678550720215
18782	1513.8678550720215
18783	1839.4825458526611
18783	1839.4825458526611
18784	1410.2373123168945
18784	1410.2373123168945
18785	1812.68310546875
18785	1812.68310546875
18786	1651.2062549591064
18786	1651.2062549591064
18787	1685.772180557251
18787	1685.772180557251
18788	1654.968023300171
18788	1654.968023300171
18789	1678.2169342041016
18789	1678.2169342041016
18790	2401.005744934082
18790	2401.005744934082
18791	1763.6778354644775
18791	1763.6778354644775
18792	1634.300708770752
18792	1634.300708770752
18793	1751.1966228485107
18793	1751.1966228485107
18794	1695.331335067749
18794	1695.331335067749
18795	1543.9200401306152
18795	1543.9200401306152
18796	1712.7659320831299
18796	1712.7659320831299
18797	1866.7104244232178
18797	1866.7104244232178
18798	1912.7724170684814
18798	1912.7724170684814
18799	1889.9211883544922
18799	1889.9211883544922
18800	2502.2590160369873
18800	2502.2590160369873
18801	1869.758129119873
18801	1869.758129119873
18802	1853.1322479248047
18802	1853.1322479248047
18803	1854.1474342346191
18803	1854.1474342346191
18804	1804.9473762512207
18804	1804.9473762512207
18805	1710.7386589050293
18805	1710.7386589050293
18806	1771.2135314941406
18806	1771.2135314941406
18807	1692.0945644378662
18807	1692.0945644378662
18808	1527.9560089111328
18808	1527.9560089111328
18809	1717.7355289459229
18809	1717.7355289459229
18810	2420.4368591308594
18810	2420.4368591308594
18811	1633.9070796966553
18811	1633.9070796966553
18812	1769.4275379180908
18812	1769.4275379180908
18813	1742.5129413604736
18813	1742.5129413604736
18814	1775.0651836395264
18814	1775.0651836395264
18815	1618.0338859558105
18815	1618.0338859558105
18816	1880.9874057769775
18816	1880.9874057769775
18817	1847.5475311279297
18817	1847.5475311279297
18818	1831.7325115203857
18818	1831.7325115203857
18819	1778.5921096801758
18819	1778.5921096801758
18820	2366.9567108154297
18820	2366.9567108154297
18821	1763.2274627685547
18821	1763.2274627685547
18822	1755.1054954528809
18822	1755.1054954528809
18823	1769.179105758667
18823	1769.179105758667
18824	1733.1416606903076
18824	1733.1416606903076
18825	1658.4947109222412
18825	1658.4947109222412
18826	1592.1683311462402
18826	1592.1683311462402
18827	1744.292974472046
18827	1744.292974472046
18828	1662.351131439209
18828	1662.351131439209
18829	1654.8690795898438
18829	1654.8690795898438
18830	2526.1290073394775
18830	2526.1290073394775
18831	1541.0006046295166
18831	1541.0006046295166
18832	1530.179738998413
18832	1530.179738998413
18833	1717.1547412872314
18833	1717.1547412872314
18834	1713.9003276824951
18834	1713.9003276824951
18835	1446.8059539794922
18835	1446.8059539794922
18836	1631.2665939331055
18836	1631.2665939331055
18837	1584.6827030181885
18837	1584.6827030181885
18838	1867.2475814819336
18838	1867.2475814819336
18839	1744.03715133667
18839	1744.03715133667
18840	2289.6664142608643
18840	2289.6664142608643
18841	1686.6483688354492
18841	1686.6483688354492
18842	2427.6304244995117
18842	2427.6304244995117
18843	1739.8395538330078
18843	1739.8395538330078
18844	1788.498878479004
18844	1788.498878479004
18845	1830.244779586792
18845	1830.244779586792
18846	1475.0571250915527
18846	1475.0571250915527
18847	1487.051248550415
18847	1487.051248550415
18848	1513.5579109191895
18848	1513.5579109191895
18849	1521.4674472808838
18849	1521.4674472808838
18850	3239.163637161255
18850	3239.163637161255
18851	2095.0450897216797
18851	2095.0450897216797
18852	2649.8920917510986
18852	2649.8920917510986
18853	3019.5698738098145
18853	3019.5698738098145
18854	2962.8372192382812
18854	2962.8372192382812
18855	2700.3252506256104
18855	2700.3252506256104
18856	2601.2985706329346
18856	2601.2985706329346
18857	2839.2257690429688
18857	2839.2257690429688
18858	2543.4911251068115
18858	2543.4911251068115
18859	2935.6954097747803
18859	2935.6954097747803
18860	3516.3326263427734
18860	3516.3326263427734
18861	2572.6678371429443
18861	2572.6678371429443
18862	2971.2302684783936
18862	2971.2302684783936
18863	2939.7246837615967
18863	2939.7246837615967
18864	2737.2372150421143
18864	2737.2372150421143
18865	2423.583745956421
18865	2423.583745956421
18866	2453.1471729278564
18866	2453.1471729278564
18867	2351.6104221343994
18867	2351.6104221343994
18868	2632.7717304229736
18868	2632.7717304229736
18869	2745.670795440674
18869	2745.670795440674
18870	3317.882776260376
18870	3317.882776260376
18871	2754.669666290283
18871	2754.669666290283
18872	2664.052724838257
18872	2664.052724838257
18873	2841.1476612091064
18873	2841.1476612091064
18874	2816.9543743133545
18874	2816.9543743133545
18875	2857.1040630340576
18875	2857.1040630340576
18876	2928.720474243164
18876	2928.720474243164
18877	3012.000799179077
18877	3012.000799179077
18878	2947.4143981933594
18878	2947.4143981933594
18879	2930.582284927368
18879	2930.582284927368
18880	2871.784448623657
18880	2871.784448623657
18881	2569.2789554595947
18881	2569.2789554595947
18882	2752.5973320007324
18882	2752.5973320007324
18883	2734.6489429473877
18883	2734.6489429473877
18884	2840.7089710235596
18884	2840.7089710235596
18885	2755.000114440918
18885	2755.000114440918
18886	2864.8862838745117
18886	2864.8862838745117
18887	2646.9204425811768
18887	2646.9204425811768
18888	2860.7661724090576
18888	2860.7661724090576
18889	2891.72101020813
18889	2891.72101020813
18890	3469.38157081604
18890	3469.38157081604
18891	2803.809881210327
18891	2803.809881210327
18892	2862.2775077819824
18892	2862.2775077819824
18893	2948.6565589904785
18893	2948.6565589904785
18894	2843.3141708374023
18894	2843.3141708374023
18895	2302.201747894287
18895	2302.201747894287
18896	2544.2280769348145
18896	2544.2280769348145
18897	2669.3966388702393
18897	2669.3966388702393
18898	2421.8602180480957
18898	2421.8602180480957
18899	2689.9845600128174
18899	2689.9845600128174
18900	3161.224365234375
18900	3161.224365234375
18901	2758.0487728118896
18901	2758.0487728118896
18902	2940.0100708007812
18902	2940.0100708007812
18903	2588.4251594543457
18903	2588.4251594543457
18904	2738.7404441833496
18904	2738.7404441833496
18905	2831.0911655426025
18905	2831.0911655426025
18906	2794.0726280212402
18906	2794.0726280212402
18907	2828.463554382324
18907	2828.463554382324
18908	2794.8198318481445
18908	2794.8198318481445
18909	2855.362892150879
18909	2855.362892150879
18910	3034.8496437072754
18910	3034.8496437072754
18911	2488.112688064575
18911	2488.112688064575
18912	2757.8303813934326
18912	2757.8303813934326
18913	2625.1118183135986
18913	2625.1118183135986
18914	2606.0585975646973
18914	2606.0585975646973
18915	2737.0805740356445
18915	2737.0805740356445
18916	2954.3354511260986
18916	2954.3354511260986
18917	2942.4889087677
18917	2942.4889087677
18918	2837.5403881073
18918	2837.5403881073
18919	2822.8652477264404
18919	2822.8652477264404
18920	3687.734365463257
18920	3687.734365463257
18921	3035.247325897217
18921	3035.247325897217
18922	3056.1656951904297
18922	3056.1656951904297
18923	2994.8770999908447
18923	2994.8770999908447
18924	2843.627452850342
18924	2843.627452850342
18925	2634.3255043029785
18925	2634.3255043029785
18926	2324.652671813965
18926	2324.652671813965
18927	2443.23468208313
18927	2443.23468208313
18928	2485.5504035949707
18928	2485.5504035949707
18929	2614.809036254883
18929	2614.809036254883
18930	3449.143171310425
18930	3449.143171310425
18931	2702.885389328003
18931	2702.885389328003
18932	2754.9397945404053
18932	2754.9397945404053
18933	2786.170482635498
18933	2786.170482635498
18934	2782.402276992798
18934	2782.402276992798
18935	2869.3089485168457
18935	2869.3089485168457
18936	2650.953769683838
18936	2650.953769683838
18937	2893.2743072509766
18937	2893.2743072509766
18938	2406.4149856567383
18938	2406.4149856567383
18939	2863.7547492980957
18939	2863.7547492980957
18940	3289.6270751953125
18940	3289.6270751953125
18941	2400.439977645874
18941	2400.439977645874
18942	2529.7136306762695
18942	2529.7136306762695
18943	2958.1151008605957
18943	2958.1151008605957
18944	2702.561140060425
18944	2702.561140060425
18945	2802.5527000427246
18945	2802.5527000427246
18946	2859.9512577056885
18946	2859.9512577056885
18947	2837.503671646118
18947	2837.503671646118
18948	2806.5998554229736
18948	2806.5998554229736
18949	2637.6547813415527
18949	2637.6547813415527
18950	3448.99582862854
18950	3448.99582862854
18951	2894.56844329834
18951	2894.56844329834
18952	2867.0132160186768
18952	2867.0132160186768
18953	2323.199987411499
18953	2323.199987411499
18954	2646.8276977539062
18954	2646.8276977539062
18955	2506.8657398223877
18955	2506.8657398223877
18956	2658.945322036743
18956	2658.945322036743
18957	2691.517114639282
18957	2691.517114639282
18958	2791.9373512268066
18958	2791.9373512268066
18959	2759.6938610076904
18959	2759.6938610076904
18960	3023.376226425171
18960	3023.376226425171
18961	2617.910385131836
18961	2617.910385131836
18962	2816.995620727539
18962	2816.995620727539
18963	2602.5097370147705
18963	2602.5097370147705
18964	2478.463888168335
18964	2478.463888168335
18965	2602.5686264038086
18965	2602.5686264038086
18966	2494.234085083008
18966	2494.234085083008
18967	2698.6498832702637
18967	2698.6498832702637
18968	2779.2251110076904
18968	2779.2251110076904
18969	2726.612091064453
18969	2726.612091064453
18970	3605.1838397979736
18970	3605.1838397979736
18971	2879.5831203460693
18971	2879.5831203460693
18972	2851.6690731048584
18972	2851.6690731048584
18973	2819.1564083099365
18973	2819.1564083099365
18974	2804.2492866516113
18974	2804.2492866516113
18975	2302.9136657714844
18975	2302.9136657714844
18976	2627.3913383483887
18976	2627.3913383483887
18977	2711.4877700805664
18977	2711.4877700805664
18978	2694.356679916382
18978	2694.356679916382
18979	2544.4796085357666
18979	2544.4796085357666
18980	3383.103370666504
18980	3383.103370666504
18981	2524.1734981536865
18981	2524.1734981536865
18982	2754.652500152588
18982	2754.652500152588
18983	2583.693504333496
18983	2583.693504333496
18984	2806.2779903411865
18984	2806.2779903411865
18985	2691.340923309326
18985	2691.340923309326
18986	2837.9781246185303
18986	2837.9781246185303
18987	2574.242353439331
18987	2574.242353439331
18988	2462.2583389282227
18988	2462.2583389282227
18989	2594.4690704345703
18989	2594.4690704345703
18990	3328.782558441162
18990	3328.782558441162
18991	2904.541015625
18991	2904.541015625
18992	2659.4972610473633
18992	2659.4972610473633
18993	2865.3109073638916
18993	2865.3109073638916
18994	2833.895206451416
18994	2833.895206451416
18995	2805.76491355896
18995	2805.76491355896
18996	2893.4719562530518
18996	2893.4719562530518
18997	2828.030586242676
18997	2828.030586242676
18998	2831.465244293213
18998	2831.465244293213
18999	2846.5616703033447
18999	2846.5616703033447
19000	19119.630098342896
19000	19119.630098342896
19001	2311.4664554595947
19001	2311.4664554595947
19002	2777.2955894470215
19002	2777.2955894470215
19003	2855.2098274230957
19003	2855.2098274230957
19004	2894.181728363037
19004	2894.181728363037
19005	2806.943416595459
19005	2806.943416595459
19006	2419.236660003662
19006	2419.236660003662
19007	2380.049467086792
19007	2380.049467086792
19008	2521.60906791687
19008	2521.60906791687
19009	2651.144027709961
19009	2651.144027709961
19010	3666.491746902466
19010	3666.491746902466
19011	2812.062978744507
19011	2812.062978744507
19012	2526.3924598693848
19012	2526.3924598693848
19013	2679.790496826172
19013	2679.790496826172
19014	2666.287660598755
19014	2666.287660598755
19015	2725.490093231201
19015	2725.490093231201
19016	2814.4876956939697
19016	2814.4876956939697
19017	2927.6773929595947
19017	2927.6773929595947
19018	2816.3087368011475
19018	2816.3087368011475
19019	2552.271604537964
19019	2552.271604537964
19020	2344.552755355835
19020	2344.552755355835
19021	1707.726240158081
19021	1707.726240158081
19022	1632.4944496154785
19022	1632.4944496154785
19023	1674.2212772369385
19023	1674.2212772369385
19024	1709.0144157409668
19024	1709.0144157409668
19025	1721.2190628051758
19025	1721.2190628051758
19026	1434.0050220489502
19026	1434.0050220489502
19027	1661.2563133239746
19027	1661.2563133239746
19028	1786.5688800811768
19028	1786.5688800811768
19029	1842.313289642334
19029	1842.313289642334
19030	2441.316604614258
19030	2441.316604614258
19031	1680.8924674987793
19031	1680.8924674987793
19032	1826.5151977539062
19032	1826.5151977539062
19033	1847.3536968231201
19033	1847.3536968231201
19034	1648.9884853363037
19034	1648.9884853363037
19035	1581.6681385040283
19035	1581.6681385040283
19036	1559.5166683197021
19036	1559.5166683197021
19037	1759.7897052764893
19037	1759.7897052764893
19038	1753.0796527862549
19038	1753.0796527862549
19039	1784.7135066986084
19039	1784.7135066986084
19040	2346.7276096343994
19040	2346.7276096343994
19041	1546.0925102233887
19041	1546.0925102233887
19042	1550.6587028503418
19042	1550.6587028503418
19043	1815.2859210968018
19043	1815.2859210968018
19044	1864.1726970672607
19044	1864.1726970672607
19045	1602.1063327789307
19045	1602.1063327789307
19046	1716.8879508972168
19046	1716.8879508972168
19047	1652.2181034088135
19047	1652.2181034088135
19048	1698.561429977417
19048	1698.561429977417
19049	1644.1166400909424
19049	1644.1166400909424
19050	2435.5809688568115
19050	2435.5809688568115
19051	1689.3210411071777
19051	1689.3210411071777
19052	1536.3974571228027
19052	1536.3974571228027
19053	1666.593313217163
19053	1666.593313217163
19054	1656.329870223999
19054	1656.329870223999
19055	1505.462408065796
19055	1505.462408065796
19056	1874.6857643127441
19056	1874.6857643127441
19057	1864.4256591796875
19057	1864.4256591796875
19058	1695.5745220184326
19058	1695.5745220184326
19059	1730.48996925354
19059	1730.48996925354
19060	2531.158924102783
19060	2531.158924102783
19061	1745.0356483459473
19061	1745.0356483459473
19062	1699.7017860412598
19062	1699.7017860412598
19063	1750.0765323638916
19063	1750.0765323638916
19064	1717.181921005249
19064	1717.181921005249
19065	1613.7185096740723
19065	1613.7185096740723
19066	1586.2913131713867
19066	1586.2913131713867
19067	1754.5125484466553
19067	1754.5125484466553
19068	1827.0814418792725
19068	1827.0814418792725
19069	1655.8659076690674
19069	1655.8659076690674
19070	2575.268507003784
19070	2575.268507003784
19071	1794.3921089172363
19071	1794.3921089172363
19072	1806.9303035736084
19072	1806.9303035736084
19073	1755.8367252349854
19073	1755.8367252349854
19074	1353.8792133331299
19074	1353.8792133331299
19075	1355.3705215454102
19075	1355.3705215454102
19076	1476.9952297210693
19076	1476.9952297210693
19077	1477.8540134429932
19077	1477.8540134429932
19078	1481.7142486572266
19078	1481.7142486572266
19079	1653.5868644714355
19079	1653.5868644714355
19080	2180.5505752563477
19080	2180.5505752563477
19081	1940.366268157959
19081	1940.366268157959
19082	1755.0101280212402
19082	1755.0101280212402
19083	1741.8544292449951
19083	1741.8544292449951
19084	1666.1114692687988
19084	1666.1114692687988
19085	1670.078992843628
19085	1670.078992843628
19086	1622.3351955413818
19086	1622.3351955413818
19087	1642.4667835235596
19087	1642.4667835235596
19088	1751.8353462219238
19088	1751.8353462219238
19089	1658.0984592437744
19089	1658.0984592437744
19090	2419.905185699463
19090	2419.905185699463
19091	1724.4892120361328
19091	1724.4892120361328
19092	1707.435131072998
19092	1707.435131072998
19093	1860.396385192871
19093	1860.396385192871
19094	1690.3600692749023
19094	1690.3600692749023
19095	1557.302713394165
19095	1557.302713394165
19096	1624.9208450317383
19096	1624.9208450317383
19097	1636.566162109375
19097	1636.566162109375
19098	1590.7301902770996
19098	1590.7301902770996
19099	1686.9008541107178
19099	1686.9008541107178
19100	2645.4808712005615
19100	2645.4808712005615
19101	1654.2015075683594
19101	1654.2015075683594
19102	1795.71533203125
19102	1795.71533203125
19103	1711.2624645233154
19103	1711.2624645233154
19104	1790.7383441925049
19104	1790.7383441925049
19105	1768.6727046966553
19105	1768.6727046966553
19106	1614.4659519195557
19106	1614.4659519195557
19107	1733.5591316223145
19107	1733.5591316223145
19108	1662.3289585113525
19108	1662.3289585113525
19109	1707.55934715271
19109	1707.55934715271
19110	2611.7076873779297
19110	2611.7076873779297
19111	1677.8368949890137
19111	1677.8368949890137
19112	1662.9738807678223
19112	1662.9738807678223
19113	1835.8309268951416
19113	1835.8309268951416
19114	1687.5073909759521
19114	1687.5073909759521
19115	1572.8662014007568
19115	1572.8662014007568
19116	1660.4740619659424
19116	1660.4740619659424
19117	1755.1970481872559
19117	1755.1970481872559
19118	1714.6615982055664
19118	1714.6615982055664
19119	1845.2110290527344
19119	1845.2110290527344
19120	2586.7602825164795
19120	2586.7602825164795
19121	1745.1653480529785
19121	1745.1653480529785
19122	1762.373447418213
19122	1762.373447418213
19123	1782.6237678527832
19123	1782.6237678527832
19124	1808.565616607666
19124	1808.565616607666
19125	1730.0043106079102
19125	1730.0043106079102
19126	1589.329481124878
19126	1589.329481124878
19127	1735.75758934021
19127	1735.75758934021
19128	1716.233491897583
19128	1716.233491897583
19129	1597.2163677215576
19129	1597.2163677215576
19130	2425.947427749634
19130	2425.947427749634
19131	1745.595932006836
19131	1745.595932006836
19132	1631.9286823272705
19132	1631.9286823272705
19133	1599.2884635925293
19133	1599.2884635925293
19134	1817.934274673462
19134	1817.934274673462
19135	1739.2921447753906
19135	1739.2921447753906
19136	1667.879343032837
19136	1667.879343032837
19137	1646.0909843444824
19137	1646.0909843444824
19138	1729.4600009918213
19138	1729.4600009918213
19139	1554.826021194458
19139	1554.826021194458
19140	2579.1869163513184
19140	2579.1869163513184
19141	1669.830560684204
19141	1669.830560684204
19142	1637.5110149383545
19142	1637.5110149383545
19143	1484.3931198120117
19143	1484.3931198120117
19144	1631.8092346191406
19144	1631.8092346191406
19145	1623.4583854675293
19145	1623.4583854675293
19146	2070.1253414154053
19146	2070.1253414154053
19147	1401.2398719787598
19147	1401.2398719787598
19148	1546.572208404541
19148	1546.572208404541
19149	1292.6664352416992
19149	1292.6664352416992
19150	2233.354091644287
19150	2233.354091644287
19151	1283.12349319458
19151	1283.12349319458
19152	2117.5479888916016
19152	2117.5479888916016
19153	2349.2321968078613
19153	2349.2321968078613
19154	2303.7900924682617
19154	2303.7900924682617
19155	2786.43798828125
19155	2786.43798828125
19156	2935.4865550994873
19156	2935.4865550994873
19157	2370.9399700164795
19157	2370.9399700164795
19158	2780.14874458313
19158	2780.14874458313
19159	2825.2570629119873
19159	2825.2570629119873
19160	3674.008369445801
19160	3674.008369445801
19161	2803.8506507873535
19161	2803.8506507873535
19162	2820.9614753723145
19162	2820.9614753723145
19163	2895.857572555542
19163	2895.857572555542
19164	3013.841390609741
19164	3013.841390609741
19165	2795.7653999328613
19165	2795.7653999328613
19166	2863.150119781494
19166	2863.150119781494
19167	2827.5296688079834
19167	2827.5296688079834
19168	2485.4602813720703
19168	2485.4602813720703
19169	2393.4812545776367
19169	2393.4812545776367
19170	3520.397663116455
19170	3520.397663116455
19171	2775.2368450164795
19171	2775.2368450164795
19172	2704.4098377227783
19172	2704.4098377227783
19173	2845.485210418701
19173	2845.485210418701
19174	2831.7246437072754
19174	2831.7246437072754
19175	2967.803955078125
19175	2967.803955078125
19176	2635.3061199188232
19176	2635.3061199188232
19177	2811.047315597534
19177	2811.047315597534
19178	2329.742670059204
19178	2329.742670059204
19179	2324.1758346557617
19179	2324.1758346557617
19180	3385.453701019287
19180	3385.453701019287
19181	2711.5819454193115
19181	2711.5819454193115
19182	2581.7816257476807
19182	2581.7816257476807
19183	2875.0698566436768
19183	2875.0698566436768
19184	2846.9300270080566
19184	2846.9300270080566
19185	2993.1704998016357
19185	2993.1704998016357
19186	2601.361036300659
19186	2601.361036300659
19187	2786.1380577087402
19187	2786.1380577087402
19188	2854.053735733032
19188	2854.053735733032
19189	2917.240858078003
19189	2917.240858078003
19190	3685.081720352173
19190	3685.081720352173
19191	2833.848476409912
19191	2833.848476409912
19192	2858.550786972046
19192	2858.550786972046
19193	2552.4613857269287
19193	2552.4613857269287
19194	2642.37904548645
19194	2642.37904548645
19195	2638.2720470428467
19195	2638.2720470428467
19196	2800.1322746276855
19196	2800.1322746276855
19197	2505.0277709960938
19197	2505.0277709960938
19198	2733.0527305603027
19198	2733.0527305603027
19199	2704.5576572418213
19199	2704.5576572418213
19200	3449.348211288452
19200	3449.348211288452
19201	2656.3854217529297
19201	2656.3854217529297
19202	2796.9796657562256
19202	2796.9796657562256
19203	2832.597255706787
19203	2832.597255706787
19204	2739.335060119629
19204	2739.335060119629
19205	2956.526517868042
19205	2956.526517868042
19206	2691.4565563201904
19206	2691.4565563201904
19207	2882.6589584350586
19207	2882.6589584350586
19208	2810.8386993408203
19208	2810.8386993408203
19209	2420.583963394165
19209	2420.583963394165
19210	3484.219789505005
19210	3484.219789505005
19211	2657.264471054077
19211	2657.264471054077
19212	2794.9161529541016
19212	2794.9161529541016
19213	2960.218667984009
19213	2960.218667984009
19214	2679.1586875915527
19214	2679.1586875915527
19215	2566.680669784546
19215	2566.680669784546
19216	2809.4582557678223
19216	2809.4582557678223
19217	2789.7095680236816
19217	2789.7095680236816
19218	2998.5203742980957
19218	2998.5203742980957
19219	2821.9494819641113
19219	2821.9494819641113
19220	3523.902416229248
19220	3523.902416229248
19221	2879.3225288391113
19221	2879.3225288391113
19222	2913.7372970581055
19222	2913.7372970581055
19223	2919.687032699585
19223	2919.687032699585
19224	2864.155054092407
19224	2864.155054092407
19225	2240.037202835083
19225	2240.037202835083
19226	2510.5574131011963
19226	2510.5574131011963
19227	2666.2416458129883
19227	2666.2416458129883
19228	2747.081756591797
19228	2747.081756591797
19229	2554.494857788086
19229	2554.494857788086
19230	3392.6966190338135
19230	3392.6966190338135
19231	2861.9511127471924
19231	2861.9511127471924
19232	2838.4947776794434
19232	2838.4947776794434
19233	2846.6782569885254
19233	2846.6782569885254
19234	2721.9419479370117
19234	2721.9419479370117
19235	2845.0095653533936
19235	2845.0095653533936
19236	2796.341896057129
19236	2796.341896057129
19237	2965.184450149536
19237	2965.184450149536
19238	2734.1508865356445
19238	2734.1508865356445
19239	2916.860342025757
19239	2916.860342025757
19240	3766.977071762085
19240	3766.977071762085
19241	2344.4607257843018
19241	2344.4607257843018
19242	2570.5080032348633
19242	2570.5080032348633
19243	2614.7313117980957
19243	2614.7313117980957
19244	2690.4892921447754
19244	2690.4892921447754
19245	2704.7910690307617
19245	2704.7910690307617
19246	2565.4873847961426
19246	2565.4873847961426
19247	2787.4879837036133
19247	2787.4879837036133
19248	2742.3927783966064
19248	2742.3927783966064
19249	2897.810459136963
19249	2897.810459136963
19250	3794.3992614746094
19250	3794.3992614746094
19251	2813.7600421905518
19251	2813.7600421905518
19252	2880.0222873687744
19252	2880.0222873687744
19253	2783.6546897888184
19253	2783.6546897888184
19254	2891.176462173462
19254	2891.176462173462
19255	3019.3700790405273
19255	3019.3700790405273
19256	2321.296453475952
19256	2321.296453475952
19257	2172.3108291625977
19257	2172.3108291625977
19258	2155.0862789154053
19258	2155.0862789154053
19259	2630.156993865967
19259	2630.156993865967
19260	3615.9920692443848
19260	3615.9920692443848
19261	2728.8975715637207
19261	2728.8975715637207
19262	2689.771890640259
19262	2689.771890640259
19263	2956.226110458374
19263	2956.226110458374
19264	2862.755298614502
19264	2862.755298614502
19265	2791.205644607544
19265	2791.205644607544
19266	2648.810625076294
19266	2648.810625076294
19267	2804.990291595459
19267	2804.990291595459
19268	2884.9217891693115
19268	2884.9217891693115
19269	3072.7672576904297
19269	3072.7672576904297
19270	3736.003637313843
19270	3736.003637313843
19271	2624.696969985962
19271	2624.696969985962
19272	2325.870990753174
19272	2325.870990753174
19273	2318.4282779693604
19273	2318.4282779693604
19274	2653.672695159912
19274	2653.672695159912
19275	2460.1893424987793
19275	2460.1893424987793
19276	2680.068016052246
19276	2680.068016052246
19277	2815.633535385132
19277	2815.633535385132
19278	2628.3490657806396
19278	2628.3490657806396
19279	2923.1834411621094
19279	2923.1834411621094
19280	3326.0624408721924
19280	3326.0624408721924
19281	2805.896282196045
19281	2805.896282196045
19282	2989.1395568847656
19282	2989.1395568847656
19283	2750.4794597625732
19283	2750.4794597625732
19284	2275.724411010742
19284	2275.724411010742
19285	2565.8085346221924
19285	2565.8085346221924
19286	2447.9808807373047
19286	2447.9808807373047
19287	2637.79616355896
19287	2637.79616355896
19288	2871.5195655822754
19288	2871.5195655822754
19289	2754.8165321350098
19289	2754.8165321350098
19290	3594.6176052093506
19290	3594.6176052093506
19291	3017.7838802337646
19291	3017.7838802337646
19292	2786.5207195281982
19292	2786.5207195281982
19293	2905.7250022888184
19293	2905.7250022888184
19294	2816.8694972991943
19294	2816.8694972991943
19295	2867.9685592651367
19295	2867.9685592651367
19296	3096.737861633301
19296	3096.737861633301
19297	3176.8364906311035
19297	3176.8364906311035
19298	3005.622148513794
19298	3005.622148513794
19299	2544.260263442993
19299	2544.260263442993
19300	3583.542585372925
19300	3583.542585372925
19301	2794.6488857269287
19301	2794.6488857269287
19302	2576.380491256714
19302	2576.380491256714
19303	2829.1234970092773
19303	2829.1234970092773
19304	2750.28133392334
19304	2750.28133392334
19305	3377.6021003723145
19305	3377.6021003723145
19306	2589.700698852539
19306	2589.700698852539
19307	2812.126398086548
19307	2812.126398086548
19308	2608.7143421173096
19308	2608.7143421173096
19309	2866.8065071105957
19309	2866.8065071105957
19310	3723.3195304870605
19310	3723.3195304870605
19311	2616.546869277954
19311	2616.546869277954
19312	2481.8625450134277
19312	2481.8625450134277
19313	2590.557098388672
19313	2590.557098388672
19314	2814.3839836120605
19314	2814.3839836120605
19315	2761.02876663208
19315	2761.02876663208
19316	2570.6489086151123
19316	2570.6489086151123
19317	2724.3261337280273
19317	2724.3261337280273
19318	2925.266742706299
19318	2925.266742706299
19319	2967.1034812927246
19319	2967.1034812927246
19320	3499.958038330078
19320	3499.958038330078
19321	2915.543556213379
19321	2915.543556213379
19322	2967.350721359253
19322	2967.350721359253
19323	2825.4897594451904
19323	2825.4897594451904
19324	2624.404191970825
19324	2624.404191970825
19325	2859.7447872161865
19325	2859.7447872161865
19326	2861.3016605377197
19326	2861.3016605377197
19327	2358.238697052002
19327	2358.238697052002
19328	2389.2860412597656
19328	2389.2860412597656
19329	2472.072124481201
19329	2472.072124481201
19330	3193.589687347412
19330	3193.589687347412
19331	2666.917562484741
19331	2666.917562484741
19332	2579.4289112091064
19332	2579.4289112091064
19333	2534.912347793579
19333	2534.912347793579
19334	2692.765712738037
19334	2692.765712738037
19335	2768.1238651275635
19335	2768.1238651275635
19336	2999.7310638427734
19336	2999.7310638427734
19337	2750.0393390655518
19337	2750.0393390655518
19338	2824.2204189300537
19338	2824.2204189300537
19339	2600.661277770996
19339	2600.661277770996
19340	3722.9506969451904
19340	3722.9506969451904
19341	1531.2511920928955
19341	1531.2511920928955
19342	1731.4374446868896
19342	1731.4374446868896
19343	1799.4294166564941
19343	1799.4294166564941
19344	1826.766014099121
19344	1826.766014099121
19345	1649.4145393371582
19345	1649.4145393371582
19346	1763.5881900787354
19346	1763.5881900787354
19347	1715.1973247528076
19347	1715.1973247528076
19348	1688.0545616149902
19348	1688.0545616149902
19349	1782.381534576416
19349	1782.381534576416
19350	2507.689952850342
19350	2507.689952850342
19351	1787.7843379974365
19351	1787.7843379974365
19352	1662.2607707977295
19352	1662.2607707977295
19353	1806.3769340515137
19353	1806.3769340515137
19354	1904.667615890503
19354	1904.667615890503
19355	1747.443437576294
19355	1747.443437576294
19356	1651.885986328125
19356	1651.885986328125
19357	1685.6937408447266
19357	1685.6937408447266
19358	1862.637996673584
19358	1862.637996673584
19359	1872.607707977295
19359	1872.607707977295
19360	2581.542491912842
19360	2581.542491912842
19361	1913.4728908538818
19361	1913.4728908538818
19362	1776.1027812957764
19362	1776.1027812957764
19363	1775.5138874053955
19363	1775.5138874053955
19364	1569.0670013427734
19364	1569.0670013427734
19365	1754.695177078247
19365	1754.695177078247
19366	1821.2242126464844
19366	1821.2242126464844
19367	1852.5912761688232
19367	1852.5912761688232
19368	1771.2984085083008
19368	1771.2984085083008
19369	1723.7780094146729
19369	1723.7780094146729
19370	2629.146099090576
19370	2629.146099090576
19371	1842.1015739440918
19371	1842.1015739440918
19372	1577.7928829193115
19372	1577.7928829193115
19373	1551.3784885406494
19373	1551.3784885406494
19374	1637.5832557678223
19374	1637.5832557678223
19375	1780.1940441131592
19375	1780.1940441131592
19376	2307.3787689208984
19376	2307.3787689208984
19377	2032.9148769378662
19377	2032.9148769378662
19378	2311.5739822387695
19378	2311.5739822387695
19379	1752.0289421081543
19379	1752.0289421081543
19380	2653.0709266662598
19380	2653.0709266662598
19381	1700.596809387207
19381	1700.596809387207
19382	1700.3974914550781
19382	1700.3974914550781
19383	1713.792085647583
19383	1713.792085647583
19384	1694.9162483215332
19384	1694.9162483215332
19385	1696.8512535095215
19385	1696.8512535095215
19386	1552.053689956665
19386	1552.053689956665
19387	1550.8713722229004
19387	1550.8713722229004
19388	1490.4868602752686
19388	1490.4868602752686
19389	1538.5897159576416
19389	1538.5897159576416
19390	2463.7043476104736
19390	2463.7043476104736
19391	1395.3731060028076
19391	1395.3731060028076
19392	1943.6564445495605
19392	1943.6564445495605
19393	1383.305549621582
19393	1383.305549621582
19394	1722.4552631378174
19394	1722.4552631378174
19395	1676.5506267547607
19395	1676.5506267547607
19396	1763.3719444274902
19396	1763.3719444274902
19397	1828.5894393920898
19397	1828.5894393920898
19398	1775.1684188842773
19398	1775.1684188842773
19399	1712.9278182983398
19399	1712.9278182983398
19400	2561.9184970855713
19400	2561.9184970855713
19401	1793.689489364624
19401	1793.689489364624
19402	1563.7304782867432
19402	1563.7304782867432
19403	1553.476095199585
19403	1553.476095199585
19404	1537.9457473754883
19404	1537.9457473754883
19405	1898.4076976776123
19405	1898.4076976776123
19406	1807.6834678649902
19406	1807.6834678649902
19407	1710.24751663208
19407	1710.24751663208
19408	1682.798147201538
19408	1682.798147201538
19409	1676.9075393676758
19409	1676.9075393676758
19410	2467.3357009887695
19410	2467.3357009887695
19411	1676.0354042053223
19411	1676.0354042053223
19412	1827.8937339782715
19412	1827.8937339782715
19413	1880.0950050354004
19413	1880.0950050354004
19414	1520.2949047088623
19414	1520.2949047088623
19415	1757.246971130371
19415	1757.246971130371
19416	1791.1632061004639
19416	1791.1632061004639
19417	1811.8934631347656
19417	1811.8934631347656
19418	1757.0500373840332
19418	1757.0500373840332
19419	1828.4265995025635
19419	1828.4265995025635
19420	2392.11368560791
19420	2392.11368560791
19421	1812.565565109253
19421	1812.565565109253
19422	1674.5281219482422
19422	1674.5281219482422
19423	1696.2769031524658
19423	1696.2769031524658
19424	1665.6997203826904
19424	1665.6997203826904
19425	1614.9001121520996
19425	1614.9001121520996
19426	1872.793197631836
19426	1872.793197631836
19427	1799.8285293579102
19427	1799.8285293579102
19428	1694.533109664917
19428	1694.533109664917
19429	1651.2362957000732
19429	1651.2362957000732
19430	2562.671899795532
19430	2562.671899795532
19431	1714.2033576965332
19431	1714.2033576965332
19432	1766.5774822235107
19432	1766.5774822235107
19433	1676.147222518921
19433	1676.147222518921
19434	1821.4609622955322
19434	1821.4609622955322
19435	1796.1537837982178
19435	1796.1537837982178
19436	1559.6520900726318
19436	1559.6520900726318
19437	1785.0289344787598
19437	1785.0289344787598
19438	1810.7318878173828
19438	1810.7318878173828
19439	1875.2648830413818
19439	1875.2648830413818
19440	2508.439540863037
19440	2508.439540863037
19441	1680.9213161468506
19441	1680.9213161468506
19442	1855.499029159546
19442	1855.499029159546
19443	1569.8339939117432
19443	1569.8339939117432
19444	1685.8272552490234
19444	1685.8272552490234
19445	1688.88258934021
19445	1688.88258934021
19446	1847.2309112548828
19446	1847.2309112548828
19447	1800.743818283081
19447	1800.743818283081
19448	1685.5931282043457
19448	1685.5931282043457
19449	1623.5172748565674
19449	1623.5172748565674
19450	2713.1316661834717
19450	2713.1316661834717
19451	1656.6143035888672
19451	1656.6143035888672
19452	1718.8010215759277
19452	1718.8010215759277
19453	1555.955410003662
19453	1555.955410003662
19454	1642.6994800567627
19454	1642.6994800567627
19455	1648.3163833618164
19455	1648.3163833618164
19456	1395.6565856933594
19456	1395.6565856933594
19457	1587.4731540679932
19457	1587.4731540679932
19458	1648.5347747802734
19458	1648.5347747802734
19459	1689.8295879364014
19459	1689.8295879364014
19460	2602.5490760803223
19460	2602.5490760803223
19461	1737.3883724212646
19461	1737.3883724212646
19462	1650.3956317901611
19462	1650.3956317901611
19463	1597.722053527832
19463	1597.722053527832
19464	1568.6588287353516
19464	1568.6588287353516
19465	2178.2045364379883
19465	2178.2045364379883
19466	1959.6140384674072
19466	1959.6140384674072
19467	1599.6110439300537
19467	1599.6110439300537
19468	1716.89772605896
19468	1716.89772605896
19469	1739.7923469543457
19469	1739.7923469543457
19470	3006.8485736846924
19470	3006.8485736846924
19471	2484.844923019409
19471	2484.844923019409
19472	2588.7551307678223
19472	2588.7551307678223
19473	2675.4472255706787
19473	2675.4472255706787
19474	2616.7478561401367
19474	2616.7478561401367
19475	2905.1246643066406
19475	2905.1246643066406
19476	2852.4343967437744
19476	2852.4343967437744
19477	2862.1203899383545
19477	2862.1203899383545
19478	2822.9806423187256
19478	2822.9806423187256
19479	2798.429012298584
19479	2798.429012298584
19480	3737.2400760650635
19480	3737.2400760650635
19481	2790.375232696533
19481	2790.375232696533
19482	2747.727632522583
19482	2747.727632522583
19483	3086.141586303711
19483	3086.141586303711
19484	3059.34739112854
19484	3059.34739112854
19485	2694.1137313842773
19485	2694.1137313842773
19486	2448.8790035247803
19486	2448.8790035247803
19487	2514.9176120758057
19487	2514.9176120758057
19488	2637.265205383301
19488	2637.265205383301
19489	2958.421468734741
19489	2958.421468734741
19490	3529.020071029663
19490	3529.020071029663
19491	2887.615919113159
19491	2887.615919113159
19492	2954.1237354278564
19492	2954.1237354278564
19493	2903.491973876953
19493	2903.491973876953
19494	2845.150947570801
19494	2845.150947570801
19495	2936.0334873199463
19495	2936.0334873199463
19496	3009.225606918335
19496	3009.225606918335
19497	3028.5706520080566
19497	3028.5706520080566
19498	2839.41388130188
19498	2839.41388130188
19499	2841.8455123901367
19499	2841.8455123901367
19500	11243.464708328247
19500	11243.464708328247
19501	2833.851099014282
19501	2833.851099014282
19502	2653.754234313965
19502	2653.754234313965
19503	2715.3024673461914
19503	2715.3024673461914
19504	2979.0492057800293
19504	2979.0492057800293
19505	3028.2936096191406
19505	3028.2936096191406
19506	2267.101764678955
19506	2267.101764678955
19507	2474.8456478118896
19507	2474.8456478118896
19508	2431.927442550659
19508	2431.927442550659
19509	2663.161516189575
19509	2663.161516189575
19510	3674.4537353515625
19510	3674.4537353515625
19511	2648.430347442627
19511	2648.430347442627
19512	2781.7089557647705
19512	2781.7089557647705
19513	2913.4325981140137
19513	2913.4325981140137
19514	2674.367666244507
19514	2674.367666244507
19515	2868.8855171203613
19515	2868.8855171203613
19516	2800.405979156494
19516	2800.405979156494
19517	2770.2081203460693
19517	2770.2081203460693
19518	2966.4018154144287
19518	2966.4018154144287
19519	2883.730411529541
19519	2883.730411529541
19520	3686.4912509918213
19520	3686.4912509918213
19521	2682.903528213501
19521	2682.903528213501
19522	2522.3710536956787
19522	2522.3710536956787
19523	2711.293935775757
19523	2711.293935775757
19524	2726.8991470336914
19524	2726.8991470336914
19525	2703.1517028808594
19525	2703.1517028808594
19526	2750.8888244628906
19526	2750.8888244628906
19527	2727.0350456237793
19527	2727.0350456237793
19528	2633.727788925171
19528	2633.727788925171
19529	2593.7302112579346
19529	2593.7302112579346
19530	3586.3304138183594
19530	3586.3304138183594
19531	2936.8343353271484
19531	2936.8343353271484
19532	2868.5498237609863
19532	2868.5498237609863
19533	2837.2254371643066
19533	2837.2254371643066
19534	2889.418125152588
19534	2889.418125152588
19535	2911.3478660583496
19535	2911.3478660583496
19536	3021.7103958129883
19536	3021.7103958129883
19537	2149.350881576538
19537	2149.350881576538
19538	2371.0174560546875
19538	2371.0174560546875
19539	2721.534013748169
19539	2721.534013748169
19540	3632.798194885254
19540	3632.798194885254
19541	2808.0148696899414
19541	2808.0148696899414
19542	2758.6448192596436
19542	2758.6448192596436
19543	2582.2222232818604
19543	2582.2222232818604
19544	2539.91961479187
19544	2539.91961479187
19545	3001.793622970581
19545	3001.793622970581
19546	3013.569116592407
19546	3013.569116592407
19547	2920.2842712402344
19547	2920.2842712402344
19548	2622.161388397217
19548	2622.161388397217
19549	2829.002618789673
19549	2829.002618789673
19550	3553.5647869110107
19550	3553.5647869110107
19551	2872.997760772705
19551	2872.997760772705
19552	2564.2552375793457
19552	2564.2552375793457
19553	2642.676591873169
19553	2642.676591873169
19554	2573.4314918518066
19554	2573.4314918518066
19555	2443.9566135406494
19555	2443.9566135406494
19556	2478.806972503662
19556	2478.806972503662
19557	2767.192840576172
19557	2767.192840576172
19558	2989.1748428344727
19558	2989.1748428344727
19559	2887.3655796051025
19559	2887.3655796051025
19560	3636.223793029785
19560	3636.223793029785
19561	2603.600263595581
19561	2603.600263595581
19562	2845.484495162964
19562	2845.484495162964
19563	2900.8100032806396
19563	2900.8100032806396
19564	2809.7946643829346
19564	2809.7946643829346
19565	3068.0692195892334
19565	3068.0692195892334
19566	2877.86602973938
19566	2877.86602973938
19567	2961.2138271331787
19567	2961.2138271331787
19568	2357.2328090667725
19568	2357.2328090667725
19569	2727.2069454193115
19569	2727.2069454193115
19570	3473.695993423462
19570	3473.695993423462
19571	2889.7695541381836
19571	2889.7695541381836
19572	2548.764228820801
19572	2548.764228820801
19573	2579.7336101531982
19573	2579.7336101531982
19574	2818.972587585449
19574	2818.972587585449
19575	2975.17728805542
19575	2975.17728805542
19576	2806.614875793457
19576	2806.614875793457
19577	2738.3577823638916
19577	2738.3577823638916
19578	2390.7816410064697
19578	2390.7816410064697
19579	2626.701593399048
19579	2626.701593399048
19580	3605.8919429779053
19580	3605.8919429779053
19581	2901.994466781616
19581	2901.994466781616
19582	2772.935152053833
19582	2772.935152053833
19583	3014.7392749786377
19583	3014.7392749786377
19584	2968.142509460449
19584	2968.142509460449
19585	3198.1537342071533
19585	3198.1537342071533
19586	3124.2012977600098
19586	3124.2012977600098
19587	2447.279930114746
19587	2447.279930114746
19588	2351.185083389282
19588	2351.185083389282
19589	2468.1317806243896
19589	2468.1317806243896
19590	2946.6381072998047
19590	2946.6381072998047
19591	2775.1998901367188
19591	2775.1998901367188
19592	2930.351495742798
19592	2930.351495742798
19593	2438.314199447632
19593	2438.314199447632
19594	2810.866594314575
19594	2810.866594314575
19595	2221.1997509002686
19595	2221.1997509002686
19596	2267.3256397247314
19596	2267.3256397247314
19597	2794.973373413086
19597	2794.973373413086
19598	2713.4640216827393
19598	2713.4640216827393
19599	2550.166606903076
19599	2550.166606903076
19600	3683.22491645813
19600	3683.22491645813
19601	2724.759578704834
19601	2724.759578704834
19602	2912.473201751709
19602	2912.473201751709
19603	3010.1680755615234
19603	3010.1680755615234
19604	3017.958879470825
19604	3017.958879470825
19605	2868.3018684387207
19605	2868.3018684387207
19606	2887.977123260498
19606	2887.977123260498
19607	3020.5276012420654
19607	3020.5276012420654
19608	2825.0253200531006
19608	2825.0253200531006
19609	2912.118434906006
19609	2912.118434906006
19610	3384.6137523651123
19610	3384.6137523651123
19611	2429.6536445617676
19611	2429.6536445617676
19612	2456.916570663452
19612	2456.916570663452
19613	2759.9945068359375
19613	2759.9945068359375
19614	2773.219108581543
19614	2773.219108581543
19615	2841.264486312866
19615	2841.264486312866
19616	2928.2240867614746
19616	2928.2240867614746
19617	2751.868963241577
19617	2751.868963241577
19618	2926.264762878418
19618	2926.264762878418
19619	2735.9836101531982
19619	2735.9836101531982
19620	3700.1447677612305
19620	3700.1447677612305
19621	2359.0242862701416
19621	2359.0242862701416
19622	2532.5541496276855
19622	2532.5541496276855
19623	2289.2205715179443
19623	2289.2205715179443
19624	2411.0803604125977
19624	2411.0803604125977
19625	2584.0771198272705
19625	2584.0771198272705
19626	2823.9219188690186
19626	2823.9219188690186
19627	2933.1295490264893
19627	2933.1295490264893
19628	2636.8279457092285
19628	2636.8279457092285
19629	2107.954502105713
19629	2107.954502105713
19630	2425.0025749206543
19630	2425.0025749206543
19631	1699.2065906524658
19631	1699.2065906524658
19632	1813.4469985961914
19632	1813.4469985961914
19633	1813.2424354553223
19633	1813.2424354553223
19634	1664.3798351287842
19634	1664.3798351287842
19635	1679.3336868286133
19635	1679.3336868286133
19636	1629.2262077331543
19636	1629.2262077331543
19637	1874.159336090088
19637	1874.159336090088
19638	1933.7623119354248
19638	1933.7623119354248
19639	1714.0140533447266
19639	1714.0140533447266
19640	2449.1167068481445
19640	2449.1167068481445
19641	1725.5969047546387
19641	1725.5969047546387
19642	1656.8939685821533
19642	1656.8939685821533
19643	1745.3815937042236
19643	1745.3815937042236
19644	1842.3998355865479
19644	1842.3998355865479
19645	1809.1042041778564
19645	1809.1042041778564
19646	1651.8723964691162
19646	1651.8723964691162
19647	1767.026424407959
19647	1767.026424407959
19648	1847.9769229888916
19648	1847.9769229888916
19649	1707.3402404785156
19649	1707.3402404785156
19650	2483.027458190918
19650	2483.027458190918
19651	1670.1529026031494
19651	1670.1529026031494
19652	1826.9004821777344
19652	1826.9004821777344
19653	1672.4956035614014
19653	1672.4956035614014
19654	1738.856554031372
19654	1738.856554031372
19655	1785.5072021484375
19655	1785.5072021484375
19656	1625.7262229919434
19656	1625.7262229919434
19657	1656.2190055847168
19657	1656.2190055847168
19658	1663.8472080230713
19658	1663.8472080230713
19659	1771.3568210601807
19659	1771.3568210601807
19660	2599.7047424316406
19660	2599.7047424316406
19661	1713.5000228881836
19661	1713.5000228881836
19662	1740.9062385559082
19662	1740.9062385559082
19663	1831.6283226013184
19663	1831.6283226013184
19664	1761.0735893249512
19664	1761.0735893249512
19665	1848.7915992736816
19665	1848.7915992736816
19666	1598.9255905151367
19666	1598.9255905151367
19667	1889.5177841186523
19667	1889.5177841186523
19668	1714.7819995880127
19668	1714.7819995880127
19669	1675.1735210418701
19669	1675.1735210418701
19670	2517.369270324707
19670	2517.369270324707
19671	1815.636157989502
19671	1815.636157989502
19672	1522.8095054626465
19672	1522.8095054626465
19673	1733.6885929107666
19673	1733.6885929107666
19674	1702.6219367980957
19674	1702.6219367980957
19675	1536.7894172668457
19675	1536.7894172668457
19676	1551.2354373931885
19676	1551.2354373931885
19677	1936.6247653961182
19677	1936.6247653961182
19678	1811.5966320037842
19678	1811.5966320037842
19679	1712.4671936035156
19679	1712.4671936035156
19680	2678.373336791992
19680	2678.373336791992
19681	1898.5412120819092
19681	1898.5412120819092
19682	1816.4129257202148
19682	1816.4129257202148
19683	1588.5026454925537
19683	1588.5026454925537
19684	1743.3791160583496
19684	1743.3791160583496
19685	1897.3703384399414
19685	1897.3703384399414
19686	1608.691692352295
19686	1608.691692352295
19687	1677.2575378417969
19687	1677.2575378417969
19688	1719.6168899536133
19688	1719.6168899536133
19689	1878.2057762145996
19689	1878.2057762145996
19690	2446.7334747314453
19690	2446.7334747314453
19691	1937.382459640503
19691	1937.382459640503
19692	1828.3486366271973
19692	1828.3486366271973
19693	1726.6442775726318
19693	1726.6442775726318
19694	1869.096040725708
19694	1869.096040725708
19695	1959.503412246704
19695	1959.503412246704
19696	1678.4899234771729
19696	1678.4899234771729
19697	1743.725299835205
19697	1743.725299835205
19698	1802.0458221435547
19698	1802.0458221435547
19699	1732.452392578125
19699	1732.452392578125
19700	2474.8010635375977
19700	2474.8010635375977
19701	1915.205717086792
19701	1915.205717086792
19702	1755.1531791687012
19702	1755.1531791687012
19703	1709.3963623046875
19703	1709.3963623046875
19704	1948.441743850708
19704	1948.441743850708
19705	1793.2043075561523
19705	1793.2043075561523
19706	1686.5270137786865
19706	1686.5270137786865
19707	1659.9946022033691
19707	1659.9946022033691
19708	1806.535243988037
19708	1806.535243988037
19709	1911.6451740264893
19709	1911.6451740264893
19710	2540.433645248413
19710	2540.433645248413
19711	1912.2989177703857
19711	1912.2989177703857
19712	1591.6635990142822
19712	1591.6635990142822
19713	1699.70703125
19713	1699.70703125
19714	1722.0056056976318
19714	1722.0056056976318
19715	1824.3303298950195
19715	1824.3303298950195
19716	1931.7548274993896
19716	1931.7548274993896
19717	1660.2437496185303
19717	1660.2437496185303
19718	1735.154390335083
19718	1735.154390335083
19719	1700.6285190582275
19719	1700.6285190582275
19720	2656.379461288452
19720	2656.379461288452
19721	1894.8755264282227
19721	1894.8755264282227
19722	1696.6829299926758
19722	1696.6829299926758
19723	1738.7144565582275
19723	1738.7144565582275
19724	1584.0575695037842
19724	1584.0575695037842
19725	1839.8489952087402
19725	1839.8489952087402
19726	1903.0141830444336
19726	1903.0141830444336
19727	1583.008050918579
19727	1583.008050918579
19728	1683.1209659576416
19728	1683.1209659576416
19729	1902.69136428833
19729	1902.69136428833
19730	2505.0806999206543
19730	2505.0806999206543
19731	1881.6676139831543
19731	1881.6676139831543
19732	1822.8976726531982
19732	1822.8976726531982
19733	1691.0779476165771
19733	1691.0779476165771
19734	1791.6464805603027
19734	1791.6464805603027
19735	1873.6014366149902
19735	1873.6014366149902
19736	1734.2708110809326
19736	1734.2708110809326
19737	1368.0365085601807
19737	1368.0365085601807
19738	1503.8278102874756
19738	1503.8278102874756
19739	1514.8580074310303
19739	1514.8580074310303
19740	2393.8746452331543
19740	2393.8746452331543
19741	1510.5366706848145
19741	1510.5366706848145
19742	2028.4502506256104
19742	2028.4502506256104
19743	1364.6600246429443
19743	1364.6600246429443
19744	1290.7943725585938
19744	1290.7943725585938
19745	1715.1110172271729
19745	1715.1110172271729
19746	1694.6425437927246
19746	1694.6425437927246
19747	1905.5991172790527
19747	1905.5991172790527
19748	1741.286277770996
19748	1741.286277770996
19749	1719.736099243164
19749	1719.736099243164
19750	2751.6400814056396
19750	2751.6400814056396
19751	1615.3881549835205
19751	1615.3881549835205
19752	1689.298152923584
19752	1689.298152923584
19753	2631.563663482666
19753	2631.563663482666
19754	1846.0662364959717
19754	1846.0662364959717
19755	1732.8288555145264
19755	1732.8288555145264
19756	1738.222599029541
19756	1738.222599029541
19757	1706.7193984985352
19757	1706.7193984985352
19758	2498.5060691833496
19758	2498.5060691833496
19759	2612.3220920562744
19759	2612.3220920562744
19760	3484.913110733032
19760	3484.913110733032
19761	2677.4892807006836
19761	2677.4892807006836
19762	2541.241407394409
19762	2541.241407394409
19763	2955.7464122772217
19763	2955.7464122772217
19764	2937.6821517944336
19764	2937.6821517944336
19765	3037.126064300537
19765	3037.126064300537
19766	2741.7540550231934
19766	2741.7540550231934
19767	2613.8367652893066
19767	2613.8367652893066
19768	2893.550157546997
19768	2893.550157546997
19769	3082.1266174316406
19769	3082.1266174316406
19770	3220.2093601226807
19770	3220.2093601226807
19771	3022.7484703063965
19771	3022.7484703063965
19772	2942.6982402801514
19772	2942.6982402801514
19773	2206.6869735717773
19773	2206.6869735717773
19774	2483.837604522705
19774	2483.837604522705
19775	2842.4906730651855
19775	2842.4906730651855
19776	2843.28293800354
19776	2843.28293800354
19777	2646.9156742095947
19777	2646.9156742095947
19778	2419.736862182617
19778	2419.736862182617
19779	2774.749994277954
19779	2774.749994277954
19780	3724.362373352051
19780	3724.362373352051
19781	2771.6550827026367
19781	2771.6550827026367
19782	2731.734275817871
19782	2731.734275817871
19783	2537.213087081909
19783	2537.213087081909
19784	2263.2246017456055
19784	2263.2246017456055
19785	2626.8022060394287
19785	2626.8022060394287
19786	2482.9249382019043
19786	2482.9249382019043
19787	2830.5859565734863
19787	2830.5859565734863
19788	2797.657012939453
19788	2797.657012939453
19789	2751.232385635376
19789	2751.232385635376
19790	3688.3723735809326
19790	3688.3723735809326
19791	2830.8775424957275
19791	2830.8775424957275
19792	2861.374616622925
19792	2861.374616622925
19793	2840.5745029449463
19793	2840.5745029449463
19794	3025.9947776794434
19794	3025.9947776794434
19795	2786.7321968078613
19795	2786.7321968078613
19796	2732.346534729004
19796	2732.346534729004
19797	2905.268907546997
19797	2905.268907546997
19798	2286.956548690796
19798	2286.956548690796
19799	2628.347158432007
19799	2628.347158432007
19800	3517.6405906677246
19800	3517.6405906677246
19801	2626.9595623016357
19801	2626.9595623016357
19802	2625.990390777588
19802	2625.990390777588
19803	2842.2064781188965
19803	2842.2064781188965
19804	2808.727264404297
19804	2808.727264404297
19805	2969.315528869629
19805	2969.315528869629
19806	3006.5250396728516
19806	3006.5250396728516
19807	2845.1032638549805
19807	2845.1032638549805
19808	2892.521858215332
19808	2892.521858215332
19809	2852.071523666382
19809	2852.071523666382
19810	3776.475191116333
19810	3776.475191116333
19811	2878.784656524658
19811	2878.784656524658
19812	3067.917823791504
19812	3067.917823791504
19813	2576.0250091552734
19813	2576.0250091552734
19814	2694.453477859497
19814	2694.453477859497
19815	2982.572317123413
19815	2982.572317123413
19816	2899.272918701172
19816	2899.272918701172
19817	2597.7985858917236
19817	2597.7985858917236
19818	2576.772451400757
19818	2576.772451400757
19819	2924.7422218322754
19819	2924.7422218322754
19820	3754.824161529541
19820	3754.824161529541
19821	2952.2879123687744
19821	2952.2879123687744
19822	2957.2665691375732
19822	2957.2665691375732
19823	2864.8736476898193
19823	2864.8736476898193
19824	2929.2778968811035
19824	2929.2778968811035
19825	3164.4904613494873
19825	3164.4904613494873
19826	2893.483877182007
19826	2893.483877182007
19827	2721.836805343628
19827	2721.836805343628
19828	2829.7998905181885
19828	2829.7998905181885
19829	2210.881233215332
19829	2210.881233215332
19830	3218.388557434082
19830	3218.388557434082
19831	2702.361822128296
19831	2702.361822128296
19832	2875.6263256073
19832	2875.6263256073
19833	2943.3774948120117
19833	2943.3774948120117
19834	2865.5171394348145
19834	2865.5171394348145
19835	2857.7663898468018
19835	2857.7663898468018
19836	2837.381601333618
19836	2837.381601333618
19837	2980.5169105529785
19837	2980.5169105529785
19838	2825.3183364868164
19838	2825.3183364868164
19839	2959.0187072753906
19839	2959.0187072753906
19840	3755.4783821105957
19840	3755.4783821105957
19841	2673.9344596862793
19841	2673.9344596862793
19842	2870.528221130371
19842	2870.528221130371
19843	2831.591844558716
19843	2831.591844558716
19844	2379.939317703247
19844	2379.939317703247
19845	2369.3339824676514
19845	2369.3339824676514
19846	2607.335090637207
19846	2607.335090637207
19847	2502.8786659240723
19847	2502.8786659240723
19848	2937.272071838379
19848	2937.272071838379
19849	2660.914421081543
19849	2660.914421081543
19850	3230.7770252227783
19850	3230.7770252227783
19851	2696.873188018799
19851	2696.873188018799
19852	2919.5685386657715
19852	2919.5685386657715
19853	3068.9964294433594
19853	3068.9964294433594
19854	3025.970935821533
19854	3025.970935821533
19855	2870.857000350952
19855	2870.857000350952
19856	2842.6520824432373
19856	2842.6520824432373
19857	3062.9501342773438
19857	3062.9501342773438
19858	3068.5346126556396
19858	3068.5346126556396
19859	2419.8319911956787
19859	2419.8319911956787
19860	3469.837188720703
19860	3469.837188720703
19861	2760.702133178711
19861	2760.702133178711
19862	2726.0043621063232
19862	2726.0043621063232
19863	2561.711549758911
19863	2561.711549758911
19864	2932.2168827056885
19864	2932.2168827056885
19865	2721.757173538208
19865	2721.757173538208
19866	2841.097116470337
19866	2841.097116470337
19867	3021.5489864349365
19867	3021.5489864349365
19868	2890.089988708496
19868	2890.089988708496
19869	2975.9891033172607
19869	2975.9891033172607
19870	3729.186773300171
19870	3729.186773300171
19871	2791.0091876983643
19871	2791.0091876983643
19872	3088.629722595215
19872	3088.629722595215
19873	3094.189167022705
19873	3094.189167022705
19874	2480.7186126708984
19874	2480.7186126708984
19875	2805.0341606140137
19875	2805.0341606140137
19876	2813.50040435791
19876	2813.50040435791
19877	3212.7866744995117
19877	3212.7866744995117
19878	2889.009714126587
19878	2889.009714126587
19879	2606.5280437469482
19879	2606.5280437469482
19880	3654.686450958252
19880	3654.686450958252
19881	2606.4586639404297
19881	2606.4586639404297
19882	2837.2974395751953
19882	2837.2974395751953
19883	2717.4293994903564
19883	2717.4293994903564
19884	2893.5651779174805
19884	2893.5651779174805
19885	2385.127544403076
19885	2385.127544403076
19886	2506.202459335327
19886	2506.202459335327
19887	2819.7247982025146
19887	2819.7247982025146
19888	2580.8677673339844
19888	2580.8677673339844
19889	2731.765031814575
19889	2731.765031814575
19890	3714.7974967956543
19890	3714.7974967956543
19891	2601.3050079345703
19891	2601.3050079345703
19892	2592.7281379699707
19892	2592.7281379699707
19893	2781.449317932129
19893	2781.449317932129
19894	2822.051525115967
19894	2822.051525115967
19895	2971.2398052215576
19895	2971.2398052215576
19896	2206.4929008483887
19896	2206.4929008483887
19897	2518.366813659668
19897	2518.366813659668
19898	2851.0634899139404
19898	2851.0634899139404
19899	2786.47518157959
19899	2786.47518157959
19900	3724.8427867889404
19900	3724.8427867889404
19901	2582.4568271636963
19901	2582.4568271636963
19902	2694.6845054626465
19902	2694.6845054626465
19903	2987.6136779785156
19903	2987.6136779785156
19904	2788.005590438843
19904	2788.005590438843
19905	2867.142915725708
19905	2867.142915725708
19906	2874.328851699829
19906	2874.328851699829
19907	3096.0371494293213
19907	3096.0371494293213
19908	2837.731122970581
19908	2837.731122970581
19909	2722.740650177002
19909	2722.740650177002
19910	3545.4366207122803
19910	3545.4366207122803
19911	2314.488172531128
19911	2314.488172531128
19912	2568.9730644226074
19912	2568.9730644226074
19913	2705.6479454040527
19913	2705.6479454040527
19914	2709.6683979034424
19914	2709.6683979034424
19915	2707.3113918304443
19915	2707.3113918304443
19916	2871.7455863952637
19916	2871.7455863952637
19917	2788.4204387664795
19917	2788.4204387664795
19918	2846.721887588501
19918	2846.721887588501
19919	2852.8666496276855
19919	2852.8666496276855
19920	3504.4455528259277
19920	3504.4455528259277
19921	2938.2593631744385
19921	2938.2593631744385
19922	2863.36088180542
19922	2863.36088180542
19923	2909.6198081970215
19923	2909.6198081970215
19924	3084.2032432556152
19924	3084.2032432556152
19925	2654.9816131591797
19925	2654.9816131591797
19926	2379.7640800476074
19926	2379.7640800476074
19927	2542.689323425293
19927	2542.689323425293
19928	2841.729164123535
19928	2841.729164123535
19929	2611.374855041504
19929	2611.374855041504
19930	3696.7263221740723
19930	3696.7263221740723
19931	2752.5720596313477
19931	2752.5720596313477
19932	2723.7868309020996
19932	2723.7868309020996
19933	1869.2288398742676
19933	1869.2288398742676
19934	1792.069673538208
19934	1792.069673538208
19935	1553.713083267212
19935	1553.713083267212
19936	1712.5365734100342
19936	1712.5365734100342
19937	1909.393072128296
19937	1909.393072128296
19938	1845.6084728240967
19938	1845.6084728240967
19939	1840.2915000915527
19939	1840.2915000915527
19940	2748.049020767212
19940	2748.049020767212
19941	1806.661605834961
19941	1806.661605834961
19942	1781.2793254852295
19942	1781.2793254852295
19943	1606.8122386932373
19943	1606.8122386932373
19944	2476.341724395752
19944	2476.341724395752
19945	2182.457685470581
19945	2182.457685470581
19946	1882.950782775879
19946	1882.950782775879
19947	1929.231882095337
19947	1929.231882095337
19948	1892.9896354675293
19948	1892.9896354675293
19949	1657.9210758209229
19949	1657.9210758209229
19950	2592.06485748291
19950	2592.06485748291
19951	1780.3106307983398
19951	1780.3106307983398
19952	1870.4326152801514
19952	1870.4326152801514
19953	1776.9811153411865
19953	1776.9811153411865
19954	1747.9362487792969
19954	1747.9362487792969
19955	1787.1172428131104
19955	1787.1172428131104
19956	1890.6307220458984
19956	1890.6307220458984
19957	1929.2631149291992
19957	1929.2631149291992
19958	1749.61256980896
19958	1749.61256980896
19959	1540.1020050048828
19959	1540.1020050048828
19960	2554.1305541992188
19960	2554.1305541992188
19961	1787.1932983398438
19961	1787.1932983398438
19962	1718.0633544921875
19962	1718.0633544921875
19963	1806.483268737793
19963	1806.483268737793
19964	1945.460557937622
19964	1945.460557937622
19965	1788.9831066131592
19965	1788.9831066131592
19966	1639.3821239471436
19966	1639.3821239471436
19967	1684.2396259307861
19967	1684.2396259307861
19968	1668.379783630371
19968	1668.379783630371
19969	1621.8810081481934
19969	1621.8810081481934
19970	2268.427848815918
19970	2268.427848815918
19971	1483.5176467895508
19971	1483.5176467895508
19972	1539.1042232513428
19972	1539.1042232513428
19973	1386.8293762207031
19973	1386.8293762207031
19974	1875.492811203003
19974	1875.492811203003
19975	1486.283302307129
19975	1486.283302307129
19976	1566.1096572875977
19976	1566.1096572875977
19977	1721.4510440826416
19977	1721.4510440826416
19978	1744.513750076294
19978	1744.513750076294
19979	1647.6716995239258
19979	1647.6716995239258
19980	2710.977792739868
19980	2710.977792739868
19981	1836.3885879516602
19981	1836.3885879516602
19982	1862.6163005828857
19982	1862.6163005828857
19983	1790.3785705566406
19983	1790.3785705566406
19984	1747.3795413970947
19984	1747.3795413970947
19985	1631.3090324401855
19985	1631.3090324401855
19986	1909.9571704864502
19986	1909.9571704864502
19987	1768.2995796203613
19987	1768.2995796203613
19988	1769.2279815673828
19988	1769.2279815673828
19989	1763.859510421753
19989	1763.859510421753
19990	2532.1953296661377
19990	2532.1953296661377
19991	1649.0347385406494
19991	1649.0347385406494
19992	1739.5954132080078
19992	1739.5954132080078
19993	1709.4404697418213
19993	1709.4404697418213
19994	1635.026216506958
19994	1635.026216506958
19995	1753.9472579956055
19995	1753.9472579956055
19996	1823.502540588379
19996	1823.502540588379
19997	1687.6275539398193
19997	1687.6275539398193
19998	1663.6791229248047
19998	1663.6791229248047
19999	1802.7269840240479
19999	1802.7269840240479
