1	2.53337025642395
1	2.53337025642395
2	1.24712073802948
2	1.24712073802948
3	2.5571300983428955
3	2.5571300983428955
4	3.044217348098755
4	3.044217348098755
5	2.336912155151367
5	2.336912155151367
6	2.112783193588257
6	2.112783193588257
7	1.4500572681427002
7	1.4500572681427002
8	3.053804397583008
8	3.053804397583008
9	2.9594733715057373
9	2.9594733715057373
10	2.4092
10	2.7975125312805176
10	2.7975125312805176
11	1.563679814338684
11	1.563679814338684
12	2.01202130317688
12	2.01202130317688
13	2.070971727371216
13	2.070971727371216
14	2.028106689453125
14	2.028106689453125
15	2.591132164001465
15	2.591132164001465
16	1.7203598022460938
16	1.7203598022460938
17	2.022676944732666
17	2.022676944732666
18	1.422432541847229
18	1.422432541847229
19	1.4785501956939697
19	1.4785501956939697
20	1.86
20	1.6895759105682373
20	1.6895759105682373
21	1.2841953039169312
21	1.2841953039169312
22	1.8824890851974487
22	1.8824890851974487
23	2.045182228088379
23	2.045182228088379
24	1.8293678760528564
24	1.8293678760528564
25	1.6605356931686401
25	1.6605356931686401
26	1.653918743133545
26	1.653918743133545
27	1.16634202003479
27	1.16634202003479
28	1.4416016340255737
28	1.4416016340255737
29	1.7119505405426025
29	1.7119505405426025
30	1.6375
30	1.699316143989563
30	1.699316143989563
31	1.3767534494400024
31	1.3767534494400024
32	1.189874529838562
32	1.189874529838562
33	1.4351762533187866
33	1.4351762533187866
34	1.3238778114318848
34	1.3238778114318848
35	1.4806268215179443
35	1.4806268215179443
36	1.7733122110366821
36	1.7733122110366821
37	0.7245447635650635
37	0.7245447635650635
38	1.0875638723373413
38	1.0875638723373413
39	1.1196986436843872
39	1.1196986436843872
40	1.2637
40	1.1260091066360474
40	1.1260091066360474
41	0.8136590719223022
41	0.8136590719223022
42	1.7633790969848633
42	1.7633790969848633
43	0.8677262663841248
43	0.8677262663841248
44	1.843458652496338
44	1.843458652496338
45	1.0634169578552246
45	1.0634169578552246
46	1.1346368789672852
46	1.1346368789672852
47	1.1397475004196167
47	1.1397475004196167
48	1.4700509309768677
48	1.4700509309768677
49	1.559594988822937
49	1.559594988822937
50	1.28
50	1.1443778276443481
50	1.1443778276443481
51	1.397942304611206
51	1.397942304611206
52	1.3437573909759521
52	1.3437573909759521
53	1.1389943361282349
53	1.1389943361282349
54	1.2803516387939453
54	1.2803516387939453
55	0.8102778196334839
55	0.8102778196334839
56	1.074469804763794
56	1.074469804763794
57	1.5305997133255005
57	1.5305997133255005
58	1.342421293258667
58	1.342421293258667
59	0.8673504590988159
59	0.8673504590988159
60	1.2087
60	1.301047921180725
60	1.301047921180725
61	1.034367561340332
61	1.034367561340332
62	1.4211753606796265
62	1.4211753606796265
63	0.9276784658432007
63	0.9276784658432007
64	0.8277676105499268
64	0.8277676105499268
65	0.9636610746383667
65	0.9636610746383667
66	1.1986421346664429
66	1.1986421346664429
67	0.6115628480911255
67	0.6115628480911255
68	0.8243271112442017
68	0.8243271112442017
69	1.5364782810211182
69	1.5364782810211182
70	1.035
70	1.0041272640228271
70	1.0041272640228271
71	1.4396616220474243
71	1.4396616220474243
72	1.1104345321655273
72	1.1104345321655273
73	1.0655218362808228
73	1.0655218362808228
74	0.9964107871055603
74	0.9964107871055603
75	1.3493622541427612
75	1.3493622541427612
76	1.273287296295166
76	1.273287296295166
77	1.0347381830215454
77	1.0347381830215454
78	1.0483015775680542
78	1.0483015775680542
79	1.1687607765197754
79	1.1687607765197754
80	1.1517
80	1.030147671699524
80	1.030147671699524
81	1.0520453453063965
81	1.0520453453063965
82	1.211800456047058
82	1.211800456047058
83	0.9189263582229614
83	0.9189263582229614
84	1.0053093433380127
84	1.0053093433380127
85	1.1526139974594116
85	1.1526139974594116
86	1.44830322265625
86	1.44830322265625
87	1.192901849746704
87	1.192901849746704
88	1.0582616329193115
88	1.0582616329193115
89	0.7534925937652588
89	0.7534925937652588
90	1.0764
90	0.9702004194259644
90	0.9702004194259644
91	0.8690739274024963
91	0.8690739274024963
92	0.8506320118904114
92	0.8506320118904114
93	0.8305549621582031
93	0.8305549621582031
94	1.4259288311004639
94	1.4259288311004639
95	0.8007062673568726
95	0.8007062673568726
96	0.9504087567329407
96	0.9504087567329407
97	0.946404218673706
97	0.946404218673706
98	1.0572736263275146
98	1.0572736263275146
99	0.973352313041687
99	0.973352313041687
100	0.9685
100	0.9808040261268616
100	0.9808040261268616
101	1.0779223442077637
101	1.0779223442077637
102	1.0441635847091675
102	1.0441635847091675
103	1.1941571235656738
103	1.1941571235656738
104	1.0212022066116333
104	1.0212022066116333
105	0.9509948492050171
105	0.9509948492050171
106	1.0154428482055664
106	1.0154428482055664
107	1.0244135856628418
107	1.0244135856628418
108	1.1937925815582275
108	1.1937925815582275
109	0.9088093042373657
109	0.9088093042373657
110	1.0747
110	1.3157525062561035
110	1.3157525062561035
111	1.088611125946045
111	1.088611125946045
112	0.7733681797981262
112	0.7733681797981262
113	1.1412672996520996
113	1.1412672996520996
114	0.7452890276908875
114	0.7452890276908875
115	1.0421942472457886
115	1.0421942472457886
116	0.9278631210327148
116	0.9278631210327148
117	0.7473980188369751
117	0.7473980188369751
118	1.3572502136230469
118	1.3572502136230469
119	0.926444411277771
119	0.926444411277771
120	0.9338
120	0.5881496071815491
120	0.5881496071815491
121	0.8286784887313843
121	0.8286784887313843
122	0.873219907283783
122	0.873219907283783
123	0.9077993035316467
123	0.9077993035316467
124	1.1238874197006226
124	1.1238874197006226
125	1.1603751182556152
125	1.1603751182556152
126	0.5574373006820679
126	0.5574373006820679
127	0.9558407664299011
127	0.9558407664299011
128	1.1583956480026245
128	1.1583956480026245
129	0.9389892220497131
129	0.9389892220497131
130	0.9646
130	1.1417628526687622
130	1.1417628526687622
131	0.7347993850708008
131	0.7347993850708008
132	0.8733778595924377
132	0.8733778595924377
133	0.9322436451911926
133	0.9322436451911926
134	0.8486398458480835
134	0.8486398458480835
135	0.9501498937606812
135	0.9501498937606812
136	1.5160231590270996
136	1.5160231590270996
137	0.5613964200019836
137	0.5613964200019836
138	0.8610171675682068
138	0.8610171675682068
139	0.6229226589202881
139	0.6229226589202881
140	0.8948
140	1.0470901727676392
140	1.0470901727676392
141	0.9377292990684509
141	0.9377292990684509
142	0.698270857334137
142	0.698270857334137
143	0.6991408467292786
143	0.6991408467292786
144	0.7562470436096191
144	0.7562470436096191
145	0.8178412914276123
145	0.8178412914276123
146	0.9362598061561584
146	0.9362598061561584
147	0.871476411819458
147	0.871476411819458
148	0.9391159415245056
148	0.9391159415245056
149	0.8381171226501465
149	0.8381171226501465
150	0.836
150	0.8660542368888855
150	0.8660542368888855
151	0.6976725459098816
151	0.6976725459098816
152	0.7554944753646851
152	0.7554944753646851
153	1.0425385236740112
153	1.0425385236740112
154	0.983142614364624
154	0.983142614364624
155	0.9460344314575195
155	0.9460344314575195
156	0.9006074070930481
156	0.9006074070930481
157	1.2637125253677368
157	1.2637125253677368
158	1.2049803733825684
158	1.2049803733825684
159	0.8077703714370728
159	0.8077703714370728
160	0.9528
160	0.9258038997650146
160	0.9258038997650146
161	0.8511223793029785
161	0.8511223793029785
162	1.2921537160873413
162	1.2921537160873413
163	1.1301947832107544
163	1.1301947832107544
164	1.0542163848876953
164	1.0542163848876953
165	0.7376086115837097
165	0.7376086115837097
166	0.8711463212966919
166	0.8711463212966919
167	0.893429696559906
167	0.893429696559906
168	1.1522877216339111
168	1.1522877216339111
169	0.8342800736427307
169	0.8342800736427307
170	0.9694
170	0.8778685927391052
170	0.8778685927391052
171	0.8207064867019653
171	0.8207064867019653
172	0.7847315073013306
172	0.7847315073013306
173	1.0440337657928467
173	1.0440337657928467
174	0.9921842217445374
174	0.9921842217445374
175	0.7418091893196106
175	0.7418091893196106
176	1.2814053297042847
176	1.2814053297042847
177	0.7550304532051086
177	0.7550304532051086
178	0.7237590551376343
178	0.7237590551376343
179	0.8408905267715454
179	0.8408905267715454
180	0.8931
180	0.9466911554336548
180	0.9466911554336548
181	0.8215819597244263
181	0.8215819597244263
182	0.7734935283660889
182	0.7734935283660889
183	0.8764477968215942
183	0.8764477968215942
184	0.8510093688964844
184	0.8510093688964844
185	0.676540195941925
185	0.676540195941925
186	1.1667898893356323
186	1.1667898893356323
187	0.8648504018783569
187	0.8648504018783569
188	0.5237066745758057
188	0.5237066745758057
189	0.8613766431808472
189	0.8613766431808472
190	0.8593
190	1.1769218444824219
190	1.1769218444824219
191	1.021093487739563
191	1.021093487739563
192	0.732246994972229
192	0.732246994972229
193	0.8298390507698059
193	0.8298390507698059
194	0.9463775753974915
194	0.9463775753974915
195	0.9434539079666138
195	0.9434539079666138
196	0.8412710428237915
196	0.8412710428237915
197	0.8376630544662476
197	0.8376630544662476
198	0.7925010323524475
198	0.7925010323524475
199	0.7351715564727783
199	0.7351715564727783
200	0.8547
200	0.8676002025604248
200	0.8676002025604248
201	0.6748786568641663
201	0.6748786568641663
202	0.5884122848510742
202	0.5884122848510742
203	1.1085684299468994
203	1.1085684299468994
204	0.9215209484100342
204	0.9215209484100342
205	0.6602921485900879
205	0.6602921485900879
206	0.7987726330757141
206	0.7987726330757141
207	0.9735143184661865
207	0.9735143184661865
208	0.9907277822494507
208	0.9907277822494507
209	0.7664861083030701
209	0.7664861083030701
210	0.8237
210	0.7537527680397034
210	0.7537527680397034
211	0.8027505874633789
211	0.8027505874633789
212	0.9265632629394531
212	0.9265632629394531
213	0.7028422951698303
213	0.7028422951698303
214	0.8014456629753113
214	0.8014456629753113
215	0.7706208229064941
215	0.7706208229064941
216	1.0089225769042969
216	1.0089225769042969
217	0.8254821300506592
217	0.8254821300506592
218	0.76107257604599
218	0.76107257604599
219	0.7799267172813416
219	0.7799267172813416
220	0.8145
220	0.7658311128616333
220	0.7658311128616333
221	0.9958574771881104
221	0.9958574771881104
222	0.8645353317260742
222	0.8645353317260742
223	0.6662518978118896
223	0.6662518978118896
224	0.6440768241882324
224	0.6440768241882324
225	0.6439211964607239
225	0.6439211964607239
226	0.804392397403717
226	0.804392397403717
227	0.8926976919174194
227	0.8926976919174194
228	0.9128041863441467
228	0.9128041863441467
229	0.6711204648017883
229	0.6711204648017883
230	0.7801
230	0.7051417827606201
230	0.7051417827606201
231	0.7220083475112915
231	0.7220083475112915
232	0.7307244539260864
232	0.7307244539260864
233	0.8477364778518677
233	0.8477364778518677
234	1.075566053390503
234	1.075566053390503
235	0.6768711805343628
235	0.6768711805343628
236	0.9742599725723267
236	0.9742599725723267
237	0.8719159364700317
237	0.8719159364700317
238	0.8947447538375854
238	0.8947447538375854
239	0.7345647811889648
239	0.7345647811889648
240	0.8288
240	0.7592623233795166
240	0.7592623233795166
241	0.7807453274726868
241	0.7807453274726868
242	0.7360987663269043
242	0.7360987663269043
243	0.9814563393592834
243	0.9814563393592834
244	0.7144384980201721
244	0.7144384980201721
245	0.7692240476608276
245	0.7692240476608276
246	0.8732013702392578
246	0.8732013702392578
247	0.8209867477416992
247	0.8209867477416992
248	0.7517355680465698
248	0.7517355680465698
249	0.653927743434906
249	0.653927743434906
250	0.7645
250	0.5633319616317749
250	0.5633319616317749
251	0.6878477334976196
251	0.6878477334976196
252	0.9156787991523743
252	0.9156787991523743
253	0.8202719688415527
253	0.8202719688415527
254	0.7702935338020325
254	0.7702935338020325
255	0.7004058957099915
255	0.7004058957099915
256	1.083289623260498
256	1.083289623260498
257	0.8990928530693054
257	0.8990928530693054
258	0.8344107866287231
258	0.8344107866287231
259	0.749243974685669
259	0.749243974685669
260	0.842
260	0.9598661661148071
260	0.9598661661148071
261	0.7577059864997864
261	0.7577059864997864
262	0.7515552043914795
262	0.7515552043914795
263	0.8335850834846497
263	0.8335850834846497
264	0.5445662140846252
264	0.5445662140846252
265	0.7459069490432739
265	0.7459069490432739
266	0.6787016987800598
266	0.6787016987800598
267	0.9587113261222839
267	0.9587113261222839
268	0.714719831943512
268	0.714719831943512
269	0.7884416580200195
269	0.7884416580200195
270	0.7436
270	0.6625760197639465
270	0.6625760197639465
271	0.5888379812240601
271	0.5888379812240601
272	0.7453601360321045
272	0.7453601360321045
273	0.7806967496871948
273	0.7806967496871948
274	0.8985695838928223
274	0.8985695838928223
275	0.9294012784957886
275	0.9294012784957886
276	0.6891092658042908
276	0.6891092658042908
277	0.7758588194847107
277	0.7758588194847107
278	0.8591577410697937
278	0.8591577410697937
279	1.0321286916732788
279	1.0321286916732788
280	0.7982
280	0.6833329796791077
280	0.6833329796791077
281	0.895492434501648
281	0.895492434501648
282	0.7928864359855652
282	0.7928864359855652
283	0.5992815494537354
283	0.5992815494537354
284	0.6445112824440002
284	0.6445112824440002
285	0.8801630735397339
285	0.8801630735397339
286	0.889881432056427
286	0.889881432056427
287	0.735851526260376
287	0.735851526260376
288	0.790947675704956
288	0.790947675704956
289	0.6327941417694092
289	0.6327941417694092
290	0.7756
290	0.8946601152420044
290	0.8946601152420044
291	0.8112304210662842
291	0.8112304210662842
292	0.7456802129745483
292	0.7456802129745483
293	0.5765076279640198
293	0.5765076279640198
294	0.625868558883667
294	0.625868558883667
295	0.8516041040420532
295	0.8516041040420532
296	0.7179597616195679
296	0.7179597616195679
297	0.8190955519676208
297	0.8190955519676208
298	1.0660840272903442
298	1.0660840272903442
299	1.0699090957641602
299	1.0699090957641602
300	0.7901
300	0.6172627210617065
300	0.6172627210617065
301	0.8081123232841492
301	0.8081123232841492
302	0.8016014695167542
302	0.8016014695167542
303	0.7443599104881287
303	0.7443599104881287
304	0.7310025691986084
304	0.7310025691986084
305	0.709307849407196
305	0.709307849407196
306	1.019594669342041
306	1.019594669342041
307	0.8334587812423706
307	0.8334587812423706
308	0.8623272776603699
308	0.8623272776603699
309	0.5675186514854431
309	0.5675186514854431
310	0.7716
310	0.639091968536377
310	0.639091968536377
311	0.8881747722625732
311	0.8881747722625732
312	0.75726318359375
312	0.75726318359375
313	0.6159922480583191
313	0.6159922480583191
314	0.7057793140411377
314	0.7057793140411377
315	0.6910209655761719
315	0.6910209655761719
316	0.6903389692306519
316	0.6903389692306519
317	0.8471043109893799
317	0.8471043109893799
318	0.9520336985588074
318	0.9520336985588074
319	0.7692208886146545
319	0.7692208886146545
320	0.7576
320	0.6592832207679749
320	0.6592832207679749
321	0.893752932548523
321	0.893752932548523
322	0.6548520922660828
322	0.6548520922660828
323	0.7989478707313538
323	0.7989478707313538
324	0.8589884042739868
324	0.8589884042739868
325	0.8403410315513611
325	0.8403410315513611
326	0.8919926881790161
326	0.8919926881790161
327	1.0005698204040527
327	1.0005698204040527
328	0.6490712761878967
328	0.6490712761878967
329	0.7771567106246948
329	0.7771567106246948
330	0.8259
330	0.8934735655784607
330	0.8934735655784607
331	0.8175290822982788
331	0.8175290822982788
332	0.7563211917877197
332	0.7563211917877197
333	0.7262266278266907
333	0.7262266278266907
334	0.7375693917274475
334	0.7375693917274475
335	0.719059407711029
335	0.719059407711029
336	0.977566659450531
336	0.977566659450531
337	0.9746062755584717
337	0.9746062755584717
338	0.8625048398971558
338	0.8625048398971558
339	0.7113845944404602
339	0.7113845944404602
340	0.7872
340	0.5893511772155762
340	0.5893511772155762
341	0.7813606262207031
341	0.7813606262207031
342	0.9134483933448792
342	0.9134483933448792
343	0.6773755550384521
343	0.6773755550384521
344	0.8898499608039856
344	0.8898499608039856
345	0.6810736656188965
345	0.6810736656188965
346	0.6068662405014038
346	0.6068662405014038
347	0.6419702768325806
347	0.6419702768325806
348	0.6169279217720032
348	0.6169279217720032
349	0.8211552500724792
349	0.8211552500724792
350	0.7359
350	0.7286279797554016
350	0.7286279797554016
351	0.694636881351471
351	0.694636881351471
352	0.8622143268585205
352	0.8622143268585205
353	0.6717106103897095
353	0.6717106103897095
354	0.6633894443511963
354	0.6633894443511963
355	0.6391851305961609
355	0.6391851305961609
356	0.8136387467384338
356	0.8136387467384338
357	0.5683208703994751
357	0.5683208703994751
358	0.6271069049835205
358	0.6271069049835205
359	0.9449287056922913
359	0.9449287056922913
360	0.7126
360	0.6413390636444092
360	0.6413390636444092
361	0.7364295721054077
361	0.7364295721054077
362	0.7071003913879395
362	0.7071003913879395
363	0.726894199848175
363	0.726894199848175
364	0.853513777256012
364	0.853513777256012
365	0.7425826787948608
365	0.7425826787948608
366	0.8466468453407288
366	0.8466468453407288
367	0.8498799800872803
367	0.8498799800872803
368	0.5965144038200378
368	0.5965144038200378
369	0.6357762217521667
369	0.6357762217521667
370	0.7311
370	0.6158806681632996
370	0.6158806681632996
371	0.8715498447418213
371	0.8715498447418213
372	0.7686468958854675
372	0.7686468958854675
373	0.5208665132522583
373	0.5208665132522583
374	0.589203417301178
374	0.589203417301178
375	0.674808919429779
375	0.674808919429779
376	0.7676513195037842
376	0.7676513195037842
377	0.5496904850006104
377	0.5496904850006104
378	0.5880356431007385
378	0.5880356431007385
379	0.5396865606307983
379	0.5396865606307983
380	0.6605
380	0.7353305816650391
380	0.7353305816650391
381	0.713775098323822
381	0.713775098323822
382	0.7443857192993164
382	0.7443857192993164
383	0.9360918998718262
383	0.9360918998718262
384	0.8579689264297485
384	0.8579689264297485
385	0.7670416831970215
385	0.7670416831970215
386	0.5552000999450684
386	0.5552000999450684
387	0.581220805644989
387	0.581220805644989
388	0.8572574853897095
388	0.8572574853897095
389	0.6589555144309998
389	0.6589555144309998
390	0.7334
390	0.662525475025177
390	0.662525475025177
391	0.7870986461639404
391	0.7870986461639404
392	0.8675750494003296
392	0.8675750494003296
393	0.7538817524909973
393	0.7538817524909973
394	0.7000099420547485
394	0.7000099420547485
395	0.7422648668289185
395	0.7422648668289185
396	0.5705145597457886
396	0.5705145597457886
397	0.8659154176712036
397	0.8659154176712036
398	0.6705640554428101
398	0.6705640554428101
399	0.6738705635070801
399	0.6738705635070801
400	0.7363
400	0.7316335439682007
400	0.7316335439682007
401	0.6951819658279419
401	0.6951819658279419
402	0.6075582504272461
402	0.6075582504272461
403	0.5603640079498291
403	0.5603640079498291
404	0.646355926990509
404	0.646355926990509
405	0.7413364052772522
405	0.7413364052772522
406	0.6901818513870239
406	0.6901818513870239
407	0.5170084238052368
407	0.5170084238052368
408	0.690701425075531
408	0.690701425075531
409	0.6424857378005981
409	0.6424857378005981
410	0.6483
410	0.6914417743682861
410	0.6914417743682861
411	0.7583746314048767
411	0.7583746314048767
412	0.7223965525627136
412	0.7223965525627136
413	0.6138281226158142
413	0.6138281226158142
414	0.8129276633262634
414	0.8129276633262634
415	0.6882889866828918
415	0.6882889866828918
416	0.7146309018135071
416	0.7146309018135071
417	0.5438917875289917
417	0.5438917875289917
418	0.6294214725494385
418	0.6294214725494385
419	0.5986116528511047
419	0.5986116528511047
420	0.6841
420	0.7582142949104309
420	0.7582142949104309
421	0.7420946359634399
421	0.7420946359634399
422	0.864494800567627
422	0.864494800567627
423	0.5588803291320801
423	0.5588803291320801
424	0.8527735471725464
424	0.8527735471725464
425	0.8617928624153137
425	0.8617928624153137
426	0.6534736156463623
426	0.6534736156463623
427	1.0137535333633423
427	1.0137535333633423
428	0.7796461582183838
428	0.7796461582183838
429	0.7162113189697266
429	0.7162113189697266
430	0.7808
430	0.764498233795166
430	0.764498233795166
431	0.7238122224807739
431	0.7238122224807739
432	0.5611121654510498
432	0.5611121654510498
433	0.7515479922294617
433	0.7515479922294617
434	0.6362332701683044
434	0.6362332701683044
435	1.196946382522583
435	1.196946382522583
436	0.8055672645568848
436	0.8055672645568848
437	0.6545025706291199
437	0.6545025706291199
438	0.8324475288391113
438	0.8324475288391113
439	0.7315150499343872
439	0.7315150499343872
440	0.7694
440	0.7998830676078796
440	0.7998830676078796
441	0.5582898259162903
441	0.5582898259162903
442	0.6836093068122864
442	0.6836093068122864
443	0.5722306370735168
443	0.5722306370735168
444	0.6453021168708801
444	0.6453021168708801
445	0.8241629600524902
445	0.8241629600524902
446	0.6920419931411743
446	0.6920419931411743
447	0.6914770603179932
447	0.6914770603179932
448	0.8389000296592712
448	0.8389000296592712
449	0.6554281115531921
449	0.6554281115531921
450	0.6805
450	0.6430835723876953
450	0.6430835723876953
451	0.7794315218925476
451	0.7794315218925476
452	0.5658004283905029
452	0.5658004283905029
453	0.480898380279541
453	0.480898380279541
454	0.7379936575889587
454	0.7379936575889587
455	0.9524181485176086
455	0.9524181485176086
456	0.8066594004631042
456	0.8066594004631042
457	0.4381215572357178
457	0.4381215572357178
458	0.7094824910163879
458	0.7094824910163879
459	0.6095165014266968
459	0.6095165014266968
460	0.702
460	0.9399100542068481
460	0.9399100542068481
461	0.9157379269599915
461	0.9157379269599915
462	0.6885693669319153
462	0.6885693669319153
463	0.7911379933357239
463	0.7911379933357239
464	0.5495821237564087
464	0.5495821237564087
465	0.536929190158844
465	0.536929190158844
466	0.7637832760810852
466	0.7637832760810852
467	0.6664372086524963
467	0.6664372086524963
468	0.6720302104949951
468	0.6720302104949951
469	0.5570071339607239
469	0.5570071339607239
470	0.6852
470	0.7106148600578308
470	0.7106148600578308
471	0.8200448751449585
471	0.8200448751449585
472	0.7302126884460449
472	0.7302126884460449
473	0.6782044172286987
473	0.6782044172286987
474	0.8582596182823181
474	0.8582596182823181
475	0.7849040031433105
475	0.7849040031433105
476	0.7069940567016602
476	0.7069940567016602
477	0.7882352471351624
477	0.7882352471351624
478	0.7381459474563599
478	0.7381459474563599
479	0.6230847239494324
479	0.6230847239494324
480	0.7344
480	0.6162045001983643
480	0.6162045001983643
481	0.6491116881370544
481	0.6491116881370544
482	0.6574763655662537
482	0.6574763655662537
483	0.7355056405067444
483	0.7355056405067444
484	0.6261535286903381
484	0.6261535286903381
485	0.6953381896018982
485	0.6953381896018982
486	0.703859806060791
486	0.703859806060791
487	0.789940595626831
487	0.789940595626831
488	0.5963089466094971
488	0.5963089466094971
489	0.5989186763763428
489	0.5989186763763428
490	0.6696
490	0.6431625485420227
490	0.6431625485420227
491	0.8519204258918762
491	0.8519204258918762
492	0.5774862766265869
492	0.5774862766265869
493	0.61709064245224
493	0.61709064245224
494	0.7994592189788818
494	0.7994592189788818
495	0.7585349082946777
495	0.7585349082946777
496	0.7229593992233276
496	0.7229593992233276
497	0.6603266000747681
497	0.6603266000747681
498	0.5364379286766052
498	0.5364379286766052
499	0.6517355442047119
499	0.6517355442047119
500	0.6768
500	0.5916939377784729
500	0.5916939377784729
501	1.0306357145309448
501	1.0306357145309448
502	0.5132398009300232
502	0.5132398009300232
503	0.8999428749084473
503	0.8999428749084473
504	0.7218534350395203
504	0.7218534350395203
505	0.5804943442344666
505	0.5804943442344666
506	0.6251590251922607
506	0.6251590251922607
507	0.6530320048332214
507	0.6530320048332214
508	0.6814113855361938
508	0.6814113855361938
509	0.5921247601509094
509	0.5921247601509094
510	0.6987
510	0.6894472241401672
510	0.6894472241401672
511	0.5497162938117981
511	0.5497162938117981
512	0.6468005180358887
512	0.6468005180358887
513	0.8166043758392334
513	0.8166043758392334
514	0.6816297769546509
514	0.6816297769546509
515	0.5358696579933167
515	0.5358696579933167
516	0.7033258676528931
516	0.7033258676528931
517	0.5760844945907593
517	0.5760844945907593
518	0.9874961972236633
518	0.9874961972236633
519	0.6052453517913818
519	0.6052453517913818
520	0.666
520	0.556814968585968
520	0.556814968585968
521	0.7281837463378906
521	0.7281837463378906
522	0.8195136785507202
522	0.8195136785507202
523	0.7833384275436401
523	0.7833384275436401
524	0.6354484558105469
524	0.6354484558105469
525	0.6556535959243774
525	0.6556535959243774
526	0.6652193069458008
526	0.6652193069458008
527	0.6353631615638733
527	0.6353631615638733
528	0.6362538933753967
528	0.6362538933753967
529	0.5853918790817261
529	0.5853918790817261
530	0.6667
530	0.5227137207984924
530	0.5227137207984924
531	0.8037480711936951
531	0.8037480711936951
532	0.753231406211853
532	0.753231406211853
533	0.5519208908081055
533	0.5519208908081055
534	0.6066787838935852
534	0.6066787838935852
535	0.6700844764709473
535	0.6700844764709473
536	0.7089493274688721
536	0.7089493274688721
537	0.743518590927124
537	0.743518590927124
538	0.6486119031906128
538	0.6486119031906128
539	0.7911155819892883
539	0.7911155819892883
540	0.6969
540	0.6906970739364624
540	0.6906970739364624
541	0.6659765243530273
541	0.6659765243530273
542	0.9358232617378235
542	0.9358232617378235
543	0.5479052662849426
543	0.5479052662849426
544	0.788177490234375
544	0.788177490234375
545	0.6189606785774231
545	0.6189606785774231
546	0.650529146194458
546	0.650529146194458
547	0.6145967841148376
547	0.6145967841148376
548	0.7559264898300171
548	0.7559264898300171
549	0.8502652645111084
549	0.8502652645111084
550	0.7176
550	0.7478699684143066
550	0.7478699684143066
551	0.5298160910606384
551	0.5298160910606384
552	0.662786602973938
552	0.662786602973938
553	0.565900981426239
553	0.565900981426239
554	0.7162600755691528
554	0.7162600755691528
555	0.5486069321632385
555	0.5486069321632385
556	0.9502997994422913
556	0.9502997994422913
557	0.8043814301490784
557	0.8043814301490784
558	0.7353535890579224
558	0.7353535890579224
559	0.6812578439712524
559	0.6812578439712524
560	0.6873
560	0.6780374646186829
560	0.6780374646186829
561	0.5112300515174866
561	0.5112300515174866
562	0.6922202110290527
562	0.6922202110290527
563	0.7171871066093445
563	0.7171871066093445
564	0.6723736524581909
564	0.6723736524581909
565	0.8218505382537842
565	0.8218505382537842
566	0.5447150468826294
566	0.5447150468826294
567	0.7387966513633728
567	0.7387966513633728
568	0.6081016659736633
568	0.6081016659736633
569	0.7331253886222839
569	0.7331253886222839
570	0.6586
570	0.5462563633918762
570	0.5462563633918762
571	0.807937502861023
571	0.807937502861023
572	0.5580905079841614
572	0.5580905079841614
573	0.8429521322250366
573	0.8429521322250366
574	0.5990333557128906
574	0.5990333557128906
575	0.601844310760498
575	0.601844310760498
576	0.6517565250396729
576	0.6517565250396729
577	0.793670654296875
577	0.793670654296875
578	0.6432491540908813
578	0.6432491540908813
579	0.7433647513389587
579	0.7433647513389587
580	0.6919
580	0.6775667071342468
580	0.6775667071342468
581	0.5258826017379761
581	0.5258826017379761
582	0.7726048827171326
582	0.7726048827171326
583	0.5965245962142944
583	0.5965245962142944
584	0.8342328667640686
584	0.8342328667640686
585	0.8035095930099487
585	0.8035095930099487
586	0.6501931548118591
586	0.6501931548118591
587	0.564740777015686
587	0.564740777015686
588	0.5631510019302368
588	0.5631510019302368
589	0.736763060092926
589	0.736763060092926
590	0.6627
590	0.5798303484916687
590	0.5798303484916687
591	0.7323976755142212
591	0.7323976755142212
592	0.5356703996658325
592	0.5356703996658325
593	0.769000232219696
593	0.769000232219696
594	0.6378127932548523
594	0.6378127932548523
595	0.5680298805236816
595	0.5680298805236816
596	0.6083263158798218
596	0.6083263158798218
597	0.5914347767829895
597	0.5914347767829895
598	0.632297694683075
598	0.632297694683075
599	0.49525153636932373
599	0.49525153636932373
600	0.6242
600	0.6718050837516785
600	0.6718050837516785
601	0.7597656846046448
601	0.7597656846046448
602	0.647019624710083
602	0.647019624710083
603	0.6562607884407043
603	0.6562607884407043
604	0.8279726505279541
604	0.8279726505279541
605	0.7266762852668762
605	0.7266762852668762
606	0.737480640411377
606	0.737480640411377
607	0.7259541153907776
607	0.7259541153907776
608	0.7402531504631042
608	0.7402531504631042
609	0.5616032481193542
609	0.5616032481193542
610	0.7158
610	0.7745945453643799
610	0.7745945453643799
611	0.5604332089424133
611	0.5604332089424133
612	0.744724452495575
612	0.744724452495575
613	0.5978726148605347
613	0.5978726148605347
614	0.6525483727455139
614	0.6525483727455139
615	0.7022870779037476
615	0.7022870779037476
616	0.6484782695770264
616	0.6484782695770264
617	0.5878670811653137
617	0.5878670811653137
618	0.666864275932312
618	0.666864275932312
619	0.6382837891578674
619	0.6382837891578674
620	0.6475
620	0.6755882501602173
620	0.6755882501602173
621	0.727999746799469
621	0.727999746799469
622	0.7204059958457947
622	0.7204059958457947
623	0.6392998099327087
623	0.6392998099327087
624	0.6824918389320374
624	0.6824918389320374
625	0.427255779504776
625	0.427255779504776
626	0.6012401580810547
626	0.6012401580810547
627	0.6381839513778687
627	0.6381839513778687
628	0.6209836602210999
628	0.6209836602210999
629	0.7269384860992432
629	0.7269384860992432
630	0.6599
630	0.8138276934623718
630	0.8138276934623718
631	0.7414863705635071
631	0.7414863705635071
632	0.5620459914207458
632	0.5620459914207458
633	0.814154863357544
633	0.814154863357544
634	0.5258048176765442
634	0.5258048176765442
635	0.5286418199539185
635	0.5286418199539185
636	0.6251622438430786
636	0.6251622438430786
637	0.4920591115951538
637	0.4920591115951538
638	0.6905825138092041
638	0.6905825138092041
639	0.594325840473175
639	0.594325840473175
640	0.6371
640	0.7970184087753296
640	0.7970184087753296
641	0.6058170795440674
641	0.6058170795440674
642	0.7992969751358032
642	0.7992969751358032
643	0.6403263807296753
643	0.6403263807296753
644	0.6409904360771179
644	0.6409904360771179
645	0.8393181562423706
645	0.8393181562423706
646	0.6954166293144226
646	0.6954166293144226
647	0.7254101634025574
647	0.7254101634025574
648	0.5171696543693542
648	0.5171696543693542
649	0.7136430740356445
649	0.7136430740356445
650	0.674
650	0.5622371435165405
650	0.5622371435165405
651	0.7112189531326294
651	0.7112189531326294
652	0.6743643283843994
652	0.6743643283843994
653	0.8350187540054321
653	0.8350187540054321
654	0.6410817503929138
654	0.6410817503929138
655	0.5895116925239563
655	0.5895116925239563
656	0.6363778114318848
656	0.6363778114318848
657	0.6704126596450806
657	0.6704126596450806
658	0.6402169466018677
658	0.6402169466018677
659	0.5544608235359192
659	0.5544608235359192
660	0.657
660	0.6176807284355164
660	0.6176807284355164
661	0.614902913570404
661	0.614902913570404
662	0.6603395938873291
662	0.6603395938873291
663	0.558969259262085
663	0.558969259262085
664	0.6859105825424194
664	0.6859105825424194
665	0.6638078689575195
665	0.6638078689575195
666	0.6189784407615662
666	0.6189784407615662
667	0.60982745885849
667	0.60982745885849
668	0.6802653670310974
668	0.6802653670310974
669	0.9392744898796082
669	0.9392744898796082
670	0.6786
670	0.7533731460571289
670	0.7533731460571289
671	0.571308970451355
671	0.571308970451355
672	0.7506747245788574
672	0.7506747245788574
673	0.7476630806922913
673	0.7476630806922913
674	0.6114579439163208
674	0.6114579439163208
675	0.6532533764839172
675	0.6532533764839172
676	0.5695645809173584
676	0.5695645809173584
677	0.6734867095947266
677	0.6734867095947266
678	0.5005831122398376
678	0.5005831122398376
679	0.751224935054779
679	0.751224935054779
680	0.6502
680	0.672519862651825
680	0.672519862651825
681	0.4565178155899048
681	0.4565178155899048
682	0.5829781293869019
682	0.5829781293869019
683	0.7041230797767639
683	0.7041230797767639
684	0.5434591770172119
684	0.5434591770172119
685	0.641473650932312
685	0.641473650932312
686	0.7906389236450195
686	0.7906389236450195
687	0.5627432465553284
687	0.5627432465553284
688	0.7802726030349731
688	0.7802726030349731
689	0.6085580587387085
689	0.6085580587387085
690	0.6267
690	0.5957820415496826
690	0.5957820415496826
691	0.7343801259994507
691	0.7343801259994507
692	0.5162548422813416
692	0.5162548422813416
693	0.4161069989204407
693	0.4161069989204407
694	0.6119508743286133
694	0.6119508743286133
695	0.5376660823822021
695	0.5376660823822021
696	0.7753041386604309
696	0.7753041386604309
697	0.6904646158218384
697	0.6904646158218384
698	0.5885339379310608
698	0.5885339379310608
699	0.7152992486953735
699	0.7152992486953735
700	0.62
700	0.6135948896408081
700	0.6135948896408081
701	0.5251813530921936
701	0.5251813530921936
702	0.7729002237319946
702	0.7729002237319946
703	0.6087630391120911
703	0.6087630391120911
704	0.7045641541481018
704	0.7045641541481018
705	0.6186964511871338
705	0.6186964511871338
706	0.6241706609725952
706	0.6241706609725952
707	0.5836343765258789
707	0.5836343765258789
708	0.4621093273162842
708	0.4621093273162842
709	0.5170549154281616
709	0.5170549154281616
710	0.6071
710	0.6541308164596558
710	0.6541308164596558
711	0.7609987258911133
711	0.7609987258911133
712	0.6645773649215698
712	0.6645773649215698
713	0.5118504166603088
713	0.5118504166603088
714	0.7624449729919434
714	0.7624449729919434
715	0.6348413825035095
715	0.6348413825035095
716	0.7269944548606873
716	0.7269944548606873
717	0.6528022289276123
717	0.6528022289276123
718	0.6106030941009521
718	0.6106030941009521
719	0.5390508770942688
719	0.5390508770942688
720	0.6657
720	0.7924246191978455
720	0.7924246191978455
721	0.6455252170562744
721	0.6455252170562744
722	0.5915210843086243
722	0.5915210843086243
723	0.5647175908088684
723	0.5647175908088684
724	0.7019658088684082
724	0.7019658088684082
725	0.5579495429992676
725	0.5579495429992676
726	0.6146852374076843
726	0.6146852374076843
727	0.6774137020111084
727	0.6774137020111084
728	0.47984760999679565
728	0.47984760999679565
729	0.6380277872085571
729	0.6380277872085571
730	0.611
730	0.6387737989425659
730	0.6387737989425659
731	0.7380551099777222
731	0.7380551099777222
732	0.9077795147895813
732	0.9077795147895813
733	0.48440077900886536
733	0.48440077900886536
734	0.6119940280914307
734	0.6119940280914307
735	0.7148018479347229
735	0.7148018479347229
736	0.6463043689727783
736	0.6463043689727783
737	0.6957154870033264
737	0.6957154870033264
738	0.6442314982414246
738	0.6442314982414246
739	0.7017847299575806
739	0.7017847299575806
740	0.6912
740	0.767007052898407
740	0.767007052898407
741	0.5423732995986938
741	0.5423732995986938
742	0.6151109933853149
742	0.6151109933853149
743	0.8010196089744568
743	0.8010196089744568
744	0.6091133952140808
744	0.6091133952140808
745	0.6376140117645264
745	0.6376140117645264
746	0.5119719505310059
746	0.5119719505310059
747	0.7565290927886963
747	0.7565290927886963
748	0.6624449491500854
748	0.6624449491500854
749	0.6828871965408325
749	0.6828871965408325
750	0.6397
750	0.5779366493225098
750	0.5779366493225098
751	0.6783132553100586
751	0.6783132553100586
752	0.8575032353401184
752	0.8575032353401184
753	0.5205637812614441
753	0.5205637812614441
754	0.590096116065979
754	0.590096116065979
755	0.7009193897247314
755	0.7009193897247314
756	0.4069206714630127
756	0.4069206714630127
757	0.7034339308738708
757	0.7034339308738708
758	0.7463831305503845
758	0.7463831305503845
759	0.6783517599105835
759	0.6783517599105835
760	0.6498
760	0.6152727603912354
760	0.6152727603912354
761	0.48462775349617004
761	0.48462775349617004
762	0.687980055809021
762	0.687980055809021
763	0.6961271166801453
763	0.6961271166801453
764	0.6463894844055176
764	0.6463894844055176
765	0.6166252493858337
765	0.6166252493858337
766	0.7306733727455139
766	0.7306733727455139
767	0.6858237981796265
767	0.6858237981796265
768	0.7013849020004272
768	0.7013849020004272
769	0.6130432486534119
769	0.6130432486534119
770	0.6634
770	0.7710168957710266
770	0.7710168957710266
771	0.45717155933380127
771	0.45717155933380127
772	0.5874409675598145
772	0.5874409675598145
773	0.6914463639259338
773	0.6914463639259338
774	0.7152431011199951
774	0.7152431011199951
775	0.726355791091919
775	0.726355791091919
776	0.7282478213310242
776	0.7282478213310242
777	0.7378983497619629
777	0.7378983497619629
778	0.6728246808052063
778	0.6728246808052063
779	0.6457012891769409
779	0.6457012891769409
780	0.6575
780	0.6126722097396851
780	0.6126722097396851
781	0.5423516035079956
781	0.5423516035079956
782	0.5028727650642395
782	0.5028727650642395
783	0.5157486796379089
783	0.5157486796379089
784	0.705221951007843
784	0.705221951007843
785	0.7764553427696228
785	0.7764553427696228
786	0.6671248078346252
786	0.6671248078346252
787	0.8045205473899841
787	0.8045205473899841
788	0.6037061214447021
788	0.6037061214447021
789	0.6709314584732056
789	0.6709314584732056
790	0.636
790	0.5708692669868469
790	0.5708692669868469
791	0.6057270169258118
791	0.6057270169258118
792	0.5913985371589661
792	0.5913985371589661
793	0.5581217408180237
793	0.5581217408180237
794	0.8057550191879272
794	0.8057550191879272
795	0.6153953671455383
795	0.6153953671455383
796	0.7546989917755127
796	0.7546989917755127
797	0.4669053256511688
797	0.4669053256511688
798	0.5726080536842346
798	0.5726080536842346
799	0.6644748449325562
799	0.6644748449325562
800	0.6379
800	0.7441717386245728
800	0.7441717386245728
801	0.5744954347610474
801	0.5744954347610474
802	0.6406373977661133
802	0.6406373977661133
803	0.6278281211853027
803	0.6278281211853027
804	0.5221152901649475
804	0.5221152901649475
805	0.5880847573280334
805	0.5880847573280334
806	0.5682328939437866
806	0.5682328939437866
807	0.7647853493690491
807	0.7647853493690491
808	0.4604906439781189
808	0.4604906439781189
809	0.7417128086090088
809	0.7417128086090088
810	0.6008
810	0.5191785097122192
810	0.5191785097122192
811	0.6096152067184448
811	0.6096152067184448
812	0.4987514317035675
812	0.4987514317035675
813	0.6096991300582886
813	0.6096991300582886
814	0.5491004586219788
814	0.5491004586219788
815	0.62225341796875
815	0.62225341796875
816	0.6875174045562744
816	0.6875174045562744
817	0.6919388175010681
817	0.6919388175010681
818	0.5478891730308533
818	0.5478891730308533
819	0.3352304697036743
819	0.3352304697036743
820	0.5597
820	0.44539594650268555
820	0.44539594650268555
821	0.5522295832633972
821	0.5522295832633972
822	0.7479400038719177
822	0.7479400038719177
823	0.6140136122703552
823	0.6140136122703552
824	0.4850286841392517
824	0.4850286841392517
825	0.6943221688270569
825	0.6943221688270569
826	0.5222508311271667
826	0.5222508311271667
827	0.5488102436065674
827	0.5488102436065674
828	0.3886664807796478
828	0.3886664807796478
829	0.5238982439041138
829	0.5238982439041138
830	0.5623
830	0.5463305711746216
830	0.5463305711746216
831	0.5842713117599487
831	0.5842713117599487
832	0.6666146516799927
832	0.6666146516799927
833	0.5648688077926636
833	0.5648688077926636
834	0.6429697275161743
834	0.6429697275161743
835	0.731017529964447
835	0.731017529964447
836	0.5683397650718689
836	0.5683397650718689
837	0.7373629212379456
837	0.7373629212379456
838	0.45957624912261963
838	0.45957624912261963
839	0.7294778823852539
839	0.7294778823852539
840	0.6298
840	0.6139433979988098
840	0.6139433979988098
841	0.7271660566329956
841	0.7271660566329956
842	0.7894541025161743
842	0.7894541025161743
843	0.69591224193573
843	0.69591224193573
844	0.5374168753623962
844	0.5374168753623962
845	0.6528757214546204
845	0.6528757214546204
846	0.7534109354019165
846	0.7534109354019165
847	0.6461195945739746
847	0.6461195945739746
848	0.5786961317062378
848	0.5786961317062378
849	0.6685130000114441
849	0.6685130000114441
850	0.6761
850	0.7114325761795044
850	0.7114325761795044
851	0.6224316358566284
851	0.6224316358566284
852	0.8857098817825317
852	0.8857098817825317
853	0.7059833407402039
853	0.7059833407402039
854	0.5621722936630249
854	0.5621722936630249
855	0.6189536452293396
855	0.6189536452293396
856	0.6508713364601135
856	0.6508713364601135
857	0.7197759747505188
857	0.7197759747505188
858	0.567689061164856
858	0.567689061164856
859	0.8244678974151611
859	0.8244678974151611
860	0.6819
860	0.6610124707221985
860	0.6610124707221985
861	0.4719943106174469
861	0.4719943106174469
862	0.6781283020973206
862	0.6781283020973206
863	0.5058643221855164
863	0.5058643221855164
864	0.6972987651824951
864	0.6972987651824951
865	0.5321048498153687
865	0.5321048498153687
866	0.6618700623512268
866	0.6618700623512268
867	0.5472966432571411
867	0.5472966432571411
868	0.4886533319950104
868	0.4886533319950104
869	0.5717417001724243
869	0.5717417001724243
870	0.5622
870	0.466713011264801
870	0.466713011264801
871	0.555885374546051
871	0.555885374546051
872	0.6502553224563599
872	0.6502553224563599
873	0.5431464314460754
873	0.5431464314460754
874	0.6631316542625427
874	0.6631316542625427
875	0.5950226783752441
875	0.5950226783752441
876	0.6056926846504211
876	0.6056926846504211
877	0.4674421548843384
877	0.4674421548843384
878	0.6300394535064697
878	0.6300394535064697
879	0.6092668771743774
879	0.6092668771743774
880	0.5867
880	0.547060489654541
880	0.547060489654541
881	0.6583961844444275
881	0.6583961844444275
882	0.5843590497970581
882	0.5843590497970581
883	0.6263646483421326
883	0.6263646483421326
884	0.545057475566864
884	0.545057475566864
885	0.6087260246276855
885	0.6087260246276855
886	0.49744561314582825
886	0.49744561314582825
887	0.7034328579902649
887	0.7034328579902649
888	0.5421563982963562
888	0.5421563982963562
889	0.6574169397354126
889	0.6574169397354126
890	0.5962
890	0.5384038090705872
890	0.5384038090705872
891	0.6330909729003906
891	0.6330909729003906
892	0.49795615673065186
892	0.49795615673065186
893	0.8058897852897644
893	0.8058897852897644
894	0.7305715680122375
894	0.7305715680122375
895	0.7950968742370605
895	0.7950968742370605
896	0.5346085429191589
896	0.5346085429191589
897	0.547265350818634
897	0.547265350818634
898	0.6616302728652954
898	0.6616302728652954
899	0.5624406337738037
899	0.5624406337738037
900	0.6374
900	0.6050023436546326
900	0.6050023436546326
901	0.5560868978500366
901	0.5560868978500366
902	0.4086763560771942
902	0.4086763560771942
903	0.5538116097450256
903	0.5538116097450256
904	0.5845896601676941
904	0.5845896601676941
905	0.5154790282249451
905	0.5154790282249451
906	0.5035274028778076
906	0.5035274028778076
907	0.6451190710067749
907	0.6451190710067749
908	0.7033697366714478
908	0.7033697366714478
909	0.4024523198604584
909	0.4024523198604584
910	0.545
910	0.5771695971488953
910	0.5771695971488953
911	0.6842644214630127
911	0.6842644214630127
912	0.6570659279823303
912	0.6570659279823303
913	0.55755615234375
913	0.55755615234375
914	0.533514678478241
914	0.533514678478241
915	0.847162127494812
915	0.847162127494812
916	0.8505440950393677
916	0.8505440950393677
917	0.5891488194465637
917	0.5891488194465637
918	0.6484212875366211
918	0.6484212875366211
919	0.616404116153717
919	0.616404116153717
920	0.6531
920	0.5467570424079895
920	0.5467570424079895
921	0.5304078459739685
921	0.5304078459739685
922	0.5086149573326111
922	0.5086149573326111
923	0.6548545956611633
923	0.6548545956611633
924	0.4570235311985016
924	0.4570235311985016
925	0.5985879302024841
925	0.5985879302024841
926	0.5548901557922363
926	0.5548901557922363
927	0.7348505854606628
927	0.7348505854606628
928	0.6413766145706177
928	0.6413766145706177
929	0.42788195610046387
929	0.42788195610046387
930	0.5539
930	0.43040788173675537
930	0.43040788173675537
931	0.6513301134109497
931	0.6513301134109497
932	0.6863120198249817
932	0.6863120198249817
933	0.6229881048202515
933	0.6229881048202515
934	0.5663349628448486
934	0.5663349628448486
935	0.6428740620613098
935	0.6428740620613098
936	0.591741681098938
936	0.591741681098938
937	0.4041644334793091
937	0.4041644334793091
938	0.47653430700302124
938	0.47653430700302124
939	0.6126676201820374
939	0.6126676201820374
940	0.5825
940	0.5701181888580322
940	0.5701181888580322
941	0.805937647819519
941	0.805937647819519
942	0.6144389510154724
942	0.6144389510154724
943	0.6044919490814209
943	0.6044919490814209
944	0.535429060459137
944	0.535429060459137
945	0.442344605922699
945	0.442344605922699
946	0.8094444274902344
946	0.8094444274902344
947	0.5101521015167236
947	0.5101521015167236
948	0.5431747436523438
948	0.5431747436523438
949	0.595119297504425
949	0.595119297504425
950	0.6015
950	0.5545479655265808
950	0.5545479655265808
951	0.5740729570388794
951	0.5740729570388794
952	0.5908299684524536
952	0.5908299684524536
953	0.5016603469848633
953	0.5016603469848633
954	0.6911880970001221
954	0.6911880970001221
955	0.6306012272834778
955	0.6306012272834778
956	0.620146632194519
956	0.620146632194519
957	0.5446208119392395
957	0.5446208119392395
958	0.4089660346508026
958	0.4089660346508026
959	0.5948339104652405
959	0.5948339104652405
960	0.575
960	0.5932275056838989
960	0.5932275056838989
961	0.5606420636177063
961	0.5606420636177063
962	0.6056225895881653
962	0.6056225895881653
963	0.5048198699951172
963	0.5048198699951172
964	0.4840050935745239
964	0.4840050935745239
965	0.7418854236602783
965	0.7418854236602783
966	0.6304911971092224
966	0.6304911971092224
967	0.6839720010757446
967	0.6839720010757446
968	0.6373013257980347
968	0.6373013257980347
969	0.534034788608551
969	0.534034788608551
970	0.6065
970	0.6823267936706543
970	0.6823267936706543
971	0.7180215716362
971	0.7180215716362
972	0.6157602071762085
972	0.6157602071762085
973	0.5852212309837341
973	0.5852212309837341
974	0.7159408926963806
974	0.7159408926963806
975	0.5645585060119629
975	0.5645585060119629
976	0.5291606187820435
976	0.5291606187820435
977	0.50216144323349
977	0.50216144323349
978	0.5949417948722839
978	0.5949417948722839
979	0.4774032533168793
979	0.4774032533168793
980	0.5863
980	0.5598249435424805
980	0.5598249435424805
981	0.5341061949729919
981	0.5341061949729919
982	0.610360860824585
982	0.610360860824585
983	0.6131421327590942
983	0.6131421327590942
984	0.5455051064491272
984	0.5455051064491272
985	0.46358513832092285
985	0.46358513832092285
986	0.7583727240562439
986	0.7583727240562439
987	0.6015770435333252
987	0.6015770435333252
988	0.38395556807518005
988	0.38395556807518005
989	0.5704297423362732
989	0.5704297423362732
990	0.5706
990	0.624670147895813
990	0.624670147895813
991	0.5313091278076172
991	0.5313091278076172
992	0.6327240467071533
992	0.6327240467071533
993	0.539757490158081
993	0.539757490158081
994	0.647948682308197
994	0.647948682308197
995	0.5844611525535583
995	0.5844611525535583
996	0.5035155415534973
996	0.5035155415534973
997	0.5297110080718994
997	0.5297110080718994
998	0.7118121385574341
998	0.7118121385574341
999	0.5741516947746277
999	0.5741516947746277
1000	0.5934
1000	0.6786507368087769
1000	0.6786507368087769
1001	0.46978020668029785
1001	0.46978020668029785
1002	0.4288003742694855
1002	0.4288003742694855
1003	0.6405456066131592
1003	0.6405456066131592
1004	0.5048128366470337
1004	0.5048128366470337
1005	0.4477924704551697
1005	0.4477924704551697
1006	0.6298179030418396
1006	0.6298179030418396
1007	0.6041476726531982
1007	0.6041476726531982
1008	0.7170648574829102
1008	0.7170648574829102
1009	0.686141848564148
1009	0.686141848564148
1010	0.5712
1010	0.5827348232269287
1010	0.5827348232269287
1011	0.7008373737335205
1011	0.7008373737335205
1012	0.6674600839614868
1012	0.6674600839614868
1013	0.6116262078285217
1013	0.6116262078285217
1014	0.7223982810974121
1014	0.7223982810974121
1015	0.4659789502620697
1015	0.4659789502620697
1016	0.6727746725082397
1016	0.6727746725082397
1017	0.5589479207992554
1017	0.5589479207992554
1018	0.40305396914482117
1018	0.40305396914482117
1019	0.5109838843345642
1019	0.5109838843345642
1020	0.591
1020	0.5955460071563721
1020	0.5955460071563721
1021	0.5682166814804077
1021	0.5682166814804077
1022	0.5941830277442932
1022	0.5941830277442932
1023	0.5508614182472229
1023	0.5508614182472229
1024	0.599094808101654
1024	0.599094808101654
1025	0.44295233488082886
1025	0.44295233488082886
1026	0.5093407034873962
1026	0.5093407034873962
1027	0.549436628818512
1027	0.549436628818512
1028	0.5820327401161194
1028	0.5820327401161194
1029	0.5200430154800415
1029	0.5200430154800415
1030	0.559
1030	0.6738371253013611
1030	0.6738371253013611
1031	0.5880017280578613
1031	0.5880017280578613
1032	0.5435887575149536
1032	0.5435887575149536
1033	0.54031902551651
1033	0.54031902551651
1034	0.47502028942108154
1034	0.47502028942108154
1035	0.518894374370575
1035	0.518894374370575
1036	0.6240683794021606
1036	0.6240683794021606
1037	0.5245078206062317
1037	0.5245078206062317
1038	0.5322713255882263
1038	0.5322713255882263
1039	0.5914268493652344
1039	0.5914268493652344
1040	0.5464
1040	0.5258825421333313
1040	0.5258825421333313
1041	0.5094844102859497
1041	0.5094844102859497
1042	0.5191129446029663
1042	0.5191129446029663
1043	0.60059654712677
1043	0.60059654712677
1044	0.5634267926216125
1044	0.5634267926216125
1045	0.7021266222000122
1045	0.7021266222000122
1046	0.5639684796333313
1046	0.5639684796333313
1047	0.5426445007324219
1047	0.5426445007324219
1048	0.756080150604248
1048	0.756080150604248
1049	0.5533831119537354
1049	0.5533831119537354
1050	0.5927
1050	0.6162395477294922
1050	0.6162395477294922
1051	0.5740785598754883
1051	0.5740785598754883
1052	0.5548632740974426
1052	0.5548632740974426
1053	0.5151947140693665
1053	0.5151947140693665
1054	0.6108461022377014
1054	0.6108461022377014
1055	0.3951978087425232
1055	0.3951978087425232
1056	0.6791839599609375
1056	0.6791839599609375
1057	0.8810852766036987
1057	0.8810852766036987
1058	0.4963819682598114
1058	0.4963819682598114
1059	0.4175576865673065
1059	0.4175576865673065
1060	0.5742
1060	0.6179108619689941
1060	0.6179108619689941
1061	0.7099946737289429
1061	0.7099946737289429
1062	0.6280146837234497
1062	0.6280146837234497
1063	0.4914054274559021
1063	0.4914054274559021
1064	0.7549742460250854
1064	0.7549742460250854
1065	0.7998843193054199
1065	0.7998843193054199
1066	0.567870557308197
1066	0.567870557308197
1067	0.5972267985343933
1067	0.5972267985343933
1068	0.49225109815597534
1068	0.49225109815597534
1069	0.586045503616333
1069	0.586045503616333
1070	0.6143
1070	0.5155353546142578
1070	0.5155353546142578
1071	0.6207848787307739
1071	0.6207848787307739
1072	0.6765669584274292
1072	0.6765669584274292
1073	0.478280633687973
1073	0.478280633687973
1074	0.5600056648254395
1074	0.5600056648254395
1075	0.47134721279144287
1075	0.47134721279144287
1076	0.6373533606529236
1076	0.6373533606529236
1077	0.39830225706100464
1077	0.39830225706100464
1078	0.6530053019523621
1078	0.6530053019523621
1079	0.696092963218689
1079	0.696092963218689
1080	0.5741
1080	0.5492056608200073
1080	0.5492056608200073
1081	0.6440393328666687
1081	0.6440393328666687
1082	0.6062533855438232
1082	0.6062533855438232
1083	0.49766334891319275
1083	0.49766334891319275
1084	0.4228433668613434
1084	0.4228433668613434
1085	0.7529648542404175
1085	0.7529648542404175
1086	0.5970488786697388
1086	0.5970488786697388
1087	0.45471274852752686
1087	0.45471274852752686
1088	0.7403387427330017
1088	0.7403387427330017
1089	0.5766108632087708
1089	0.5766108632087708
1090	0.5929
1090	0.6361667513847351
1090	0.6361667513847351
1091	0.6548051834106445
1091	0.6548051834106445
1092	0.434156209230423
1092	0.434156209230423
1093	0.44036486744880676
1093	0.44036486744880676
1094	0.5947561860084534
1094	0.5947561860084534
1095	0.5839670300483704
1095	0.5839670300483704
1096	0.5482567548751831
1096	0.5482567548751831
1097	0.644508957862854
1097	0.644508957862854
1098	0.48305588960647583
1098	0.48305588960647583
1099	0.6951526403427124
1099	0.6951526403427124
1100	0.5635
1100	0.5559511184692383
1100	0.5559511184692383
1101	0.4162966310977936
1101	0.4162966310977936
1102	0.6979771256446838
1102	0.6979771256446838
1103	0.5932245850563049
1103	0.5932245850563049
1104	0.5034416913986206
1104	0.5034416913986206
1105	0.514067530632019
1105	0.514067530632019
1106	0.5190849304199219
1106	0.5190849304199219
1107	0.5902855396270752
1107	0.5902855396270752
1108	0.4724676012992859
1108	0.4724676012992859
1109	0.6161881685256958
1109	0.6161881685256958
1110	0.5434
1110	0.5113184452056885
1110	0.5113184452056885
1111	0.5348040461540222
1111	0.5348040461540222
1112	0.6797189712524414
1112	0.6797189712524414
1113	0.4390735924243927
1113	0.4390735924243927
1114	0.5024955868721008
1114	0.5024955868721008
1115	0.6106360554695129
1115	0.6106360554695129
1116	0.3669911026954651
1116	0.3669911026954651
1117	0.5908454656600952
1117	0.5908454656600952
1118	0.6293648481369019
1118	0.6293648481369019
1119	0.595462441444397
1119	0.595462441444397
1120	0.5634
1120	0.6850845813751221
1120	0.6850845813751221
1121	0.45802733302116394
1121	0.45802733302116394
1122	0.4192977845668793
1122	0.4192977845668793
1123	0.4420587420463562
1123	0.4420587420463562
1124	0.5988816618919373
1124	0.5988816618919373
1125	0.7445025444030762
1125	0.7445025444030762
1126	0.7030928134918213
1126	0.7030928134918213
1127	0.5681654214859009
1127	0.5681654214859009
1128	0.509197473526001
1128	0.509197473526001
1129	0.4293459951877594
1129	0.4293459951877594
1130	0.5626
1130	0.7537538409233093
1130	0.7537538409233093
1131	0.4244979918003082
1131	0.4244979918003082
1132	0.5157477259635925
1132	0.5157477259635925
1133	0.6310526132583618
1133	0.6310526132583618
1134	0.45348361134529114
1134	0.45348361134529114
1135	0.619630753993988
1135	0.619630753993988
1136	0.6794776320457458
1136	0.6794776320457458
1137	0.5520699620246887
1137	0.5520699620246887
1138	0.537889838218689
1138	0.537889838218689
1139	0.6027243733406067
1139	0.6027243733406067
1140	0.5553
1140	0.5362352132797241
1140	0.5362352132797241
1141	0.566222608089447
1141	0.566222608089447
1142	0.4681173861026764
1142	0.4681173861026764
1143	0.6083261966705322
1143	0.6083261966705322
1144	0.39879587292671204
1144	0.39879587292671204
1145	0.6631644368171692
1145	0.6631644368171692
1146	0.4740014374256134
1146	0.4740014374256134
1147	0.6163492202758789
1147	0.6163492202758789
1148	0.4865554869174957
1148	0.4865554869174957
1149	0.4534108638763428
1149	0.4534108638763428
1150	0.5405
1150	0.6695961356163025
1150	0.6695961356163025
1151	0.6773446798324585
1151	0.6773446798324585
1152	0.6822127103805542
1152	0.6822127103805542
1153	0.5575850009918213
1153	0.5575850009918213
1154	0.5123916864395142
1154	0.5123916864395142
1155	0.5344889760017395
1155	0.5344889760017395
1156	0.6608985066413879
1156	0.6608985066413879
1157	0.5203115344047546
1157	0.5203115344047546
1158	0.5863465070724487
1158	0.5863465070724487
1159	0.5797773599624634
1159	0.5797773599624634
1160	0.5863
1160	0.5514818429946899
1160	0.5514818429946899
1161	0.5030134320259094
1161	0.5030134320259094
1162	0.4658627510070801
1162	0.4658627510070801
1163	0.48469895124435425
1163	0.48469895124435425
1164	0.6193131804466248
1164	0.6193131804466248
1165	0.6689100861549377
1165	0.6689100861549377
1166	0.6850393414497375
1166	0.6850393414497375
1167	0.5000340938568115
1167	0.5000340938568115
1168	0.5484540462493896
1168	0.5484540462493896
1169	0.7923933863639832
1169	0.7923933863639832
1170	0.5739
1170	0.47153183817863464
1170	0.47153183817863464
1171	0.3561386466026306
1171	0.3561386466026306
1172	0.501229465007782
1172	0.501229465007782
1173	0.5188208222389221
1173	0.5188208222389221
1174	0.502678394317627
1174	0.502678394317627
1175	0.6587205529212952
1175	0.6587205529212952
1176	0.4715908467769623
1176	0.4715908467769623
1177	0.5308021903038025
1177	0.5308021903038025
1178	0.6156488060951233
1178	0.6156488060951233
1179	0.6221574544906616
1179	0.6221574544906616
1180	0.5444
1180	0.6665434241294861
1180	0.6665434241294861
1181	0.4589605927467346
1181	0.4589605927467346
1182	0.6505210399627686
1182	0.6505210399627686
1183	0.49261921644210815
1183	0.49261921644210815
1184	0.46738195419311523
1184	0.46738195419311523
1185	0.4906197190284729
1185	0.4906197190284729
1186	0.5931158065795898
1186	0.5931158065795898
1187	0.6267598271369934
1187	0.6267598271369934
1188	0.5878837704658508
1188	0.5878837704658508
1189	0.4106654226779938
1189	0.4106654226779938
1190	0.5305
1190	0.5269219875335693
1190	0.5269219875335693
1191	0.49245572090148926
1191	0.49245572090148926
1192	0.652607798576355
1192	0.652607798576355
1193	0.5328214168548584
1193	0.5328214168548584
1194	0.6304303407669067
1194	0.6304303407669067
1195	0.6906190514564514
1195	0.6906190514564514
1196	0.35683783888816833
1196	0.35683783888816833
1197	0.5068889260292053
1197	0.5068889260292053
1198	0.4749590754508972
1198	0.4749590754508972
1199	0.6634228825569153
1199	0.6634228825569153
1200	0.5394
1200	0.3928385376930237
1200	0.3928385376930237
1201	0.5793188214302063
1201	0.5793188214302063
1202	0.49256667494773865
1202	0.49256667494773865
1203	0.4934130012989044
1203	0.4934130012989044
1204	0.6840217709541321
1204	0.6840217709541321
1205	0.516822338104248
1205	0.516822338104248
1206	0.5423988699913025
1206	0.5423988699913025
1207	0.5230327844619751
1207	0.5230327844619751
1208	0.555663526058197
1208	0.555663526058197
1209	0.595352292060852
1209	0.595352292060852
1210	0.5704
1210	0.7213653326034546
1210	0.7213653326034546
1211	0.5421774387359619
1211	0.5421774387359619
1212	0.5796414613723755
1212	0.5796414613723755
1213	0.6169338226318359
1213	0.6169338226318359
1214	0.40016472339630127
1214	0.40016472339630127
1215	0.5878616571426392
1215	0.5878616571426392
1216	0.6042430996894836
1216	0.6042430996894836
1217	0.4391021728515625
1217	0.4391021728515625
1218	0.591715931892395
1218	0.591715931892395
1219	0.5528186559677124
1219	0.5528186559677124
1220	0.5377
1220	0.4623102843761444
1220	0.4623102843761444
1221	0.48020288348197937
1221	0.48020288348197937
1222	0.5406554937362671
1222	0.5406554937362671
1223	0.5932375192642212
1223	0.5932375192642212
1224	0.4364451766014099
1224	0.4364451766014099
1225	0.49133843183517456
1225	0.49133843183517456
1226	0.4744194746017456
1226	0.4744194746017456
1227	0.7065596580505371
1227	0.7065596580505371
1228	0.4071527421474457
1228	0.4071527421474457
1229	0.3903524577617645
1229	0.3903524577617645
1230	0.5214
1230	0.6939935088157654
1230	0.6939935088157654
1231	0.47152653336524963
1231	0.47152653336524963
1232	0.6932870745658875
1232	0.6932870745658875
1233	0.537192702293396
1233	0.537192702293396
1234	0.4318831264972687
1234	0.4318831264972687
1235	0.5467960834503174
1235	0.5467960834503174
1236	0.4938974976539612
1236	0.4938974976539612
1237	0.5336337089538574
1237	0.5336337089538574
1238	0.46160203218460083
1238	0.46160203218460083
1239	0.5070172548294067
1239	0.5070172548294067
1240	0.5201
1240	0.5238216519355774
1240	0.5238216519355774
1241	0.44199344515800476
1241	0.44199344515800476
1242	0.5611206293106079
1242	0.5611206293106079
1243	0.4529666006565094
1243	0.4529666006565094
1244	0.4110751748085022
1244	0.4110751748085022
1245	0.4614573121070862
1245	0.4614573121070862
1246	0.5713005661964417
1246	0.5713005661964417
1247	0.519525408744812
1247	0.519525408744812
1248	0.5070880055427551
1248	0.5070880055427551
1249	0.7153383493423462
1249	0.7153383493423462
1250	0.534
1250	0.6981242895126343
1250	0.6981242895126343
1251	0.585443377494812
1251	0.585443377494812
1252	0.6006022095680237
1252	0.6006022095680237
1253	0.5657264590263367
1253	0.5657264590263367
1254	0.5807846784591675
1254	0.5807846784591675
1255	0.7065224647521973
1255	0.7065224647521973
1256	0.47744137048721313
1256	0.47744137048721313
1257	0.46444299817085266
1257	0.46444299817085266
1258	0.6176249384880066
1258	0.6176249384880066
1259	0.5811638236045837
1259	0.5811638236045837
1260	0.5589
1260	0.40941786766052246
1260	0.40941786766052246
1261	0.6083768606185913
1261	0.6083768606185913
1262	0.5071969032287598
1262	0.5071969032287598
1263	0.45762407779693604
1263	0.45762407779693604
1264	0.40003201365470886
1264	0.40003201365470886
1265	0.4788548946380615
1265	0.4788548946380615
1266	0.49402397871017456
1266	0.49402397871017456
1267	0.50322425365448
1267	0.50322425365448
1268	0.34280189871788025
1268	0.34280189871788025
1269	0.6293953061103821
1269	0.6293953061103821
1270	0.4939
1270	0.5172682404518127
1270	0.5172682404518127
1271	0.5933095812797546
1271	0.5933095812797546
1272	0.7039080262184143
1272	0.7039080262184143
1273	0.6654894351959229
1273	0.6654894351959229
1274	0.6545935869216919
1274	0.6545935869216919
1275	0.6775453090667725
1275	0.6775453090667725
1276	0.5710614919662476
1276	0.5710614919662476
1277	0.4966369569301605
1277	0.4966369569301605
1278	0.5795964598655701
1278	0.5795964598655701
1279	0.5802214741706848
1279	0.5802214741706848
1280	0.6139
1280	0.6163766384124756
1280	0.6163766384124756
1281	0.4113663136959076
1281	0.4113663136959076
1282	0.5121841430664062
1282	0.5121841430664062
1283	0.4936147928237915
1283	0.4936147928237915
1284	0.5617073774337769
1284	0.5617073774337769
1285	0.48005959391593933
1285	0.48005959391593933
1286	0.5980870723724365
1286	0.5980870723724365
1287	0.5347286462783813
1287	0.5347286462783813
1288	0.5533885955810547
1288	0.5533885955810547
1289	0.4244939684867859
1289	0.4244939684867859
1290	0.5125
1290	0.555371880531311
1290	0.555371880531311
1291	0.5417940616607666
1291	0.5417940616607666
1292	0.5400583744049072
1292	0.5400583744049072
1293	0.5064857006072998
1293	0.5064857006072998
1294	0.5028578042984009
1294	0.5028578042984009
1295	0.6765970587730408
1295	0.6765970587730408
1296	0.6943619251251221
1296	0.6943619251251221
1297	0.5619557499885559
1297	0.5619557499885559
1298	0.4835909307003021
1298	0.4835909307003021
1299	0.4566468894481659
1299	0.4566468894481659
1300	0.5542
1300	0.5772249102592468
1300	0.5772249102592468
1301	0.6798350811004639
1301	0.6798350811004639
1302	0.427056223154068
1302	0.427056223154068
1303	0.5708163380622864
1303	0.5708163380622864
1304	0.5989181995391846
1304	0.5989181995391846
1305	0.5470142960548401
1305	0.5470142960548401
1306	0.41673964262008667
1306	0.41673964262008667
1307	0.48075026273727417
1307	0.48075026273727417
1308	0.4543032646179199
1308	0.4543032646179199
1309	0.5011370182037354
1309	0.5011370182037354
1310	0.5172
1310	0.49513211846351624
1310	0.49513211846351624
1311	0.7016294598579407
1311	0.7016294598579407
1312	0.4805678725242615
1312	0.4805678725242615
1313	0.6048650741577148
1313	0.6048650741577148
1314	0.6547547578811646
1314	0.6547547578811646
1315	0.4293554127216339
1315	0.4293554127216339
1316	0.6022695899009705
1316	0.6022695899009705
1317	0.6714602112770081
1317	0.6714602112770081
1318	0.3531123995780945
1318	0.3531123995780945
1319	0.5750361680984497
1319	0.5750361680984497
1320	0.5682
1320	0.6085536479949951
1320	0.6085536479949951
1321	0.6033840775489807
1321	0.6033840775489807
1322	0.4571443498134613
1322	0.4571443498134613
1323	0.520209550857544
1323	0.520209550857544
1324	0.7148562669754028
1324	0.7148562669754028
1325	0.6026488542556763
1325	0.6026488542556763
1326	0.3769020438194275
1326	0.3769020438194275
1327	0.532252311706543
1327	0.532252311706543
1328	0.5088645815849304
1328	0.5088645815849304
1329	0.4575549364089966
1329	0.4575549364089966
1330	0.5336
1330	0.5621208548545837
1330	0.5621208548545837
1331	0.5078378915786743
1331	0.5078378915786743
1332	0.4346640408039093
1332	0.4346640408039093
1333	0.49056345224380493
1333	0.49056345224380493
1334	0.41132256388664246
1334	0.41132256388664246
1335	0.5354591012001038
1335	0.5354591012001038
1336	0.45866262912750244
1336	0.45866262912750244
1337	0.423641562461853
1337	0.423641562461853
1338	0.5257167220115662
1338	0.5257167220115662
1339	0.5069765448570251
1339	0.5069765448570251
1340	0.4896
1340	0.6007424592971802
1340	0.6007424592971802
1341	0.6126975417137146
1341	0.6126975417137146
1342	0.5435199737548828
1342	0.5435199737548828
1343	0.6199994087219238
1343	0.6199994087219238
1344	0.514827311038971
1344	0.514827311038971
1345	0.4993453025817871
1345	0.4993453025817871
1346	0.48936226963996887
1346	0.48936226963996887
1347	0.46143200993537903
1347	0.46143200993537903
1348	0.6219611763954163
1348	0.6219611763954163
1349	0.5518761277198792
1349	0.5518761277198792
1350	0.5421
1350	0.5059992671012878
1350	0.5059992671012878
1351	0.4772525429725647
1351	0.4772525429725647
1352	0.5035480260848999
1352	0.5035480260848999
1353	0.4923892617225647
1353	0.4923892617225647
1354	0.643158495426178
1354	0.643158495426178
1355	0.4034774601459503
1355	0.4034774601459503
1356	0.4529450237751007
1356	0.4529450237751007
1357	0.7182542085647583
1357	0.7182542085647583
1358	0.49299877882003784
1358	0.49299877882003784
1359	0.646300196647644
1359	0.646300196647644
1360	0.5382
1360	0.551893949508667
1360	0.551893949508667
1361	0.6347696781158447
1361	0.6347696781158447
1362	0.5560988187789917
1362	0.5560988187789917
1363	0.5272586941719055
1363	0.5272586941719055
1364	0.5319586992263794
1364	0.5319586992263794
1365	0.4705975353717804
1365	0.4705975353717804
1366	0.6465559601783752
1366	0.6465559601783752
1367	0.6444078087806702
1367	0.6444078087806702
1368	0.638412594795227
1368	0.638412594795227
1369	0.583250105381012
1369	0.583250105381012
1370	0.5761
1370	0.5278044939041138
1370	0.5278044939041138
1371	0.5683640837669373
1371	0.5683640837669373
1372	0.5748306512832642
1372	0.5748306512832642
1373	0.4130251109600067
1373	0.4130251109600067
1374	0.3824100196361542
1374	0.3824100196361542
1375	0.5599912405014038
1375	0.5599912405014038
1376	0.6471534371376038
1376	0.6471534371376038
1377	0.4661840498447418
1377	0.4661840498447418
1378	0.5589316487312317
1378	0.5589316487312317
1379	0.47592365741729736
1379	0.47592365741729736
1380	0.5381
1380	0.7344175577163696
1380	0.7344175577163696
1381	0.5676414370536804
1381	0.5676414370536804
1382	0.42565155029296875
1382	0.42565155029296875
1383	0.5367730855941772
1383	0.5367730855941772
1384	0.5403571724891663
1384	0.5403571724891663
1385	0.4165967106819153
1385	0.4165967106819153
1386	0.6508858799934387
1386	0.6508858799934387
1387	0.5640602111816406
1387	0.5640602111816406
1388	0.5163129568099976
1388	0.5163129568099976
1389	0.5292505025863647
1389	0.5292505025863647
1390	0.5237
1390	0.4894425868988037
1390	0.4894425868988037
1391	0.5670161247253418
1391	0.5670161247253418
1392	0.5678685307502747
1392	0.5678685307502747
1393	0.5850005149841309
1393	0.5850005149841309
1394	0.43226122856140137
1394	0.43226122856140137
1395	0.6033947467803955
1395	0.6033947467803955
1396	0.5060300827026367
1396	0.5060300827026367
1397	0.6980741024017334
1397	0.6980741024017334
1398	0.46920716762542725
1398	0.46920716762542725
1399	0.5526822209358215
1399	0.5526822209358215
1400	0.5379
1400	0.3978384733200073
1400	0.3978384733200073
1401	0.6061524152755737
1401	0.6061524152755737
1402	0.6419603228569031
1402	0.6419603228569031
1403	0.5346420407295227
1403	0.5346420407295227
1404	0.4772445261478424
1404	0.4772445261478424
1405	0.532153308391571
1405	0.532153308391571
1406	0.7544043064117432
1406	0.7544043064117432
1407	0.6494768261909485
1407	0.6494768261909485
1408	0.5705202221870422
1408	0.5705202221870422
1409	0.5256165266036987
1409	0.5256165266036987
1410	0.5972
1410	0.6795566082000732
1410	0.6795566082000732
1411	0.6103848218917847
1411	0.6103848218917847
1412	0.5359482169151306
1412	0.5359482169151306
1413	0.5228675007820129
1413	0.5228675007820129
1414	0.5153053998947144
1414	0.5153053998947144
1415	0.4190698564052582
1415	0.4190698564052582
1416	0.4749450087547302
1416	0.4749450087547302
1417	0.4801509976387024
1417	0.4801509976387024
1418	0.6079429388046265
1418	0.6079429388046265
1419	0.5399723052978516
1419	0.5399723052978516
1420	0.5125
1420	0.41823244094848633
1420	0.41823244094848633
1421	0.4179805517196655
1421	0.4179805517196655
1422	0.5295044183731079
1422	0.5295044183731079
1423	0.5677644610404968
1423	0.5677644610404968
1424	0.5468847155570984
1424	0.5468847155570984
1425	0.47420454025268555
1425	0.47420454025268555
1426	0.6396579742431641
1426	0.6396579742431641
1427	0.4581773579120636
1427	0.4581773579120636
1428	0.5636255145072937
1428	0.5636255145072937
1429	0.5125004649162292
1429	0.5125004649162292
1430	0.5119
1430	0.4089772701263428
1430	0.4089772701263428
1431	0.3970736861228943
1431	0.3970736861228943
1432	0.6064921617507935
1432	0.6064921617507935
1433	0.5685635805130005
1433	0.5685635805130005
1434	0.5383837819099426
1434	0.5383837819099426
1435	0.41320931911468506
1435	0.41320931911468506
1436	0.3553850054740906
1436	0.3553850054740906
1437	0.4979495406150818
1437	0.4979495406150818
1438	0.5272849202156067
1438	0.5272849202156067
1439	0.6327791213989258
1439	0.6327791213989258
1440	0.505
1440	0.5129155516624451
1440	0.5129155516624451
1441	0.5630716681480408
1441	0.5630716681480408
1442	0.6109622120857239
1442	0.6109622120857239
1443	0.5452172756195068
1443	0.5452172756195068
1444	0.49038928747177124
1444	0.49038928747177124
1445	0.40849828720092773
1445	0.40849828720092773
1446	0.7015618085861206
1446	0.7015618085861206
1447	0.3835396468639374
1447	0.3835396468639374
1448	0.47072097659111023
1448	0.47072097659111023
1449	0.716923713684082
1449	0.716923713684082
1450	0.5545
1450	0.6537021398544312
1450	0.6537021398544312
1451	0.5083872675895691
1451	0.5083872675895691
1452	0.4465257227420807
1452	0.4465257227420807
1453	0.5753065943717957
1453	0.5753065943717957
1454	0.7942508459091187
1454	0.7942508459091187
1455	0.46299296617507935
1455	0.46299296617507935
1456	0.6257482767105103
1456	0.6257482767105103
1457	0.5217375755310059
1457	0.5217375755310059
1458	0.5222876667976379
1458	0.5222876667976379
1459	0.4888620674610138
1459	0.4888620674610138
1460	0.541
1460	0.4640713930130005
1460	0.4640713930130005
1461	0.42554226517677307
1461	0.42554226517677307
1462	0.5807603001594543
1462	0.5807603001594543
1463	0.47218573093414307
1463	0.47218573093414307
1464	0.51067054271698
1464	0.51067054271698
1465	0.4971346855163574
1465	0.4971346855163574
1466	0.5037678480148315
1466	0.5037678480148315
1467	0.47619348764419556
1467	0.47619348764419556
1468	0.47258248925209045
1468	0.47258248925209045
1469	0.4599607288837433
1469	0.4599607288837433
1470	0.4963
1470	0.5641149282455444
1470	0.5641149282455444
1471	0.5190703868865967
1471	0.5190703868865967
1472	0.466617614030838
1472	0.466617614030838
1473	0.3021143972873688
1473	0.3021143972873688
1474	0.5344820618629456
1474	0.5344820618629456
1475	0.5087963938713074
1475	0.5087963938713074
1476	0.5839307308197021
1476	0.5839307308197021
1477	0.4488905966281891
1477	0.4488905966281891
1478	0.5915849804878235
1478	0.5915849804878235
1479	0.3812673091888428
1479	0.3812673091888428
1480	0.5089
1480	0.7518253922462463
1480	0.7518253922462463
1481	0.48419326543807983
1481	0.48419326543807983
1482	0.5309974551200867
1482	0.5309974551200867
1483	0.5266431570053101
1483	0.5266431570053101
1484	0.5278443694114685
1484	0.5278443694114685
1485	0.47365501523017883
1485	0.47365501523017883
1486	0.5291106700897217
1486	0.5291106700897217
1487	0.62677001953125
1487	0.62677001953125
1488	0.5468769073486328
1488	0.5468769073486328
1489	0.5098696351051331
1489	0.5098696351051331
1490	0.5303
1490	0.5473260879516602
1490	0.5473260879516602
1491	0.5192708969116211
1491	0.5192708969116211
1492	0.41062331199645996
1492	0.41062331199645996
1493	0.6028707027435303
1493	0.6028707027435303
1494	0.5640953183174133
1494	0.5640953183174133
1495	0.5921024084091187
1495	0.5921024084091187
1496	0.5749226808547974
1496	0.5749226808547974
1497	0.5367544889450073
1497	0.5367544889450073
1498	0.6191333532333374
1498	0.6191333532333374
1499	0.5232546329498291
1499	0.5232546329498291
1500	0.5579
1500	0.6362956166267395
1500	0.6362956166267395
1501	0.4711584448814392
1501	0.4711584448814392
1502	0.5612998604774475
1502	0.5612998604774475
1503	0.4169403612613678
1503	0.4169403612613678
1504	0.4546578824520111
1504	0.4546578824520111
1505	0.48742470145225525
1505	0.48742470145225525
1506	0.5534123778343201
1506	0.5534123778343201
1507	0.46952664852142334
1507	0.46952664852142334
1508	0.47623297572135925
1508	0.47623297572135925
1509	0.5421417951583862
1509	0.5421417951583862
1510	0.4889
1510	0.4558848440647125
1510	0.4558848440647125
1511	0.6198605895042419
1511	0.6198605895042419
1512	0.5870471596717834
1512	0.5870471596717834
1513	0.6037765145301819
1513	0.6037765145301819
1514	0.4672965705394745
1514	0.4672965705394745
1515	0.49937716126441956
1515	0.49937716126441956
1516	0.6774875521659851
1516	0.6774875521659851
1517	0.40342846512794495
1517	0.40342846512794495
1518	0.40431347489356995
1518	0.40431347489356995
1519	0.49821755290031433
1519	0.49821755290031433
1520	0.5172
1520	0.41103336215019226
1520	0.41103336215019226
1521	0.4276273250579834
1521	0.4276273250579834
1522	0.5168245434761047
1522	0.5168245434761047
1523	0.544892430305481
1523	0.544892430305481
1524	0.3929853141307831
1524	0.3929853141307831
1525	0.5758262872695923
1525	0.5758262872695923
1526	0.43743884563446045
1526	0.43743884563446045
1527	0.5592891573905945
1527	0.5592891573905945
1528	0.39333879947662354
1528	0.39333879947662354
1529	0.3882857859134674
1529	0.3882857859134674
1530	0.4792
1530	0.5554836392402649
1530	0.5554836392402649
1531	0.43915948271751404
1531	0.43915948271751404
1532	0.3986983299255371
1532	0.3986983299255371
1533	0.4928748309612274
1533	0.4928748309612274
1534	0.5795354247093201
1534	0.5795354247093201
1535	0.4958661198616028
1535	0.4958661198616028
1536	0.5690213441848755
1536	0.5690213441848755
1537	0.5354958176612854
1537	0.5354958176612854
1538	0.6253257989883423
1538	0.6253257989883423
1539	0.5243609547615051
1539	0.5243609547615051
1540	0.5191
1540	0.5307701230049133
1540	0.5307701230049133
1541	0.40186548233032227
1541	0.40186548233032227
1542	0.5939933061599731
1542	0.5939933061599731
1543	0.5726056098937988
1543	0.5726056098937988
1544	0.5336049199104309
1544	0.5336049199104309
1545	0.41366153955459595
1545	0.41366153955459595
1546	0.5052446722984314
1546	0.5052446722984314
1547	0.549736738204956
1547	0.549736738204956
1548	0.5977460741996765
1548	0.5977460741996765
1549	0.46319761872291565
1549	0.46319761872291565
1550	0.5504
1550	0.8723952770233154
1550	0.8723952770233154
1551	0.5663177967071533
1551	0.5663177967071533
1552	0.40361320972442627
1552	0.40361320972442627
1553	0.44349586963653564
1553	0.44349586963653564
1554	0.6424520611763
1554	0.6424520611763
1555	0.5215603709220886
1555	0.5215603709220886
1556	0.4638800621032715
1556	0.4638800621032715
1557	0.7681036591529846
1557	0.7681036591529846
1558	0.3822491466999054
1558	0.3822491466999054
1559	0.6241284608840942
1559	0.6241284608840942
1560	0.5204
1560	0.3886561989784241
1560	0.3886561989784241
1561	0.49512624740600586
1561	0.49512624740600586
1562	0.5115236639976501
1562	0.5115236639976501
1563	0.5374184250831604
1563	0.5374184250831604
1564	0.518528938293457
1564	0.518528938293457
1565	0.5725603699684143
1565	0.5725603699684143
1566	0.38360509276390076
1566	0.38360509276390076
1567	0.502842903137207
1567	0.502842903137207
1568	0.5025578737258911
1568	0.5025578737258911
1569	0.46761858463287354
1569	0.46761858463287354
1570	0.4884
1570	0.39209216833114624
1570	0.39209216833114624
1571	0.7484655380249023
1571	0.7484655380249023
1572	0.4311099946498871
1572	0.4311099946498871
1573	0.6193566918373108
1573	0.6193566918373108
1574	0.5176249742507935
1574	0.5176249742507935
1575	0.35436174273490906
1575	0.35436174273490906
1576	0.46443408727645874
1576	0.46443408727645874
1577	0.8399349451065063
1577	0.8399349451065063
1578	0.4746309816837311
1578	0.4746309816837311
1579	0.40480220317840576
1579	0.40480220317840576
1580	0.5398
1580	0.543649435043335
1580	0.543649435043335
1581	0.5585655570030212
1581	0.5585655570030212
1582	0.6221219897270203
1582	0.6221219897270203
1583	0.5079137086868286
1583	0.5079137086868286
1584	0.45198625326156616
1584	0.45198625326156616
1585	0.592938244342804
1585	0.592938244342804
1586	0.667278528213501
1586	0.667278528213501
1587	0.48202967643737793
1587	0.48202967643737793
1588	0.7254083156585693
1588	0.7254083156585693
1589	0.6746004223823547
1589	0.6746004223823547
1590	0.5754
1590	0.4715709686279297
1590	0.4715709686279297
1591	0.43096768856048584
1591	0.43096768856048584
1592	0.3754678964614868
1592	0.3754678964614868
1593	0.4400053322315216
1593	0.4400053322315216
1594	0.49432459473609924
1594	0.49432459473609924
1595	0.4643666744232178
1595	0.4643666744232178
1596	0.39706239104270935
1596	0.39706239104270935
1597	0.5836604237556458
1597	0.5836604237556458
1598	0.4108312129974365
1598	0.4108312129974365
1599	0.5340028405189514
1599	0.5340028405189514
1600	0.4669
1600	0.5385698080062866
1600	0.5385698080062866
1601	0.37863612174987793
1601	0.37863612174987793
1602	0.6322767734527588
1602	0.6322767734527588
1603	0.5267996788024902
1603	0.5267996788024902
1604	0.46046182513237
1604	0.46046182513237
1605	0.44454190135002136
1605	0.44454190135002136
1606	0.5604174733161926
1606	0.5604174733161926
1607	0.4206365644931793
1607	0.4206365644931793
1608	0.6264488697052002
1608	0.6264488697052002
1609	0.549194872379303
1609	0.549194872379303
1610	0.5281
1610	0.6814793348312378
1610	0.6814793348312378
1611	0.490714430809021
1611	0.490714430809021
1612	0.5294824838638306
1612	0.5294824838638306
1613	0.4299473762512207
1613	0.4299473762512207
1614	0.48452216386795044
1614	0.48452216386795044
1615	0.453057199716568
1615	0.453057199716568
1616	0.4785073697566986
1616	0.4785073697566986
1617	0.4461668133735657
1617	0.4461668133735657
1618	0.6694267988204956
1618	0.6694267988204956
1619	0.4104633331298828
1619	0.4104633331298828
1620	0.4834
1620	0.4419177770614624
1620	0.4419177770614624
1621	0.5460543036460876
1621	0.5460543036460876
1622	0.4820041358470917
1622	0.4820041358470917
1623	0.3537397086620331
1623	0.3537397086620331
1624	0.6445134878158569
1624	0.6445134878158569
1625	0.3759666979312897
1625	0.3759666979312897
1626	0.39796072244644165
1626	0.39796072244644165
1627	0.35807278752326965
1627	0.35807278752326965
1628	0.5360751152038574
1628	0.5360751152038574
1629	0.53736412525177
1629	0.53736412525177
1630	0.4696
1630	0.46445947885513306
1630	0.46445947885513306
1631	0.3908679187297821
1631	0.3908679187297821
1632	0.3259838819503784
1632	0.3259838819503784
1633	0.5102477073669434
1633	0.5102477073669434
1634	0.542074978351593
1634	0.542074978351593
1635	0.6855242252349854
1635	0.6855242252349854
1636	0.5148340463638306
1636	0.5148340463638306
1637	0.5694193840026855
1637	0.5694193840026855
1638	0.3477182388305664
1638	0.3477182388305664
1639	0.344215452671051
1639	0.344215452671051
1640	0.4766
1640	0.5346419215202332
1640	0.5346419215202332
1641	0.507047712802887
1641	0.507047712802887
1642	0.6829133629798889
1642	0.6829133629798889
1643	0.45326435565948486
1643	0.45326435565948486
1644	0.49624884128570557
1644	0.49624884128570557
1645	0.46879905462265015
1645	0.46879905462265015
1646	0.5172114372253418
1646	0.5172114372253418
1647	0.5024701952934265
1647	0.5024701952934265
1648	0.5161115527153015
1648	0.5161115527153015
1649	0.593721330165863
1649	0.593721330165863
1650	0.5325
1650	0.587059497833252
1650	0.587059497833252
1651	0.5264611840248108
1651	0.5264611840248108
1652	0.49488505721092224
1652	0.49488505721092224
1653	0.4699117839336395
1653	0.4699117839336395
1654	0.3268846571445465
1654	0.3268846571445465
1655	0.4156033396720886
1655	0.4156033396720886
1656	0.5806257724761963
1656	0.5806257724761963
1657	0.5138301849365234
1657	0.5138301849365234
1658	0.5578008890151978
1658	0.5578008890151978
1659	0.4590563476085663
1659	0.4590563476085663
1660	0.4697
1660	0.35189688205718994
1660	0.35189688205718994
1661	0.5902100801467896
1661	0.5902100801467896
1662	0.31480756402015686
1662	0.31480756402015686
1663	0.3868614435195923
1663	0.3868614435195923
1664	0.6585065722465515
1664	0.6585065722465515
1665	0.5430994033813477
1665	0.5430994033813477
1666	0.5758802890777588
1666	0.5758802890777588
1667	0.4850904643535614
1667	0.4850904643535614
1668	0.37328943610191345
1668	0.37328943610191345
1669	0.6277391910552979
1669	0.6277391910552979
1670	0.5035
1670	0.4797527492046356
1670	0.4797527492046356
1671	0.6724631786346436
1671	0.6724631786346436
1672	0.5240299701690674
1672	0.5240299701690674
1673	0.556766152381897
1673	0.556766152381897
1674	0.6559896469116211
1674	0.6559896469116211
1675	0.503333568572998
1675	0.503333568572998
1676	0.43610918521881104
1676	0.43610918521881104
1677	0.4015403985977173
1677	0.4015403985977173
1678	0.4270400404930115
1678	0.4270400404930115
1679	0.5026832818984985
1679	0.5026832818984985
1680	0.5105
1680	0.425456166267395
1680	0.425456166267395
1681	0.50615394115448
1681	0.50615394115448
1682	0.4983603060245514
1682	0.4983603060245514
1683	0.8029308319091797
1683	0.8029308319091797
1684	0.5710511207580566
1684	0.5710511207580566
1685	0.23168061673641205
1685	0.23168061673641205
1686	0.5187554955482483
1686	0.5187554955482483
1687	0.5100486874580383
1687	0.5100486874580383
1688	0.6337894201278687
1688	0.6337894201278687
1689	0.33212754130363464
1689	0.33212754130363464
1690	0.518
1690	0.5747166275978088
1690	0.5747166275978088
1691	0.4422368109226227
1691	0.4422368109226227
1692	0.5096368193626404
1692	0.5096368193626404
1693	0.5289827585220337
1693	0.5289827585220337
1694	0.5440905690193176
1694	0.5440905690193176
1695	0.670917809009552
1695	0.670917809009552
1696	0.39836248755455017
1696	0.39836248755455017
1697	0.4268035888671875
1697	0.4268035888671875
1698	0.49635541439056396
1698	0.49635541439056396
1699	0.5695655345916748
1699	0.5695655345916748
1700	0.4994
1700	0.4067217707633972
1700	0.4067217707633972
1701	0.44878333806991577
1701	0.44878333806991577
1702	0.48204609751701355
1702	0.48204609751701355
1703	0.43508467078208923
1703	0.43508467078208923
1704	0.5164652466773987
1704	0.5164652466773987
1705	0.450917512178421
1705	0.450917512178421
1706	0.4658462405204773
1706	0.4658462405204773
1707	0.520843505859375
1707	0.520843505859375
1708	0.5298295021057129
1708	0.5298295021057129
1709	0.6425219178199768
1709	0.6425219178199768
1710	0.484
1710	0.3475607931613922
1710	0.3475607931613922
1711	0.5602370500564575
1711	0.5602370500564575
1712	0.40523582696914673
1712	0.40523582696914673
1713	0.47039154171943665
1713	0.47039154171943665
1714	0.39557531476020813
1714	0.39557531476020813
1715	0.4487515687942505
1715	0.4487515687942505
1716	0.4210449755191803
1716	0.4210449755191803
1717	0.4165237247943878
1717	0.4165237247943878
1718	0.40928468108177185
1718	0.40928468108177185
1719	0.3339366912841797
1719	0.3339366912841797
1720	0.4397
1720	0.5362532138824463
1720	0.5362532138824463
1721	0.5429882407188416
1721	0.5429882407188416
1722	0.484520822763443
1722	0.484520822763443
1723	0.32773157954216003
1723	0.32773157954216003
1724	0.4767104387283325
1724	0.4767104387283325
1725	0.5739944577217102
1725	0.5739944577217102
1726	0.5815154910087585
1726	0.5815154910087585
1727	0.4010675251483917
1727	0.4010675251483917
1728	0.578492283821106
1728	0.578492283821106
1729	0.5000841617584229
1729	0.5000841617584229
1730	0.5115
1730	0.6479238867759705
1730	0.6479238867759705
1731	0.4314318895339966
1731	0.4314318895339966
1732	0.55217444896698
1732	0.55217444896698
1733	0.5251610279083252
1733	0.5251610279083252
1734	0.46453818678855896
1734	0.46453818678855896
1735	0.6310897469520569
1735	0.6310897469520569
1736	0.5805695652961731
1736	0.5805695652961731
1737	0.4350970685482025
1737	0.4350970685482025
1738	0.5820854902267456
1738	0.5820854902267456
1739	0.40984046459198
1739	0.40984046459198
1740	0.5077
1740	0.46515125036239624
1740	0.46515125036239624
1741	0.6381014585494995
1741	0.6381014585494995
1742	0.5372690558433533
1742	0.5372690558433533
1743	0.5097651481628418
1743	0.5097651481628418
1744	0.4652765989303589
1744	0.4652765989303589
1745	0.4041747450828552
1745	0.4041747450828552
1746	0.483730286359787
1746	0.483730286359787
1747	0.5279117822647095
1747	0.5279117822647095
1748	0.5071567296981812
1748	0.5071567296981812
1749	0.6504807472229004
1749	0.6504807472229004
1750	0.5328
1750	0.6041631102561951
1750	0.6041631102561951
1751	0.47300079464912415
1751	0.47300079464912415
1752	0.572908341884613
1752	0.572908341884613
1753	0.4378412067890167
1753	0.4378412067890167
1754	0.5897493958473206
1754	0.5897493958473206
1755	0.5502837300300598
1755	0.5502837300300598
1756	0.387465238571167
1756	0.387465238571167
1757	0.44968438148498535
1757	0.44968438148498535
1758	0.6017550826072693
1758	0.6017550826072693
1759	0.4958788752555847
1759	0.4958788752555847
1760	0.5188
1760	0.6296238303184509
1760	0.6296238303184509
1761	0.3711709678173065
1761	0.3711709678173065
1762	0.5241203308105469
1762	0.5241203308105469
1763	0.5363602638244629
1763	0.5363602638244629
1764	0.4660249948501587
1764	0.4660249948501587
1765	0.49763450026512146
1765	0.49763450026512146
1766	0.603004515171051
1766	0.603004515171051
1767	0.44760820269584656
1767	0.44760820269584656
1768	0.6041991710662842
1768	0.6041991710662842
1769	0.4539755582809448
1769	0.4539755582809448
1770	0.502
1770	0.5157507658004761
1770	0.5157507658004761
1771	0.6099660992622375
1771	0.6099660992622375
1772	0.34003639221191406
1772	0.34003639221191406
1773	0.5422378778457642
1773	0.5422378778457642
1774	0.447670042514801
1774	0.447670042514801
1775	0.4349372386932373
1775	0.4349372386932373
1776	0.6249504089355469
1776	0.6249504089355469
1777	0.281807005405426
1777	0.281807005405426
1778	0.5005085468292236
1778	0.5005085468292236
1779	0.4651871621608734
1779	0.4651871621608734
1780	0.477
1780	0.5223960876464844
1780	0.5223960876464844
1781	0.4012405574321747
1781	0.4012405574321747
1782	0.3403801918029785
1782	0.3403801918029785
1783	0.7206917405128479
1783	0.7206917405128479
1784	0.5615072250366211
1784	0.5615072250366211
1785	0.3660033047199249
1785	0.3660033047199249
1786	0.3440597653388977
1786	0.3440597653388977
1787	0.4584764838218689
1787	0.4584764838218689
1788	0.46630439162254333
1788	0.46630439162254333
1789	0.6191731095314026
1789	0.6191731095314026
1790	0.4644
1790	0.36644476652145386
1790	0.36644476652145386
1791	0.41010260581970215
1791	0.41010260581970215
1792	0.7035571932792664
1792	0.7035571932792664
1793	0.3439041078090668
1793	0.3439041078090668
1794	0.4595167934894562
1794	0.4595167934894562
1795	0.5418328642845154
1795	0.5418328642845154
1796	0.2866310477256775
1796	0.2866310477256775
1797	0.51813143491745
1797	0.51813143491745
1798	0.5045799016952515
1798	0.5045799016952515
1799	0.5466653108596802
1799	0.5466653108596802
1800	0.4831
1800	0.5157400965690613
1800	0.5157400965690613
1801	0.48968231678009033
1801	0.48968231678009033
1802	0.5220271348953247
1802	0.5220271348953247
1803	0.48550868034362793
1803	0.48550868034362793
1804	0.49145081639289856
1804	0.49145081639289856
1805	0.5152799487113953
1805	0.5152799487113953
1806	0.6497461795806885
1806	0.6497461795806885
1807	0.502640962600708
1807	0.502640962600708
1808	0.5627833604812622
1808	0.5627833604812622
1809	0.5892804265022278
1809	0.5892804265022278
1810	0.518
1810	0.3718545138835907
1810	0.3718545138835907
1811	0.3524414002895355
1811	0.3524414002895355
1812	0.36761122941970825
1812	0.36761122941970825
1813	0.3325403034687042
1813	0.3325403034687042
1814	0.6113015413284302
1814	0.6113015413284302
1815	0.4082127809524536
1815	0.4082127809524536
1816	0.5767990946769714
1816	0.5767990946769714
1817	0.42602330446243286
1817	0.42602330446243286
1818	0.41842928528785706
1818	0.41842928528785706
1819	0.4887438416481018
1819	0.4887438416481018
1820	0.4577
1820	0.5945377945899963
1820	0.5945377945899963
1821	0.5098142623901367
1821	0.5098142623901367
1822	0.5109068155288696
1822	0.5109068155288696
1823	0.5353832244873047
1823	0.5353832244873047
1824	0.5905300974845886
1824	0.5905300974845886
1825	0.5598087906837463
1825	0.5598087906837463
1826	0.5976384282112122
1826	0.5976384282112122
1827	0.4155237078666687
1827	0.4155237078666687
1828	0.5116614103317261
1828	0.5116614103317261
1829	0.6294146776199341
1829	0.6294146776199341
1830	0.5437
1830	0.5758808255195618
1830	0.5758808255195618
1831	0.41225993633270264
1831	0.41225993633270264
1832	0.5350849628448486
1832	0.5350849628448486
1833	0.4901471734046936
1833	0.4901471734046936
1834	0.5063173770904541
1834	0.5063173770904541
1835	0.39338332414627075
1835	0.39338332414627075
1836	0.5841379165649414
1836	0.5841379165649414
1837	0.6119635701179504
1837	0.6119635701179504
1838	0.5611572265625
1838	0.5611572265625
1839	0.40402752161026
1839	0.40402752161026
1840	0.5057
1840	0.5585204362869263
1840	0.5585204362869263
1841	0.4143766462802887
1841	0.4143766462802887
1842	0.44816529750823975
1842	0.44816529750823975
1843	0.44808247685432434
1843	0.44808247685432434
1844	0.4736548662185669
1844	0.4736548662185669
1845	0.42373278737068176
1845	0.42373278737068176
1846	0.542998194694519
1846	0.542998194694519
1847	0.5141634345054626
1847	0.5141634345054626
1848	0.3885480761528015
1848	0.3885480761528015
1849	0.5131478309631348
1849	0.5131478309631348
1850	0.4591
1850	0.42452099919319153
1850	0.42452099919319153
1851	0.4387807548046112
1851	0.4387807548046112
1852	0.5598165392875671
1852	0.5598165392875671
1853	0.45720481872558594
1853	0.45720481872558594
1854	0.5630183219909668
1854	0.5630183219909668
1855	0.5074121356010437
1855	0.5074121356010437
1856	0.30660563707351685
1856	0.30660563707351685
1857	0.40342381596565247
1857	0.40342381596565247
1858	0.5014381408691406
1858	0.5014381408691406
1859	0.28989818692207336
1859	0.28989818692207336
1860	0.4573
1860	0.545513927936554
1860	0.545513927936554
1861	0.5957335233688354
1861	0.5957335233688354
1862	0.43377307057380676
1862	0.43377307057380676
1863	0.5484734773635864
1863	0.5484734773635864
1864	0.47173595428466797
1864	0.47173595428466797
1865	0.40198320150375366
1865	0.40198320150375366
1866	0.26843833923339844
1866	0.26843833923339844
1867	0.37041693925857544
1867	0.37041693925857544
1868	0.6427146792411804
1868	0.6427146792411804
1869	0.39232948422431946
1869	0.39232948422431946
1870	0.4552
1870	0.42635583877563477
1870	0.42635583877563477
1871	0.4828798770904541
1871	0.4828798770904541
1872	0.5286273956298828
1872	0.5286273956298828
1873	0.5016802549362183
1873	0.5016802549362183
1874	0.48787471652030945
1874	0.48787471652030945
1875	0.3122146725654602
1875	0.3122146725654602
1876	0.5085263848304749
1876	0.5085263848304749
1877	0.3693520426750183
1877	0.3693520426750183
1878	0.49423545598983765
1878	0.49423545598983765
1879	0.3711144030094147
1879	0.3711144030094147
1880	0.4571
1880	0.5145601034164429
1880	0.5145601034164429
1881	0.5324784517288208
1881	0.5324784517288208
1882	0.5848557353019714
1882	0.5848557353019714
1883	0.5446803569793701
1883	0.5446803569793701
1884	0.6385378837585449
1884	0.6385378837585449
1885	0.4500122368335724
1885	0.4500122368335724
1886	0.4662877917289734
1886	0.4662877917289734
1887	0.5842086672782898
1887	0.5842086672782898
1888	0.4496440291404724
1888	0.4496440291404724
1889	0.38939446210861206
1889	0.38939446210861206
1890	0.5071
1890	0.4308266341686249
1890	0.4308266341686249
1891	0.5370495319366455
1891	0.5370495319366455
1892	0.3056180775165558
1892	0.3056180775165558
1893	0.6279001832008362
1893	0.6279001832008362
1894	0.41374242305755615
1894	0.41374242305755615
1895	0.3431605398654938
1895	0.3431605398654938
1896	0.47179505228996277
1896	0.47179505228996277
1897	0.46610012650489807
1897	0.46610012650489807
1898	0.2913804054260254
1898	0.2913804054260254
1899	0.5233058333396912
1899	0.5233058333396912
1900	0.4434
1900	0.4535735249519348
1900	0.4535735249519348
1901	0.3967200517654419
1901	0.3967200517654419
1902	0.32439669966697693
1902	0.32439669966697693
1903	0.4428772032260895
1903	0.4428772032260895
1904	0.5771086812019348
1904	0.5771086812019348
1905	0.43630698323249817
1905	0.43630698323249817
1906	0.5721582770347595
1906	0.5721582770347595
1907	0.46710076928138733
1907	0.46710076928138733
1908	0.5365855693817139
1908	0.5365855693817139
1909	0.4989510178565979
1909	0.4989510178565979
1910	0.4714
1910	0.4621962308883667
1910	0.4621962308883667
1911	0.44473209977149963
1911	0.44473209977149963
1912	0.40822380781173706
1912	0.40822380781173706
1913	0.5039145350456238
1913	0.5039145350456238
1914	0.3610302209854126
1914	0.3610302209854126
1915	0.6075316667556763
1915	0.6075316667556763
1916	0.4446140229701996
1916	0.4446140229701996
1917	0.5775473117828369
1917	0.5775473117828369
1918	0.5977600812911987
1918	0.5977600812911987
1919	0.3847825825214386
1919	0.3847825825214386
1920	0.4773
1920	0.44275784492492676
1920	0.44275784492492676
1921	0.42509108781814575
1921	0.42509108781814575
1922	0.5109775066375732
1922	0.5109775066375732
1923	0.33943432569503784
1923	0.33943432569503784
1924	0.4239184260368347
1924	0.4239184260368347
1925	0.5555374622344971
1925	0.5555374622344971
1926	0.5525985956192017
1926	0.5525985956192017
1927	0.5788390636444092
1927	0.5788390636444092
1928	0.43165358901023865
1928	0.43165358901023865
1929	0.37623974680900574
1929	0.37623974680900574
1930	0.4904
1930	0.7099751830101013
1930	0.7099751830101013
1931	0.49230891466140747
1931	0.49230891466140747
1932	0.4306541681289673
1932	0.4306541681289673
1933	0.5145459175109863
1933	0.5145459175109863
1934	0.3899606168270111
1934	0.3899606168270111
1935	0.4976545572280884
1935	0.4976545572280884
1936	0.5100885629653931
1936	0.5100885629653931
1937	0.3379797041416168
1937	0.3379797041416168
1938	0.41391515731811523
1938	0.41391515731811523
1939	0.529723048210144
1939	0.529723048210144
1940	0.4593
1940	0.47567349672317505
1940	0.47567349672317505
1941	0.44160765409469604
1941	0.44160765409469604
1942	0.444682240486145
1942	0.444682240486145
1943	0.5228529572486877
1943	0.5228529572486877
1944	0.4526897072792053
1944	0.4526897072792053
1945	0.5803532600402832
1945	0.5803532600402832
1946	0.5416300296783447
1946	0.5416300296783447
1947	0.4563065469264984
1947	0.4563065469264984
1948	0.5204986333847046
1948	0.5204986333847046
1949	0.47288793325424194
1949	0.47288793325424194
1950	0.4854
1950	0.4204782545566559
1950	0.4204782545566559
1951	0.5896623730659485
1951	0.5896623730659485
1952	0.4427918493747711
1952	0.4427918493747711
1953	0.6443266272544861
1953	0.6443266272544861
1954	0.4146474599838257
1954	0.4146474599838257
1955	0.6162804961204529
1955	0.6162804961204529
1956	0.4802003800868988
1956	0.4802003800868988
1957	0.5184651613235474
1957	0.5184651613235474
1958	0.3291017711162567
1958	0.3291017711162567
1959	0.5217738151550293
1959	0.5217738151550293
1960	0.4921
1960	0.3641175627708435
1960	0.3641175627708435
1961	0.5297742486000061
1961	0.5297742486000061
1962	0.3121625781059265
1962	0.3121625781059265
1963	0.4797252118587494
1963	0.4797252118587494
1964	0.5938792824745178
1964	0.5938792824745178
1965	0.5724124312400818
1965	0.5724124312400818
1966	0.3681068420410156
1966	0.3681068420410156
1967	0.6081335544586182
1967	0.6081335544586182
1968	0.3238309323787689
1968	0.3238309323787689
1969	0.49751752614974976
1969	0.49751752614974976
1970	0.472
1970	0.43429601192474365
1970	0.43429601192474365
1971	0.6200926303863525
1971	0.6200926303863525
1972	0.360993355512619
1972	0.360993355512619
1973	0.5190507769584656
1973	0.5190507769584656
1974	0.4433717429637909
1974	0.4433717429637909
1975	0.6021651029586792
1975	0.6021651029586792
1976	0.48136845231056213
1976	0.48136845231056213
1977	0.4060775637626648
1977	0.4060775637626648
1978	0.4411574602127075
1978	0.4411574602127075
1979	0.4826875627040863
1979	0.4826875627040863
1980	0.4892
1980	0.5351296663284302
1980	0.5351296663284302
1981	0.3338550925254822
1981	0.3338550925254822
1982	0.6242294311523438
1982	0.6242294311523438
1983	0.4523770213127136
1983	0.4523770213127136
1984	0.6804457902908325
1984	0.6804457902908325
1985	0.45707446336746216
1985	0.45707446336746216
1986	0.5514821410179138
1986	0.5514821410179138
1987	0.5369336009025574
1987	0.5369336009025574
1988	0.42014747858047485
1988	0.42014747858047485
1989	0.6918848156929016
1989	0.6918848156929016
1990	0.5221
1990	0.4722009003162384
1990	0.4722009003162384
1991	0.5112724900245667
1991	0.5112724900245667
1992	0.36066994071006775
1992	0.36066994071006775
1993	0.4667953550815582
1993	0.4667953550815582
1994	0.5362575054168701
1994	0.5362575054168701
1995	0.37853115797042847
1995	0.37853115797042847
1996	0.2831707000732422
1996	0.2831707000732422
1997	0.24526438117027283
1997	0.24526438117027283
1998	0.36292946338653564
1998	0.36292946338653564
1999	0.3368087708950043
1999	0.3368087708950043
2000	0.3889
2000	0.4071119427680969
2000	0.4071119427680969
2001	0.3528088629245758
2001	0.3528088629245758
2002	0.4417489171028137
2002	0.4417489171028137
2003	0.4084368348121643
2003	0.4084368348121643
2004	0.6015976667404175
2004	0.6015976667404175
2005	0.3706856369972229
2005	0.3706856369972229
2006	0.4685474634170532
2006	0.4685474634170532
2007	0.4787556529045105
2007	0.4787556529045105
2008	0.3929957151412964
2008	0.3929957151412964
2009	0.4007148742675781
2009	0.4007148742675781
2010	0.4403
2010	0.48672693967819214
2010	0.48672693967819214
2011	0.5325331091880798
2011	0.5325331091880798
2012	0.35381484031677246
2012	0.35381484031677246
2013	0.4614616334438324
2013	0.4614616334438324
2014	0.4114309847354889
2014	0.4114309847354889
2015	0.51126629114151
2015	0.51126629114151
2016	0.5071405172348022
2016	0.5071405172348022
2017	0.5237588286399841
2017	0.5237588286399841
2018	0.5315725207328796
2018	0.5315725207328796
2019	0.4442305862903595
2019	0.4442305862903595
2020	0.4694
2020	0.4164457619190216
2020	0.4164457619190216
2021	0.45582759380340576
2021	0.45582759380340576
2022	0.4336826801300049
2022	0.4336826801300049
2023	0.43480926752090454
2023	0.43480926752090454
2024	0.4290989339351654
2024	0.4290989339351654
2025	0.5847148299217224
2025	0.5847148299217224
2026	0.33796072006225586
2026	0.33796072006225586
2027	0.49213093519210815
2027	0.49213093519210815
2028	0.5086079239845276
2028	0.5086079239845276
2029	0.4493054449558258
2029	0.4493054449558258
2030	0.4565
2030	0.43845006823539734
2030	0.43845006823539734
2031	0.5035443902015686
2031	0.5035443902015686
2032	0.5513141751289368
2032	0.5513141751289368
2033	0.46632108092308044
2033	0.46632108092308044
2034	0.37691983580589294
2034	0.37691983580589294
2035	0.4077894687652588
2035	0.4077894687652588
2036	0.39001405239105225
2036	0.39001405239105225
2037	0.3946020305156708
2037	0.3946020305156708
2038	0.43557828664779663
2038	0.43557828664779663
2039	0.4612196981906891
2039	0.4612196981906891
2040	0.4379
2040	0.39210909605026245
2040	0.39210909605026245
2041	0.4045749604701996
2041	0.4045749604701996
2042	0.5570554733276367
2042	0.5570554733276367
2043	0.40398481488227844
2043	0.40398481488227844
2044	0.4944778382778168
2044	0.4944778382778168
2045	0.3395259976387024
2045	0.3395259976387024
2046	0.40728506445884705
2046	0.40728506445884705
2047	0.5334805250167847
2047	0.5334805250167847
2048	0.41710585355758667
2048	0.41710585355758667
2049	0.44405820965766907
2049	0.44405820965766907
2050	0.4424
2050	0.42265793681144714
2050	0.42265793681144714
2051	0.5036172270774841
2051	0.5036172270774841
2052	0.39601489901542664
2052	0.39601489901542664
2053	0.5545170903205872
2053	0.5545170903205872
2054	0.7051978707313538
2054	0.7051978707313538
2055	0.5522032976150513
2055	0.5522032976150513
2056	0.5273144245147705
2056	0.5273144245147705
2057	0.5859654545783997
2057	0.5859654545783997
2058	0.4762056767940521
2058	0.4762056767940521
2059	0.48733770847320557
2059	0.48733770847320557
2060	0.532
2060	0.531403660774231
2060	0.531403660774231
2061	0.5126749873161316
2061	0.5126749873161316
2062	0.4349207282066345
2062	0.4349207282066345
2063	0.4795770049095154
2063	0.4795770049095154
2064	0.4403335154056549
2064	0.4403335154056549
2065	0.3741394579410553
2065	0.3741394579410553
2066	0.4524216055870056
2066	0.4524216055870056
2067	0.39737939834594727
2067	0.39737939834594727
2068	0.5605020523071289
2068	0.5605020523071289
2069	0.46842849254608154
2069	0.46842849254608154
2070	0.4631
2070	0.5107967257499695
2070	0.5107967257499695
2071	0.5104429721832275
2071	0.5104429721832275
2072	0.4825457036495209
2072	0.4825457036495209
2073	0.31875115633010864
2073	0.31875115633010864
2074	0.48170235753059387
2074	0.48170235753059387
2075	0.3937046527862549
2075	0.3937046527862549
2076	0.38147827982902527
2076	0.38147827982902527
2077	0.4365796446800232
2077	0.4365796446800232
2078	0.3124641180038452
2078	0.3124641180038452
2079	0.3256487250328064
2079	0.3256487250328064
2080	0.4009
2080	0.3661162257194519
2080	0.3661162257194519
2081	0.3925255537033081
2081	0.3925255537033081
2082	0.3356602191925049
2082	0.3356602191925049
2083	0.4163050651550293
2083	0.4163050651550293
2084	0.4398193657398224
2084	0.4398193657398224
2085	0.4304092526435852
2085	0.4304092526435852
2086	0.44021210074424744
2086	0.44021210074424744
2087	0.30056673288345337
2087	0.30056673288345337
2088	0.2747485041618347
2088	0.2747485041618347
2089	0.32945507764816284
2089	0.32945507764816284
2090	0.3883
2090	0.5234686136245728
2090	0.5234686136245728
2091	0.5659481287002563
2091	0.5659481287002563
2092	0.5193626880645752
2092	0.5193626880645752
2093	0.35925841331481934
2093	0.35925841331481934
2094	0.4642516076564789
2094	0.4642516076564789
2095	0.3830013871192932
2095	0.3830013871192932
2096	0.33546745777130127
2096	0.33546745777130127
2097	0.5104650259017944
2097	0.5104650259017944
2098	0.6405919194221497
2098	0.6405919194221497
2099	0.41562697291374207
2099	0.41562697291374207
2100	0.4603
2100	0.40881994366645813
2100	0.40881994366645813
2101	0.37788891792297363
2101	0.37788891792297363
2102	0.3856368660926819
2102	0.3856368660926819
2103	0.4784014821052551
2103	0.4784014821052551
2104	0.47356367111206055
2104	0.47356367111206055
2105	0.40819481015205383
2105	0.40819481015205383
2106	0.47337308526039124
2106	0.47337308526039124
2107	0.3797142207622528
2107	0.3797142207622528
2108	0.4773474633693695
2108	0.4773474633693695
2109	0.3641228973865509
2109	0.3641228973865509
2110	0.4315
2110	0.49632054567337036
2110	0.49632054567337036
2111	0.4474017024040222
2111	0.4474017024040222
2112	0.4203837811946869
2112	0.4203837811946869
2113	0.44061505794525146
2113	0.44061505794525146
2114	0.4724545478820801
2114	0.4724545478820801
2115	0.38743138313293457
2115	0.38743138313293457
2116	0.601447343826294
2116	0.601447343826294
2117	0.4247859716415405
2117	0.4247859716415405
2118	0.40019458532333374
2118	0.40019458532333374
2119	0.6271880865097046
2119	0.6271880865097046
2120	0.4896
2120	0.6741653680801392
2120	0.6741653680801392
2121	0.4251731038093567
2121	0.4251731038093567
2122	0.5796239972114563
2122	0.5796239972114563
2123	0.28366807103157043
2123	0.28366807103157043
2124	0.37309661507606506
2124	0.37309661507606506
2125	0.4927220642566681
2125	0.4927220642566681
2126	0.42372721433639526
2126	0.42372721433639526
2127	0.5248390436172485
2127	0.5248390436172485
2128	0.4487668573856354
2128	0.4487668573856354
2129	0.39310887455940247
2129	0.39310887455940247
2130	0.445
2130	0.5050773620605469
2130	0.5050773620605469
2131	0.46726277470588684
2131	0.46726277470588684
2132	0.5341099500656128
2132	0.5341099500656128
2133	0.44234466552734375
2133	0.44234466552734375
2134	0.44255530834198
2134	0.44255530834198
2135	0.442923367023468
2135	0.442923367023468
2136	0.5144839882850647
2136	0.5144839882850647
2137	0.48655784130096436
2137	0.48655784130096436
2138	0.5709536671638489
2138	0.5709536671638489
2139	0.5449985265731812
2139	0.5449985265731812
2140	0.4903
2140	0.45707792043685913
2140	0.45707792043685913
2141	0.47702741622924805
2141	0.47702741622924805
2142	0.46728867292404175
2142	0.46728867292404175
2143	0.25148677825927734
2143	0.25148677825927734
2144	0.7350068688392639
2144	0.7350068688392639
2145	0.35196664929389954
2145	0.35196664929389954
2146	0.3950797915458679
2146	0.3950797915458679
2147	0.23803168535232544
2147	0.23803168535232544
2148	0.3302213251590729
2148	0.3302213251590729
2149	0.32841119170188904
2149	0.32841119170188904
2150	0.3821
2150	0.24631604552268982
2150	0.24631604552268982
2151	0.6044262647628784
2151	0.6044262647628784
2152	0.4829659163951874
2152	0.4829659163951874
2153	0.5548961758613586
2153	0.5548961758613586
2154	0.41993817687034607
2154	0.41993817687034607
2155	0.3147526681423187
2155	0.3147526681423187
2156	0.5549826622009277
2156	0.5549826622009277
2157	0.49617084860801697
2157	0.49617084860801697
2158	0.36739644408226013
2158	0.36739644408226013
2159	0.39635851979255676
2159	0.39635851979255676
2160	0.4538
2160	0.3462402820587158
2160	0.3462402820587158
2161	0.39177387952804565
2161	0.39177387952804565
2162	0.3986579477787018
2162	0.3986579477787018
2163	0.46653106808662415
2163	0.46653106808662415
2164	0.4902706444263458
2164	0.4902706444263458
2165	0.6126392483711243
2165	0.6126392483711243
2166	0.5624467134475708
2166	0.5624467134475708
2167	0.4364497661590576
2167	0.4364497661590576
2168	0.37679123878479004
2168	0.37679123878479004
2169	0.3920818567276001
2169	0.3920818567276001
2170	0.454
2170	0.4118817150592804
2170	0.4118817150592804
2171	0.509650468826294
2171	0.509650468826294
2172	0.5664960741996765
2172	0.5664960741996765
2173	0.3744528889656067
2173	0.3744528889656067
2174	0.21243153512477875
2174	0.21243153512477875
2175	0.3496078550815582
2175	0.3496078550815582
2176	0.4598053991794586
2176	0.4598053991794586
2177	0.3365403413772583
2177	0.3365403413772583
2178	0.4202541410923004
2178	0.4202541410923004
2179	0.39331111311912537
2179	0.39331111311912537
2180	0.4047
2180	0.4248810410499573
2180	0.4248810410499573
2181	0.46400561928749084
2181	0.46400561928749084
2182	0.5661601424217224
2182	0.5661601424217224
2183	0.5994284152984619
2183	0.5994284152984619
2184	0.403458833694458
2184	0.403458833694458
2185	0.48304104804992676
2185	0.48304104804992676
2186	0.5408269762992859
2186	0.5408269762992859
2187	0.6455705165863037
2187	0.6455705165863037
2188	0.5905758142471313
2188	0.5905758142471313
2189	0.5456090569496155
2189	0.5456090569496155
2190	0.521
2190	0.37092697620391846
2190	0.37092697620391846
2191	0.4600750803947449
2191	0.4600750803947449
2192	0.4583038091659546
2192	0.4583038091659546
2193	0.2548081576824188
2193	0.2548081576824188
2194	0.49748626351356506
2194	0.49748626351356506
2195	0.34587791562080383
2195	0.34587791562080383
2196	0.43358075618743896
2196	0.43358075618743896
2197	0.4310123026371002
2197	0.4310123026371002
2198	0.4677313566207886
2198	0.4677313566207886
2199	0.38757088780403137
2199	0.38757088780403137
2200	0.4246
2200	0.5092026591300964
2200	0.5092026591300964
2201	0.5643038749694824
2201	0.5643038749694824
2202	0.4750930070877075
2202	0.4750930070877075
2203	0.5351402759552002
2203	0.5351402759552002
2204	0.3207971751689911
2204	0.3207971751689911
2205	0.31332385540008545
2205	0.31332385540008545
2206	0.36029139161109924
2206	0.36029139161109924
2207	0.4984723627567291
2207	0.4984723627567291
2208	0.48404058814048767
2208	0.48404058814048767
2209	0.475281685590744
2209	0.475281685590744
2210	0.4605
2210	0.578595757484436
2210	0.578595757484436
2211	0.5250053405761719
2211	0.5250053405761719
2212	0.29483193159103394
2212	0.29483193159103394
2213	0.35464856028556824
2213	0.35464856028556824
2214	0.6010803580284119
2214	0.6010803580284119
2215	0.36726972460746765
2215	0.36726972460746765
2216	0.4194282293319702
2216	0.4194282293319702
2217	0.5883083343505859
2217	0.5883083343505859
2218	0.41896852850914
2218	0.41896852850914
2219	0.44092196226119995
2219	0.44092196226119995
2220	0.4401
2220	0.39042210578918457
2220	0.39042210578918457
2221	0.5562523007392883
2221	0.5562523007392883
2222	0.4553888440132141
2222	0.4553888440132141
2223	0.4996683895587921
2223	0.4996683895587921
2224	0.2918715178966522
2224	0.2918715178966522
2225	0.36150506138801575
2225	0.36150506138801575
2226	0.47369909286499023
2226	0.47369909286499023
2227	0.28971725702285767
2227	0.28971725702285767
2228	0.33695361018180847
2228	0.33695361018180847
2229	0.6163957118988037
2229	0.6163957118988037
2230	0.4516
2230	0.6341102719306946
2230	0.6341102719306946
2231	0.40605905652046204
2231	0.40605905652046204
2232	0.41822123527526855
2232	0.41822123527526855
2233	0.5235645771026611
2233	0.5235645771026611
2234	0.5091513395309448
2234	0.5091513395309448
2235	0.4865528345108032
2235	0.4865528345108032
2236	0.4086656868457794
2236	0.4086656868457794
2237	0.41311171650886536
2237	0.41311171650886536
2238	0.3400699198246002
2238	0.3400699198246002
2239	0.4277518391609192
2239	0.4277518391609192
2240	0.4217
2240	0.28420838713645935
2240	0.28420838713645935
2241	0.31412097811698914
2241	0.31412097811698914
2242	0.4465811252593994
2242	0.4465811252593994
2243	0.38731884956359863
2243	0.38731884956359863
2244	0.4206721782684326
2244	0.4206721782684326
2245	0.4355936646461487
2245	0.4355936646461487
2246	0.4704132676124573
2246	0.4704132676124573
2247	0.44177037477493286
2247	0.44177037477493286
2248	0.4917748272418976
2248	0.4917748272418976
2249	0.4303075075149536
2249	0.4303075075149536
2250	0.4173
2250	0.3347606360912323
2250	0.3347606360912323
2251	0.4309399127960205
2251	0.4309399127960205
2252	0.3720744848251343
2252	0.3720744848251343
2253	0.5113503336906433
2253	0.5113503336906433
2254	0.4054877460002899
2254	0.4054877460002899
2255	0.4432604908943176
2255	0.4432604908943176
2256	0.3654111623764038
2256	0.3654111623764038
2257	0.391452819108963
2257	0.391452819108963
2258	0.5625726580619812
2258	0.5625726580619812
2259	0.3711974322795868
2259	0.3711974322795868
2260	0.4285
2260	0.43170925974845886
2260	0.43170925974845886
2261	0.4640173316001892
2261	0.4640173316001892
2262	0.355711430311203
2262	0.355711430311203
2263	0.4578750431537628
2263	0.4578750431537628
2264	0.516533613204956
2264	0.516533613204956
2265	0.46391233801841736
2265	0.46391233801841736
2266	0.3901282250881195
2266	0.3901282250881195
2267	0.4319564402103424
2267	0.4319564402103424
2268	0.690756618976593
2268	0.690756618976593
2269	0.40703409910202026
2269	0.40703409910202026
2270	0.4601
2270	0.42304515838623047
2270	0.42304515838623047
2271	0.4081740379333496
2271	0.4081740379333496
2272	0.5457886457443237
2272	0.5457886457443237
2273	0.2986643314361572
2273	0.2986643314361572
2274	0.3148288428783417
2274	0.3148288428783417
2275	0.3673410415649414
2275	0.3673410415649414
2276	0.3726213872432709
2276	0.3726213872432709
2277	0.3185427188873291
2277	0.3185427188873291
2278	0.40860989689826965
2278	0.40860989689826965
2279	0.41349107027053833
2279	0.41349107027053833
2280	0.3762
2280	0.3137301802635193
2280	0.3137301802635193
2281	0.5035127401351929
2281	0.5035127401351929
2282	0.26015785336494446
2282	0.26015785336494446
2283	0.5354116559028625
2283	0.5354116559028625
2284	0.4089980721473694
2284	0.4089980721473694
2285	0.6143297553062439
2285	0.6143297553062439
2286	0.434364914894104
2286	0.434364914894104
2287	0.3452385663986206
2287	0.3452385663986206
2288	0.4064635634422302
2288	0.4064635634422302
2289	0.49940550327301025
2289	0.49940550327301025
2290	0.4365
2290	0.35681867599487305
2290	0.35681867599487305
2291	0.38884681463241577
2291	0.38884681463241577
2292	0.47818461060523987
2292	0.47818461060523987
2293	0.48464807868003845
2293	0.48464807868003845
2294	0.4838997721672058
2294	0.4838997721672058
2295	0.38691332936286926
2295	0.38691332936286926
2296	0.5786367058753967
2296	0.5786367058753967
2297	0.5266596078872681
2297	0.5266596078872681
2298	0.29023247957229614
2298	0.29023247957229614
2299	0.4138191342353821
2299	0.4138191342353821
2300	0.4479
2300	0.4475536346435547
2300	0.4475536346435547
2301	0.4054783582687378
2301	0.4054783582687378
2302	0.5355832576751709
2302	0.5355832576751709
2303	0.2881430983543396
2303	0.2881430983543396
2304	0.5905671119689941
2304	0.5905671119689941
2305	0.39433711767196655
2305	0.39433711767196655
2306	0.2829955220222473
2306	0.2829955220222473
2307	0.42197972536087036
2307	0.42197972536087036
2308	0.4286748170852661
2308	0.4286748170852661
2309	0.34800463914871216
2309	0.34800463914871216
2310	0.4177
2310	0.48122552037239075
2310	0.48122552037239075
2311	0.3414282500743866
2311	0.3414282500743866
2312	0.4485176205635071
2312	0.4485176205635071
2313	0.5889428853988647
2313	0.5889428853988647
2314	0.43007418513298035
2314	0.43007418513298035
2315	0.4842115640640259
2315	0.4842115640640259
2316	0.5526981353759766
2316	0.5526981353759766
2317	0.5933525562286377
2317	0.5933525562286377
2318	0.4435754120349884
2318	0.4435754120349884
2319	0.4847090244293213
2319	0.4847090244293213
2320	0.4818
2320	0.4501604735851288
2320	0.4501604735851288
2321	0.47436031699180603
2321	0.47436031699180603
2322	0.4353732466697693
2322	0.4353732466697693
2323	0.42878031730651855
2323	0.42878031730651855
2324	0.5096433162689209
2324	0.5096433162689209
2325	0.3870701789855957
2325	0.3870701789855957
2326	0.3599557876586914
2326	0.3599557876586914
2327	0.5293340086936951
2327	0.5293340086936951
2328	0.5935525894165039
2328	0.5935525894165039
2329	0.4337822198867798
2329	0.4337822198867798
2330	0.4504
2330	0.3522379994392395
2330	0.3522379994392395
2331	0.30274465680122375
2331	0.30274465680122375
2332	0.4957444667816162
2332	0.4957444667816162
2333	0.4870794415473938
2333	0.4870794415473938
2334	0.32301953434944153
2334	0.32301953434944153
2335	0.4565933048725128
2335	0.4565933048725128
2336	0.5166715383529663
2336	0.5166715383529663
2337	0.3850984275341034
2337	0.3850984275341034
2338	0.4939233362674713
2338	0.4939233362674713
2339	0.4461885392665863
2339	0.4461885392665863
2340	0.4255
2340	0.3483552634716034
2340	0.3483552634716034
2341	0.43969106674194336
2341	0.43969106674194336
2342	0.5008586645126343
2342	0.5008586645126343
2343	0.38836097717285156
2343	0.38836097717285156
2344	0.49955621361732483
2344	0.49955621361732483
2345	0.4809102416038513
2345	0.4809102416038513
2346	0.4377887547016144
2346	0.4377887547016144
2347	0.46237272024154663
2347	0.46237272024154663
2348	0.5871168375015259
2348	0.5871168375015259
2349	0.3499211072921753
2349	0.3499211072921753
2350	0.4629
2350	0.48201632499694824
2350	0.48201632499694824
2351	0.3755742013454437
2351	0.3755742013454437
2352	0.45019397139549255
2352	0.45019397139549255
2353	0.40402352809906006
2353	0.40402352809906006
2354	0.4497881829738617
2354	0.4497881829738617
2355	0.44321754574775696
2355	0.44321754574775696
2356	0.4263439178466797
2356	0.4263439178466797
2357	0.3507925271987915
2357	0.3507925271987915
2358	0.5456541180610657
2358	0.5456541180610657
2359	0.5071438550949097
2359	0.5071438550949097
2360	0.4353
2360	0.4000411927700043
2360	0.4000411927700043
2361	0.34205588698387146
2361	0.34205588698387146
2362	0.40667447447776794
2362	0.40667447447776794
2363	0.3964329659938812
2363	0.3964329659938812
2364	0.3316672444343567
2364	0.3316672444343567
2365	0.4792289733886719
2365	0.4792289733886719
2366	0.5251235365867615
2366	0.5251235365867615
2367	0.4376412034034729
2367	0.4376412034034729
2368	0.35394999384880066
2368	0.35394999384880066
2369	0.37637272477149963
2369	0.37637272477149963
2370	0.3994
2370	0.3449884057044983
2370	0.3449884057044983
2371	0.4359111487865448
2371	0.4359111487865448
2372	0.4309959411621094
2372	0.4309959411621094
2373	0.35830721259117126
2373	0.35830721259117126
2374	0.36616212129592896
2374	0.36616212129592896
2375	0.36959800124168396
2375	0.36959800124168396
2376	0.5218567252159119
2376	0.5218567252159119
2377	0.5054944753646851
2377	0.5054944753646851
2378	0.47032442688941956
2378	0.47032442688941956
2379	0.26058220863342285
2379	0.26058220863342285
2380	0.4187
2380	0.4678373336791992
2380	0.4678373336791992
2381	0.41952574253082275
2381	0.41952574253082275
2382	0.2357989400625229
2382	0.2357989400625229
2383	0.4395453929901123
2383	0.4395453929901123
2384	0.5677410364151001
2384	0.5677410364151001
2385	0.27076077461242676
2385	0.27076077461242676
2386	0.21638622879981995
2386	0.21638622879981995
2387	0.41487619280815125
2387	0.41487619280815125
2388	0.3569723665714264
2388	0.3569723665714264
2389	0.4408775269985199
2389	0.4408775269985199
2390	0.38
2390	0.4375142753124237
2390	0.4375142753124237
2391	0.34343767166137695
2391	0.34343767166137695
2392	0.4716397523880005
2392	0.4716397523880005
2393	0.4101319909095764
2393	0.4101319909095764
2394	0.4339177906513214
2394	0.4339177906513214
2395	0.6995863318443298
2395	0.6995863318443298
2396	0.47015175223350525
2396	0.47015175223350525
2397	0.5053727626800537
2397	0.5053727626800537
2398	0.45903462171554565
2398	0.45903462171554565
2399	0.4445060193538666
2399	0.4445060193538666
2400	0.4648
2400	0.4100742042064667
2400	0.4100742042064667
2401	0.3867838680744171
2401	0.3867838680744171
2402	0.633510172367096
2402	0.633510172367096
2403	0.5181692838668823
2403	0.5181692838668823
2404	0.49137574434280396
2404	0.49137574434280396
2405	0.4493732154369354
2405	0.4493732154369354
2406	0.40154844522476196
2406	0.40154844522476196
2407	0.4771016836166382
2407	0.4771016836166382
2408	0.47640299797058105
2408	0.47640299797058105
2409	0.36063286662101746
2409	0.36063286662101746
2410	0.4727
2410	0.5321506261825562
2410	0.5321506261825562
2411	0.36738187074661255
2411	0.36738187074661255
2412	0.521154522895813
2412	0.521154522895813
2413	0.3736676573753357
2413	0.3736676573753357
2414	0.5270998477935791
2414	0.5270998477935791
2415	0.5477516651153564
2415	0.5477516651153564
2416	0.4228403866291046
2416	0.4228403866291046
2417	0.2907131612300873
2417	0.2907131612300873
2418	0.5182544589042664
2418	0.5182544589042664
2419	0.29679104685783386
2419	0.29679104685783386
2420	0.4158
2420	0.29263994097709656
2420	0.29263994097709656
2421	0.6020139455795288
2421	0.6020139455795288
2422	0.26744967699050903
2422	0.26744967699050903
2423	0.2691156566143036
2423	0.2691156566143036
2424	0.41821685433387756
2424	0.41821685433387756
2425	0.47232678532600403
2425	0.47232678532600403
2426	0.6037790179252625
2426	0.6037790179252625
2427	0.43815338611602783
2427	0.43815338611602783
2428	0.2895154356956482
2428	0.2895154356956482
2429	0.494482159614563
2429	0.494482159614563
2430	0.4153
2430	0.2975732982158661
2430	0.2975732982158661
2431	0.4271186590194702
2431	0.4271186590194702
2432	0.34745046496391296
2432	0.34745046496391296
2433	0.343793123960495
2433	0.343793123960495
2434	0.7203804850578308
2434	0.7203804850578308
2435	0.4834775924682617
2435	0.4834775924682617
2436	0.26983699202537537
2436	0.26983699202537537
2437	0.3697178065776825
2437	0.3697178065776825
2438	0.3238087296485901
2438	0.3238087296485901
2439	0.30142176151275635
2439	0.30142176151275635
2440	0.3893
2440	0.30607300996780396
2440	0.30607300996780396
2441	0.37323319911956787
2441	0.37323319911956787
2442	0.38000184297561646
2442	0.38000184297561646
2443	0.3158932626247406
2443	0.3158932626247406
2444	0.22698064148426056
2444	0.22698064148426056
2445	0.4054129719734192
2445	0.4054129719734192
2446	0.4241706430912018
2446	0.4241706430912018
2447	0.42393064498901367
2447	0.42393064498901367
2448	0.4390467405319214
2448	0.4390467405319214
2449	0.3090759217739105
2449	0.3090759217739105
2450	0.3771
2450	0.4734495282173157
2450	0.4734495282173157
2451	0.4811059534549713
2451	0.4811059534549713
2452	0.5148757100105286
2452	0.5148757100105286
2453	0.41842854022979736
2453	0.41842854022979736
2454	0.39234116673469543
2454	0.39234116673469543
2455	0.3543189764022827
2455	0.3543189764022827
2456	0.3454515337944031
2456	0.3454515337944031
2457	0.6598583459854126
2457	0.6598583459854126
2458	0.38885068893432617
2458	0.38885068893432617
2459	0.5369691848754883
2459	0.5369691848754883
2460	0.4377
2460	0.2849173843860626
2460	0.2849173843860626
2461	0.594671905040741
2461	0.594671905040741
2462	0.23163971304893494
2462	0.23163971304893494
2463	0.6059969067573547
2463	0.6059969067573547
2464	0.4949370324611664
2464	0.4949370324611664
2465	0.47252923250198364
2465	0.47252923250198364
2466	0.5387396216392517
2466	0.5387396216392517
2467	0.4490441679954529
2467	0.4490441679954529
2468	0.6680825352668762
2468	0.6680825352668762
2469	0.5166746973991394
2469	0.5166746973991394
2470	0.4996
2470	0.42357176542282104
2470	0.42357176542282104
2471	0.40995070338249207
2471	0.40995070338249207
2472	0.21635828912258148
2472	0.21635828912258148
2473	0.31442517042160034
2473	0.31442517042160034
2474	0.5446643233299255
2474	0.5446643233299255
2475	0.37321993708610535
2475	0.37321993708610535
2476	0.3423295021057129
2476	0.3423295021057129
2477	0.42741483449935913
2477	0.42741483449935913
2478	0.36739689111709595
2478	0.36739689111709595
2479	0.41501906514167786
2479	0.41501906514167786
2480	0.3862
2480	0.4510132372379303
2480	0.4510132372379303
2481	0.3599399924278259
2481	0.3599399924278259
2482	0.433218389749527
2482	0.433218389749527
2483	0.508023738861084
2483	0.508023738861084
2484	0.48367929458618164
2484	0.48367929458618164
2485	0.3858456611633301
2485	0.3858456611633301
2486	0.3867810070514679
2486	0.3867810070514679
2487	0.3357451856136322
2487	0.3357451856136322
2488	0.4102541506290436
2488	0.4102541506290436
2489	0.4957810640335083
2489	0.4957810640335083
2490	0.4236
2490	0.43675974011421204
2490	0.43675974011421204
2491	0.2920493483543396
2491	0.2920493483543396
2492	0.5351718664169312
2492	0.5351718664169312
2493	0.2963438630104065
2493	0.2963438630104065
2494	0.34842202067375183
2494	0.34842202067375183
2495	0.31930655241012573
2495	0.31930655241012573
2496	0.31046155095100403
2496	0.31046155095100403
2497	0.42809411883354187
2497	0.42809411883354187
2498	0.369628369808197
2498	0.369628369808197
2499	0.500423789024353
2499	0.500423789024353
2500	0.3723
2500	0.3227619528770447
2500	0.3227619528770447
2501	0.4603738784790039
2501	0.4603738784790039
2502	0.3401110768318176
2502	0.3401110768318176
2503	0.3108442723751068
2503	0.3108442723751068
2504	0.4841533899307251
2504	0.4841533899307251
2505	0.4901464879512787
2505	0.4901464879512787
2506	0.3071582317352295
2506	0.3071582317352295
2507	0.3487774431705475
2507	0.3487774431705475
2508	0.43435436487197876
2508	0.43435436487197876
2509	0.3399185836315155
2509	0.3399185836315155
2510	0.3941
2510	0.42480555176734924
2510	0.42480555176734924
2511	0.46891623735427856
2511	0.46891623735427856
2512	0.3850342035293579
2512	0.3850342035293579
2513	0.40490323305130005
2513	0.40490323305130005
2514	0.5252740383148193
2514	0.5252740383148193
2515	0.42483702301979065
2515	0.42483702301979065
2516	0.4166623055934906
2516	0.4166623055934906
2517	0.30946794152259827
2517	0.30946794152259827
2518	0.5920787453651428
2518	0.5920787453651428
2519	0.41871264576911926
2519	0.41871264576911926
2520	0.4487
2520	0.5413764715194702
2520	0.5413764715194702
2521	0.32987287640571594
2521	0.32987287640571594
2522	0.4024010896682739
2522	0.4024010896682739
2523	0.6893349885940552
2523	0.6893349885940552
2524	0.519424557685852
2524	0.519424557685852
2525	0.5198679566383362
2525	0.5198679566383362
2526	0.4093884825706482
2526	0.4093884825706482
2527	0.36316514015197754
2527	0.36316514015197754
2528	0.45389488339424133
2528	0.45389488339424133
2529	0.434477299451828
2529	0.434477299451828
2530	0.4548
2530	0.42623254656791687
2530	0.42623254656791687
2531	0.3062802851200104
2531	0.3062802851200104
2532	0.38241708278656006
2532	0.38241708278656006
2533	0.5940530300140381
2533	0.5940530300140381
2534	0.54178386926651
2534	0.54178386926651
2535	0.46918922662734985
2535	0.46918922662734985
2536	0.2884905934333801
2536	0.2884905934333801
2537	0.3117098808288574
2537	0.3117098808288574
2538	0.3930354714393616
2538	0.3930354714393616
2539	0.49806368350982666
2539	0.49806368350982666
2540	0.434
2540	0.554498553276062
2540	0.554498553276062
2541	0.5004461407661438
2541	0.5004461407661438
2542	0.5218034386634827
2542	0.5218034386634827
2543	0.5004595518112183
2543	0.5004595518112183
2544	0.5424560904502869
2544	0.5424560904502869
2545	0.3030056059360504
2545	0.3030056059360504
2546	0.3355425298213959
2546	0.3355425298213959
2547	0.4804869592189789
2547	0.4804869592189789
2548	0.21186406910419464
2548	0.21186406910419464
2549	0.3554801344871521
2549	0.3554801344871521
2550	0.402
2550	0.26816117763519287
2550	0.26816117763519287
2551	0.3914572298526764
2551	0.3914572298526764
2552	0.48537391424179077
2552	0.48537391424179077
2553	0.39599114656448364
2553	0.39599114656448364
2554	0.3850419819355011
2554	0.3850419819355011
2555	0.4797908067703247
2555	0.4797908067703247
2556	0.30140578746795654
2556	0.30140578746795654
2557	0.4179450273513794
2557	0.4179450273513794
2558	0.4036301374435425
2558	0.4036301374435425
2559	0.5090258121490479
2559	0.5090258121490479
2560	0.4124
2560	0.354195237159729
2560	0.354195237159729
2561	0.34703320264816284
2561	0.34703320264816284
2562	0.36608412861824036
2562	0.36608412861824036
2563	0.29873043298721313
2563	0.29873043298721313
2564	0.3300042450428009
2564	0.3300042450428009
2565	0.3725230097770691
2565	0.3725230097770691
2566	0.29274147748947144
2566	0.29274147748947144
2567	0.5727037191390991
2567	0.5727037191390991
2568	0.5397293567657471
2568	0.5397293567657471
2569	0.2802284359931946
2569	0.2802284359931946
2570	0.3767
2570	0.367057740688324
2570	0.367057740688324
2571	0.3878325819969177
2571	0.3878325819969177
2572	0.33133214712142944
2572	0.33133214712142944
2573	0.3487280309200287
2573	0.3487280309200287
2574	0.2958126366138458
2574	0.2958126366138458
2575	0.4508971869945526
2575	0.4508971869945526
2576	0.3942163288593292
2576	0.3942163288593292
2577	0.48799166083335876
2577	0.48799166083335876
2578	0.43495896458625793
2578	0.43495896458625793
2579	0.2990739047527313
2579	0.2990739047527313
2580	0.3818
2580	0.3869219422340393
2580	0.3869219422340393
2581	0.41698694229125977
2581	0.41698694229125977
2582	0.3572480380535126
2582	0.3572480380535126
2583	0.36749693751335144
2583	0.36749693751335144
2584	0.4211762249469757
2584	0.4211762249469757
2585	0.3824831247329712
2585	0.3824831247329712
2586	0.4821697771549225
2586	0.4821697771549225
2587	0.3830862045288086
2587	0.3830862045288086
2588	0.3161739408969879
2588	0.3161739408969879
2589	0.4028801918029785
2589	0.4028801918029785
2590	0.4063
2590	0.5337579846382141
2590	0.5337579846382141
2591	0.32306110858917236
2591	0.32306110858917236
2592	0.49149399995803833
2592	0.49149399995803833
2593	0.7414267063140869
2593	0.7414267063140869
2594	0.5055102705955505
2594	0.5055102705955505
2595	0.2573302388191223
2595	0.2573302388191223
2596	0.4170733392238617
2596	0.4170733392238617
2597	0.3079184591770172
2597	0.3079184591770172
2598	0.45163217186927795
2598	0.45163217186927795
2599	0.41605204343795776
2599	0.41605204343795776
2600	0.4409
2600	0.497249960899353
2600	0.497249960899353
2601	0.44611066579818726
2601	0.44611066579818726
2602	0.31919974088668823
2602	0.31919974088668823
2603	0.2952251434326172
2603	0.2952251434326172
2604	0.4845072329044342
2604	0.4845072329044342
2605	0.5373039841651917
2605	0.5373039841651917
2606	0.39741051197052
2606	0.39741051197052
2607	0.611237108707428
2607	0.611237108707428
2608	0.6087880730628967
2608	0.6087880730628967
2609	0.3946447968482971
2609	0.3946447968482971
2610	0.4579
2610	0.4845513105392456
2610	0.4845513105392456
2611	0.5260797739028931
2611	0.5260797739028931
2612	0.31529927253723145
2612	0.31529927253723145
2613	0.35761773586273193
2613	0.35761773586273193
2614	0.3032611608505249
2614	0.3032611608505249
2615	0.41312605142593384
2615	0.41312605142593384
2616	0.35353410243988037
2616	0.35353410243988037
2617	0.45775291323661804
2617	0.45775291323661804
2618	0.3716982305049896
2618	0.3716982305049896
2619	0.34896525740623474
2619	0.34896525740623474
2620	0.3824
2620	0.3764115571975708
2620	0.3764115571975708
2621	0.4475072920322418
2621	0.4475072920322418
2622	0.2986447513103485
2622	0.2986447513103485
2623	0.6647430658340454
2623	0.6647430658340454
2624	0.3113076686859131
2624	0.3113076686859131
2625	0.33532747626304626
2625	0.33532747626304626
2626	0.3823286294937134
2626	0.3823286294937134
2627	0.47874921560287476
2627	0.47874921560287476
2628	0.35122424364089966
2628	0.35122424364089966
2629	0.24739477038383484
2629	0.24739477038383484
2630	0.391
2630	0.392311155796051
2630	0.392311155796051
2631	0.4247778058052063
2631	0.4247778058052063
2632	0.32231852412223816
2632	0.32231852412223816
2633	0.3313278257846832
2633	0.3313278257846832
2634	0.4915904700756073
2634	0.4915904700756073
2635	0.4086427092552185
2635	0.4086427092552185
2636	0.4735548496246338
2636	0.4735548496246338
2637	0.34005314111709595
2637	0.34005314111709595
2638	0.3317582607269287
2638	0.3317582607269287
2639	0.4487355947494507
2639	0.4487355947494507
2640	0.4082
2640	0.5090920925140381
2640	0.5090920925140381
2641	0.3516797423362732
2641	0.3516797423362732
2642	0.4625525176525116
2642	0.4625525176525116
2643	0.30356281995773315
2643	0.30356281995773315
2644	0.3136250674724579
2644	0.3136250674724579
2645	0.5047775506973267
2645	0.5047775506973267
2646	0.25719836354255676
2646	0.25719836354255676
2647	0.4318990409374237
2647	0.4318990409374237
2648	0.4342254400253296
2648	0.4342254400253296
2649	0.3079296052455902
2649	0.3079296052455902
2650	0.3714
2650	0.3462061882019043
2650	0.3462061882019043
2651	0.26116010546684265
2651	0.26116010546684265
2652	0.46288925409317017
2652	0.46288925409317017
2653	0.45925459265708923
2653	0.45925459265708923
2654	0.45958271622657776
2654	0.45958271622657776
2655	0.5682747960090637
2655	0.5682747960090637
2656	0.2626725733280182
2656	0.2626725733280182
2657	0.2565043568611145
2657	0.2565043568611145
2658	0.6048588752746582
2658	0.6048588752746582
2659	0.33057159185409546
2659	0.33057159185409546
2660	0.3962
2660	0.29644158482551575
2660	0.29644158482551575
2661	0.5682912468910217
2661	0.5682912468910217
2662	0.49405303597450256
2662	0.49405303597450256
2663	0.30730319023132324
2663	0.30730319023132324
2664	0.5237167477607727
2664	0.5237167477607727
2665	0.38691723346710205
2665	0.38691723346710205
2666	0.49361711740493774
2666	0.49361711740493774
2667	0.4052523374557495
2667	0.4052523374557495
2668	0.38029372692108154
2668	0.38029372692108154
2669	0.326587438583374
2669	0.326587438583374
2670	0.4381
2670	0.49531975388526917
2670	0.49531975388526917
2671	0.4133179187774658
2671	0.4133179187774658
2672	0.5885855555534363
2672	0.5885855555534363
2673	0.3181321918964386
2673	0.3181321918964386
2674	0.37477731704711914
2674	0.37477731704711914
2675	0.2967268228530884
2675	0.2967268228530884
2676	0.37881478667259216
2676	0.37881478667259216
2677	0.3791468143463135
2677	0.3791468143463135
2678	0.5164610147476196
2678	0.5164610147476196
2679	0.3408118188381195
2679	0.3408118188381195
2680	0.3854
2680	0.24698244035243988
2680	0.24698244035243988
2681	0.48364579677581787
2681	0.48364579677581787
2682	0.35065874457359314
2682	0.35065874457359314
2683	0.4474535286426544
2683	0.4474535286426544
2684	0.5710092782974243
2684	0.5710092782974243
2685	0.5382504463195801
2685	0.5382504463195801
2686	0.3537587821483612
2686	0.3537587821483612
2687	0.476462721824646
2687	0.476462721824646
2688	0.5921487212181091
2688	0.5921487212181091
2689	0.4235827922821045
2689	0.4235827922821045
2690	0.4637
2690	0.3999554216861725
2690	0.3999554216861725
2691	0.37418273091316223
2691	0.37418273091316223
2692	0.47318583726882935
2692	0.47318583726882935
2693	0.2487914264202118
2693	0.2487914264202118
2694	0.37873780727386475
2694	0.37873780727386475
2695	0.38894253969192505
2695	0.38894253969192505
2696	0.46235424280166626
2696	0.46235424280166626
2697	0.26952481269836426
2697	0.26952481269836426
2698	0.4310681223869324
2698	0.4310681223869324
2699	0.3802831768989563
2699	0.3802831768989563
2700	0.3751
2700	0.3442266881465912
2700	0.3442266881465912
2701	0.38291501998901367
2701	0.38291501998901367
2702	0.3386899530887604
2702	0.3386899530887604
2703	0.2782300114631653
2703	0.2782300114631653
2704	0.27945515513420105
2704	0.27945515513420105
2705	0.23046627640724182
2705	0.23046627640724182
2706	0.2874947786331177
2706	0.2874947786331177
2707	0.41668209433555603
2707	0.41668209433555603
2708	0.356509804725647
2708	0.356509804725647
2709	0.3480805456638336
2709	0.3480805456638336
2710	0.3267
2710	0.34868383407592773
2710	0.34868383407592773
2711	0.38833868503570557
2711	0.38833868503570557
2712	0.3824335038661957
2712	0.3824335038661957
2713	0.3220352530479431
2713	0.3220352530479431
2714	0.32385003566741943
2714	0.32385003566741943
2715	0.3300940990447998
2715	0.3300940990447998
2716	0.37755757570266724
2716	0.37755757570266724
2717	0.4194299876689911
2717	0.4194299876689911
2718	0.2927611172199249
2718	0.2927611172199249
2719	0.21849656105041504
2719	0.21849656105041504
2720	0.3447
2720	0.3917630910873413
2720	0.3917630910873413
2721	0.5043492317199707
2721	0.5043492317199707
2722	0.37633582949638367
2722	0.37633582949638367
2723	0.5315064191818237
2723	0.5315064191818237
2724	0.4176759421825409
2724	0.4176759421825409
2725	0.3618919551372528
2725	0.3618919551372528
2726	0.22276882827281952
2726	0.22276882827281952
2727	0.44996264576911926
2727	0.44996264576911926
2728	0.5847273468971252
2728	0.5847273468971252
2729	0.3698943853378296
2729	0.3698943853378296
2730	0.4314
2730	0.4947664141654968
2730	0.4947664141654968
2731	0.5175212621688843
2731	0.5175212621688843
2732	0.46907785534858704
2732	0.46907785534858704
2733	0.33222779631614685
2733	0.33222779631614685
2734	0.340883731842041
2734	0.340883731842041
2735	0.4753899574279785
2735	0.4753899574279785
2736	0.427152156829834
2736	0.427152156829834
2737	0.4309115409851074
2737	0.4309115409851074
2738	0.36535635590553284
2738	0.36535635590553284
2739	0.5504340529441833
2739	0.5504340529441833
2740	0.4275
2740	0.36590665578842163
2740	0.36590665578842163
2741	0.3708731234073639
2741	0.3708731234073639
2742	0.398203045129776
2742	0.398203045129776
2743	0.3433641493320465
2743	0.3433641493320465
2744	0.3211376667022705
2744	0.3211376667022705
2745	0.295268177986145
2745	0.295268177986145
2746	0.37425658106803894
2746	0.37425658106803894
2747	0.30295485258102417
2747	0.30295485258102417
2748	0.4898163676261902
2748	0.4898163676261902
2749	0.5080023407936096
2749	0.5080023407936096
2750	0.3729
2750	0.32514244318008423
2750	0.32514244318008423
2751	0.30421823263168335
2751	0.30421823263168335
2752	0.3389686346054077
2752	0.3389686346054077
2753	0.38478031754493713
2753	0.38478031754493713
2754	0.54644775390625
2754	0.54644775390625
2755	0.30511122941970825
2755	0.30511122941970825
2756	0.5060223340988159
2756	0.5060223340988159
2757	0.2830672264099121
2757	0.2830672264099121
2758	0.5215693116188049
2758	0.5215693116188049
2759	0.37891969084739685
2759	0.37891969084739685
2760	0.3773
2760	0.20363043248653412
2760	0.20363043248653412
2761	0.277424693107605
2761	0.277424693107605
2762	0.3802829384803772
2762	0.3802829384803772
2763	0.4202403426170349
2763	0.4202403426170349
2764	0.47529336810112
2764	0.47529336810112
2765	0.3120918571949005
2765	0.3120918571949005
2766	0.37987324595451355
2766	0.37987324595451355
2767	0.2766968607902527
2767	0.2766968607902527
2768	0.565274178981781
2768	0.565274178981781
2769	0.28370553255081177
2769	0.28370553255081177
2770	0.3743
2770	0.3721107244491577
2770	0.3721107244491577
2771	0.3684414029121399
2771	0.3684414029121399
2772	0.2385869175195694
2772	0.2385869175195694
2773	0.36243897676467896
2773	0.36243897676467896
2774	0.5127219557762146
2774	0.5127219557762146
2775	0.4718259572982788
2775	0.4718259572982788
2776	0.5188295245170593
2776	0.5188295245170593
2777	0.2952044904232025
2777	0.2952044904232025
2778	0.47484681010246277
2778	0.47484681010246277
2779	0.2886336147785187
2779	0.2886336147785187
2780	0.3957
2780	0.4253774881362915
2780	0.4253774881362915
2781	0.37720632553100586
2781	0.37720632553100586
2782	0.3135526776313782
2782	0.3135526776313782
2783	0.24227306246757507
2783	0.24227306246757507
2784	0.3292992413043976
2784	0.3292992413043976
2785	0.3124033808708191
2785	0.3124033808708191
2786	0.4737231135368347
2786	0.4737231135368347
2787	0.47408413887023926
2787	0.47408413887023926
2788	0.25988346338272095
2788	0.25988346338272095
2789	0.3376924395561218
2789	0.3376924395561218
2790	0.3536
2790	0.41546258330345154
2790	0.41546258330345154
2791	0.32696425914764404
2791	0.32696425914764404
2792	0.37473905086517334
2792	0.37473905086517334
2793	0.33671051263809204
2793	0.33671051263809204
2794	0.43632715940475464
2794	0.43632715940475464
2795	0.2474631816148758
2795	0.2474631816148758
2796	0.5150526762008667
2796	0.5150526762008667
2797	0.2766505777835846
2797	0.2766505777835846
2798	0.3421223759651184
2798	0.3421223759651184
2799	0.1908709704875946
2799	0.1908709704875946
2800	0.3406
2800	0.35918763279914856
2800	0.35918763279914856
2801	0.3968304991722107
2801	0.3968304991722107
2802	0.4137222170829773
2802	0.4137222170829773
2803	0.3487684726715088
2803	0.3487684726715088
2804	0.40380188822746277
2804	0.40380188822746277
2805	0.4932568073272705
2805	0.4932568073272705
2806	0.3871638774871826
2806	0.3871638774871826
2807	0.3799741268157959
2807	0.3799741268157959
2808	0.38409343361854553
2808	0.38409343361854553
2809	0.4227018356323242
2809	0.4227018356323242
2810	0.4245
2810	0.6143434047698975
2810	0.6143434047698975
2811	0.37058892846107483
2811	0.37058892846107483
2812	0.37443259358406067
2812	0.37443259358406067
2813	0.3592231869697571
2813	0.3592231869697571
2814	0.321296751499176
2814	0.321296751499176
2815	0.375337153673172
2815	0.375337153673172
2816	0.4100971221923828
2816	0.4100971221923828
2817	0.1798490583896637
2817	0.1798490583896637
2818	0.43516409397125244
2818	0.43516409397125244
2819	0.39617300033569336
2819	0.39617300033569336
2820	0.3584
2820	0.3622651994228363
2820	0.3622651994228363
2821	0.22452504932880402
2821	0.22452504932880402
2822	0.3062550127506256
2822	0.3062550127506256
2823	0.557651162147522
2823	0.557651162147522
2824	0.3601130545139313
2824	0.3601130545139313
2825	0.38706454634666443
2825	0.38706454634666443
2826	0.4287227392196655
2826	0.4287227392196655
2827	0.32322272658348083
2827	0.32322272658348083
2828	0.21585826575756073
2828	0.21585826575756073
2829	0.465520977973938
2829	0.465520977973938
2830	0.3617
2830	0.34773534536361694
2830	0.34773534536361694
2831	0.3647168278694153
2831	0.3647168278694153
2832	0.33081090450286865
2832	0.33081090450286865
2833	0.2733380198478699
2833	0.2733380198478699
2834	0.562036395072937
2834	0.562036395072937
2835	0.46394073963165283
2835	0.46394073963165283
2836	0.4399486482143402
2836	0.4399486482143402
2837	0.5281044840812683
2837	0.5281044840812683
2838	0.3668118715286255
2838	0.3668118715286255
2839	0.5428023338317871
2839	0.5428023338317871
2840	0.431
2840	0.43796059489250183
2840	0.43796059489250183
2841	0.43533068895339966
2841	0.43533068895339966
2842	0.3136131167411804
2842	0.3136131167411804
2843	0.2503785490989685
2843	0.2503785490989685
2844	0.5320904850959778
2844	0.5320904850959778
2845	0.19167286157608032
2845	0.19167286157608032
2846	0.2713157832622528
2846	0.2713157832622528
2847	0.46055153012275696
2847	0.46055153012275696
2848	0.21657787263393402
2848	0.21657787263393402
2849	0.4234391748905182
2849	0.4234391748905182
2850	0.3432
2850	0.3370417058467865
2850	0.3370417058467865
2851	0.28650161623954773
2851	0.28650161623954773
2852	0.42349493503570557
2852	0.42349493503570557
2853	0.44389089941978455
2853	0.44389089941978455
2854	0.42458099126815796
2854	0.42458099126815796
2855	0.3997122049331665
2855	0.3997122049331665
2856	0.43134719133377075
2856	0.43134719133377075
2857	0.4426306486129761
2857	0.4426306486129761
2858	0.27001744508743286
2858	0.27001744508743286
2859	0.47543230652809143
2859	0.47543230652809143
2860	0.3892
2860	0.29398414492607117
2860	0.29398414492607117
2861	0.34214892983436584
2861	0.34214892983436584
2862	0.3551069498062134
2862	0.3551069498062134
2863	0.2958681881427765
2863	0.2958681881427765
2864	0.40514615178108215
2864	0.40514615178108215
2865	0.27812695503234863
2865	0.27812695503234863
2866	0.3577638864517212
2866	0.3577638864517212
2867	0.38847219944000244
2867	0.38847219944000244
2868	0.378767728805542
2868	0.378767728805542
2869	0.42626118659973145
2869	0.42626118659973145
2870	0.3567
2870	0.33884963393211365
2870	0.33884963393211365
2871	0.38508206605911255
2871	0.38508206605911255
2872	0.4881305396556854
2872	0.4881305396556854
2873	0.3687082529067993
2873	0.3687082529067993
2874	0.3207494020462036
2874	0.3207494020462036
2875	0.23324492573738098
2875	0.23324492573738098
2876	0.49367526173591614
2876	0.49367526173591614
2877	0.35501015186309814
2877	0.35501015186309814
2878	0.24652370810508728
2878	0.24652370810508728
2879	0.3923426866531372
2879	0.3923426866531372
2880	0.3766
2880	0.4829726815223694
2880	0.4829726815223694
2881	0.38680028915405273
2881	0.38680028915405273
2882	0.3240209221839905
2882	0.3240209221839905
2883	0.36176618933677673
2883	0.36176618933677673
2884	0.39134907722473145
2884	0.39134907722473145
2885	0.29888755083084106
2885	0.29888755083084106
2886	0.29379013180732727
2886	0.29379013180732727
2887	0.3480986952781677
2887	0.3480986952781677
2888	0.4603574872016907
2888	0.4603574872016907
2889	0.4376547336578369
2889	0.4376547336578369
2890	0.3662
2890	0.3596382141113281
2890	0.3596382141113281
2891	0.20424363017082214
2891	0.20424363017082214
2892	0.3113654851913452
2892	0.3113654851913452
2893	0.3198816776275635
2893	0.3198816776275635
2894	0.3627487123012543
2894	0.3627487123012543
2895	0.32265505194664
2895	0.32265505194664
2896	0.42143648862838745
2896	0.42143648862838745
2897	0.3655306100845337
2897	0.3655306100845337
2898	0.34629571437835693
2898	0.34629571437835693
2899	0.2983265519142151
2899	0.2983265519142151
2900	0.336
2900	0.4076193571090698
2900	0.4076193571090698
2901	0.3130173087120056
2901	0.3130173087120056
2902	0.549129843711853
2902	0.549129843711853
2903	0.3501245677471161
2903	0.3501245677471161
2904	0.44094714522361755
2904	0.44094714522361755
2905	0.4294930696487427
2905	0.4294930696487427
2906	0.41184762120246887
2906	0.41184762120246887
2907	0.37206870317459106
2907	0.37206870317459106
2908	0.3258565366268158
2908	0.3258565366268158
2909	0.4273049235343933
2909	0.4273049235343933
2910	0.4018
2910	0.39839673042297363
2910	0.39839673042297363
2911	0.5033867955207825
2911	0.5033867955207825
2912	0.4747965931892395
2912	0.4747965931892395
2913	0.29170334339141846
2913	0.29170334339141846
2914	0.29278555512428284
2914	0.29278555512428284
2915	0.4579218924045563
2915	0.4579218924045563
2916	0.21397298574447632
2916	0.21397298574447632
2917	0.23197241127490997
2917	0.23197241127490997
2918	0.38568350672721863
2918	0.38568350672721863
2919	0.2749534547328949
2919	0.2749534547328949
2920	0.3505
2920	0.37755444645881653
2920	0.37755444645881653
2921	0.35211673378944397
2921	0.35211673378944397
2922	0.4846520721912384
2922	0.4846520721912384
2923	0.4988173842430115
2923	0.4988173842430115
2924	0.2163628190755844
2924	0.2163628190755844
2925	0.4732367992401123
2925	0.4732367992401123
2926	0.32878047227859497
2926	0.32878047227859497
2927	0.29702964425086975
2927	0.29702964425086975
2928	0.47928720712661743
2928	0.47928720712661743
2929	0.38421499729156494
2929	0.38421499729156494
2930	0.3849
2930	0.3340475559234619
2930	0.3340475559234619
2931	0.3621480464935303
2931	0.3621480464935303
2932	0.32066845893859863
2932	0.32066845893859863
2933	0.3808134198188782
2933	0.3808134198188782
2934	0.4116070866584778
2934	0.4116070866584778
2935	0.5513569712638855
2935	0.5513569712638855
2936	0.3359534740447998
2936	0.3359534740447998
2937	0.3122253715991974
2937	0.3122253715991974
2938	0.33815836906433105
2938	0.33815836906433105
2939	0.39048683643341064
2939	0.39048683643341064
2940	0.3811
2940	0.407946914434433
2940	0.407946914434433
2941	0.36338186264038086
2941	0.36338186264038086
2942	0.39094921946525574
2942	0.39094921946525574
2943	0.3025839924812317
2943	0.3025839924812317
2944	0.2746748626232147
2944	0.2746748626232147
2945	0.4388374090194702
2945	0.4388374090194702
2946	0.4472731351852417
2946	0.4472731351852417
2947	0.3571588695049286
2947	0.3571588695049286
2948	0.3538358807563782
2948	0.3538358807563782
2949	0.37476256489753723
2949	0.37476256489753723
2950	0.3903
2950	0.5992769598960876
2950	0.5992769598960876
2951	0.36441048979759216
2951	0.36441048979759216
2952	0.32713043689727783
2952	0.32713043689727783
2953	0.19104167819023132
2953	0.19104167819023132
2954	0.2379833459854126
2954	0.2379833459854126
2955	0.39132413268089294
2955	0.39132413268089294
2956	0.4232536256313324
2956	0.4232536256313324
2957	0.44276005029678345
2957	0.44276005029678345
2958	0.3575473725795746
2958	0.3575473725795746
2959	0.4636988043785095
2959	0.4636988043785095
2960	0.37
2960	0.5011747479438782
2960	0.5011747479438782
2961	0.18694181740283966
2961	0.18694181740283966
2962	0.5200039148330688
2962	0.5200039148330688
2963	0.19927990436553955
2963	0.19927990436553955
2964	0.36562275886535645
2964	0.36562275886535645
2965	0.5490618944168091
2965	0.5490618944168091
2966	0.33481365442276
2966	0.33481365442276
2967	0.24610857665538788
2967	0.24610857665538788
2968	0.2979351282119751
2968	0.2979351282119751
2969	0.3264245092868805
2969	0.3264245092868805
2970	0.3405
2970	0.3788033127784729
2970	0.3788033127784729
2971	0.41585928201675415
2971	0.41585928201675415
2972	0.3921433687210083
2972	0.3921433687210083
2973	0.17205365002155304
2973	0.17205365002155304
2974	0.2932085394859314
2974	0.2932085394859314
2975	0.3278648853302002
2975	0.3278648853302002
2976	0.2616173326969147
2976	0.2616173326969147
2977	0.3072836399078369
2977	0.3072836399078369
2978	0.24092073738574982
2978	0.24092073738574982
2979	0.3791586756706238
2979	0.3791586756706238
2980	0.3303
2980	0.5124719142913818
2980	0.5124719142913818
2981	0.1792236864566803
2981	0.1792236864566803
2982	0.4979613125324249
2982	0.4979613125324249
2983	0.3044526278972626
2983	0.3044526278972626
2984	0.5035029053688049
2984	0.5035029053688049
2985	0.3202434182167053
2985	0.3202434182167053
2986	0.31581777334213257
2986	0.31581777334213257
2987	0.229404479265213
2987	0.229404479265213
2988	0.3823370933532715
2988	0.3823370933532715
2989	0.31641438603401184
2989	0.31641438603401184
2990	0.3457
2990	0.4077766239643097
2990	0.4077766239643097
2991	0.35580891370773315
2991	0.35580891370773315
2992	0.3545384109020233
2992	0.3545384109020233
2993	0.2843674123287201
2993	0.2843674123287201
2994	0.3264129161834717
2994	0.3264129161834717
2995	0.5391623377799988
2995	0.5391623377799988
2996	0.31090158224105835
2996	0.31090158224105835
2997	0.40064436197280884
2997	0.40064436197280884
2998	0.3439963161945343
2998	0.3439963161945343
2999	0.4517036974430084
2999	0.4517036974430084
3000	0.384
3000	0.47229042649269104
3000	0.47229042649269104
3001	0.3009217083454132
3001	0.3009217083454132
3002	0.44740763306617737
3002	0.44740763306617737
3003	0.2838868796825409
3003	0.2838868796825409
3004	0.29067954421043396
3004	0.29067954421043396
3005	0.34427428245544434
3005	0.34427428245544434
3006	0.4653323292732239
3006	0.4653323292732239
3007	0.49072927236557007
3007	0.49072927236557007
3008	0.1564309298992157
3008	0.1564309298992157
3009	0.4957559108734131
3009	0.4957559108734131
3010	0.3716
3010	0.4400930106639862
3010	0.4400930106639862
3011	0.2460891157388687
3011	0.2460891157388687
3012	0.2852156460285187
3012	0.2852156460285187
3013	0.3433554768562317
3013	0.3433554768562317
3014	0.5076426267623901
3014	0.5076426267623901
3015	0.6067787408828735
3015	0.6067787408828735
3016	0.5469438433647156
3016	0.5469438433647156
3017	0.3176153898239136
3017	0.3176153898239136
3018	0.47682687640190125
3018	0.47682687640190125
3019	0.40534281730651855
3019	0.40534281730651855
3020	0.4184
3020	0.44861745834350586
3020	0.44861745834350586
3021	0.3351033627986908
3021	0.3351033627986908
3022	0.20904541015625
3022	0.20904541015625
3023	0.25029170513153076
3023	0.25029170513153076
3024	0.4874194264411926
3024	0.4874194264411926
3025	0.5375959873199463
3025	0.5375959873199463
3026	0.6586572527885437
3026	0.6586572527885437
3027	0.30526477098464966
3027	0.30526477098464966
3028	0.196690171957016
3028	0.196690171957016
3029	0.3467189371585846
3029	0.3467189371585846
3030	0.3698
3030	0.37145447731018066
3030	0.37145447731018066
3031	0.29301485419273376
3031	0.29301485419273376
3032	0.3625030815601349
3032	0.3625030815601349
3033	0.3013336658477783
3033	0.3013336658477783
3034	0.44447261095046997
3034	0.44447261095046997
3035	0.4116322696208954
3035	0.4116322696208954
3036	0.4206966459751129
3036	0.4206966459751129
3037	0.4370480179786682
3037	0.4370480179786682
3038	0.4678463935852051
3038	0.4678463935852051
3039	0.1615069955587387
3039	0.1615069955587387
3040	0.3636
3040	0.33600687980651855
3040	0.33600687980651855
3041	0.265566885471344
3041	0.265566885471344
3042	0.24464614689350128
3042	0.24464614689350128
3043	0.3944268822669983
3043	0.3944268822669983
3044	0.5313912630081177
3044	0.5313912630081177
3045	0.25962138175964355
3045	0.25962138175964355
3046	0.4770493507385254
3046	0.4770493507385254
3047	0.3534667491912842
3047	0.3534667491912842
3048	0.4069484770298004
3048	0.4069484770298004
3049	0.46338480710983276
3049	0.46338480710983276
3050	0.368
3050	0.2830040156841278
3050	0.2830040156841278
3051	0.357106477022171
3051	0.357106477022171
3052	0.357230544090271
3052	0.357230544090271
3053	0.18531447649002075
3053	0.18531447649002075
3054	0.3137983977794647
3054	0.3137983977794647
3055	0.3122406303882599
3055	0.3122406303882599
3056	0.2731277644634247
3056	0.2731277644634247
3057	0.3363780379295349
3057	0.3363780379295349
3058	0.4004570245742798
3058	0.4004570245742798
3059	0.3085743486881256
3059	0.3085743486881256
3060	0.3351
3060	0.5065993070602417
3060	0.5065993070602417
3061	0.515258252620697
3061	0.515258252620697
3062	0.19250717759132385
3062	0.19250717759132385
3063	0.3013725280761719
3063	0.3013725280761719
3064	0.24437130987644196
3064	0.24437130987644196
3065	0.31909775733947754
3065	0.31909775733947754
3066	0.4275433123111725
3066	0.4275433123111725
3067	0.4444710910320282
3067	0.4444710910320282
3068	0.4146789014339447
3068	0.4146789014339447
3069	0.4354543387889862
3069	0.4354543387889862
3070	0.3591
3070	0.29647690057754517
3070	0.29647690057754517
3071	0.22811689972877502
3071	0.22811689972877502
3072	0.4060359299182892
3072	0.4060359299182892
3073	0.2733830213546753
3073	0.2733830213546753
3074	0.24685527384281158
3074	0.24685527384281158
3075	0.4689880311489105
3075	0.4689880311489105
3076	0.19231635332107544
3076	0.19231635332107544
3077	0.3310755789279938
3077	0.3310755789279938
3078	0.4558122754096985
3078	0.4558122754096985
3079	0.44617924094200134
3079	0.44617924094200134
3080	0.3406
3080	0.3571179211139679
3080	0.3571179211139679
3081	0.3625847101211548
3081	0.3625847101211548
3082	0.48515358567237854
3082	0.48515358567237854
3083	0.43068432807922363
3083	0.43068432807922363
3084	0.21131248772144318
3084	0.21131248772144318
3085	0.3584943115711212
3085	0.3584943115711212
3086	0.3035813271999359
3086	0.3035813271999359
3087	0.42862647771835327
3087	0.42862647771835327
3088	0.2692282497882843
3088	0.2692282497882843
3089	0.33745110034942627
3089	0.33745110034942627
3090	0.3438
3090	0.25069454312324524
3090	0.25069454312324524
3091	0.2820621728897095
3091	0.2820621728897095
3092	0.44702184200286865
3092	0.44702184200286865
3093	0.20901598036289215
3093	0.20901598036289215
3094	0.23984256386756897
3094	0.23984256386756897
3095	0.5566468238830566
3095	0.5566468238830566
3096	0.3480411767959595
3096	0.3480411767959595
3097	0.23468245565891266
3097	0.23468245565891266
3098	0.2948451638221741
3098	0.2948451638221741
3099	0.19813808798789978
3099	0.19813808798789978
3100	0.3371
3100	0.5605472922325134
3100	0.5605472922325134
3101	0.267602801322937
3101	0.267602801322937
3102	0.4515761733055115
3102	0.4515761733055115
3103	0.4460294842720032
3103	0.4460294842720032
3104	0.3764508366584778
3104	0.3764508366584778
3105	0.2551172375679016
3105	0.2551172375679016
3106	0.2954341769218445
3106	0.2954341769218445
3107	0.3763429522514343
3107	0.3763429522514343
3108	0.28311678767204285
3108	0.28311678767204285
3109	0.2725137174129486
3109	0.2725137174129486
3110	0.3314
3110	0.28993499279022217
3110	0.28993499279022217
3111	0.4146111011505127
3111	0.4146111011505127
3112	0.31872040033340454
3112	0.31872040033340454
3113	0.40261515974998474
3113	0.40261515974998474
3114	0.41221362352371216
3114	0.41221362352371216
3115	0.2764040231704712
3115	0.2764040231704712
3116	0.46880024671554565
3116	0.46880024671554565
3117	0.26573917269706726
3117	0.26573917269706726
3118	0.28220340609550476
3118	0.28220340609550476
3119	0.353043794631958
3119	0.353043794631958
3120	0.3582
3120	0.38776612281799316
3120	0.38776612281799316
3121	0.30828893184661865
3121	0.30828893184661865
3122	0.43068650364875793
3122	0.43068650364875793
3123	0.4596846401691437
3123	0.4596846401691437
3124	0.19538593292236328
3124	0.19538593292236328
3125	0.22445565462112427
3125	0.22445565462112427
3126	0.38100218772888184
3126	0.38100218772888184
3127	0.44237229228019714
3127	0.44237229228019714
3128	0.22094087302684784
3128	0.22094087302684784
3129	0.5043866634368896
3129	0.5043866634368896
3130	0.3429
3130	0.2618914544582367
3130	0.2618914544582367
3131	0.5224086046218872
3131	0.5224086046218872
3132	0.3578665554523468
3132	0.3578665554523468
3133	0.46024101972579956
3133	0.46024101972579956
3134	0.5699256658554077
3134	0.5699256658554077
3135	0.33955925703048706
3135	0.33955925703048706
3136	0.4225103557109833
3136	0.4225103557109833
3137	0.36225831508636475
3137	0.36225831508636475
3138	0.478833943605423
3138	0.478833943605423
3139	0.5033435225486755
3139	0.5033435225486755
3140	0.4434
3140	0.4171254634857178
3140	0.4171254634857178
3141	0.3524341881275177
3141	0.3524341881275177
3142	0.24227170646190643
3142	0.24227170646190643
3143	0.19999873638153076
3143	0.19999873638153076
3144	0.46110081672668457
3144	0.46110081672668457
3145	0.42685896158218384
3145	0.42685896158218384
3146	0.3558741807937622
3146	0.3558741807937622
3147	0.33234962821006775
3147	0.33234962821006775
3148	0.27982857823371887
3148	0.27982857823371887
3149	0.24430054426193237
3149	0.24430054426193237
3150	0.3201
3150	0.305961549282074
3150	0.305961549282074
3151	0.40851667523384094
3151	0.40851667523384094
3152	0.36024582386016846
3152	0.36024582386016846
3153	0.1773497611284256
3153	0.1773497611284256
3154	0.29127100110054016
3154	0.29127100110054016
3155	0.3338906466960907
3155	0.3338906466960907
3156	0.29715925455093384
3156	0.29715925455093384
3157	0.4102099537849426
3157	0.4102099537849426
3158	0.34188833832740784
3158	0.34188833832740784
3159	0.43867772817611694
3159	0.43867772817611694
3160	0.3508
3160	0.44829630851745605
3160	0.44829630851745605
3161	0.4508761167526245
3161	0.4508761167526245
3162	0.36540037393569946
3162	0.36540037393569946
3163	0.3560393154621124
3163	0.3560393154621124
3164	0.22253499925136566
3164	0.22253499925136566
3165	0.486793577671051
3165	0.486793577671051
3166	0.3122360110282898
3166	0.3122360110282898
3167	0.2228212058544159
3167	0.2228212058544159
3168	0.3473493158817291
3168	0.3473493158817291
3169	0.23362284898757935
3169	0.23362284898757935
3170	0.3275
3170	0.277133971452713
3170	0.277133971452713
3171	0.3463878631591797
3171	0.3463878631591797
3172	0.35836297273635864
3172	0.35836297273635864
3173	0.2782493829727173
3173	0.2782493829727173
3174	0.275960773229599
3174	0.275960773229599
3175	0.45190733671188354
3175	0.45190733671188354
3176	0.5699540376663208
3176	0.5699540376663208
3177	0.47907203435897827
3177	0.47907203435897827
3178	0.3225558400154114
3178	0.3225558400154114
3179	0.41791093349456787
3179	0.41791093349456787
3180	0.3752
3180	0.25199630856513977
3180	0.25199630856513977
3181	0.3223470449447632
3181	0.3223470449447632
3182	0.4886229634284973
3182	0.4886229634284973
3183	0.36064612865448
3183	0.36064612865448
3184	0.33378010988235474
3184	0.33378010988235474
3185	0.2785521149635315
3185	0.2785521149635315
3186	0.3639475703239441
3186	0.3639475703239441
3187	0.43347030878067017
3187	0.43347030878067017
3188	0.32536306977272034
3188	0.32536306977272034
3189	0.22429467737674713
3189	0.22429467737674713
3190	0.3423
3190	0.2922908067703247
3190	0.2922908067703247
3191	0.3644869923591614
3191	0.3644869923591614
3192	0.37912267446517944
3192	0.37912267446517944
3193	0.31572893261909485
3193	0.31572893261909485
3194	0.366280198097229
3194	0.366280198097229
3195	0.4381219744682312
3195	0.4381219744682312
3196	0.2020103931427002
3196	0.2020103931427002
3197	0.4384703040122986
3197	0.4384703040122986
3198	0.3017890751361847
3198	0.3017890751361847
3199	0.3206550180912018
3199	0.3206550180912018
3200	0.3569
3200	0.4419848322868347
3200	0.4419848322868347
3201	0.1559503823518753
3201	0.1559503823518753
3202	0.26659896969795227
3202	0.26659896969795227
3203	0.4479226768016815
3203	0.4479226768016815
3204	0.2476775199174881
3204	0.2476775199174881
3205	0.32944515347480774
3205	0.32944515347480774
3206	0.3077973425388336
3206	0.3077973425388336
3207	0.27083706855773926
3207	0.27083706855773926
3208	0.4072321355342865
3208	0.4072321355342865
3209	0.2810173034667969
3209	0.2810173034667969
3210	0.3247
3210	0.5324937105178833
3210	0.5324937105178833
3211	0.3260691165924072
3211	0.3260691165924072
3212	0.3822360038757324
3212	0.3822360038757324
3213	0.42753010988235474
3213	0.42753010988235474
3214	0.35780391097068787
3214	0.35780391097068787
3215	0.1705552041530609
3215	0.1705552041530609
3216	0.4632507264614105
3216	0.4632507264614105
3217	0.4607342779636383
3217	0.4607342779636383
3218	0.29011499881744385
3218	0.29011499881744385
3219	0.18482764065265656
3219	0.18482764065265656
3220	0.3377
3220	0.3139127194881439
3220	0.3139127194881439
3221	0.3697237968444824
3221	0.3697237968444824
3222	0.18521110713481903
3222	0.18521110713481903
3223	0.20186668634414673
3223	0.20186668634414673
3224	0.3140586316585541
3224	0.3140586316585541
3225	0.37445592880249023
3225	0.37445592880249023
3226	0.389891654253006
3226	0.389891654253006
3227	0.5164287686347961
3227	0.5164287686347961
3228	0.4171057939529419
3228	0.4171057939529419
3229	0.3797299265861511
3229	0.3797299265861511
3230	0.354
3230	0.39163973927497864
3230	0.39163973927497864
3231	0.2970074415206909
3231	0.2970074415206909
3232	0.3719482123851776
3232	0.3719482123851776
3233	0.3490202724933624
3233	0.3490202724933624
3234	0.1970241814851761
3234	0.1970241814851761
3235	0.5250345468521118
3235	0.5250345468521118
3236	0.3489341139793396
3236	0.3489341139793396
3237	0.3619896173477173
3237	0.3619896173477173
3238	0.21020293235778809
3238	0.21020293235778809
3239	0.3496823310852051
3239	0.3496823310852051
3240	0.3343
3240	0.3324090838432312
3240	0.3324090838432312
3241	0.4495755434036255
3241	0.4495755434036255
3242	0.5633851885795593
3242	0.5633851885795593
3243	0.4886585772037506
3243	0.4886585772037506
3244	0.3047972321510315
3244	0.3047972321510315
3245	0.3418096601963043
3245	0.3418096601963043
3246	0.27255895733833313
3246	0.27255895733833313
3247	0.23785747587680817
3247	0.23785747587680817
3248	0.592441201210022
3248	0.592441201210022
3249	0.20530863106250763
3249	0.20530863106250763
3250	0.3796
3250	0.33935797214508057
3250	0.33935797214508057
3251	0.3279833197593689
3251	0.3279833197593689
3252	0.18121275305747986
3252	0.18121275305747986
3253	0.2212667614221573
3253	0.2212667614221573
3254	0.3352058231830597
3254	0.3352058231830597
3255	0.4430331885814667
3255	0.4430331885814667
3256	0.21310506761074066
3256	0.21310506761074066
3257	0.36060816049575806
3257	0.36060816049575806
3258	0.4168212115764618
3258	0.4168212115764618
3259	0.33066555857658386
3259	0.33066555857658386
3260	0.3051
3260	0.22118757665157318
3260	0.22118757665157318
3261	0.5169790983200073
3261	0.5169790983200073
3262	0.2716248333454132
3262	0.2716248333454132
3263	0.2930540144443512
3263	0.2930540144443512
3264	0.44095370173454285
3264	0.44095370173454285
3265	0.457449734210968
3265	0.457449734210968
3266	0.2450028359889984
3266	0.2450028359889984
3267	0.26104092597961426
3267	0.26104092597961426
3268	0.28355467319488525
3268	0.28355467319488525
3269	0.30625277757644653
3269	0.30625277757644653
3270	0.3405
3270	0.3287300169467926
3270	0.3287300169467926
3271	0.3663473427295685
3271	0.3663473427295685
3272	0.4171459674835205
3272	0.4171459674835205
3273	0.1973111480474472
3273	0.1973111480474472
3274	0.4046561121940613
3274	0.4046561121940613
3275	0.3119080066680908
3275	0.3119080066680908
3276	0.2683713436126709
3276	0.2683713436126709
3277	0.34558069705963135
3277	0.34558069705963135
3278	0.4216935336589813
3278	0.4216935336589813
3279	0.2594524919986725
3279	0.2594524919986725
3280	0.3277
3280	0.28467848896980286
3280	0.28467848896980286
3281	0.3526487350463867
3281	0.3526487350463867
3282	0.2903585135936737
3282	0.2903585135936737
3283	0.3339599370956421
3283	0.3339599370956421
3284	0.3085855543613434
3284	0.3085855543613434
3285	0.3081667125225067
3285	0.3081667125225067
3286	0.36423587799072266
3286	0.36423587799072266
3287	0.2650741934776306
3287	0.2650741934776306
3288	0.23704412579536438
3288	0.23704412579536438
3289	0.4336094260215759
3289	0.4336094260215759
3290	0.3134
3290	0.24051235616207123
3290	0.24051235616207123
3291	0.27671945095062256
3291	0.27671945095062256
3292	0.3107444643974304
3292	0.3107444643974304
3293	0.30356383323669434
3293	0.30356383323669434
3294	0.25879937410354614
3294	0.25879937410354614
3295	0.38445523381233215
3295	0.38445523381233215
3296	0.3985291123390198
3296	0.3985291123390198
3297	0.1831180900335312
3297	0.1831180900335312
3298	0.3596718907356262
3298	0.3596718907356262
3299	0.4736234247684479
3299	0.4736234247684479
3300	0.3103
3300	0.15370234847068787
3300	0.15370234847068787
3301	0.24283751845359802
3301	0.24283751845359802
3302	0.44960567355155945
3302	0.44960567355155945
3303	0.19284923374652863
3303	0.19284923374652863
3304	0.373324453830719
3304	0.373324453830719
3305	0.31735509634017944
3305	0.31735509634017944
3306	0.2976365387439728
3306	0.2976365387439728
3307	0.4112711250782013
3307	0.4112711250782013
3308	0.23264701664447784
3308	0.23264701664447784
3309	0.5159969925880432
3309	0.5159969925880432
3310	0.3531
3310	0.4974844455718994
3310	0.4974844455718994
3311	0.3218218982219696
3311	0.3218218982219696
