1	2451.040506362915
1	2451.040506362915
2	1617.9780960083008
2	1617.9780960083008
3	1522.4993228912354
3	1522.4993228912354
4	2044.4705486297607
4	2044.4705486297607
5	1457.9687118530273
5	1457.9687118530273
6	1526.0298252105713
6	1526.0298252105713
7	1573.3826160430908
7	1573.3826160430908
8	1583.2769870758057
8	1583.2769870758057
9	1577.3980617523193
9	1577.3980617523193
10	1990.488052368164
10	1990.488052368164
11	1392.1759128570557
11	1392.1759128570557
12	1668.994665145874
12	1668.994665145874
13	1476.2177467346191
13	1476.2177467346191
14	1531.9797992706299
14	1531.9797992706299
15	1619.8697090148926
15	1619.8697090148926
16	1980.4611206054688
16	1980.4611206054688
17	1871.861457824707
17	1871.861457824707
18	1628.0326843261719
18	1628.0326843261719
19	1623.035192489624
19	1623.035192489624
20	2398.5202312469482
20	2398.5202312469482
21	1930.1297664642334
21	1930.1297664642334
22	1493.1445121765137
22	1493.1445121765137
23	1238.2311820983887
23	1238.2311820983887
24	1310.5170726776123
24	1310.5170726776123
25	2209.5837593078613
25	2209.5837593078613
26	2370.0242042541504
26	2370.0242042541504
27	2347.8243350982666
27	2347.8243350982666
28	2527.8589725494385
28	2527.8589725494385
29	2208.1897258758545
29	2208.1897258758545
30	2809.9842071533203
30	2809.9842071533203
31	2401.197671890259
31	2401.197671890259
32	2752.575635910034
32	2752.575635910034
33	2925.672769546509
33	2925.672769546509
34	1997.6017475128174
34	1997.6017475128174
35	1971.299648284912
35	1971.299648284912
36	1896.5892791748047
36	1896.5892791748047
37	2535.6550216674805
37	2535.6550216674805
38	2322.504758834839
38	2322.504758834839
39	2624.000310897827
39	2624.000310897827
40	2903.0654430389404
40	2903.0654430389404
41	2315.5531883239746
41	2315.5531883239746
42	2627.6023387908936
42	2627.6023387908936
43	2521.9693183898926
43	2521.9693183898926
44	1963.536024093628
44	1963.536024093628
45	2716.5019512176514
45	2716.5019512176514
46	2625.4093647003174
46	2625.4093647003174
47	2169.0943241119385
47	2169.0943241119385
48	2053.661584854126
48	2053.661584854126
49	2025.735855102539
49	2025.735855102539
50	3062.046527862549
50	3062.046527862549
51	2204.181432723999
51	2204.181432723999
52	2357.3672771453857
52	2357.3672771453857
53	2113.696575164795
53	2113.696575164795
54	2555.131435394287
54	2555.131435394287
55	2412.684917449951
55	2412.684917449951
56	2416.022539138794
56	2416.022539138794
57	2387.2499465942383
57	2387.2499465942383
58	2316.2801265716553
58	2316.2801265716553
59	2300.874710083008
59	2300.874710083008
60	2753.427028656006
60	2753.427028656006
61	2514.718532562256
61	2514.718532562256
62	2922.4960803985596
62	2922.4960803985596
63	2210.5352878570557
63	2210.5352878570557
64	2409.022808074951
64	2409.022808074951
65	2211.686849594116
65	2211.686849594116
66	2860.5103492736816
66	2860.5103492736816
67	2919.1737174987793
67	2919.1737174987793
68	3895.2090740203857
68	3895.2090740203857
69	2387.0739936828613
69	2387.0739936828613
70	3749.190092086792
70	3749.190092086792
71	2820.054769515991
71	2820.054769515991
72	2027.8503894805908
72	2027.8503894805908
73	2038.5408401489258
73	2038.5408401489258
74	1987.2124195098877
74	1987.2124195098877
75	2153.5074710845947
75	2153.5074710845947
76	1785.3977680206299
76	1785.3977680206299
77	2646.022319793701
77	2646.022319793701
78	2618.666410446167
78	2618.666410446167
79	3117.377996444702
79	3117.377996444702
80	2825.2384662628174
80	2825.2384662628174
81	3308.760166168213
81	3308.760166168213
82	2895.05672454834
82	2895.05672454834
83	2779.139518737793
83	2779.139518737793
84	2392.609119415283
84	2392.609119415283
85	2397.649049758911
85	2397.649049758911
86	2776.0467529296875
86	2776.0467529296875
87	2302.7658462524414
87	2302.7658462524414
88	2389.954090118408
88	2389.954090118408
89	2663.360118865967
89	2663.360118865967
90	3669.771432876587
90	3669.771432876587
91	2259.333610534668
91	2259.333610534668
92	2651.2792110443115
92	2651.2792110443115
93	2609.262228012085
93	2609.262228012085
94	2376.458168029785
94	2376.458168029785
95	2336.7714881896973
95	2336.7714881896973
96	2428.3039569854736
96	2428.3039569854736
97	2466.8188095092773
97	2466.8188095092773
98	2326.7228603363037
98	2326.7228603363037
99	2145.008325576782
99	2145.008325576782
100	1916.4037704467773
100	1916.4037704467773
101	1767.995834350586
101	1767.995834350586
102	2183.6254596710205
102	2183.6254596710205
103	2265.9912109375
103	2265.9912109375
104	2669.806718826294
104	2669.806718826294
105	2474.18475151062
105	2474.18475151062
106	2583.3590030670166
106	2583.3590030670166
107	2666.7845249176025
107	2666.7845249176025
108	2740.163803100586
108	2740.163803100586
109	2577.897310256958
109	2577.897310256958
110	4469.5281982421875
110	4469.5281982421875
111	2792.572259902954
111	2792.572259902954
112	2862.07914352417
112	2862.07914352417
113	2234.313726425171
113	2234.313726425171
114	2429.154396057129
114	2429.154396057129
115	2326.080083847046
115	2326.080083847046
116	2469.7177410125732
116	2469.7177410125732
117	2275.4886150360107
117	2275.4886150360107
118	1889.6899223327637
118	1889.6899223327637
119	2007.282018661499
119	2007.282018661499
120	2752.9993057250977
120	2752.9993057250977
121	2489.631175994873
121	2489.631175994873
122	2355.254888534546
122	2355.254888534546
123	2083.029270172119
123	2083.029270172119
124	2467.9110050201416
124	2467.9110050201416
125	2300.7280826568604
125	2300.7280826568604
126	2252.901792526245
126	2252.901792526245
127	2145.9758281707764
127	2145.9758281707764
128	2221.6596603393555
128	2221.6596603393555
129	2295.6056594848633
129	2295.6056594848633
130	3061.223030090332
130	3061.223030090332
131	2355.1952838897705
131	2355.1952838897705
132	2734.3122959136963
132	2734.3122959136963
133	2670.5427169799805
133	2670.5427169799805
134	2531.756639480591
134	2531.756639480591
135	2607.100486755371
135	2607.100486755371
136	2604.8710346221924
136	2604.8710346221924
137	2634.5291137695312
137	2634.5291137695312
138	2624.319553375244
138	2624.319553375244
139	2556.4770698547363
139	2556.4770698547363
140	3108.9274883270264
140	3108.9274883270264
141	1964.9431705474854
141	1964.9431705474854
142	2066.8976306915283
142	2066.8976306915283
143	2226.6581058502197
143	2226.6581058502197
144	1981.6536903381348
144	1981.6536903381348
145	2458.3539962768555
145	2458.3539962768555
146	2356.447458267212
146	2356.447458267212
147	2331.3326835632324
147	2331.3326835632324
148	2536.1008644104004
148	2536.1008644104004
149	2248.060941696167
149	2248.060941696167
150	2928.846836090088
150	2928.846836090088
151	2455.889940261841
151	2455.889940261841
152	2257.3511600494385
152	2257.3511600494385
153	2500.424861907959
153	2500.424861907959
154	2536.6616249084473
154	2536.6616249084473
155	2489.254951477051
155	2489.254951477051
156	2556.075096130371
156	2556.075096130371
157	2506.057024002075
157	2506.057024002075
158	2471.5404510498047
158	2471.5404510498047
159	2331.463575363159
159	2331.463575363159
160	3254.9562454223633
160	3254.9562454223633
161	2535.6407165527344
161	2535.6407165527344
162	2332.815170288086
162	2332.815170288086
163	2575.643301010132
163	2575.643301010132
164	1809.4120025634766
164	1809.4120025634766
165	1823.9655494689941
165	1823.9655494689941
166	2170.783042907715
166	2170.783042907715
167	2248.2078075408936
167	2248.2078075408936
168	1965.1334285736084
168	1965.1334285736084
169	2397.9129791259766
169	2397.9129791259766
170	2954.4320106506348
170	2954.4320106506348
171	2377.472162246704
171	2377.472162246704
172	1998.3317852020264
172	1998.3317852020264
173	2383.5246562957764
173	2383.5246562957764
174	2325.5157470703125
174	2325.5157470703125
175	2463.334560394287
175	2463.334560394287
176	2669.874668121338
176	2669.874668121338
177	2319.849729537964
177	2319.849729537964
178	2346.0185527801514
178	2346.0185527801514
179	2402.7388095855713
179	2402.7388095855713
180	3080.1472663879395
180	3080.1472663879395
181	2577.8732299804688
181	2577.8732299804688
182	2443.5532093048096
182	2443.5532093048096
183	2693.8858032226562
183	2693.8858032226562
184	2355.6342124938965
184	2355.6342124938965
185	2568.051815032959
185	2568.051815032959
186	2565.1025772094727
186	2565.1025772094727
187	2204.0882110595703
187	2204.0882110595703
188	1865.8874034881592
188	1865.8874034881592
189	1941.8127536773682
189	1941.8127536773682
190	2864.2847537994385
190	2864.2847537994385
191	2314.7313594818115
191	2314.7313594818115
192	2562.8039836883545
192	2562.8039836883545
193	2189.8913383483887
193	2189.8913383483887
194	2242.125988006592
194	2242.125988006592
195	2247.1582889556885
195	2247.1582889556885
196	2652.1952152252197
196	2652.1952152252197
197	2458.2810401916504
197	2458.2810401916504
198	2510.983467102051
198	2510.983467102051
199	2526.3473987579346
199	2526.3473987579346
200	2794.6789264678955
200	2794.6789264678955
201	2656.0397148132324
201	2656.0397148132324
202	2594.574451446533
202	2594.574451446533
203	3242.9451942443848
203	3242.9451942443848
204	2596.980571746826
204	2596.980571746826
205	2333.672523498535
205	2333.672523498535
206	2445.406198501587
206	2445.406198501587
207	2542.2825813293457
207	2542.2825813293457
208	2856.527090072632
208	2856.527090072632
209	2284.8238945007324
209	2284.8238945007324
210	2577.069044113159
210	2577.069044113159
211	2366.1673069000244
211	2366.1673069000244
212	2236.0124588012695
212	2236.0124588012695
213	2186.6023540496826
213	2186.6023540496826
214	2642.1642303466797
214	2642.1642303466797
215	2301.3174533843994
215	2301.3174533843994
216	2127.0573139190674
216	2127.0573139190674
217	2222.744941711426
217	2222.744941711426
218	2584.643840789795
218	2584.643840789795
219	2394.3846225738525
219	2394.3846225738525
220	2792.7451133728027
220	2792.7451133728027
221	2533.6878299713135
221	2533.6878299713135
222	2463.963270187378
222	2463.963270187378
223	2495.7339763641357
223	2495.7339763641357
224	2455.824613571167
224	2455.824613571167
225	1519.622802734375
225	1519.622802734375
226	2702.7649879455566
226	2702.7649879455566
227	2319.7410106658936
227	2319.7410106658936
228	2937.305450439453
228	2937.305450439453
229	2623.7971782684326
229	2623.7971782684326
230	3051.6488552093506
230	3051.6488552093506
231	2714.519500732422
231	2714.519500732422
232	2587.871551513672
232	2587.871551513672
233	1951.5440464019775
233	1951.5440464019775
234	2272.634506225586
234	2272.634506225586
235	2356.712818145752
235	2356.712818145752
236	2238.635778427124
236	2238.635778427124
237	2275.444984436035
237	2275.444984436035
238	2428.270101547241
238	2428.270101547241
239	2389.399290084839
239	2389.399290084839
240	3098.0303287506104
240	3098.0303287506104
241	2393.4361934661865
241	2393.4361934661865
242	2450.5648612976074
242	2450.5648612976074
243	2686.0697269439697
243	2686.0697269439697
244	2643.5093879699707
244	2643.5093879699707
245	2488.5497093200684
245	2488.5497093200684
246	2981.4863204956055
246	2981.4863204956055
247	2541.5844917297363
247	2541.5844917297363
248	2445.098876953125
248	2445.098876953125
249	2405.853033065796
249	2405.853033065796
250	3026.7698764801025
250	3026.7698764801025
251	2631.866216659546
251	2631.866216659546
252	2165.6010150909424
252	2165.6010150909424
253	1887.7885341644287
253	1887.7885341644287
254	2065.7687187194824
254	2065.7687187194824
255	2111.1109256744385
255	2111.1109256744385
256	2138.409376144409
256	2138.409376144409
257	2033.5516929626465
257	2033.5516929626465
258	1809.7951412200928
258	1809.7951412200928
259	2509.2735290527344
259	2509.2735290527344
260	2391.29376411438
260	2391.29376411438
261	2492.661476135254
261	2492.661476135254
262	2542.7236557006836
262	2542.7236557006836
263	2290.9605503082275
263	2290.9605503082275
264	2062.1955394744873
264	2062.1955394744873
265	2395.085334777832
265	2395.085334777832
266	2054.839849472046
266	2054.839849472046
267	2262.908935546875
267	2262.908935546875
268	2311.769723892212
268	2311.769723892212
269	2753.9262771606445
269	2753.9262771606445
270	2899.3074893951416
270	2899.3074893951416
271	1997.8249073028564
271	1997.8249073028564
272	2830.2462100982666
272	2830.2462100982666
273	2496.363878250122
273	2496.363878250122
274	2591.261625289917
274	2591.261625289917
275	2994.905710220337
275	2994.905710220337
276	2816.3137435913086
276	2816.3137435913086
277	2839.595079421997
277	2839.595079421997
278	2190.22536277771
278	2190.22536277771
279	2524.3582725524902
279	2524.3582725524902
280	4217.6244258880615
280	4217.6244258880615
281	1908.9515209197998
281	1908.9515209197998
282	2243.8712120056152
282	2243.8712120056152
283	2895.720958709717
283	2895.720958709717
284	1863.1949424743652
284	1863.1949424743652
285	2195.4686641693115
285	2195.4686641693115
286	3227.620840072632
286	3227.620840072632
287	3092.4925804138184
287	3092.4925804138184
288	3460.0696563720703
288	3460.0696563720703
289	2908.4978103637695
289	2908.4978103637695
290	3496.255397796631
290	3496.255397796631
291	2013.4921073913574
291	2013.4921073913574
292	1965.1615619659424
292	1965.1615619659424
293	1993.257999420166
293	1993.257999420166
294	3220.858097076416
294	3220.858097076416
295	2188.289165496826
295	2188.289165496826
296	2985.2635860443115
296	2985.2635860443115
297	2818.6051845550537
297	2818.6051845550537
298	2559.6840381622314
298	2559.6840381622314
299	1911.2367630004883
299	1911.2367630004883
300	2844.2487716674805
300	2844.2487716674805
301	2829.6759128570557
301	2829.6759128570557
302	1701.3335227966309
302	1701.3335227966309
303	2495.704174041748
303	2495.704174041748
304	2021.0506916046143
304	2021.0506916046143
305	1618.0689334869385
305	1618.0689334869385
306	2676.1505603790283
306	2676.1505603790283
307	1960.446834564209
307	1960.446834564209
308	2096.9231128692627
308	2096.9231128692627
309	1884.9542140960693
309	1884.9542140960693
310	2545.7255840301514
310	2545.7255840301514
311	1838.1690979003906
311	1838.1690979003906
312	1598.1690883636475
312	1598.1690883636475
313	1769.3002223968506
313	1769.3002223968506
314	1471.9748497009277
314	1471.9748497009277
315	1376.4054775238037
315	1376.4054775238037
316	2048.4540462493896
316	2048.4540462493896
317	2539.1058921813965
317	2539.1058921813965
318	1738.6348247528076
318	1738.6348247528076
319	1860.7065677642822
319	1860.7065677642822
320	2286.5962982177734
320	2286.5962982177734
321	2424.0477085113525
321	2424.0477085113525
322	2823.0819702148438
322	2823.0819702148438
323	3226.2086868286133
323	3226.2086868286133
324	2645.907163619995
324	2645.907163619995
325	2584.681749343872
325	2584.681749343872
326	2584.2654705047607
326	2584.2654705047607
327	2076.6618251800537
327	2076.6618251800537
328	1465.7402038574219
328	1465.7402038574219
329	1384.3560218811035
329	1384.3560218811035
330	3128.582239151001
330	3128.582239151001
331	1796.6935634613037
331	1796.6935634613037
332	1523.9613056182861
332	1523.9613056182861
333	1564.786434173584
333	1564.786434173584
334	1510.8788013458252
334	1510.8788013458252
335	1531.7068099975586
335	1531.7068099975586
336	1408.14208984375
336	1408.14208984375
337	1376.310110092163
337	1376.310110092163
338	1476.5253067016602
338	1476.5253067016602
339	1428.6949634552002
339	1428.6949634552002
340	2068.990468978882
340	2068.990468978882
341	1635.946273803711
341	1635.946273803711
342	1543.1928634643555
342	1543.1928634643555
343	1494.3571090698242
343	1494.3571090698242
344	1400.9959697723389
344	1400.9959697723389
345	1522.4778652191162
345	1522.4778652191162
346	1553.7307262420654
346	1553.7307262420654
347	1769.5400714874268
347	1769.5400714874268
348	1279.4041633605957
348	1279.4041633605957
349	1504.9879550933838
349	1504.9879550933838
350	1815.4644966125488
350	1815.4644966125488
351	1289.071798324585
351	1289.071798324585
352	1425.227165222168
352	1425.227165222168
353	1590.153694152832
353	1590.153694152832
354	1637.0849609375
354	1637.0849609375
355	1535.2764129638672
355	1535.2764129638672
356	1747.0340728759766
356	1747.0340728759766
357	1410.1543426513672
357	1410.1543426513672
358	1653.7656784057617
358	1653.7656784057617
359	1582.9670429229736
359	1582.9670429229736
360	2161.9579792022705
360	2161.9579792022705
361	1446.0325241088867
361	1446.0325241088867
362	1651.4694690704346
362	1651.4694690704346
363	1629.9903392791748
363	1629.9903392791748
364	1608.5283756256104
364	1608.5283756256104
365	1420.6762313842773
365	1420.6762313842773
366	1353.2788753509521
366	1353.2788753509521
367	1282.5102806091309
367	1282.5102806091309
368	1496.9501495361328
368	1496.9501495361328
369	1404.2048454284668
369	1404.2048454284668
370	2288.320779800415
370	2288.320779800415
371	1579.646110534668
371	1579.646110534668
372	1410.7317924499512
372	1410.7317924499512
373	1488.3530139923096
373	1488.3530139923096
374	1397.9930877685547
374	1397.9930877685547
375	1592.6733016967773
375	1592.6733016967773
376	1522.4909782409668
376	1522.4909782409668
377	1788.2468700408936
377	1788.2468700408936
378	1357.7306270599365
378	1357.7306270599365
379	1434.5331192016602
379	1434.5331192016602
380	2021.6798782348633
380	2021.6798782348633
381	1582.1247100830078
381	1582.1247100830078
382	1475.344181060791
382	1475.344181060791
383	1957.442283630371
383	1957.442283630371
384	1253.9565563201904
384	1253.9565563201904
385	1291.9940948486328
385	1291.9940948486328
386	1365.2427196502686
386	1365.2427196502686
387	1245.4922199249268
387	1245.4922199249268
388	1263.951301574707
388	1263.951301574707
389	1453.9363384246826
389	1453.9363384246826
390	2046.2017059326172
390	2046.2017059326172
391	1404.1509628295898
391	1404.1509628295898
392	1295.2845096588135
392	1295.2845096588135
393	1278.848648071289
393	1278.848648071289
394	1594.5522785186768
394	1594.5522785186768
395	1877.6884078979492
395	1877.6884078979492
396	1060.2049827575684
396	1060.2049827575684
397	1593.268871307373
397	1593.268871307373
398	1180.851697921753
398	1180.851697921753
399	1534.81125831604
399	1534.81125831604
400	2304.8834800720215
400	2304.8834800720215
401	1504.687786102295
401	1504.687786102295
402	1464.7352695465088
402	1464.7352695465088
403	1428.8640022277832
403	1428.8640022277832
404	1544.243574142456
404	1544.243574142456
405	1485.0575923919678
405	1485.0575923919678
406	1519.4096565246582
406	1519.4096565246582
407	1554.4583797454834
407	1554.4583797454834
408	1448.932409286499
408	1448.932409286499
409	1558.6817264556885
409	1558.6817264556885
410	2289.215326309204
410	2289.215326309204
411	1430.880069732666
411	1430.880069732666
412	1307.0523738861084
412	1307.0523738861084
413	1416.5189266204834
413	1416.5189266204834
414	1155.4021835327148
414	1155.4021835327148
415	1283.3800315856934
415	1283.3800315856934
416	1572.2341537475586
416	1572.2341537475586
417	1304.1744232177734
417	1304.1744232177734
418	1297.2931861877441
418	1297.2931861877441
419	1414.660930633545
419	1414.660930633545
420	2635.0789070129395
420	2635.0789070129395
421	1885.5981826782227
421	1885.5981826782227
422	2492.8605556488037
422	2492.8605556488037
423	1512.3732089996338
423	1512.3732089996338
424	1540.1842594146729
424	1540.1842594146729
425	1805.311679840088
425	1805.311679840088
426	1367.689847946167
426	1367.689847946167
427	1537.4057292938232
427	1537.4057292938232
428	1568.1121349334717
428	1568.1121349334717
429	1446.0983276367188
429	1446.0983276367188
430	2222.691059112549
430	2222.691059112549
431	1517.2197818756104
431	1517.2197818756104
432	1509.8791122436523
432	1509.8791122436523
433	1523.5309600830078
433	1523.5309600830078
434	1292.3383712768555
434	1292.3383712768555
435	1426.5882968902588
435	1426.5882968902588
436	1447.0973014831543
436	1447.0973014831543
437	1465.5919075012207
437	1465.5919075012207
438	1479.4249534606934
438	1479.4249534606934
439	1379.859209060669
439	1379.859209060669
440	2333.3566188812256
440	2333.3566188812256
441	1616.5709495544434
441	1616.5709495544434
442	1482.576847076416
442	1482.576847076416
443	1546.6318130493164
443	1546.6318130493164
444	1538.999080657959
444	1538.999080657959
445	1360.356330871582
445	1360.356330871582
446	2062.305212020874
446	2062.305212020874
447	1972.7752208709717
447	1972.7752208709717
448	1529.5262336730957
448	1529.5262336730957
449	1717.4382209777832
449	1717.4382209777832
450	2821.190118789673
450	2821.190118789673
451	1342.6244258880615
451	1342.6244258880615
452	1439.5098686218262
452	1439.5098686218262
453	1503.7574768066406
453	1503.7574768066406
454	1617.405891418457
454	1617.405891418457
455	1520.7061767578125
455	1520.7061767578125
456	1978.6343574523926
456	1978.6343574523926
457	1570.7688331604004
457	1570.7688331604004
458	1273.8196849822998
458	1273.8196849822998
459	1397.6249694824219
459	1397.6249694824219
460	2317.7711963653564
460	2317.7711963653564
461	1444.1466331481934
461	1444.1466331481934
462	1425.2028465270996
462	1425.2028465270996
463	1853.1429767608643
463	1853.1429767608643
464	1279.0067195892334
464	1279.0067195892334
465	1454.6422958374023
465	1454.6422958374023
466	1213.3886814117432
466	1213.3886814117432
467	1507.704496383667
467	1507.704496383667
468	1269.1235542297363
468	1269.1235542297363
469	1528.620719909668
469	1528.620719909668
470	2189.9094581604004
470	2189.9094581604004
471	1168.2512760162354
471	1168.2512760162354
472	1591.9773578643799
472	1591.9773578643799
473	1414.7779941558838
473	1414.7779941558838
474	1255.8774948120117
474	1255.8774948120117
475	1321.3772773742676
475	1321.3772773742676
476	1339.70308303833
476	1339.70308303833
477	1413.9413833618164
477	1413.9413833618164
478	1370.1167106628418
478	1370.1167106628418
479	1348.067045211792
479	1348.067045211792
480	2545.1314449310303
480	2545.1314449310303
481	1486.997127532959
481	1486.997127532959
482	1546.525478363037
482	1546.525478363037
483	1438.4827613830566
483	1438.4827613830566
484	1512.232780456543
484	1512.232780456543
485	1335.5779647827148
485	1335.5779647827148
486	1544.7790622711182
486	1544.7790622711182
487	1679.0127754211426
487	1679.0127754211426
488	2392.0304775238037
488	2392.0304775238037
489	1579.9102783203125
489	1579.9102783203125
490	2068.8230991363525
490	2068.8230991363525
491	1966.2871360778809
491	1966.2871360778809
492	2454.993486404419
492	2454.993486404419
493	1941.8187141418457
493	1941.8187141418457
494	2010.0653171539307
494	2010.0653171539307
495	1744.5895671844482
495	1744.5895671844482
496	2277.397632598877
496	2277.397632598877
497	2471.1310863494873
497	2471.1310863494873
498	2455.6009769439697
498	2455.6009769439697
499	2371.034860610962
499	2371.034860610962
500	11488.208770751953
500	11488.208770751953
501	1957.1473598480225
501	1957.1473598480225
502	2670.564889907837
502	2670.564889907837
503	1574.54514503479
503	1574.54514503479
504	1743.9613342285156
504	1743.9613342285156
505	2269.2108154296875
505	2269.2108154296875
506	1894.5422172546387
506	1894.5422172546387
507	2018.14866065979
507	2018.14866065979
508	2085.587501525879
508	2085.587501525879
509	2120.220422744751
509	2120.220422744751
510	2294.9018478393555
510	2294.9018478393555
511	2245.3455924987793
511	2245.3455924987793
512	2247.574806213379
512	2247.574806213379
513	2535.146474838257
513	2535.146474838257
514	1442.9442882537842
514	1442.9442882537842
515	2465.909719467163
515	2465.909719467163
516	2969.975471496582
516	2969.975471496582
517	3216.6388034820557
517	3216.6388034820557
518	2731.6603660583496
518	2731.6603660583496
519	3570.491075515747
519	3570.491075515747
520	3776.353597640991
520	3776.353597640991
521	3486.9933128356934
521	3486.9933128356934
522	3508.3682537078857
522	3508.3682537078857
523	2822.065591812134
523	2822.065591812134
524	3362.7638816833496
524	3362.7638816833496
525	2223.3731746673584
525	2223.3731746673584
526	2224.65181350708
526	2224.65181350708
527	2292.6433086395264
527	2292.6433086395264
528	2362.6105785369873
528	2362.6105785369873
529	2288.942575454712
529	2288.942575454712
530	2787.7416610717773
530	2787.7416610717773
531	2987.8478050231934
531	2987.8478050231934
532	2569.8208808898926
532	2569.8208808898926
533	2676.3687133789062
533	2676.3687133789062
534	3563.708543777466
534	3563.708543777466
535	2494.656801223755
535	2494.656801223755
536	2594.212293624878
536	2594.212293624878
537	3156.754493713379
537	3156.754493713379
538	3144.772529602051
538	3144.772529602051
539	3312.5858306884766
539	3312.5858306884766
540	4668.981075286865
540	4668.981075286865
541	2264.3697261810303
541	2264.3697261810303
542	2653.6293029785156
542	2653.6293029785156
543	2720.627546310425
543	2720.627546310425
544	2672.0237731933594
544	2672.0237731933594
545	2800.7731437683105
545	2800.7731437683105
546	2774.109363555908
546	2774.109363555908
547	2240.7195568084717
547	2240.7195568084717
548	2940.5112266540527
548	2940.5112266540527
549	2617.588758468628
549	2617.588758468628
550	1983.0710887908936
550	1983.0710887908936
551	1970.9069728851318
551	1970.9069728851318
552	1880.9945583343506
552	1880.9945583343506
553	2348.3529090881348
553	2348.3529090881348
554	2061.5692138671875
554	2061.5692138671875
555	2747.365713119507
555	2747.365713119507
556	2322.5185871124268
556	2322.5185871124268
557	2265.166997909546
557	2265.166997909546
558	2580.899238586426
558	2580.899238586426
559	2152.1763801574707
559	2152.1763801574707
560	2435.2035522460938
560	2435.2035522460938
561	1812.4046325683594
561	1812.4046325683594
562	2648.632764816284
562	2648.632764816284
563	2876.903295516968
563	2876.903295516968
564	2552.1645545959473
564	2552.1645545959473
565	2553.9278984069824
565	2553.9278984069824
566	2314.8183822631836
566	2314.8183822631836
567	2480.8804988861084
567	2480.8804988861084
568	2600.507974624634
568	2600.507974624634
569	2629.4689178466797
569	2629.4689178466797
570	2941.9429302215576
570	2941.9429302215576
571	2428.7233352661133
571	2428.7233352661133
572	2617.550849914551
572	2617.550849914551
573	2550.952434539795
573	2550.952434539795
574	2518.2924270629883
574	2518.2924270629883
575	2498.253345489502
575	2498.253345489502
576	2298.4373569488525
576	2298.4373569488525
577	1671.2441444396973
577	1671.2441444396973
578	2134.34100151062
578	2134.34100151062
579	1861.5062236785889
579	1861.5062236785889
580	3048.945903778076
580	3048.945903778076
581	2469.921588897705
581	2469.921588897705
582	2157.825231552124
582	2157.825231552124
583	2635.786294937134
583	2635.786294937134
584	2785.721778869629
584	2785.721778869629
585	2493.441581726074
585	2493.441581726074
586	2570.871591567993
586	2570.871591567993
587	2310.026168823242
587	2310.026168823242
588	2348.5517501831055
588	2348.5517501831055
589	2523.8702297210693
589	2523.8702297210693
590	3164.3402576446533
590	3164.3402576446533
591	2619.6858882904053
591	2619.6858882904053
592	2721.696615219116
592	2721.696615219116
593	2556.3669204711914
593	2556.3669204711914
594	2333.3072662353516
594	2333.3072662353516
595	2556.2798976898193
595	2556.2798976898193
596	2751.1446475982666
596	2751.1446475982666
597	2633.6865425109863
597	2633.6865425109863
598	1795.5968379974365
598	1795.5968379974365
599	2219.9041843414307
599	2219.9041843414307
600	2668.694257736206
600	2668.694257736206
601	2544.0456867218018
601	2544.0456867218018
602	2709.012031555176
602	2709.012031555176
603	2323.2083320617676
603	2323.2083320617676
604	2435.307025909424
604	2435.307025909424
605	1939.8534297943115
605	1939.8534297943115
606	2863.668441772461
606	2863.668441772461
607	2573.193073272705
607	2573.193073272705
608	2563.6773109436035
608	2563.6773109436035
609	2651.803970336914
609	2651.803970336914
610	2506.411075592041
610	2506.411075592041
611	3520.454168319702
611	3520.454168319702
612	2163.351058959961
612	2163.351058959961
613	2726.4792919158936
613	2726.4792919158936
614	2109.4906330108643
614	2109.4906330108643
615	1747.7431297302246
615	1747.7431297302246
616	2289.086103439331
616	2289.086103439331
617	2348.987340927124
617	2348.987340927124
618	1600.6834506988525
618	1600.6834506988525
619	2382.8964233398438
619	2382.8964233398438
620	3005.6982040405273
620	3005.6982040405273
621	2590.9595489501953
621	2590.9595489501953
622	2095.9420204162598
622	2095.9420204162598
623	2163.604974746704
623	2163.604974746704
624	2484.70401763916
624	2484.70401763916
625	2997.703790664673
625	2997.703790664673
626	3010.223865509033
626	3010.223865509033
627	2064.2993450164795
627	2064.2993450164795
628	2387.5272274017334
628	2387.5272274017334
629	2671.442747116089
629	2671.442747116089
630	3585.2434635162354
630	3585.2434635162354
631	2792.977809906006
631	2792.977809906006
632	2595.0536727905273
632	2595.0536727905273
633	2521.5063095092773
633	2521.5063095092773
634	1969.0158367156982
634	1969.0158367156982
635	2704.6961784362793
635	2704.6961784362793
636	2751.8415451049805
636	2751.8415451049805
637	2323.2803344726562
637	2323.2803344726562
638	1917.0737266540527
638	1917.0737266540527
639	2375.62894821167
639	2375.62894821167
640	3110.006093978882
640	3110.006093978882
641	2851.7496585845947
641	2851.7496585845947
642	3428.0335903167725
642	3428.0335903167725
643	3153.2881259918213
643	3153.2881259918213
644	2800.39644241333
644	2800.39644241333
645	2893.5012817382812
645	2893.5012817382812
646	3195.014476776123
646	3195.014476776123
647	2815.75870513916
647	2815.75870513916
648	2139.482259750366
648	2139.482259750366
649	2362.0152473449707
649	2362.0152473449707
650	4180.349349975586
650	4180.349349975586
651	3362.358570098877
651	3362.358570098877
652	2787.175178527832
652	2787.175178527832
653	2263.005018234253
653	2263.005018234253
654	2843.3315753936768
654	2843.3315753936768
655	3503.0088424682617
655	3503.0088424682617
656	2581.2835693359375
656	2581.2835693359375
657	3532.468795776367
657	3532.468795776367
658	2767.1902179718018
658	2767.1902179718018
659	2430.0291538238525
659	2430.0291538238525
660	3835.5350494384766
660	3835.5350494384766
661	2373.0242252349854
661	2373.0242252349854
662	2922.7092266082764
662	2922.7092266082764
663	2919.780969619751
663	2919.780969619751
664	2510.7321739196777
664	2510.7321739196777
665	2281.71706199646
665	2281.71706199646
666	3916.4352416992188
666	3916.4352416992188
667	3220.3946113586426
667	3220.3946113586426
668	2473.1266498565674
668	2473.1266498565674
669	2315.258026123047
669	2315.258026123047
670	2506.517171859741
670	2506.517171859741
671	2494.3737983703613
671	2494.3737983703613
672	2245.716333389282
672	2245.716333389282
673	2048.4635829925537
673	2048.4635829925537
674	1831.6662311553955
674	1831.6662311553955
675	1837.9669189453125
675	1837.9669189453125
676	2106.1336994171143
676	2106.1336994171143
677	2243.1983947753906
677	2243.1983947753906
678	2520.240068435669
678	2520.240068435669
679	2457.4337005615234
679	2457.4337005615234
680	2603.5759449005127
680	2603.5759449005127
681	2380.5289268493652
681	2380.5289268493652
682	2211.886167526245
682	2211.886167526245
683	2246.0036277770996
683	2246.0036277770996
684	2098.94061088562
684	2098.94061088562
685	2748.5170364379883
685	2748.5170364379883
686	2719.6547985076904
686	2719.6547985076904
687	2612.316608428955
687	2612.316608428955
688	3655.9574604034424
688	3655.9574604034424
689	2920.238256454468
689	2920.238256454468
690	3447.194814682007
690	3447.194814682007
691	2734.055280685425
691	2734.055280685425
692	2784.9838733673096
692	2784.9838733673096
693	2704.883575439453
693	2704.883575439453
694	2180.8297634124756
694	2180.8297634124756
695	2099.4937419891357
695	2099.4937419891357
696	2575.674533843994
696	2575.674533843994
697	1801.4166355133057
697	1801.4166355133057
698	1619.6908950805664
698	1619.6908950805664
699	2012.284755706787
699	2012.284755706787
700	3446.115016937256
700	3446.115016937256
701	2476.4397144317627
701	2476.4397144317627
702	2521.1434364318848
702	2521.1434364318848
703	2429.95285987854
703	2429.95285987854
704	2743.3035373687744
704	2743.3035373687744
705	2727.6217937469482
705	2727.6217937469482
706	2495.783805847168
706	2495.783805847168
707	1500.1614093780518
707	1500.1614093780518
708	2876.511812210083
708	2876.511812210083
709	3431.5807819366455
709	3431.5807819366455
710	3422.356128692627
710	3422.356128692627
711	2493.177890777588
711	2493.177890777588
712	2818.012237548828
712	2818.012237548828
713	2821.584701538086
713	2821.584701538086
714	2847.8474617004395
714	2847.8474617004395
715	2135.1547241210938
715	2135.1547241210938
716	2305.979013442993
716	2305.979013442993
717	2492.875099182129
717	2492.875099182129
718	2216.0704135894775
718	2216.0704135894775
719	2151.5722274780273
719	2151.5722274780273
720	2923.522472381592
720	2923.522472381592
721	2457.7088356018066
721	2457.7088356018066
722	2484.848976135254
722	2484.848976135254
723	2312.246322631836
723	2312.246322631836
724	2673.3193397521973
724	2673.3193397521973
725	2350.1811027526855
725	2350.1811027526855
726	2534.8379611968994
726	2534.8379611968994
727	2610.8474731445312
727	2610.8474731445312
728	2549.4258403778076
728	2549.4258403778076
729	2660.0327491760254
729	2660.0327491760254
730	2885.923385620117
730	2885.923385620117
731	2605.849504470825
731	2605.849504470825
732	2660.7940196990967
732	2660.7940196990967
733	2685.99796295166
733	2685.99796295166
734	3266.4005756378174
734	3266.4005756378174
735	2529.123544692993
735	2529.123544692993
736	3173.6738681793213
736	3173.6738681793213
737	2033.3359241485596
737	2033.3359241485596
738	2096.2467193603516
738	2096.2467193603516
739	2279.681444168091
739	2279.681444168091
740	2702.0065784454346
740	2702.0065784454346
741	1952.2805213928223
741	1952.2805213928223
742	2256.5231323242188
742	2256.5231323242188
743	2231.5309047698975
743	2231.5309047698975
744	2039.9091243743896
744	2039.9091243743896
745	2507.9193115234375
745	2507.9193115234375
746	2548.8381385803223
746	2548.8381385803223
747	2714.31565284729
747	2714.31565284729
748	2374.962329864502
748	2374.962329864502
749	2397.72367477417
749	2397.72367477417
750	3078.5341262817383
750	3078.5341262817383
751	2519.737958908081
751	2519.737958908081
752	2559.0944290161133
752	2559.0944290161133
753	2493.79825592041
753	2493.79825592041
754	2680.516242980957
754	2680.516242980957
755	2598.3822345733643
755	2598.3822345733643
756	1402.6944637298584
756	1402.6944637298584
757	1517.0958042144775
757	1517.0958042144775
758	1568.979263305664
758	1568.979263305664
759	1534.89089012146
759	1534.89089012146
760	2066.9257640838623
760	2066.9257640838623
761	1536.7918014526367
761	1536.7918014526367
762	1488.8031482696533
762	1488.8031482696533
763	1404.916763305664
763	1404.916763305664
764	1426.6986846923828
764	1426.6986846923828
765	1395.3821659088135
765	1395.3821659088135
766	1399.2600440979004
766	1399.2600440979004
767	1566.8258666992188
767	1566.8258666992188
768	1303.9562702178955
768	1303.9562702178955
769	1195.7945823669434
769	1195.7945823669434
770	2539.250612258911
770	2539.250612258911
771	1543.9178943634033
771	1543.9178943634033
772	2126.3394355773926
772	2126.3394355773926
773	1895.9665298461914
773	1895.9665298461914
774	1817.112684249878
774	1817.112684249878
775	1968.1117534637451
775	1968.1117534637451
776	1917.0892238616943
776	1917.0892238616943
777	2038.2001399993896
777	2038.2001399993896
778	2121.056318283081
778	2121.056318283081
779	1812.4959468841553
779	1812.4959468841553
780	2046.0164546966553
780	2046.0164546966553
781	1609.6863746643066
781	1609.6863746643066
782	1695.5976486206055
782	1695.5976486206055
783	1806.8976402282715
783	1806.8976402282715
784	2076.265335083008
784	2076.265335083008
785	1688.3137226104736
785	1688.3137226104736
786	1755.6824684143066
786	1755.6824684143066
787	1812.6084804534912
787	1812.6084804534912
788	1990.5245304107666
788	1990.5245304107666
789	1536.9348526000977
789	1536.9348526000977
790	2313.546895980835
790	2313.546895980835
791	1272.373914718628
791	1272.373914718628
792	1950.1280784606934
792	1950.1280784606934
793	1938.4233951568604
793	1938.4233951568604
794	2080.97767829895
794	2080.97767829895
795	1955.476999282837
795	1955.476999282837
796	1824.101209640503
796	1824.101209640503
797	1707.1316242218018
797	1707.1316242218018
798	1593.0087566375732
798	1593.0087566375732
799	1766.5903568267822
799	1766.5903568267822
800	2145.4920768737793
800	2145.4920768737793
801	1131.5901279449463
801	1131.5901279449463
802	1404.0048122406006
802	1404.0048122406006
803	1924.0233898162842
803	1924.0233898162842
804	1259.4542503356934
804	1259.4542503356934
805	1817.384958267212
805	1817.384958267212
806	1363.3613586425781
806	1363.3613586425781
807	2067.042589187622
807	2067.042589187622
808	1404.1540622711182
808	1404.1540622711182
809	1561.338186264038
809	1561.338186264038
810	2292.346954345703
810	2292.346954345703
811	1478.996992111206
811	1478.996992111206
812	1482.1109771728516
812	1482.1109771728516
813	1433.8510036468506
813	1433.8510036468506
814	1338.1736278533936
814	1338.1736278533936
815	1440.5484199523926
815	1440.5484199523926
816	1386.2667083740234
816	1386.2667083740234
817	1338.456392288208
817	1338.456392288208
818	1625.8108615875244
818	1625.8108615875244
819	1179.8670291900635
819	1179.8670291900635
820	2048.6204624176025
820	2048.6204624176025
821	1387.2466087341309
821	1387.2466087341309
822	1423.9392280578613
822	1423.9392280578613
823	1459.5742225646973
823	1459.5742225646973
824	1274.0857601165771
824	1274.0857601165771
825	1188.8997554779053
825	1188.8997554779053
826	1337.6290798187256
826	1337.6290798187256
827	1201.0202407836914
827	1201.0202407836914
828	1269.00315284729
828	1269.00315284729
829	1279.6528339385986
829	1279.6528339385986
830	1682.5439929962158
830	1682.5439929962158
831	1536.6382598876953
831	1536.6382598876953
832	1212.1233940124512
832	1212.1233940124512
833	1211.7607593536377
833	1211.7607593536377
834	1213.4575843811035
834	1213.4575843811035
835	1444.800853729248
835	1444.800853729248
836	1352.3659706115723
836	1352.3659706115723
837	1369.9023723602295
837	1369.9023723602295
838	1375.8537769317627
838	1375.8537769317627
839	1423.2993125915527
839	1423.2993125915527
840	1858.6537837982178
840	1858.6537837982178
841	1707.1385383605957
841	1707.1385383605957
842	1888.1852626800537
842	1888.1852626800537
843	1397.1590995788574
843	1397.1590995788574
844	1397.2527980804443
844	1397.2527980804443
845	1229.0782928466797
845	1229.0782928466797
846	1457.6404094696045
846	1457.6404094696045
847	1438.8070106506348
847	1438.8070106506348
848	1279.585599899292
848	1279.585599899292
849	1278.4457206726074
849	1278.4457206726074
850	1789.778709411621
850	1789.778709411621
851	1392.0938968658447
851	1392.0938968658447
852	1347.2709655761719
852	1347.2709655761719
853	1601.5691757202148
853	1601.5691757202148
854	1485.978603363037
854	1485.978603363037
855	1621.7095851898193
855	1621.7095851898193
856	1359.9514961242676
856	1359.9514961242676
857	1403.6402702331543
857	1403.6402702331543
858	1268.6412334442139
858	1268.6412334442139
859	1289.5522117614746
859	1289.5522117614746
860	2108.8457107543945
860	2108.8457107543945
861	1212.1410369873047
861	1212.1410369873047
862	1286.7019176483154
862	1286.7019176483154
863	1357.5375080108643
863	1357.5375080108643
864	1421.6241836547852
864	1421.6241836547852
865	1331.437349319458
865	1331.437349319458
866	1182.6503276824951
866	1182.6503276824951
867	1426.6362190246582
867	1426.6362190246582
868	1561.551570892334
868	1561.551570892334
869	1904.0706157684326
869	1904.0706157684326
870	1731.0030460357666
870	1731.0030460357666
871	1148.648738861084
871	1148.648738861084
872	1285.2821350097656
872	1285.2821350097656
873	1366.0449981689453
873	1366.0449981689453
874	1273.8187313079834
874	1273.8187313079834
875	1279.8707485198975
875	1279.8707485198975
876	1261.0797882080078
876	1261.0797882080078
877	1437.4160766601562
877	1437.4160766601562
878	1166.435956954956
878	1166.435956954956
879	1558.0427646636963
879	1558.0427646636963
880	1855.1366329193115
880	1855.1366329193115
881	1716.1519527435303
881	1716.1519527435303
882	1235.060214996338
882	1235.060214996338
883	1259.4850063323975
883	1259.4850063323975
884	1361.7680072784424
884	1361.7680072784424
885	1236.051082611084
885	1236.051082611084
886	1309.6153736114502
886	1309.6153736114502
887	1179.4202327728271
887	1179.4202327728271
888	1491.8267726898193
888	1491.8267726898193
889	1388.7622356414795
889	1388.7622356414795
890	2282.711982727051
890	2282.711982727051
891	1509.791612625122
891	1509.791612625122
892	1261.6593837738037
892	1261.6593837738037
893	1381.2034130096436
893	1381.2034130096436
894	1311.7578029632568
894	1311.7578029632568
895	1308.755874633789
895	1308.755874633789
896	1362.4742031097412
896	1362.4742031097412
897	1450.108528137207
897	1450.108528137207
898	1418.3783531188965
898	1418.3783531188965
899	1412.2226238250732
899	1412.2226238250732
900	1982.3338985443115
900	1982.3338985443115
901	1351.8686294555664
901	1351.8686294555664
902	1303.8885593414307
902	1303.8885593414307
903	1366.260051727295
903	1366.260051727295
904	1412.639856338501
904	1412.639856338501
905	1591.367483139038
905	1591.367483139038
906	1305.6139945983887
906	1305.6139945983887
907	1308.3229064941406
907	1308.3229064941406
908	1225.3596782684326
908	1225.3596782684326
909	1374.553918838501
909	1374.553918838501
910	2367.4376010894775
910	2367.4376010894775
911	1390.660047531128
911	1390.660047531128
912	1339.7812843322754
912	1339.7812843322754
913	1394.7641849517822
913	1394.7641849517822
914	1339.6985530853271
914	1339.6985530853271
915	1365.0472164154053
915	1365.0472164154053
916	1349.8749732971191
916	1349.8749732971191
917	1267.1914100646973
917	1267.1914100646973
918	1277.0488262176514
918	1277.0488262176514
919	1269.9201107025146
919	1269.9201107025146
920	2254.0981769561768
920	2254.0981769561768
921	1224.8685359954834
921	1224.8685359954834
922	1163.0330085754395
922	1163.0330085754395
923	1192.03519821167
923	1192.03519821167
924	1328.1385898590088
924	1328.1385898590088
925	1338.2203578948975
925	1338.2203578948975
926	1322.8232860565186
926	1322.8232860565186
927	1724.6410846710205
927	1724.6410846710205
928	1512.6073360443115
928	1512.6073360443115
929	2122.3514080047607
929	2122.3514080047607
930	2277.930498123169
930	2277.930498123169
931	1373.6858367919922
931	1373.6858367919922
932	1442.307949066162
932	1442.307949066162
933	1951.7037868499756
933	1951.7037868499756
934	1363.7118339538574
934	1363.7118339538574
935	1915.9376621246338
935	1915.9376621246338
936	1434.8771572113037
936	1434.8771572113037
937	1311.004400253296
937	1311.004400253296
938	1643.2499885559082
938	1643.2499885559082
939	2001.086711883545
939	2001.086711883545
940	2609.487295150757
940	2609.487295150757
941	2304.0709495544434
941	2304.0709495544434
942	2322.7155208587646
942	2322.7155208587646
943	2322.0863342285156
943	2322.0863342285156
944	2263.838768005371
944	2263.838768005371
945	2212.817668914795
945	2212.817668914795
946	2774.0988731384277
946	2774.0988731384277
947	2419.9752807617188
947	2419.9752807617188
948	2536.663770675659
948	2536.663770675659
949	2085.782289505005
949	2085.782289505005
950	3046.5805530548096
950	3046.5805530548096
951	2428.032159805298
951	2428.032159805298
952	3090.198516845703
952	3090.198516845703
953	2527.7650356292725
953	2527.7650356292725
954	2489.574670791626
954	2489.574670791626
955	2570.110321044922
955	2570.110321044922
956	2143.7864303588867
956	2143.7864303588867
957	2639.8353576660156
957	2639.8353576660156
958	2495.088577270508
958	2495.088577270508
959	2834.183692932129
959	2834.183692932129
960	3282.4347019195557
960	3282.4347019195557
961	2600.879907608032
961	2600.879907608032
962	2617.530345916748
962	2617.530345916748
963	1492.577075958252
963	1492.577075958252
964	1391.8540477752686
964	1391.8540477752686
965	1652.6527404785156
965	1652.6527404785156
966	2267.213821411133
966	2267.213821411133
967	1936.2802505493164
967	1936.2802505493164
968	2328.9947509765625
968	2328.9947509765625
969	2417.931318283081
969	2417.931318283081
970	3077.7587890625
970	3077.7587890625
971	2493.7870502471924
971	2493.7870502471924
972	2454.834461212158
972	2454.834461212158
973	2312.190294265747
973	2312.190294265747
974	2546.257972717285
974	2546.257972717285
975	2666.7237281799316
975	2666.7237281799316
976	2658.4231853485107
976	2658.4231853485107
977	2526.0863304138184
977	2526.0863304138184
978	2525.679349899292
978	2525.679349899292
979	2577.472686767578
979	2577.472686767578
980	3054.168701171875
980	3054.168701171875
981	2461.1713886260986
981	2461.1713886260986
982	2718.1830406188965
982	2718.1830406188965
983	2622.8396892547607
983	2622.8396892547607
984	1808.1014156341553
984	1808.1014156341553
985	1864.7689819335938
985	1864.7689819335938
986	2112.01810836792
986	2112.01810836792
987	2415.576457977295
987	2415.576457977295
988	2056.946039199829
988	2056.946039199829
989	2356.6031455993652
989	2356.6031455993652
990	2787.930965423584
990	2787.930965423584
991	2326.293706893921
991	2326.293706893921
992	2508.3813667297363
992	2508.3813667297363
993	2258.324146270752
993	2258.324146270752
994	2542.5190925598145
994	2542.5190925598145
995	2531.998634338379
995	2531.998634338379
996	2557.816743850708
996	2557.816743850708
997	2426.7752170562744
997	2426.7752170562744
998	2524.3916511535645
998	2524.3916511535645
999	2567.382335662842
999	2567.382335662842
1000	22299.3323802948
1000	22299.3323802948
1001	2714.7774696350098
1001	2714.7774696350098
1002	2522.411108016968
1002	2522.411108016968
1003	2565.6843185424805
1003	2565.6843185424805
1004	2320.7623958587646
1004	2320.7623958587646
1005	4495.538949966431
1005	4495.538949966431
1006	2555.875301361084
1006	2555.875301361084
1007	2602.33998298645
1007	2602.33998298645
1008	2381.256341934204
1008	2381.256341934204
1009	2709.9432945251465
1009	2709.9432945251465
1010	3223.0355739593506
1010	3223.0355739593506
1011	2657.560348510742
1011	2657.560348510742
1012	2254.826784133911
1012	2254.826784133911
1013	2251.1115074157715
1013	2251.1115074157715
1014	2078.422784805298
1014	2078.422784805298
1015	2408.889055252075
1015	2408.889055252075
1016	2288.987398147583
1016	2288.987398147583
1017	2597.0003604888916
1017	2597.0003604888916
1018	2218.7821865081787
1018	2218.7821865081787
1019	2514.4217014312744
1019	2514.4217014312744
1020	3007.1520805358887
1020	3007.1520805358887
1021	2540.783166885376
1021	2540.783166885376
1022	2496.328115463257
1022	2496.328115463257
1023	2366.298198699951
1023	2366.298198699951
1024	2465.5544757843018
1024	2465.5544757843018
1025	2430.332899093628
1025	2430.332899093628
1026	2525.251626968384
1026	2525.251626968384
1027	1983.9520454406738
1027	1983.9520454406738
1028	2583.407402038574
1028	2583.407402038574
1029	2757.783889770508
1029	2757.783889770508
1030	2783.842086791992
1030	2783.842086791992
1031	2600.670099258423
1031	2600.670099258423
1032	2404.9389362335205
1032	2404.9389362335205
1033	2280.752420425415
1033	2280.752420425415
1034	2192.3112869262695
1034	2192.3112869262695
1035	2954.558849334717
1035	2954.558849334717
1036	2722.4254608154297
1036	2722.4254608154297
1037	2235.55588722229
1037	2235.55588722229
1038	2313.3840560913086
1038	2313.3840560913086
1039	2076.9004821777344
1039	2076.9004821777344
1040	2609.288454055786
1040	2609.288454055786
1041	3187.4279975891113
1041	3187.4279975891113
1042	2471.2955951690674
1042	2471.2955951690674
1043	2544.9070930480957
1043	2544.9070930480957
1044	2035.8850955963135
1044	2035.8850955963135
1045	2397.4146842956543
1045	2397.4146842956543
1046	2312.9525184631348
1046	2312.9525184631348
1047	2372.868061065674
1047	2372.868061065674
1048	2338.5558128356934
1048	2338.5558128356934
1049	1952.397108078003
1049	1952.397108078003
1050	3029.902935028076
1050	3029.902935028076
1051	2984.7984313964844
1051	2984.7984313964844
1052	2307.39688873291
1052	2307.39688873291
1053	3227.654218673706
1053	3227.654218673706
1054	3405.947685241699
1054	3405.947685241699
1055	3074.4595527648926
1055	3074.4595527648926
1056	2740.893602371216
1056	2740.893602371216
1057	2245.9540367126465
1057	2245.9540367126465
1058	2944.6094036102295
1058	2944.6094036102295
1059	1991.8937683105469
1059	1991.8937683105469
1060	2619.605302810669
1060	2619.605302810669
1061	2078.9055824279785
1061	2078.9055824279785
1062	2118.4494495391846
1062	2118.4494495391846
1063	2331.747531890869
1063	2331.747531890869
1064	1618.8011169433594
1064	1618.8011169433594
1065	1872.0042705535889
1065	1872.0042705535889
1066	2010.7214450836182
1066	2010.7214450836182
1067	2013.1678581237793
1067	2013.1678581237793
1068	2368.213176727295
1068	2368.213176727295
1069	2310.6930255889893
1069	2310.6930255889893
1070	3564.082145690918
1070	3564.082145690918
1071	2513.3957862854004
1071	2513.3957862854004
1072	3172.069549560547
1072	3172.069549560547
1073	2380.1910877227783
1073	2380.1910877227783
1074	2226.4719009399414
1074	2226.4719009399414
1075	2794.5966720581055
1075	2794.5966720581055
1076	3598.215341567993
1076	3598.215341567993
1077	2158.5443019866943
1077	2158.5443019866943
1078	3098.8218784332275
1078	3098.8218784332275
1079	2647.5634574890137
1079	2647.5634574890137
1080	3607.809543609619
1080	3607.809543609619
1081	2731.532573699951
1081	2731.532573699951
1082	2992.703437805176
1082	2992.703437805176
1083	1742.0709133148193
1083	1742.0709133148193
1084	2841.742515563965
1084	2841.742515563965
1085	2958.66060256958
1085	2958.66060256958
1086	2566.5299892425537
1086	2566.5299892425537
1087	2133.0151557922363
1087	2133.0151557922363
1088	2713.7014865875244
1088	2713.7014865875244
1089	2609.402656555176
1089	2609.402656555176
1090	3008.607864379883
1090	3008.607864379883
1091	2684.462070465088
1091	2684.462070465088
1092	2067.5623416900635
1092	2067.5623416900635
1093	2856.2064170837402
1093	2856.2064170837402
1094	2582.4673175811768
1094	2582.4673175811768
1095	2943.070650100708
1095	2943.070650100708
1096	2821.0766315460205
1096	2821.0766315460205
1097	2901.958465576172
1097	2901.958465576172
1098	2184.297800064087
1098	2184.297800064087
1099	2083.688974380493
1099	2083.688974380493
1100	3554.924488067627
1100	3554.924488067627
1101	2709.907293319702
1101	2709.907293319702
1102	2777.226686477661
1102	2777.226686477661
1103	2706.7553997039795
1103	2706.7553997039795
1104	2699.8469829559326
1104	2699.8469829559326
1105	2825.8883953094482
1105	2825.8883953094482
1106	1557.9743385314941
1106	1557.9743385314941
1107	2405.6291580200195
1107	2405.6291580200195
1108	1731.1131954193115
1108	1731.1131954193115
1109	2742.7163124084473
1109	2742.7163124084473
1110	3380.8085918426514
1110	3380.8085918426514
1111	2083.8887691497803
1111	2083.8887691497803
1112	2007.7550411224365
1112	2007.7550411224365
1113	1803.7004470825195
1113	1803.7004470825195
1114	2396.1234092712402
1114	2396.1234092712402
1115	3149.397850036621
1115	3149.397850036621
1116	1991.795301437378
1116	1991.795301437378
1117	2838.3116722106934
1117	2838.3116722106934
1118	1953.4919261932373
1118	1953.4919261932373
1119	2014.5134925842285
1119	2014.5134925842285
1120	2882.0931911468506
1120	2882.0931911468506
1121	2797.879695892334
1121	2797.879695892334
1122	3534.614086151123
1122	3534.614086151123
1123	2626.73020362854
1123	2626.73020362854
1124	2255.321741104126
1124	2255.321741104126
1125	2005.2452087402344
1125	2005.2452087402344
1126	2013.0226612091064
1126	2013.0226612091064
1127	1846.9665050506592
1127	1846.9665050506592
1128	2195.054292678833
1128	2195.054292678833
1129	2058.7856769561768
1129	2058.7856769561768
1130	2543.5962677001953
1130	2543.5962677001953
1131	2088.9506340026855
1131	2088.9506340026855
1132	2022.9740142822266
1132	2022.9740142822266
1133	2201.961040496826
1133	2201.961040496826
1134	1711.3900184631348
1134	1711.3900184631348
1135	2010.2226734161377
1135	2010.2226734161377
1136	2676.6202449798584
1136	2676.6202449798584
1137	2154.2809009552
1137	2154.2809009552
1138	2134.902238845825
1138	2134.902238845825
1139	3003.6675930023193
1139	3003.6675930023193
1140	2523.254632949829
1140	2523.254632949829
1141	3046.926259994507
1141	3046.926259994507
1142	3083.1098556518555
1142	3083.1098556518555
1143	3263.185501098633
1143	3263.185501098633
1144	3132.3180198669434
1144	3132.3180198669434
1145	3131.4873695373535
1145	3131.4873695373535
1146	2771.56662940979
1146	2771.56662940979
1147	2807.3813915252686
1147	2807.3813915252686
1148	2691.97154045105
1148	2691.97154045105
1149	2039.7624969482422
1149	2039.7624969482422
1150	2572.479009628296
1150	2572.479009628296
1151	1969.9280261993408
1151	1969.9280261993408
1152	2236.403226852417
1152	2236.403226852417
1153	2409.822463989258
1153	2409.822463989258
1154	2248.297929763794
1154	2248.297929763794
1155	2504.4310092926025
1155	2504.4310092926025
1156	2561.1050128936768
1156	2561.1050128936768
1157	2568.1869983673096
1157	2568.1869983673096
1158	2509.5672607421875
1158	2509.5672607421875
1159	2562.049627304077
1159	2562.049627304077
1160	3032.388687133789
1160	3032.388687133789
1161	2569.9362754821777
1161	2569.9362754821777
1162	2509.061336517334
1162	2509.061336517334
1163	2035.9506607055664
1163	2035.9506607055664
1164	2271.0227966308594
1164	2271.0227966308594
1165	2219.6455001831055
1165	2219.6455001831055
1166	2358.8433265686035
1166	2358.8433265686035
1167	2284.83510017395
1167	2284.83510017395
1168	2432.493209838867
1168	2432.493209838867
1169	2550.157308578491
1169	2550.157308578491
1170	3008.7711811065674
1170	3008.7711811065674
1171	2508.8624954223633
1171	2508.8624954223633
1172	2308.6318969726562
1172	2308.6318969726562
1173	2683.710813522339
1173	2683.710813522339
1174	2477.870225906372
1174	2477.870225906372
1175	2434.589147567749
1175	2434.589147567749
1176	2495.523691177368
1176	2495.523691177368
1177	2556.1044216156006
1177	2556.1044216156006
1178	2376.2784004211426
1178	2376.2784004211426
1179	2072.8228092193604
1179	2072.8228092193604
1180	2587.918281555176
1180	2587.918281555176
1181	1958.7430953979492
1181	1958.7430953979492
1182	2327.9435634613037
1182	2327.9435634613037
1183	1994.7657585144043
1183	1994.7657585144043
1184	2127.277374267578
1184	2127.277374267578
1185	2284.273624420166
1185	2284.273624420166
1186	2473.2675552368164
1186	2473.2675552368164
1187	2440.4549598693848
1187	2440.4549598693848
1188	2316.9679641723633
1188	2316.9679641723633
1189	2445.026159286499
1189	2445.026159286499
1190	2926.0456562042236
1190	2926.0456562042236
1191	2508.0394744873047
1191	2508.0394744873047
1192	2475.362539291382
1192	2475.362539291382
1193	2319.4239139556885
1193	2319.4239139556885
1194	2523.026466369629
1194	2523.026466369629
1195	2291.98956489563
1195	2291.98956489563
1196	2558.924436569214
1196	2558.924436569214
1197	2164.384126663208
1197	2164.384126663208
1198	1348.2253551483154
1198	1348.2253551483154
1199	1361.6054058074951
1199	1361.6054058074951
1200	2068.260669708252
1200	2068.260669708252
1201	1388.6346817016602
1201	1388.6346817016602
1202	1251.7287731170654
1202	1251.7287731170654
1203	1430.0718307495117
1203	1430.0718307495117
1204	1470.2458381652832
1204	1470.2458381652832
1205	1401.8328189849854
1205	1401.8328189849854
1206	1331.1288356781006
1206	1331.1288356781006
1207	1377.0298957824707
1207	1377.0298957824707
1208	1273.2560634613037
1208	1273.2560634613037
1209	1305.2079677581787
1209	1305.2079677581787
1210	1780.5986404418945
1210	1780.5986404418945
1211	1347.496747970581
1211	1347.496747970581
1212	1218.2023525238037
1212	1218.2023525238037
1213	1320.6088542938232
1213	1320.6088542938232
1214	1197.6711750030518
1214	1197.6711750030518
1215	1224.0681648254395
1215	1224.0681648254395
1216	1248.380184173584
1216	1248.380184173584
1217	1360.5570793151855
1217	1360.5570793151855
1218	1330.1498889923096
1218	1330.1498889923096
1219	1185.0581169128418
1219	1185.0581169128418
1220	1625.8094310760498
1220	1625.8094310760498
1221	1322.7479457855225
1221	1322.7479457855225
1222	1373.2573986053467
1222	1373.2573986053467
1223	1388.0491256713867
1223	1388.0491256713867
1224	1399.4340896606445
1224	1399.4340896606445
1225	1326.7731666564941
1225	1326.7731666564941
1226	1373.8694190979004
1226	1373.8694190979004
1227	1300.3580570220947
1227	1300.3580570220947
1228	1362.269401550293
1228	1362.269401550293
1229	1387.0785236358643
1229	1387.0785236358643
1230	1838.4621143341064
1230	1838.4621143341064
1231	1370.6798553466797
1231	1370.6798553466797
1232	1409.149169921875
1232	1409.149169921875
1233	1381.0861110687256
1233	1381.0861110687256
1234	1382.446050643921
1234	1382.446050643921
1235	1367.2947883605957
1235	1367.2947883605957
1236	1373.420238494873
1236	1373.420238494873
1237	1313.3544921875
1237	1313.3544921875
1238	1450.7403373718262
1238	1450.7403373718262
1239	1332.604169845581
1239	1332.604169845581
1240	1674.3500232696533
1240	1674.3500232696533
1241	1356.062889099121
1241	1356.062889099121
1242	1206.9921493530273
1242	1206.9921493530273
1243	1341.343879699707
1243	1341.343879699707
1244	1365.4274940490723
1244	1365.4274940490723
1245	1340.2221202850342
1245	1340.2221202850342
1246	1366.4722442626953
1246	1366.4722442626953
1247	1353.8897037506104
1247	1353.8897037506104
1248	1174.0198135375977
1248	1174.0198135375977
1249	1369.2739009857178
1249	1369.2739009857178
1250	1706.693172454834
1250	1706.693172454834
1251	1305.9570789337158
1251	1305.9570789337158
1252	1295.8886623382568
1252	1295.8886623382568
1253	1225.1801490783691
1253	1225.1801490783691
1254	1347.8848934173584
1254	1347.8848934173584
1255	1373.3654022216797
1255	1373.3654022216797
1256	1385.181188583374
1256	1385.181188583374
1257	1299.64017868042
1257	1299.64017868042
1258	1490.8874034881592
1258	1490.8874034881592
1259	1349.0557670593262
1259	1349.0557670593262
1260	1754.6050548553467
1260	1754.6050548553467
1261	1255.1772594451904
1261	1255.1772594451904
1262	1456.4223289489746
1262	1456.4223289489746
1263	1482.0520877838135
1263	1482.0520877838135
1264	1352.4081707000732
1264	1352.4081707000732
1265	1216.2985801696777
1265	1216.2985801696777
1266	1325.526237487793
1266	1325.526237487793
1267	1349.2867946624756
1267	1349.2867946624756
1268	1387.3281478881836
1268	1387.3281478881836
1269	1377.6679039001465
1269	1377.6679039001465
1270	1684.02099609375
1270	1684.02099609375
1271	1373.169183731079
1271	1373.169183731079
1272	1296.079158782959
1272	1296.079158782959
1273	1329.9763202667236
1273	1329.9763202667236
1274	1338.6826515197754
1274	1338.6826515197754
1275	1280.613899230957
1275	1280.613899230957
1276	1341.2110805511475
1276	1341.2110805511475
1277	1042.9084300994873
1277	1042.9084300994873
1278	1167.0715808868408
1278	1167.0715808868408
1279	1203.6669254302979
1279	1203.6669254302979
1280	1653.658390045166
1280	1653.658390045166
1281	1085.310935974121
1281	1085.310935974121
1282	1190.4656887054443
1282	1190.4656887054443
1283	1179.9108982086182
1283	1179.9108982086182
1284	1281.2292575836182
1284	1281.2292575836182
1285	1176.2168407440186
1285	1176.2168407440186
1286	1091.9280052185059
1286	1091.9280052185059
1287	1234.9014282226562
1287	1234.9014282226562
1288	1521.4169025421143
1288	1521.4169025421143
1289	955.9957981109619
1289	955.9957981109619
1290	1317.4645900726318
1290	1317.4645900726318
1291	954.81276512146
1291	954.81276512146
1292	1422.6131439208984
1292	1422.6131439208984
1293	1315.338373184204
1293	1315.338373184204
1294	1364.4661903381348
1294	1364.4661903381348
1295	1376.7218589782715
1295	1376.7218589782715
1296	1338.2387161254883
1296	1338.2387161254883
1297	1322.7543830871582
1297	1322.7543830871582
1298	1364.2480373382568
1298	1364.2480373382568
1299	1343.1732654571533
1299	1343.1732654571533
1300	1744.1980838775635
1300	1744.1980838775635
1301	1344.8448181152344
1301	1344.8448181152344
1302	1229.7918796539307
1302	1229.7918796539307
1303	1355.881690979004
1303	1355.881690979004
1304	1272.0973491668701
1304	1272.0973491668701
1305	1262.6261711120605
1305	1262.6261711120605
1306	1431.6537380218506
1306	1431.6537380218506
1307	1343.1951999664307
1307	1343.1951999664307
1308	1196.3281631469727
1308	1196.3281631469727
1309	1206.4306735992432
1309	1206.4306735992432
1310	1814.0301704406738
1310	1814.0301704406738
1311	1439.594030380249
1311	1439.594030380249
1312	1315.9022331237793
1312	1315.9022331237793
1313	1342.8623676300049
1313	1342.8623676300049
1314	1383.2447528839111
1314	1383.2447528839111
1315	1414.8650169372559
1315	1414.8650169372559
1316	1361.0472679138184
1316	1361.0472679138184
1317	1324.9492645263672
1317	1324.9492645263672
1318	1307.4109554290771
1318	1307.4109554290771
1319	1417.175531387329
1319	1417.175531387329
1320	1768.3143615722656
1320	1768.3143615722656
1321	1304.9709796905518
1321	1304.9709796905518
1322	1350.3024578094482
1322	1350.3024578094482
1323	1265.075445175171
1323	1265.075445175171
1324	1408.7309837341309
1324	1408.7309837341309
1325	1438.9657974243164
1325	1438.9657974243164
1326	1179.0080070495605
1326	1179.0080070495605
1327	2241.0967350006104
1327	2241.0967350006104
1328	1374.9148845672607
1328	1374.9148845672607
1329	1419.9557304382324
1329	1419.9557304382324
1330	1717.1530723571777
1330	1717.1530723571777
1331	1363.1904125213623
1331	1363.1904125213623
1332	1266.6561603546143
1332	1266.6561603546143
1333	1413.5355949401855
1333	1413.5355949401855
1334	1222.7985858917236
1334	1222.7985858917236
1335	1411.9300842285156
1335	1411.9300842285156
1336	1335.3562355041504
1336	1335.3562355041504
1337	1371.1342811584473
1337	1371.1342811584473
1338	1287.5182628631592
1338	1287.5182628631592
1339	1496.3107109069824
1339	1496.3107109069824
1340	1812.5736713409424
1340	1812.5736713409424
1341	1267.8735256195068
1341	1267.8735256195068
1342	1418.3268547058105
1342	1418.3268547058105
1343	1340.8582210540771
1343	1340.8582210540771
1344	1288.3110046386719
1344	1288.3110046386719
1345	1292.1979427337646
1345	1292.1979427337646
1346	1407.8261852264404
1346	1407.8261852264404
1347	1406.4340591430664
1347	1406.4340591430664
1348	1325.8390426635742
1348	1325.8390426635742
1349	1453.6089897155762
1349	1453.6089897155762
1350	1824.493646621704
1350	1824.493646621704
1351	1266.0503387451172
1351	1266.0503387451172
1352	1323.9696025848389
1352	1323.9696025848389
1353	1336.730718612671
1353	1336.730718612671
1354	1347.369909286499
1354	1347.369909286499
1355	1362.368106842041
1355	1362.368106842041
1356	1362.1599674224854
1356	1362.1599674224854
1357	1598.8168716430664
1357	1598.8168716430664
1358	1514.5914554595947
1358	1514.5914554595947
1359	1360.3801727294922
1359	1360.3801727294922
1360	1857.9790592193604
1360	1857.9790592193604
1361	1374.6583461761475
1361	1374.6583461761475
1362	1432.9590797424316
1362	1432.9590797424316
1363	1427.781581878662
1363	1427.781581878662
1364	1441.1404132843018
1364	1441.1404132843018
1365	1402.8089046478271
1365	1402.8089046478271
1366	1312.025547027588
1366	1312.025547027588
1367	1503.8342475891113
1367	1503.8342475891113
1368	1482.717752456665
1368	1482.717752456665
1369	1881.3564777374268
1369	1881.3564777374268
1370	2097.584009170532
1370	2097.584009170532
1371	1539.4351482391357
1371	1539.4351482391357
1372	1514.1026973724365
1372	1514.1026973724365
1373	1293.4012413024902
1373	1293.4012413024902
1374	1420.5574989318848
1374	1420.5574989318848
1375	1446.8967914581299
1375	1446.8967914581299
1376	1320.235013961792
1376	1320.235013961792
1377	1536.1804962158203
1377	1536.1804962158203
1378	1261.817216873169
1378	1261.817216873169
1379	1669.6956157684326
1379	1669.6956157684326
1380	1959.8486423492432
1380	1959.8486423492432
1381	1406.2578678131104
1381	1406.2578678131104
1382	1242.762804031372
1382	1242.762804031372
1383	1319.3199634552002
1383	1319.3199634552002
1384	1527.2541046142578
1384	1527.2541046142578
1385	1197.3531246185303
1385	1197.3531246185303
1386	1110.1019382476807
1386	1110.1019382476807
1387	1372.2093105316162
1387	1372.2093105316162
1388	1256.1211585998535
1388	1256.1211585998535
1389	1400.132179260254
1389	1400.132179260254
1390	1882.5230598449707
1390	1882.5230598449707
1391	1408.125638961792
1391	1408.125638961792
1392	1242.4063682556152
1392	1242.4063682556152
1393	1231.034278869629
1393	1231.034278869629
1394	1505.7373046875
1394	1505.7373046875
1395	1374.786376953125
1395	1374.786376953125
1396	1392.7404880523682
1396	1392.7404880523682
1397	1115.5762672424316
1397	1115.5762672424316
1398	1048.3214855194092
1398	1048.3214855194092
1399	1228.7535667419434
1399	1228.7535667419434
1400	1628.8230419158936
1400	1628.8230419158936
1401	1175.6608486175537
1401	1175.6608486175537
1402	1168.7185764312744
1402	1168.7185764312744
1403	1210.4718685150146
1403	1210.4718685150146
1404	1172.6524829864502
1404	1172.6524829864502
1405	1055.7475090026855
1405	1055.7475090026855
1406	1052.0868301391602
1406	1052.0868301391602
1407	1123.0316162109375
1407	1123.0316162109375
1408	1269.416093826294
1408	1269.416093826294
1409	1731.8127155303955
1409	1731.8127155303955
1410	1785.1908206939697
1410	1785.1908206939697
1411	1673.4085083007812
1411	1673.4085083007812
1412	1814.3610954284668
1412	1814.3610954284668
1413	2073.9026069641113
1413	2073.9026069641113
1414	2099.3828773498535
1414	2099.3828773498535
1415	2141.8097019195557
1415	2141.8097019195557
1416	2052.1628856658936
1416	2052.1628856658936
1417	2402.6975631713867
1417	2402.6975631713867
1418	2447.3907947540283
1418	2447.3907947540283
1419	2435.1933002471924
1419	2435.1933002471924
1420	2702.951431274414
1420	2702.951431274414
1421	2501.0311603546143
1421	2501.0311603546143
1422	2482.590436935425
1422	2482.590436935425
1423	2486.316442489624
1423	2486.316442489624
1424	2592.1592712402344
1424	2592.1592712402344
1425	2537.3260974884033
1425	2537.3260974884033
1426	2551.6037940979004
1426	2551.6037940979004
1427	2551.004409790039
1427	2551.004409790039
1428	2553.516149520874
1428	2553.516149520874
1429	2519.963264465332
1429	2519.963264465332
1430	2781.7811965942383
1430	2781.7811965942383
1431	2426.7947673797607
1431	2426.7947673797607
1432	2655.977249145508
1432	2655.977249145508
1433	2674.286365509033
1433	2674.286365509033
1434	2103.264808654785
1434	2103.264808654785
1435	2143.1121826171875
1435	2143.1121826171875
1436	2214.4041061401367
1436	2214.4041061401367
1437	2528.8023948669434
1437	2528.8023948669434
1438	2333.2860469818115
1438	2333.2860469818115
1439	2245.931386947632
1439	2245.931386947632
1440	2646.425724029541
1440	2646.425724029541
1441	2210.7019424438477
1441	2210.7019424438477
1442	2251.0671615600586
1442	2251.0671615600586
1443	2280.902624130249
1443	2280.902624130249
1444	2597.1169471740723
1444	2597.1169471740723
1445	2568.9947605133057
1445	2568.9947605133057
1446	2477.513074874878
1446	2477.513074874878
1447	2531.5351486206055
1447	2531.5351486206055
1448	2625.270366668701
1448	2625.270366668701
1449	2204.127550125122
1449	2204.127550125122
1450	2866.5616512298584
1450	2866.5616512298584
1451	2598.188877105713
1451	2598.188877105713
1452	2585.818290710449
1452	2585.818290710449
1453	2517.223596572876
1453	2517.223596572876
1454	2626.7049312591553
1454	2626.7049312591553
1455	2650.0251293182373
1455	2650.0251293182373
1456	2592.0095443725586
1456	2592.0095443725586
1457	2041.0223007202148
1457	2041.0223007202148
1458	1900.587797164917
1458	1900.587797164917
1459	2226.7727851867676
1459	2226.7727851867676
1460	2595.9510803222656
1460	2595.9510803222656
1461	2426.0787963867188
1461	2426.0787963867188
1462	2204.7317028045654
1462	2204.7317028045654
1463	2484.6062660217285
1463	2484.6062660217285
1464	2547.097682952881
1464	2547.097682952881
1465	2583.928108215332
1465	2583.928108215332
1466	2580.8804035186768
1466	2580.8804035186768
1467	2381.481885910034
1467	2381.481885910034
1468	2594.2983627319336
1468	2594.2983627319336
1469	2584.4790935516357
1469	2584.4790935516357
1470	3284.245252609253
1470	3284.245252609253
1471	2560.540199279785
1471	2560.540199279785
1472	2556.5059185028076
1472	2556.5059185028076
1473	2357.907772064209
1473	2357.907772064209
1474	2596.4343547821045
1474	2596.4343547821045
1475	2611.478567123413
1475	2611.478567123413
1476	2371.2942600250244
1476	2371.2942600250244
1477	2633.7552070617676
1477	2633.7552070617676
1478	2711.8477821350098
1478	2711.8477821350098
1479	2157.34601020813
1479	2157.34601020813
1480	2639.976978302002
1480	2639.976978302002
1481	1980.015754699707
1481	1980.015754699707
1482	2355.8406829833984
1482	2355.8406829833984
1483	2319.8904991149902
1483	2319.8904991149902
1484	2466.6266441345215
1484	2466.6266441345215
1485	2334.4831466674805
1485	2334.4831466674805
1486	2501.3890266418457
1486	2501.3890266418457
1487	2541.933536529541
1487	2541.933536529541
1488	2517.9784297943115
1488	2517.9784297943115
1489	2401.0181427001953
1489	2401.0181427001953
1490	3188.8885498046875
1490	3188.8885498046875
1491	2459.897994995117
1491	2459.897994995117
1492	2454.4777870178223
1492	2454.4777870178223
1493	2641.3514614105225
1493	2641.3514614105225
1494	2495.9347248077393
1494	2495.9347248077393
1495	2640.718460083008
1495	2640.718460083008
1496	2421.823501586914
1496	2421.823501586914
1497	2694.3609714508057
1497	2694.3609714508057
1498	2435.476303100586
1498	2435.476303100586
1499	2581.4428329467773
1499	2581.4428329467773
1500	10481.203556060791
1500	10481.203556060791
1501	2335.304021835327
1501	2335.304021835327
1502	2378.3726692199707
1502	2378.3726692199707
1503	2282.656669616699
1503	2282.656669616699
1504	2545.9353923797607
1504	2545.9353923797607
1505	2590.4221534729004
1505	2590.4221534729004
1506	2440.028190612793
1506	2440.028190612793
1507	2549.586534500122
1507	2549.586534500122
1508	2652.484893798828
1508	2652.484893798828
1509	2495.762586593628
1509	2495.762586593628
1510	2749.340772628784
1510	2749.340772628784
1511	2159.9817276000977
1511	2159.9817276000977
1512	1995.1071739196777
1512	1995.1071739196777
1513	2155.4207801818848
1513	2155.4207801818848
1514	2262.773036956787
1514	2262.773036956787
1515	2200.085401535034
1515	2200.085401535034
1516	2338.369369506836
1516	2338.369369506836
1517	2480.5514812469482
1517	2480.5514812469482
1518	2481.2302589416504
1518	2481.2302589416504
1519	2498.770236968994
1519	2498.770236968994
1520	2776.1282920837402
1520	2776.1282920837402
1521	2139.194965362549
1521	2139.194965362549
1522	2396.5234756469727
1522	2396.5234756469727
1523	2467.355728149414
1523	2467.355728149414
1524	2351.468801498413
1524	2351.468801498413
1525	2446.9192028045654
1525	2446.9192028045654
1526	2545.489549636841
1526	2545.489549636841
1527	2565.9635066986084
1527	2565.9635066986084
1528	2584.9030017852783
1528	2584.9030017852783
1529	2532.1033000946045
1529	2532.1033000946045
1530	2811.399459838867
1530	2811.399459838867
1531	2019.9460983276367
1531	2019.9460983276367
1532	2240.4215335845947
1532	2240.4215335845947
1533	2238.7630939483643
1533	2238.7630939483643
1534	2176.8288612365723
1534	2176.8288612365723
1535	2244.3478107452393
1535	2244.3478107452393
1536	2419.1272258758545
1536	2419.1272258758545
1537	2430.812358856201
1537	2430.812358856201
1538	2239.8483753204346
1538	2239.8483753204346
1539	2289.0005111694336
1539	2289.0005111694336
1540	2801.2630939483643
1540	2801.2630939483643
1541	2509.1171264648438
1541	2509.1171264648438
1542	2578.477621078491
1542	2578.477621078491
1543	2590.0068283081055
1543	2590.0068283081055
1544	2537.7910137176514
1544	2537.7910137176514
1545	2594.3806171417236
1545	2594.3806171417236
1546	2560.2922439575195
1546	2560.2922439575195
1547	2681.5345287323
1547	2681.5345287323
1548	2648.5371589660645
1548	2648.5371589660645
1549	2636.9924545288086
1549	2636.9924545288086
1550	3107.076644897461
1550	3107.076644897461
1551	2595.1573848724365
1551	2595.1573848724365
1552	2329.3614387512207
1552	2329.3614387512207
1553	1887.7332210540771
1553	1887.7332210540771
1554	2181.2808513641357
1554	2181.2808513641357
1555	2407.437562942505
1555	2407.437562942505
1556	2310.9524250030518
1556	2310.9524250030518
1557	2173.827886581421
1557	2173.827886581421
1558	2419.7254180908203
1558	2419.7254180908203
1559	2516.652822494507
1559	2516.652822494507
1560	3211.20548248291
1560	3211.20548248291
1561	2573.709487915039
1561	2573.709487915039
1562	2316.685914993286
1562	2316.685914993286
1563	2284.921884536743
1563	2284.921884536743
1564	2602.383852005005
1564	2602.383852005005
1565	2551.9542694091797
1565	2551.9542694091797
1566	2354.038953781128
1566	2354.038953781128
1567	2532.343864440918
1567	2532.343864440918
1568	2581.8357467651367
1568	2581.8357467651367
1569	2605.289936065674
1569	2605.289936065674
1570	2562.4845027923584
1570	2562.4845027923584
1571	2156.3589572906494
1571	2156.3589572906494
1572	2063.516139984131
1572	2063.516139984131
1573	2359.668016433716
1573	2359.668016433716
1574	2499.22513961792
1574	2499.22513961792
1575	2239.084005355835
1575	2239.084005355835
1576	2445.5156326293945
1576	2445.5156326293945
1577	2550.3861904144287
1577	2550.3861904144287
1578	2521.0025310516357
1578	2521.0025310516357
1579	2488.1958961486816
1579	2488.1958961486816
1580	2925.2920150756836
1580	2925.2920150756836
1581	2361.9987964630127
1581	2361.9987964630127
1582	2542.936325073242
1582	2542.936325073242
1583	2776.1261463165283
1583	2776.1261463165283
1584	1854.189157485962
1584	1854.189157485962
1585	1975.4106998443604
1585	1975.4106998443604
1586	2197.481393814087
1586	2197.481393814087
1587	2146.3990211486816
1587	2146.3990211486816
1588	2029.5298099517822
1588	2029.5298099517822
1589	2438.5530948638916
1589	2438.5530948638916
1590	2896.5561389923096
1590	2896.5561389923096
1591	2350.8098125457764
1591	2350.8098125457764
1592	2514.4617557525635
1592	2514.4617557525635
1593	2482.088565826416
1593	2482.088565826416
1594	2364.168167114258
1594	2364.168167114258
1595	2348.384380340576
1595	2348.384380340576
1596	2606.125593185425
1596	2606.125593185425
1597	2405.698299407959
1597	2405.698299407959
1598	2540.9464836120605
1598	2540.9464836120605
1599	2536.8826389312744
1599	2536.8826389312744
1600	2488.3830547332764
1600	2488.3830547332764
1601	2121.0951805114746
1601	2121.0951805114746
1602	2363.8367652893066
1602	2363.8367652893066
1603	2290.2915477752686
1603	2290.2915477752686
1604	2302.048683166504
1604	2302.048683166504
1605	2443.629741668701
1605	2443.629741668701
1606	2592.494010925293
1606	2592.494010925293
1607	2619.196891784668
1607	2619.196891784668
1608	2591.503858566284
1608	2591.503858566284
1609	2624.600410461426
1609	2624.600410461426
1610	2979.525327682495
1610	2979.525327682495
1611	2683.9871406555176
1611	2683.9871406555176
1612	2741.097927093506
1612	2741.097927093506
1613	2587.115526199341
1613	2587.115526199341
1614	2773.671865463257
1614	2773.671865463257
1615	2675.041675567627
1615	2675.041675567627
1616	2716.028928756714
1616	2716.028928756714
1617	2506.613254547119
1617	2506.613254547119
1618	3105.093240737915
1618	3105.093240737915
1619	2031.860113143921
1619	2031.860113143921
1620	2503.464698791504
1620	2503.464698791504
1621	2737.074375152588
1621	2737.074375152588
1622	2054.255723953247
1622	2054.255723953247
1623	2224.7695922851562
1623	2224.7695922851562
1624	2090.0824069976807
1624	2090.0824069976807
1625	2290.5781269073486
1625	2290.5781269073486
1626	2333.1069946289062
1626	2333.1069946289062
1627	2134.462356567383
1627	2134.462356567383
1628	2304.295778274536
1628	2304.295778274536
1629	2302.4191856384277
1629	2302.4191856384277
1630	2522.9554176330566
1630	2522.9554176330566
1631	2276.421070098877
1631	2276.421070098877
1632	2445.310115814209
1632	2445.310115814209
1633	2420.161724090576
1633	2420.161724090576
1634	2546.6442108154297
1634	2546.6442108154297
1635	2570.2805519104004
1635	2570.2805519104004
1636	2551.8853664398193
1636	2551.8853664398193
1637	2569.5366859436035
1637	2569.5366859436035
1638	2196.0015296936035
1638	2196.0015296936035
1639	2442.2245025634766
1639	2442.2245025634766
1640	3002.9704570770264
1640	3002.9704570770264
1641	2628.8020610809326
1641	2628.8020610809326
1642	2621.6976642608643
1642	2621.6976642608643
1643	2452.4002075195312
1643	2452.4002075195312
1644	2317.620038986206
1644	2317.620038986206
1645	2051.3391494750977
1645	2051.3391494750977
1646	2114.041328430176
1646	2114.041328430176
1647	2102.9131412506104
1647	2102.9131412506104
1648	2079.946994781494
1648	2079.946994781494
1649	2226.768970489502
1649	2226.768970489502
1650	2877.854585647583
1650	2877.854585647583
1651	2401.1616706848145
1651	2401.1616706848145
1652	2399.036645889282
1652	2399.036645889282
1653	2410.7375144958496
1653	2410.7375144958496
1654	2272.252082824707
1654	2272.252082824707
1655	2140.218496322632
1655	2140.218496322632
1656	2336.0185623168945
1656	2336.0185623168945
1657	2566.8118000030518
1657	2566.8118000030518
1658	2454.1823863983154
1658	2454.1823863983154
1659	2501.8668174743652
1659	2501.8668174743652
1660	2988.7990951538086
1660	2988.7990951538086
1661	1402.928113937378
1661	1402.928113937378
1662	1171.6845035552979
1662	1171.6845035552979
1663	1200.7310390472412
1663	1200.7310390472412
1664	1383.8458061218262
1664	1383.8458061218262
1665	1335.9711170196533
1665	1335.9711170196533
1666	1197.0148086547852
1666	1197.0148086547852
1667	1394.3085670471191
1667	1394.3085670471191
1668	1240.6573295593262
1668	1240.6573295593262
1669	1250.6446838378906
1669	1250.6446838378906
1670	1814.640998840332
1670	1814.640998840332
1671	1673.9208698272705
1671	1673.9208698272705
1672	1205.979347229004
1672	1205.979347229004
1673	1364.0613555908203
1673	1364.0613555908203
1674	1196.9382762908936
1674	1196.9382762908936
1675	1441.5607452392578
1675	1441.5607452392578
1676	1464.0793800354004
1676	1464.0793800354004
1677	1384.289026260376
1677	1384.289026260376
1678	1359.0404987335205
1678	1359.0404987335205
1679	1143.585205078125
1679	1143.585205078125
1680	2161.5946292877197
1680	2161.5946292877197
1681	1371.950387954712
1681	1371.950387954712
1682	1468.489646911621
1682	1468.489646911621
1683	1313.3492469787598
1683	1313.3492469787598
1684	1370.1980113983154
1684	1370.1980113983154
1685	1307.7054023742676
1685	1307.7054023742676
1686	1317.2156810760498
1686	1317.2156810760498
1687	1298.7854480743408
1687	1298.7854480743408
1688	1272.0355987548828
1688	1272.0355987548828
1689	1378.6754608154297
1689	1378.6754608154297
1690	2028.0976295471191
1690	2028.0976295471191
1691	1315.0293827056885
1691	1315.0293827056885
1692	1221.5759754180908
1692	1221.5759754180908
1693	1453.3140659332275
1693	1453.3140659332275
1694	1192.7995681762695
1694	1192.7995681762695
1695	1335.9644412994385
1695	1335.9644412994385
1696	1364.6438121795654
1696	1364.6438121795654
1697	1322.2646713256836
1697	1322.2646713256836
1698	1313.4889602661133
1698	1313.4889602661133
1699	1373.3415603637695
1699	1373.3415603637695
1700	1856.6508293151855
1700	1856.6508293151855
1701	1227.3855209350586
1701	1227.3855209350586
1702	1320.572853088379
1702	1320.572853088379
1703	1329.6349048614502
1703	1329.6349048614502
1704	1236.5493774414062
1704	1236.5493774414062
1705	1385.5397701263428
1705	1385.5397701263428
1706	1424.1886138916016
1706	1424.1886138916016
1707	1302.3557662963867
1707	1302.3557662963867
1708	1302.596092224121
1708	1302.596092224121
1709	1264.3725872039795
1709	1264.3725872039795
1710	2007.8840255737305
1710	2007.8840255737305
1711	1249.6793270111084
1711	1249.6793270111084
1712	1445.0287818908691
1712	1445.0287818908691
1713	1269.263505935669
1713	1269.263505935669
1714	1221.3480472564697
1714	1221.3480472564697
1715	1287.6331806182861
1715	1287.6331806182861
1716	1270.9777355194092
1716	1270.9777355194092
1717	1288.8033390045166
1717	1288.8033390045166
1718	1372.3835945129395
1718	1372.3835945129395
1719	1328.2127380371094
1719	1328.2127380371094
1720	1782.7184200286865
1720	1782.7184200286865
1721	1299.8361587524414
1721	1299.8361587524414
1722	1334.2969417572021
1722	1334.2969417572021
1723	1316.481113433838
1723	1316.481113433838
1724	1342.0777320861816
1724	1342.0777320861816
1725	1156.8748950958252
1725	1156.8748950958252
1726	1169.2404747009277
1726	1169.2404747009277
1727	1411.339521408081
1727	1411.339521408081
1728	1169.8284149169922
1728	1169.8284149169922
1729	1366.4698600769043
1729	1366.4698600769043
1730	1946.7830657958984
1730	1946.7830657958984
1731	1354.3000221252441
1731	1354.3000221252441
1732	1429.832935333252
1732	1429.832935333252
1733	1435.3878498077393
1733	1435.3878498077393
1734	1235.8582019805908
1734	1235.8582019805908
1735	1229.5575141906738
1735	1229.5575141906738
1736	1273.1189727783203
1736	1273.1189727783203
1737	1311.8295669555664
1737	1311.8295669555664
1738	1503.305196762085
1738	1503.305196762085
1739	1357.1383953094482
1739	1357.1383953094482
1740	1873.7714290618896
1740	1873.7714290618896
1741	1406.8043231964111
1741	1406.8043231964111
1742	1333.5368633270264
1742	1333.5368633270264
1743	1281.7192077636719
1743	1281.7192077636719
1744	1267.4756050109863
1744	1267.4756050109863
1745	1392.2271728515625
1745	1392.2271728515625
1746	1369.1744804382324
1746	1369.1744804382324
1747	1153.1405448913574
1747	1153.1405448913574
1748	1159.4746112823486
1748	1159.4746112823486
1749	1065.5102729797363
1749	1065.5102729797363
1750	1654.21462059021
1750	1654.21462059021
1751	1188.7998580932617
1751	1188.7998580932617
1752	1388.9191150665283
1752	1388.9191150665283
1753	1072.9100704193115
1753	1072.9100704193115
1754	1199.793815612793
1754	1199.793815612793
1755	1192.3675537109375
1755	1192.3675537109375
1756	1202.2409439086914
1756	1202.2409439086914
1757	1200.634479522705
1757	1200.634479522705
1758	1435.7304573059082
1758	1435.7304573059082
1759	1206.0060501098633
1759	1206.0060501098633
1760	1691.9455528259277
1760	1691.9455528259277
1761	1456.2351703643799
1761	1456.2351703643799
1762	1250.546932220459
1762	1250.546932220459
1763	1284.623384475708
1763	1284.623384475708
1764	1056.2374591827393
1764	1056.2374591827393
1765	1337.6827239990234
1765	1337.6827239990234
1766	1313.7822151184082
1766	1313.7822151184082
1767	1239.2187118530273
1767	1239.2187118530273
1768	1311.7458820343018
1768	1311.7458820343018
1769	1453.5088539123535
1769	1453.5088539123535
1770	1780.8818817138672
1770	1780.8818817138672
1771	1495.3665733337402
1771	1495.3665733337402
1772	1218.0778980255127
1772	1218.0778980255127
1773	1301.1879920959473
1773	1301.1879920959473
1774	1330.7468891143799
1774	1330.7468891143799
1775	1322.8909969329834
1775	1322.8909969329834
1776	1241.046667098999
1776	1241.046667098999
1777	1335.7739448547363
1777	1335.7739448547363
1778	1307.7013492584229
1778	1307.7013492584229
1779	1431.3945770263672
1779	1431.3945770263672
1780	1715.0511741638184
1780	1715.0511741638184
1781	1201.5810012817383
1781	1201.5810012817383
1782	1161.5796089172363
1782	1161.5796089172363
1783	1319.2393779754639
1783	1319.2393779754639
1784	1518.4416770935059
1784	1518.4416770935059
1785	1326.305627822876
1785	1326.305627822876
1786	1359.804630279541
1786	1359.804630279541
1787	1438.6405944824219
1787	1438.6405944824219
1788	1140.4235363006592
1788	1140.4235363006592
1789	1414.797067642212
1789	1414.797067642212
1790	1935.9183311462402
1790	1935.9183311462402
1791	1501.1935234069824
1791	1501.1935234069824
1792	1405.2903652191162
1792	1405.2903652191162
1793	1289.1035079956055
1793	1289.1035079956055
1794	1497.270107269287
1794	1497.270107269287
1795	1339.6968841552734
1795	1339.6968841552734
1796	1362.2479438781738
1796	1362.2479438781738
1797	1729.844093322754
1797	1729.844093322754
1798	1434.4048500061035
1798	1434.4048500061035
1799	1443.3107376098633
1799	1443.3107376098633
1800	1865.6644821166992
1800	1865.6644821166992
1801	1383.561611175537
1801	1383.561611175537
1802	1360.4035377502441
1802	1360.4035377502441
1803	1329.0729522705078
1803	1329.0729522705078
1804	1383.281946182251
1804	1383.281946182251
1805	1483.668565750122
1805	1483.668565750122
1806	1482.187032699585
1806	1482.187032699585
1807	1348.5372066497803
1807	1348.5372066497803
1808	1467.207431793213
1808	1467.207431793213
1809	1402.5189876556396
1809	1402.5189876556396
1810	1791.865348815918
1810	1791.865348815918
1811	1312.2813701629639
1811	1312.2813701629639
1812	1271.571397781372
1812	1271.571397781372
1813	1355.0524711608887
1813	1355.0524711608887
1814	1362.7452850341797
1814	1362.7452850341797
1815	1206.8665027618408
1815	1206.8665027618408
1816	1219.001293182373
1816	1219.001293182373
1817	1386.9736194610596
1817	1386.9736194610596
1818	1313.6374950408936
1818	1313.6374950408936
1819	1388.9520168304443
1819	1388.9520168304443
1820	1760.326862335205
1820	1760.326862335205
1821	1412.6355648040771
1821	1412.6355648040771
1822	1303.0140399932861
1822	1303.0140399932861
1823	1348.280668258667
1823	1348.280668258667
1824	1336.8949890136719
1824	1336.8949890136719
1825	1379.6186447143555
1825	1379.6186447143555
1826	1377.9313564300537
1826	1377.9313564300537
1827	1265.5203342437744
1827	1265.5203342437744
1828	1394.2840099334717
1828	1394.2840099334717
1829	1375.5826950073242
1829	1375.5826950073242
1830	1667.37961769104
1830	1667.37961769104
1831	1367.013692855835
1831	1367.013692855835
1832	1251.6818046569824
1832	1251.6818046569824
1833	1641.7105197906494
1833	1641.7105197906494
1834	1338.8357162475586
1834	1338.8357162475586
1835	1428.0176162719727
1835	1428.0176162719727
1836	1296.6055870056152
1836	1296.6055870056152
1837	1220.806360244751
1837	1220.806360244751
1838	1374.5181560516357
1838	1374.5181560516357
1839	1344.1731929779053
1839	1344.1731929779053
1840	1712.7957344055176
1840	1712.7957344055176
1841	1353.358507156372
1841	1353.358507156372
1842	1344.1429138183594
1842	1344.1429138183594
1843	1382.2453022003174
1843	1382.2453022003174
1844	1620.5909252166748
1844	1620.5909252166748
1845	1330.8112621307373
1845	1330.8112621307373
1846	1410.5379581451416
1846	1410.5379581451416
1847	1302.8333187103271
1847	1302.8333187103271
1848	1229.149580001831
1848	1229.149580001831
1849	1398.2796669006348
1849	1398.2796669006348
1850	1926.2430667877197
1850	1926.2430667877197
1851	1335.7861042022705
1851	1335.7861042022705
1852	1414.04390335083
1852	1414.04390335083
1853	1410.851240158081
1853	1410.851240158081
1854	1445.4236030578613
1854	1445.4236030578613
1855	1196.8281269073486
1855	1196.8281269073486
1856	1410.6106758117676
1856	1410.6106758117676
1857	1308.6817264556885
1857	1308.6817264556885
1858	1150.305986404419
1858	1150.305986404419
1859	1354.2046546936035
1859	1354.2046546936035
1860	2669.290065765381
1860	2669.290065765381
1861	2331.2809467315674
1861	2331.2809467315674
1862	2284.9323749542236
1862	2284.9323749542236
1863	2309.828042984009
1863	2309.828042984009
1864	2374.099016189575
1864	2374.099016189575
1865	2233.2582473754883
1865	2233.2582473754883
1866	2467.473030090332
1866	2467.473030090332
1867	2272.6211547851562
1867	2272.6211547851562
1868	2449.723720550537
1868	2449.723720550537
1869	2615.488052368164
1869	2615.488052368164
1870	3404.7958850860596
1870	3404.7958850860596
1871	2663.257122039795
1871	2663.257122039795
1872	2789.1809940338135
1872	2789.1809940338135
1873	2597.259998321533
1873	2597.259998321533
1874	2839.155435562134
1874	2839.155435562134
1875	2541.7659282684326
1875	2541.7659282684326
1876	2808.2127571105957
1876	2808.2127571105957
1877	2893.052577972412
1877	2893.052577972412
1878	2803.212881088257
1878	2803.212881088257
1879	2543.491840362549
1879	2543.491840362549
1880	2970.299482345581
1880	2970.299482345581
1881	3092.0350551605225
1881	3092.0350551605225
1882	1564.645528793335
1882	1564.645528793335
1883	1436.6955757141113
1883	1436.6955757141113
1884	2344.494342803955
1884	2344.494342803955
1885	2234.041452407837
1885	2234.041452407837
1886	2149.7509479522705
1886	2149.7509479522705
1887	2268.458604812622
1887	2268.458604812622
1888	2486.690044403076
1888	2486.690044403076
1889	2544.12579536438
1889	2544.12579536438
1890	2641.9224739074707
1890	2641.9224739074707
1891	2656.1176776885986
1891	2656.1176776885986
1892	2541.1007404327393
1892	2541.1007404327393
1893	2538.3312702178955
1893	2538.3312702178955
1894	2379.8463344573975
1894	2379.8463344573975
1895	2618.24631690979
1895	2618.24631690979
1896	2559.7596168518066
1896	2559.7596168518066
1897	2554.759740829468
1897	2554.759740829468
1898	2593.22190284729
1898	2593.22190284729
1899	2608.9115142822266
1899	2608.9115142822266
1900	3288.02227973938
1900	3288.02227973938
1901	2368.204355239868
1901	2368.204355239868
1902	2662.024974822998
1902	2662.024974822998
1903	2050.086498260498
1903	2050.086498260498
1904	2242.7077293395996
1904	2242.7077293395996
1905	2009.5038414001465
1905	2009.5038414001465
1906	2343.921661376953
1906	2343.921661376953
1907	2382.344961166382
1907	2382.344961166382
1908	2422.9683876037598
1908	2422.9683876037598
1909	2249.0978240966797
1909	2249.0978240966797
1910	2935.645341873169
1910	2935.645341873169
1911	2477.8499603271484
1911	2477.8499603271484
1912	2509.662866592407
1912	2509.662866592407
1913	2550.5807399749756
1913	2550.5807399749756
1914	2589.6732807159424
1914	2589.6732807159424
1915	2509.169578552246
1915	2509.169578552246
1916	2334.3613147735596
1916	2334.3613147735596
1917	2597.202777862549
1917	2597.202777862549
1918	2412.200450897217
1918	2412.200450897217
1919	2275.1262187957764
1919	2275.1262187957764
1920	2671.330451965332
1920	2671.330451965332
1921	2225.865125656128
1921	2225.865125656128
1922	2353.6689281463623
1922	2353.6689281463623
1923	2164.788246154785
1923	2164.788246154785
1924	2228.0333042144775
1924	2228.0333042144775
1925	2346.446752548218
1925	2346.446752548218
1926	2494.807243347168
1926	2494.807243347168
1927	2453.4265995025635
1927	2453.4265995025635
1928	2264.117956161499
1928	2264.117956161499
1929	2546.957492828369
1929	2546.957492828369
1930	3024.707555770874
1930	3024.707555770874
1931	2367.3315048217773
1931	2367.3315048217773
1932	2547.50394821167
1932	2547.50394821167
1933	2433.4840774536133
1933	2433.4840774536133
1934	2469.315528869629
1934	2469.315528869629
1935	2584.1634273529053
1935	2584.1634273529053
1936	2537.553310394287
1936	2537.553310394287
1937	2631.0524940490723
1937	2631.0524940490723
1938	2571.8634128570557
1938	2571.8634128570557
1939	2532.2859287261963
1939	2532.2859287261963
1940	2937.4120235443115
1940	2937.4120235443115
1941	2489.3112182617188
1941	2489.3112182617188
1942	2182.8091144561768
1942	2182.8091144561768
1943	2087.4218940734863
1943	2087.4218940734863
1944	2168.985605239868
1944	2168.985605239868
1945	2530.3258895874023
1945	2530.3258895874023
1946	2451.374053955078
1946	2451.374053955078
1947	2455.986976623535
1947	2455.986976623535
1948	2550.814628601074
1948	2550.814628601074
1949	2561.108112335205
1949	2561.108112335205
1950	3042.7486896514893
1950	3042.7486896514893
1951	2374.1636276245117
1951	2374.1636276245117
1952	2539.952516555786
1952	2539.952516555786
1953	2305.8204650878906
1953	2305.8204650878906
1954	2590.453624725342
1954	2590.453624725342
1955	2325.6444931030273
1955	2325.6444931030273
1956	2358.4184646606445
1956	2358.4184646606445
1957	2636.2438201904297
1957	2636.2438201904297
1958	2604.2163372039795
1958	2604.2163372039795
1959	2569.094657897949
1959	2569.094657897949
1960	3044.210433959961
1960	3044.210433959961
1961	2625.962495803833
1961	2625.962495803833
1962	2490.628242492676
1962	2490.628242492676
1963	2704.3159008026123
1963	2704.3159008026123
1964	2153.3710956573486
1964	2153.3710956573486
1965	2032.961368560791
1965	2032.961368560791
1966	2187.727451324463
1966	2187.727451324463
1967	2367.6912784576416
1967	2367.6912784576416
1968	2356.813907623291
1968	2356.813907623291
1969	2431.92720413208
1969	2431.92720413208
1970	3148.0703353881836
1970	3148.0703353881836
1971	2511.864423751831
1971	2511.864423751831
1972	2479.438304901123
1972	2479.438304901123
1973	2505.4707527160645
1973	2505.4707527160645
1974	2495.774030685425
1974	2495.774030685425
1975	2525.9268283843994
1975	2525.9268283843994
1976	2559.952735900879
1976	2559.952735900879
1977	2578.2480239868164
1977	2578.2480239868164
1978	2815.465211868286
1978	2815.465211868286
1979	2643.252372741699
1979	2643.252372741699
1980	3107.1135997772217
1980	3107.1135997772217
1981	2542.6690578460693
1981	2542.6690578460693
1982	2591.6435718536377
1982	2591.6435718536377
1983	2561.5286827087402
1983	2561.5286827087402
1984	2373.1305599212646
1984	2373.1305599212646
1985	2400.940179824829
1985	2400.940179824829
1986	2235.940933227539
1986	2235.940933227539
1987	2176.0802268981934
1987	2176.0802268981934
1988	2193.777561187744
1988	2193.777561187744
1989	2377.5100708007812
1989	2377.5100708007812
1990	2713.141441345215
1990	2713.141441345215
1991	2101.2327671051025
1991	2101.2327671051025
1992	2294.658899307251
1992	2294.658899307251
1993	2172.7826595306396
1993	2172.7826595306396
1994	2514.0764713287354
1994	2514.0764713287354
1995	2559.15904045105
1995	2559.15904045105
1996	2585.278034210205
1996	2585.278034210205
1997	2554.9957752227783
1997	2554.9957752227783
1998	2368.7522411346436
1998	2368.7522411346436
1999	2553.046703338623
1999	2553.046703338623
2000	16051.901578903198
2000	16051.901578903198
2001	2563.018560409546
2001	2563.018560409546
2002	2354.290723800659
2002	2354.290723800659
2003	2557.8432083129883
2003	2557.8432083129883
2004	2262.578248977661
2004	2262.578248977661
2005	2353.8854122161865
2005	2353.8854122161865
2006	2567.1651363372803
2006	2567.1651363372803
2007	2655.380964279175
2007	2655.380964279175
2008	2544.9063777923584
2008	2544.9063777923584
2009	2474.0235805511475
2009	2474.0235805511475
2010	2544.4693565368652
2010	2544.4693565368652
2011	2079.204320907593
2011	2079.204320907593
2012	1924.464225769043
2012	1924.464225769043
2013	2267.850399017334
2013	2267.850399017334
2014	2388.6797428131104
2014	2388.6797428131104
2015	2470.095157623291
2015	2470.095157623291
2016	2335.4315757751465
2016	2335.4315757751465
2017	2447.0090866088867
2017	2447.0090866088867
2018	2566.9660568237305
2018	2566.9660568237305
2019	2499.4332790374756
2019	2499.4332790374756
2020	3060.8174800872803
2020	3060.8174800872803
2021	2303.173303604126
2021	2303.173303604126
2022	2547.4681854248047
2022	2547.4681854248047
2023	2334.2244625091553
2023	2334.2244625091553
2024	2589.404582977295
2024	2589.404582977295
2025	2516.7322158813477
2025	2516.7322158813477
2026	2535.161018371582
2026	2535.161018371582
2027	2472.31388092041
2027	2472.31388092041
2028	2441.0338401794434
2028	2441.0338401794434
2029	2645.4858779907227
2029	2645.4858779907227
2030	3071.760416030884
2030	3071.760416030884
2031	2621.425151824951
2031	2621.425151824951
2032	1891.063928604126
2032	1891.063928604126
2033	2080.9059143066406
2033	2080.9059143066406
2034	2218.6739444732666
2034	2218.6739444732666
2035	2282.6144695281982
2035	2282.6144695281982
2036	2288.017749786377
2036	2288.017749786377
2037	2270.8396911621094
2037	2270.8396911621094
2038	2403.0213356018066
2038	2403.0213356018066
2039	2320.2452659606934
2039	2320.2452659606934
2040	2854.37273979187
2040	2854.37273979187
2041	2355.431318283081
2041	2355.431318283081
2042	2425.898313522339
2042	2425.898313522339
2043	2531.8684577941895
2043	2531.8684577941895
2044	2363.0261421203613
2044	2363.0261421203613
2045	2608.1154346466064
2045	2608.1154346466064
2046	2437.2854232788086
2046	2437.2854232788086
2047	2687.4492168426514
2047	2687.4492168426514
2048	2384.199380874634
2048	2384.199380874634
2049	2456.2971591949463
2049	2456.2971591949463
2050	3109.8477840423584
2050	3109.8477840423584
2051	2666.212558746338
2051	2666.212558746338
2052	2562.6635551452637
2052	2562.6635551452637
2053	2599.1246700286865
2053	2599.1246700286865
2054	2410.353183746338
2054	2410.353183746338
2055	2099.4503498077393
2055	2099.4503498077393
2056	2129.664897918701
2056	2129.664897918701
2057	2282.5441360473633
2057	2282.5441360473633
2058	2331.6879272460938
2058	2331.6879272460938
2059	2424.3125915527344
2059	2424.3125915527344
2060	2943.4421062469482
2060	2943.4421062469482
2061	2450.674295425415
2061	2450.674295425415
2062	2370.462656021118
2062	2370.462656021118
2063	2387.3066902160645
2063	2387.3066902160645
2064	2525.263786315918
2064	2525.263786315918
2065	2494.218111038208
2065	2494.218111038208
2066	2477.381706237793
2066	2477.381706237793
2067	2652.6224613189697
2067	2652.6224613189697
2068	2559.612989425659
2068	2559.612989425659
2069	2581.5908908843994
2069	2581.5908908843994
2070	2831.235647201538
2070	2831.235647201538
2071	2764.082908630371
2071	2764.082908630371
2072	2506.934881210327
2072	2506.934881210327
2073	2585.1714611053467
2073	2585.1714611053467
2074	2547.0423698425293
2074	2547.0423698425293
2075	2550.002098083496
2075	2550.002098083496
2076	2412.0564460754395
2076	2412.0564460754395
2077	1813.0393028259277
2077	1813.0393028259277
2078	2325.531482696533
2078	2325.531482696533
2079	1756.593942642212
2079	1756.593942642212
2080	2545.994281768799
2080	2545.994281768799
2081	2468.394994735718
2081	2468.394994735718
2082	2470.344305038452
2082	2470.344305038452
2083	2544.434070587158
2083	2544.434070587158
2084	2225.3246307373047
2084	2225.3246307373047
2085	2361.1133098602295
2085	2361.1133098602295
2086	2625.6327629089355
2086	2625.6327629089355
2087	2730.5169105529785
2087	2730.5169105529785
2088	2624.934434890747
2088	2624.934434890747
2089	2510.3962421417236
2089	2510.3962421417236
2090	2983.877182006836
2090	2983.877182006836
2091	2760.669231414795
2091	2760.669231414795
2092	2784.8241329193115
2092	2784.8241329193115
2093	2755.403518676758
2093	2755.403518676758
2094	3083.2700729370117
2094	3083.2700729370117
2095	2783.019542694092
2095	2783.019542694092
2096	2581.885576248169
2096	2581.885576248169
2097	2648.958921432495
2097	2648.958921432495
2098	2572.031021118164
2098	2572.031021118164
2099	2387.2952461242676
2099	2387.2952461242676
2100	2421.253442764282
2100	2421.253442764282
2101	1866.551399230957
2101	1866.551399230957
2102	2178.795099258423
2102	2178.795099258423
2103	2140.4292583465576
2103	2140.4292583465576
2104	2257.6401233673096
2104	2257.6401233673096
2105	2253.9548873901367
2105	2253.9548873901367
2106	2344.0651893615723
2106	2344.0651893615723
2107	2434.994697570801
2107	2434.994697570801
2108	2293.800115585327
2108	2293.800115585327
2109	2463.062047958374
2109	2463.062047958374
2110	3134.627103805542
2110	3134.627103805542
2111	2426.358222961426
2111	2426.358222961426
2112	2479.572057723999
2112	2479.572057723999
2113	2406.831979751587
2113	2406.831979751587
2114	2475.341796875
2114	2475.341796875
2115	2527.4248123168945
2115	2527.4248123168945
2116	1514.6610736846924
2116	1514.6610736846924
2117	1389.9672031402588
2117	1389.9672031402588
2118	1216.7770862579346
2118	1216.7770862579346
2119	1405.3049087524414
2119	1405.3049087524414
2120	1825.681209564209
2120	1825.681209564209
2121	1297.039270401001
2121	1297.039270401001
2122	1183.5999488830566
2122	1183.5999488830566
2123	1301.0354042053223
2123	1301.0354042053223
2124	1287.041425704956
2124	1287.041425704956
2125	1359.0304851531982
2125	1359.0304851531982
2126	1291.1841869354248
2126	1291.1841869354248
2127	1180.3975105285645
2127	1180.3975105285645
2128	1270.9312438964844
2128	1270.9312438964844
2129	1332.8766822814941
2129	1332.8766822814941
2130	1753.964900970459
2130	1753.964900970459
2131	1421.54860496521
2131	1421.54860496521
2132	1351.973056793213
2132	1351.973056793213
2133	1304.694414138794
2133	1304.694414138794
2134	1282.304286956787
2134	1282.304286956787
2135	1290.0054454803467
2135	1290.0054454803467
2136	1240.6196594238281
2136	1240.6196594238281
2137	1393.5015201568604
2137	1393.5015201568604
2138	1248.218297958374
2138	1248.218297958374
2139	1321.1524486541748
2139	1321.1524486541748
2140	1757.1766376495361
2140	1757.1766376495361
2141	1268.6927318572998
2141	1268.6927318572998
2142	1160.097599029541
2142	1160.097599029541
2143	1539.0269756317139
2143	1539.0269756317139
2144	1351.3891696929932
2144	1351.3891696929932
2145	1356.8434715270996
2145	1356.8434715270996
2146	1283.14208984375
2146	1283.14208984375
2147	1264.6713256835938
2147	1264.6713256835938
2148	1343.2092666625977
2148	1343.2092666625977
2149	1377.4831295013428
2149	1377.4831295013428
2150	1652.780532836914
2150	1652.780532836914
2151	1377.4657249450684
2151	1377.4657249450684
2152	1416.095495223999
2152	1416.095495223999
2153	1298.6969947814941
2153	1298.6969947814941
2154	1269.604206085205
2154	1269.604206085205
2155	1394.4551944732666
2155	1394.4551944732666
2156	1356.9552898406982
2156	1356.9552898406982
2157	1367.8481578826904
2157	1367.8481578826904
2158	1233.6175441741943
2158	1233.6175441741943
2159	1332.7882289886475
2159	1332.7882289886475
2160	1675.7125854492188
2160	1675.7125854492188
2161	1954.826831817627
2161	1954.826831817627
2162	1341.2959575653076
2162	1341.2959575653076
2163	1359.142541885376
2163	1359.142541885376
2164	1349.7436046600342
2164	1349.7436046600342
2165	1171.8428134918213
2165	1171.8428134918213
2166	1411.3588333129883
2166	1411.3588333129883
2167	1369.9865341186523
2167	1369.9865341186523
2168	1226.4127731323242
2168	1226.4127731323242
2169	1174.1087436676025
2169	1174.1087436676025
2170	1795.7713603973389
2170	1795.7713603973389
2171	1369.4007396697998
2171	1369.4007396697998
2172	1299.7901439666748
2172	1299.7901439666748
2173	1323.3568668365479
2173	1323.3568668365479
2174	1348.0265140533447
2174	1348.0265140533447
2175	1272.233247756958
2175	1272.233247756958
2176	1287.0311737060547
2176	1287.0311737060547
2177	1304.5265674591064
2177	1304.5265674591064
2178	1315.4196739196777
2178	1315.4196739196777
2179	1381.3960552215576
2179	1381.3960552215576
2180	1818.8014030456543
2180	1818.8014030456543
2181	1330.0502300262451
2181	1330.0502300262451
2182	1362.0727062225342
2182	1362.0727062225342
2183	1384.9656581878662
2183	1384.9656581878662
2184	1394.310712814331
2184	1394.310712814331
2185	1358.224868774414
2185	1358.224868774414
2186	1234.4167232513428
2186	1234.4167232513428
2187	1325.035572052002
2187	1325.035572052002
2188	1329.7500610351562
2188	1329.7500610351562
2189	1433.2234859466553
2189	1433.2234859466553
2190	1805.3274154663086
2190	1805.3274154663086
2191	1390.3064727783203
2191	1390.3064727783203
2192	1526.146411895752
2192	1526.146411895752
2193	1372.9522228240967
2193	1372.9522228240967
2194	1643.545150756836
2194	1643.545150756836
2195	1391.343355178833
2195	1391.343355178833
2196	1303.9486408233643
2196	1303.9486408233643
2197	1335.1454734802246
2197	1335.1454734802246
2198	1312.6606941223145
2198	1312.6606941223145
2199	1172.1129417419434
2199	1172.1129417419434
2200	1733.642578125
2200	1733.642578125
2201	1247.9193210601807
2201	1247.9193210601807
2202	1311.05637550354
2202	1311.05637550354
2203	1650.3379344940186
2203	1650.3379344940186
2204	1155.96604347229
2204	1155.96604347229
2205	1099.9712944030762
2205	1099.9712944030762
2206	1364.4366264343262
2206	1364.4366264343262
2207	1335.1566791534424
2207	1335.1566791534424
2208	1504.106044769287
2208	1504.106044769287
2209	1454.8308849334717
2209	1454.8308849334717
2210	1832.5636386871338
2210	1832.5636386871338
2211	1470.8967208862305
2211	1470.8967208862305
2212	1581.6712379455566
2212	1581.6712379455566
2213	1163.025140762329
2213	1163.025140762329
2214	1285.5074405670166
2214	1285.5074405670166
2215	1138.132095336914
2215	1138.132095336914
2216	1125.046968460083
2216	1125.046968460083
2217	1153.3665657043457
2217	1153.3665657043457
2218	1138.2572650909424
2218	1138.2572650909424
2219	1354.8035621643066
2219	1354.8035621643066
2220	1703.9132118225098
2220	1703.9132118225098
2221	1187.1833801269531
2221	1187.1833801269531
2222	1345.0992107391357
2222	1345.0992107391357
2223	1167.4246788024902
2223	1167.4246788024902
2224	1339.2846584320068
2224	1339.2846584320068
2225	1355.6225299835205
2225	1355.6225299835205
2226	926.9521236419678
2226	926.9521236419678
2227	967.0019149780273
2227	967.0019149780273
2228	921.9756126403809
2228	921.9756126403809
2229	1187.4706745147705
2229	1187.4706745147705
2230	1716.4947986602783
2230	1716.4947986602783
2231	1587.6867771148682
2231	1587.6867771148682
2232	1340.6519889831543
2232	1340.6519889831543
2233	1366.2889003753662
2233	1366.2889003753662
2234	1298.5293865203857
2234	1298.5293865203857
2235	1294.4226264953613
2235	1294.4226264953613
2236	1181.8220615386963
2236	1181.8220615386963
2237	1451.5693187713623
2237	1451.5693187713623
2238	1330.4572105407715
2238	1330.4572105407715
2239	1359.8434925079346
2239	1359.8434925079346
2240	1779.8500061035156
2240	1779.8500061035156
2241	1380.5897235870361
2241	1380.5897235870361
2242	1371.870756149292
2242	1371.870756149292
2243	1277.6904106140137
2243	1277.6904106140137
2244	1350.7559299468994
2244	1350.7559299468994
2245	1324.0299224853516
2245	1324.0299224853516
2246	1196.5911388397217
2246	1196.5911388397217
2247	1305.3441047668457
2247	1305.3441047668457
2248	1175.3978729248047
2248	1175.3978729248047
2249	1365.9520149230957
2249	1365.9520149230957
2250	1714.5509719848633
2250	1714.5509719848633
2251	1343.0376052856445
2251	1343.0376052856445
2252	1357.163906097412
2252	1357.163906097412
2253	1275.2492427825928
2253	1275.2492427825928
2254	1487.816333770752
2254	1487.816333770752
2255	1318.6213970184326
2255	1318.6213970184326
2256	1160.628080368042
2256	1160.628080368042
2257	1355.2875518798828
2257	1355.2875518798828
2258	1245.9216117858887
2258	1245.9216117858887
2259	1420.3975200653076
2259	1420.3975200653076
2260	1923.9051342010498
2260	1923.9051342010498
2261	1355.334997177124
2261	1355.334997177124
2262	1339.5931720733643
2262	1339.5931720733643
2263	1413.4981632232666
2263	1413.4981632232666
2264	1330.8281898498535
2264	1330.8281898498535
2265	1408.695936203003
2265	1408.695936203003
2266	1453.7947177886963
2266	1453.7947177886963
2267	1489.1700744628906
2267	1489.1700744628906
2268	1341.8965339660645
2268	1341.8965339660645
2269	1293.769359588623
2269	1293.769359588623
2270	1878.6404132843018
2270	1878.6404132843018
2271	1515.064001083374
2271	1515.064001083374
2272	1167.8028106689453
2272	1167.8028106689453
2273	1310.6050491333008
2273	1310.6050491333008
2274	1343.644618988037
2274	1343.644618988037
2275	1430.7351112365723
2275	1430.7351112365723
2276	1157.9558849334717
2276	1157.9558849334717
2277	1392.482042312622
2277	1392.482042312622
2278	1394.4785594940186
2278	1394.4785594940186
2279	1382.3156356811523
2279	1382.3156356811523
2280	1879.7972202301025
2280	1879.7972202301025
2281	1160.0627899169922
2281	1160.0627899169922
2282	1293.4658527374268
2282	1293.4658527374268
2283	1346.0595607757568
2283	1346.0595607757568
2284	1366.6844367980957
2284	1366.6844367980957
2285	1280.2648544311523
2285	1280.2648544311523
2286	1213.2599353790283
2286	1213.2599353790283
2287	1394.4952487945557
2287	1394.4952487945557
2288	1408.9422225952148
2288	1408.9422225952148
2289	1407.57417678833
2289	1407.57417678833
2290	1648.2949256896973
2290	1648.2949256896973
2291	1367.823600769043
2291	1367.823600769043
2292	1366.9986724853516
2292	1366.9986724853516
2293	1348.6642837524414
2293	1348.6642837524414
2294	1204.350471496582
2294	1204.350471496582
2295	1401.0295867919922
2295	1401.0295867919922
2296	1372.9162216186523
2296	1372.9162216186523
2297	1403.3470153808594
2297	1403.3470153808594
2298	1245.121717453003
2298	1245.121717453003
2299	1294.7707176208496
2299	1294.7707176208496
2300	1832.5819969177246
2300	1832.5819969177246
2301	1282.8929424285889
2301	1282.8929424285889
2302	1439.8982524871826
2302	1439.8982524871826
2303	1263.0088329315186
2303	1263.0088329315186
2304	1457.3702812194824
2304	1457.3702812194824
2305	1360.945701599121
2305	1360.945701599121
2306	1382.9474449157715
2306	1382.9474449157715
2307	1521.95143699646
2307	1521.95143699646
2308	1350.1737117767334
2308	1350.1737117767334
2309	1228.498935699463
2309	1228.498935699463
2310	1690.6545162200928
2310	1690.6545162200928
2311	1252.1274089813232
2311	1252.1274089813232
2312	1324.3749141693115
2312	1324.3749141693115
2313	1305.0377368927002
2313	1305.0377368927002
2314	1335.2458477020264
2314	1335.2458477020264
2315	1300.351858139038
2315	1300.351858139038
2316	1372.8463649749756
2316	1372.8463649749756
2317	1185.5173110961914
2317	1185.5173110961914
2318	1427.8538227081299
2318	1427.8538227081299
2319	1345.078468322754
2319	1345.078468322754
2320	1729.5465469360352
2320	1729.5465469360352
2321	1357.752799987793
2321	1357.752799987793
2322	1311.1827373504639
2322	1311.1827373504639
2323	1308.070182800293
2323	1308.070182800293
2324	1320.7497596740723
2324	1320.7497596740723
2325	1166.1760807037354
2325	1166.1760807037354
2326	1422.52779006958
2326	1422.52779006958
2327	1319.8459148406982
2327	1319.8459148406982
2328	1343.712568283081
2328	1343.712568283081
2329	1417.7911281585693
2329	1417.7911281585693
2330	1835.062026977539
2330	1835.062026977539
2331	1077.8393745422363
2331	1077.8393745422363
2332	1924.2961406707764
2332	1924.2961406707764
2333	1897.691249847412
2333	1897.691249847412
2334	2044.177532196045
2334	2044.177532196045
2335	2047.6651191711426
2335	2047.6651191711426
2336	2331.3863277435303
2336	2331.3863277435303
2337	2435.802698135376
2337	2435.802698135376
2338	2467.770576477051
2338	2467.770576477051
2339	2355.0338745117188
2339	2355.0338745117188
2340	3162.8313064575195
2340	3162.8313064575195
2341	2578.1803131103516
2341	2578.1803131103516
2342	2417.7541732788086
2342	2417.7541732788086
2343	2474.865198135376
2343	2474.865198135376
2344	2525.5634784698486
2344	2525.5634784698486
2345	2723.6547470092773
2345	2723.6547470092773
2346	2678.7362098693848
2346	2678.7362098693848
2347	2669.659376144409
2347	2669.659376144409
2348	2762.3958587646484
2348	2762.3958587646484
2349	2676.5379905700684
2349	2676.5379905700684
2350	2892.5700187683105
2350	2892.5700187683105
2351	1806.807279586792
2351	1806.807279586792
2352	2496.5500831604004
2352	2496.5500831604004
2353	3003.035068511963
2353	3003.035068511963
2354	2498.7246990203857
2354	2498.7246990203857
2355	2564.2611980438232
2355	2564.2611980438232
2356	2092.3731327056885
2356	2092.3731327056885
2357	2142.3707008361816
2357	2142.3707008361816
2358	2240.4134273529053
2358	2240.4134273529053
2359	2291.083335876465
2359	2291.083335876465
2360	2747.974157333374
2360	2747.974157333374
2361	2430.7212829589844
2361	2430.7212829589844
2362	2400.8262157440186
2362	2400.8262157440186
2363	2248.3670711517334
2363	2248.3670711517334
2364	2518.9859867095947
2364	2518.9859867095947
2365	2491.2216663360596
2365	2491.2216663360596
2366	2575.9804248809814
2366	2575.9804248809814
2367	2543.921947479248
2367	2543.921947479248
2368	2513.7345790863037
2368	2513.7345790863037
2369	2537.170886993408
2369	2537.170886993408
2370	2753.5388469696045
2370	2753.5388469696045
2371	2602.2205352783203
2371	2602.2205352783203
2372	2505.981206893921
2372	2505.981206893921
2373	1966.1033153533936
2373	1966.1033153533936
2374	1917.2966480255127
2374	1917.2966480255127
2375	2087.8419876098633
2375	2087.8419876098633
2376	2155.6761264801025
2376	2155.6761264801025
2377	2097.792863845825
2377	2097.792863845825
2378	2469.2564010620117
2378	2469.2564010620117
2379	2461.77339553833
2379	2461.77339553833
2380	2825.355052947998
2380	2825.355052947998
2381	2473.7653732299805
2381	2473.7653732299805
2382	2476.7448902130127
2382	2476.7448902130127
2383	2523.4248638153076
2383	2523.4248638153076
2384	2525.3474712371826
2384	2525.3474712371826
2385	2529.496431350708
2385	2529.496431350708
2386	2490.032911300659
2386	2490.032911300659
2387	2583.7252140045166
2387	2583.7252140045166
2388	2554.9771785736084
2388	2554.9771785736084
2389	2328.739881515503
2389	2328.739881515503
2390	3056.66184425354
2390	3056.66184425354
2391	2624.650001525879
2391	2624.650001525879
2392	2668.2398319244385
2392	2668.2398319244385
2393	2522.975444793701
2393	2522.975444793701
2394	2244.3957328796387
2394	2244.3957328796387
2395	1954.850196838379
2395	1954.850196838379
2396	1888.5266780853271
2396	1888.5266780853271
2397	2040.8709049224854
2397	2040.8709049224854
2398	2532.572031021118
2398	2532.572031021118
2399	2322.0479488372803
2399	2322.0479488372803
2400	2939.579725265503
2400	2939.579725265503
2401	2472.642421722412
2401	2472.642421722412
2402	2460.49165725708
2402	2460.49165725708
2403	2360.1834774017334
2403	2360.1834774017334
2404	2447.669744491577
2404	2447.669744491577
2405	2597.6293087005615
2405	2597.6293087005615
2406	2456.535577774048
2406	2456.535577774048
2407	2333.0984115600586
2407	2333.0984115600586
2408	2436.377763748169
2408	2436.377763748169
2409	2551.0098934173584
2409	2551.0098934173584
2410	3043.7397956848145
2410	3043.7397956848145
2411	2545.799732208252
2411	2545.799732208252
2412	2346.341848373413
2412	2346.341848373413
2413	2566.9589042663574
2413	2566.9589042663574
2414	2678.035020828247
2414	2678.035020828247
2415	2639.072895050049
2415	2639.072895050049
2416	2628.5946369171143
2416	2628.5946369171143
2417	2407.038927078247
2417	2407.038927078247
2418	2257.6591968536377
2418	2257.6591968536377
2419	2410.046100616455
2419	2410.046100616455
2420	2621.495008468628
2420	2621.495008468628
2421	2419.933319091797
2421	2419.933319091797
2422	2079.87380027771
2422	2079.87380027771
2423	2624.4399547576904
2423	2624.4399547576904
2424	2341.3679599761963
2424	2341.3679599761963
2425	2518.972635269165
2425	2518.972635269165
2426	2494.068384170532
2426	2494.068384170532
2427	2489.002466201782
2427	2489.002466201782
2428	2433.3596229553223
2428	2433.3596229553223
2429	2598.545551300049
2429	2598.545551300049
2430	2880.3460597991943
2430	2880.3460597991943
2431	2575.52170753479
2431	2575.52170753479
2432	2562.0365142822266
2432	2562.0365142822266
2433	2646.9357013702393
2433	2646.9357013702393
2434	2551.8758296966553
2434	2551.8758296966553
2435	2589.9670124053955
2435	2589.9670124053955
2436	2381.666421890259
2436	2381.666421890259
2437	2365.830421447754
2437	2365.830421447754
2438	2664.304733276367
2438	2664.304733276367
2439	2444.8649883270264
2439	2444.8649883270264
2440	2850.2402305603027
2440	2850.2402305603027
2441	2171.1483001708984
2441	2171.1483001708984
2442	2098.4745025634766
2442	2098.4745025634766
2443	2109.1277599334717
2443	2109.1277599334717
2444	2225.3496646881104
2444	2225.3496646881104
2445	2431.807279586792
2445	2431.807279586792
2446	2402.519464492798
2446	2402.519464492798
2447	2469.4228172302246
2447	2469.4228172302246
2448	2477.96630859375
2448	2477.96630859375
2449	2546.6432571411133
2449	2546.6432571411133
2450	2855.1905155181885
2450	2855.1905155181885
2451	2491.4791584014893
2451	2491.4791584014893
2452	2350.625514984131
2452	2350.625514984131
2453	2592.67520904541
2453	2592.67520904541
2454	2350.7397174835205
2454	2350.7397174835205
2455	2527.440309524536
2455	2527.440309524536
2456	2540.851831436157
2456	2540.851831436157
2457	2319.657564163208
2457	2319.657564163208
2458	2694.16880607605
2458	2694.16880607605
2459	2531.798839569092
2459	2531.798839569092
2460	2889.833927154541
2460	2889.833927154541
2461	2578.1941413879395
2461	2578.1941413879395
2462	2475.5890369415283
2462	2475.5890369415283
2463	2165.4505729675293
2463	2165.4505729675293
2464	2134.3231201171875
2464	2134.3231201171875
2465	1969.578742980957
2465	1969.578742980957
2466	2065.037727355957
2466	2065.037727355957
2467	2240.504741668701
2467	2240.504741668701
2468	2330.2125930786133
2468	2330.2125930786133
2469	2397.1660137176514
2469	2397.1660137176514
2470	2900.322914123535
2470	2900.322914123535
2471	2488.6386394500732
2471	2488.6386394500732
2472	2486.3359928131104
2472	2486.3359928131104
2473	2539.083242416382
2473	2539.083242416382
2474	2361.328125
2474	2361.328125
2475	2519.2525386810303
2475	2519.2525386810303
2476	2501.8723011016846
2476	2501.8723011016846
2477	2337.9106521606445
2477	2337.9106521606445
2478	2522.9668617248535
2478	2522.9668617248535
2479	2374.7923374176025
2479	2374.7923374176025
2480	3068.272829055786
2480	3068.272829055786
2481	2568.6707496643066
2481	2568.6707496643066
2482	2455.249309539795
2482	2455.249309539795
2483	2606.771230697632
2483	2606.771230697632
2484	2541.1300659179688
2484	2541.1300659179688
2485	2459.0494632720947
2485	2459.0494632720947
2486	2046.6632843017578
2486	2046.6632843017578
2487	2075.269937515259
2487	2075.269937515259
2488	2348.8197326660156
2488	2348.8197326660156
2489	2286.5359783172607
2489	2286.5359783172607
2490	3016.66522026062
2490	3016.66522026062
2491	2550.854206085205
2491	2550.854206085205
2492	2330.97243309021
2492	2330.97243309021
2493	2459.749221801758
2493	2459.749221801758
2494	2301.111936569214
2494	2301.111936569214
2495	2389.1513347625732
2495	2389.1513347625732
2496	2457.064151763916
2496	2457.064151763916
2497	2536.428928375244
2497	2536.428928375244
2498	2217.9369926452637
2498	2217.9369926452637
2499	2439.6615028381348
2499	2439.6615028381348
2500	9864.461660385132
2500	9864.461660385132
2501	2280.778646469116
2501	2280.778646469116
2502	2481.732130050659
2502	2481.732130050659
2503	2721.3118076324463
2503	2721.3118076324463
2504	2269.956588745117
2504	2269.956588745117
2505	2538.1829738616943
2505	2538.1829738616943
2506	2348.064422607422
2506	2348.064422607422
2507	2651.913642883301
2507	2651.913642883301
2508	2549.3617057800293
2508	2549.3617057800293
2509	2579.2689323425293
2509	2579.2689323425293
2510	3170.2091693878174
2510	3170.2091693878174
2511	1999.3538856506348
2511	1999.3538856506348
2512	2004.0245056152344
2512	2004.0245056152344
2513	1994.3275451660156
2513	1994.3275451660156
2514	2356.3692569732666
2514	2356.3692569732666
2515	2129.782199859619
2515	2129.782199859619
2516	2442.2457218170166
2516	2442.2457218170166
2517	2526.3428688049316
2517	2526.3428688049316
2518	2498.7215995788574
2518	2498.7215995788574
2519	2472.7301597595215
2519	2472.7301597595215
2520	2716.888189315796
2520	2716.888189315796
2521	2537.484884262085
2521	2537.484884262085
2522	2428.0309677124023
2522	2428.0309677124023
2523	2345.830202102661
2523	2345.830202102661
2524	2566.9524669647217
2524	2566.9524669647217
2525	2579.617500305176
2525	2579.617500305176
2526	2359.545946121216
2526	2359.545946121216
2527	2400.6099700927734
2527	2400.6099700927734
2528	2446.925640106201
2528	2446.925640106201
2529	2382.046937942505
2529	2382.046937942505
2530	3069.5509910583496
2530	3069.5509910583496
2531	2542.0360565185547
2531	2542.0360565185547
2532	2599.982976913452
2532	2599.982976913452
2533	2140.697240829468
2533	2140.697240829468
2534	2034.895658493042
2534	2034.895658493042
2535	1983.6671352386475
2535	1983.6671352386475
2536	2363.8575077056885
2536	2363.8575077056885
2537	2387.902021408081
2537	2387.902021408081
2538	2351.4249324798584
2538	2351.4249324798584
2539	2182.4610233306885
2539	2182.4610233306885
2540	2932.7142238616943
2540	2932.7142238616943
2541	2542.426824569702
2541	2542.426824569702
2542	2541.966438293457
2542	2541.966438293457
2543	2615.039348602295
2543	2615.039348602295
2544	2608.3123683929443
2544	2608.3123683929443
2545	2591.275691986084
2545	2591.275691986084
2546	2573.1658935546875
2546	2573.1658935546875
2547	2426.9134998321533
2547	2426.9134998321533
2548	2126.513719558716
2548	2126.513719558716
2549	1855.0069332122803
2549	1855.0069332122803
2550	2471.497058868408
2550	2471.497058868408
2551	2141.5488719940186
2551	2141.5488719940186
2552	2086.2560272216797
2552	2086.2560272216797
2553	2491.931915283203
2553	2491.931915283203
2554	2563.1611347198486
2554	2563.1611347198486
2555	2485.9421253204346
2555	2485.9421253204346
2556	2580.947160720825
2556	2580.947160720825
2557	2422.139883041382
2557	2422.139883041382
2558	2811.048746109009
2558	2811.048746109009
2559	2723.874807357788
2559	2723.874807357788
2560	3006.0293674468994
2560	3006.0293674468994
2561	2709.836959838867
2561	2709.836959838867
2562	2767.827272415161
2562	2767.827272415161
2563	2538.0680561065674
2563	2538.0680561065674
2564	2759.885311126709
2564	2759.885311126709
2565	2301.4047145843506
2565	2301.4047145843506
2566	2682.910203933716
2566	2682.910203933716
2567	1469.1886901855469
2567	1469.1886901855469
2568	1756.091594696045
2568	1756.091594696045
2569	2191.8132305145264
2569	2191.8132305145264
2570	2847.0401763916016
2570	2847.0401763916016
2571	2144.913911819458
2571	2144.913911819458
2572	2494.065523147583
2572	2494.065523147583
2573	2399.9009132385254
2573	2399.9009132385254
2574	2026.8371105194092
2574	2026.8371105194092
2575	2534.2671871185303
2575	2534.2671871185303
2576	2536.611795425415
2576	2536.611795425415
2577	2140.805244445801
2577	2140.805244445801
2578	2360.015869140625
2578	2360.015869140625
2579	2381.707191467285
2579	2381.707191467285
2580	2669.9705123901367
2580	2669.9705123901367
2581	2299.973964691162
2581	2299.973964691162
2582	2466.637134552002
2582	2466.637134552002
2583	2253.5958290100098
2583	2253.5958290100098
2584	2576.6940116882324
2584	2576.6940116882324
2585	1276.1025428771973
2585	1276.1025428771973
2586	1448.5039710998535
2586	1448.5039710998535
2587	1298.940658569336
2587	1298.940658569336
2588	1360.0199222564697
2588	1360.0199222564697
2589	1419.0828800201416
2589	1419.0828800201416
2590	1976.9091606140137
2590	1976.9091606140137
2591	1366.5335178375244
2591	1366.5335178375244
2592	1490.33784866333
2592	1490.33784866333
2593	1472.3279476165771
2593	1472.3279476165771
2594	1446.065902709961
2594	1446.065902709961
2595	1301.5248775482178
2595	1301.5248775482178
2596	1415.353775024414
2596	1415.353775024414
2597	1219.0666198730469
2597	1219.0666198730469
2598	1350.191593170166
2598	1350.191593170166
2599	1325.364112854004
2599	1325.364112854004
2600	1948.7953186035156
2600	1948.7953186035156
2601	1482.6385974884033
2601	1482.6385974884033
2602	1370.2902793884277
2602	1370.2902793884277
2603	1487.1089458465576
2603	1487.1089458465576
2604	1271.2993621826172
2604	1271.2993621826172
2605	1241.3790225982666
2605	1241.3790225982666
2606	1347.106695175171
2606	1347.106695175171
2607	1344.1574573516846
2607	1344.1574573516846
2608	1379.849910736084
2608	1379.849910736084
2609	1353.3401489257812
2609	1353.3401489257812
2610	1798.1715202331543
2610	1798.1715202331543
2611	1177.9241561889648
2611	1177.9241561889648
2612	1330.2271366119385
2612	1330.2271366119385
2613	1368.5169219970703
2613	1368.5169219970703
2614	1340.8889770507812
2614	1340.8889770507812
2615	1305.4380416870117
2615	1305.4380416870117
2616	1432.0788383483887
2616	1432.0788383483887
2617	1276.843786239624
2617	1276.843786239624
2618	1263.6661529541016
2618	1263.6661529541016
2619	1275.8681774139404
2619	1275.8681774139404
2620	1863.1389141082764
2620	1863.1389141082764
2621	1302.1585941314697
2621	1302.1585941314697
2622	1262.3059749603271
2622	1262.3059749603271
2623	1314.3153190612793
2623	1314.3153190612793
2624	1345.4515933990479
2624	1345.4515933990479
2625	1273.5073566436768
2625	1273.5073566436768
2626	1380.3720474243164
2626	1380.3720474243164
2627	1339.085578918457
2627	1339.085578918457
2628	1331.3369750976562
2628	1331.3369750976562
2629	1377.2993087768555
2629	1377.2993087768555
2630	1756.603479385376
2630	1756.603479385376
2631	1380.7530403137207
2631	1380.7530403137207
2632	1393.667221069336
2632	1393.667221069336
2633	1204.2360305786133
2633	1204.2360305786133
2634	1225.7153987884521
2634	1225.7153987884521
2635	1322.7460384368896
2635	1322.7460384368896
2636	1326.1892795562744
2636	1326.1892795562744
2637	1322.4339485168457
2637	1322.4339485168457
2638	1391.634464263916
2638	1391.634464263916
2639	1195.7316398620605
2639	1195.7316398620605
2640	1855.4694652557373
2640	1855.4694652557373
2641	1561.1491203308105
2641	1561.1491203308105
2642	1327.0399570465088
2642	1327.0399570465088
2643	1355.6768894195557
2643	1355.6768894195557
2644	1310.3389739990234
2644	1310.3389739990234
2645	1268.7299251556396
2645	1268.7299251556396
2646	1318.0732727050781
2646	1318.0732727050781
2647	1343.5511589050293
2647	1343.5511589050293
2648	1438.598394393921
2648	1438.598394393921
2649	1227.168083190918
2649	1227.168083190918
2650	1863.633394241333
2650	1863.633394241333
2651	1212.831974029541
2651	1212.831974029541
2652	1357.2092056274414
2652	1357.2092056274414
2653	1278.8593769073486
2653	1278.8593769073486
2654	1389.8890018463135
2654	1389.8890018463135
2655	1577.5432586669922
2655	1577.5432586669922
2656	1367.879867553711
2656	1367.879867553711
2657	1377.7790069580078
2657	1377.7790069580078
2658	1386.5432739257812
2658	1386.5432739257812
2659	1406.998872756958
2659	1406.998872756958
2660	1794.7280406951904
2660	1794.7280406951904
2661	1200.4530429840088
2661	1200.4530429840088
2662	1450.7591724395752
2662	1450.7591724395752
2663	1219.8116779327393
2663	1219.8116779327393
2664	1293.0967807769775
2664	1293.0967807769775
2665	1347.062110900879
2665	1347.062110900879
2666	1271.2218761444092
2666	1271.2218761444092
2667	1600.7344722747803
2667	1600.7344722747803
2668	1170.020341873169
2668	1170.020341873169
2669	1319.7815418243408
2669	1319.7815418243408
2670	1897.4928855895996
2670	1897.4928855895996
2671	1395.8549499511719
2671	1395.8549499511719
2672	1351.1362075805664
2672	1351.1362075805664
2673	1392.8840160369873
2673	1392.8840160369873
2674	1297.6064682006836
2674	1297.6064682006836
2675	1329.984188079834
2675	1329.984188079834
2676	1407.4532985687256
2676	1407.4532985687256
2677	1453.387975692749
2677	1453.387975692749
2678	1403.4578800201416
2678	1403.4578800201416
2679	1303.6525249481201
2679	1303.6525249481201
2680	1787.299394607544
2680	1787.299394607544
2681	1358.0429553985596
2681	1358.0429553985596
2682	1156.3384532928467
2682	1156.3384532928467
2683	1048.8600730895996
2683	1048.8600730895996
2684	1158.463716506958
2684	1158.463716506958
2685	1174.0598678588867
2685	1174.0598678588867
2686	1171.0305213928223
2686	1171.0305213928223
2687	1089.970350265503
2687	1089.970350265503
2688	1186.0597133636475
2688	1186.0597133636475
2689	1187.3323917388916
2689	1187.3323917388916
2690	1640.7575607299805
2690	1640.7575607299805
2691	1145.0920104980469
2691	1145.0920104980469
2692	1390.451431274414
2692	1390.451431274414
2693	1550.1208305358887
2693	1550.1208305358887
2694	1500.544548034668
2694	1500.544548034668
2695	1504.5814514160156
2695	1504.5814514160156
2696	1414.778232574463
2696	1414.778232574463
2697	1493.8814640045166
2697	1493.8814640045166
2698	1234.5852851867676
2698	1234.5852851867676
2699	1185.884714126587
2699	1185.884714126587
2700	1781.8524837493896
2700	1781.8524837493896
2701	1217.7517414093018
2701	1217.7517414093018
2702	1363.5764122009277
2702	1363.5764122009277
2703	1386.267900466919
2703	1386.267900466919
2704	1425.6782531738281
2704	1425.6782531738281
2705	1249.4657039642334
2705	1249.4657039642334
2706	1383.455514907837
2706	1383.455514907837
2707	1170.0398921966553
2707	1170.0398921966553
2708	1355.6311130523682
2708	1355.6311130523682
2709	1197.6277828216553
2709	1197.6277828216553
2710	1719.7136878967285
2710	1719.7136878967285
2711	1355.3283214569092
2711	1355.3283214569092
2712	1289.9081707000732
2712	1289.9081707000732
2713	1411.7155075073242
2713	1411.7155075073242
2714	1407.9687595367432
2714	1407.9687595367432
2715	1341.493844985962
2715	1341.493844985962
2716	1262.2225284576416
2716	1262.2225284576416
2717	1157.4206352233887
2717	1157.4206352233887
2718	1355.3187847137451
2718	1355.3187847137451
2719	1393.8024044036865
2719	1393.8024044036865
2720	1822.7405548095703
2720	1822.7405548095703
2721	1318.845272064209
2721	1318.845272064209
2722	1152.4760723114014
2722	1152.4760723114014
2723	1290.6887531280518
2723	1290.6887531280518
2724	1203.141212463379
2724	1203.141212463379
2725	1416.1531925201416
2725	1416.1531925201416
2726	1423.414945602417
2726	1423.414945602417
2727	1412.252426147461
2727	1412.252426147461
2728	1352.2608280181885
2728	1352.2608280181885
2729	1355.635404586792
2729	1355.635404586792
2730	1776.3426303863525
2730	1776.3426303863525
2731	1357.496976852417
2731	1357.496976852417
2732	1431.5176010131836
2732	1431.5176010131836
2733	1396.4972496032715
2733	1396.4972496032715
2734	1329.8313617706299
2734	1329.8313617706299
2735	1385.6658935546875
2735	1385.6658935546875
2736	1197.8375911712646
2736	1197.8375911712646
2737	1555.4115772247314
2737	1555.4115772247314
2738	1217.6854610443115
2738	1217.6854610443115
2739	1312.0625019073486
2739	1312.0625019073486
2740	1801.6529083251953
2740	1801.6529083251953
2741	1359.4422340393066
2741	1359.4422340393066
2742	1341.235876083374
2742	1341.235876083374
2743	1340.5959606170654
2743	1340.5959606170654
2744	1570.054531097412
2744	1570.054531097412
2745	1599.827766418457
2745	1599.827766418457
2746	1461.9712829589844
2746	1461.9712829589844
2747	1466.7770862579346
2747	1466.7770862579346
2748	1389.3532752990723
2748	1389.3532752990723
2749	1630.509853363037
2749	1630.509853363037
2750	1802.2797107696533
2750	1802.2797107696533
2751	1171.9722747802734
2751	1171.9722747802734
2752	1339.9853706359863
2752	1339.9853706359863
2753	1355.5777072906494
2753	1355.5777072906494
2754	1348.4876155853271
2754	1348.4876155853271
2755	1394.3812847137451
2755	1394.3812847137451
2756	1433.7995052337646
2756	1433.7995052337646
2757	1497.690200805664
2757	1497.690200805664
2758	1417.1743392944336
2758	1417.1743392944336
2759	1488.584041595459
2759	1488.584041595459
2760	2208.2321643829346
2760	2208.2321643829346
2761	1454.0235996246338
2761	1454.0235996246338
2762	1389.000654220581
2762	1389.000654220581
2763	1529.6392440795898
2763	1529.6392440795898
2764	1378.8809776306152
2764	1378.8809776306152
2765	1390.150547027588
2765	1390.150547027588
2766	1253.0622482299805
2766	1253.0622482299805
2767	1420.703649520874
2767	1420.703649520874
2768	1421.3504791259766
2768	1421.3504791259766
2769	1251.0435581207275
2769	1251.0435581207275
2770	1940.737009048462
2770	1940.737009048462
2771	1427.4861812591553
2771	1427.4861812591553
2772	1161.7307662963867
2772	1161.7307662963867
2773	1292.3386096954346
2773	1292.3386096954346
2774	1377.289056777954
2774	1377.289056777954
2775	1404.0987491607666
2775	1404.0987491607666
2776	1256.3302516937256
2776	1256.3302516937256
2777	1583.3840370178223
2777	1583.3840370178223
2778	1634.0172290802002
2778	1634.0172290802002
2779	1784.0321063995361
2779	1784.0321063995361
2780	2017.2944068908691
2780	2017.2944068908691
2781	1572.8168487548828
2781	1572.8168487548828
2782	1423.5799312591553
2782	1423.5799312591553
2783	1419.0196990966797
2783	1419.0196990966797
2784	1480.6060791015625
2784	1480.6060791015625
2785	1536.2958908081055
2785	1536.2958908081055
2786	1556.0007095336914
2786	1556.0007095336914
2787	1925.0898361206055
2787	1925.0898361206055
2788	1929.0571212768555
2788	1929.0571212768555
2789	2046.546220779419
2789	2046.546220779419
2790	2732.786178588867
2790	2732.786178588867
2791	2178.4608364105225
2791	2178.4608364105225
2792	2395.664930343628
2792	2395.664930343628
2793	2510.8728408813477
2793	2510.8728408813477
2794	2441.2457942962646
2794	2441.2457942962646
2795	2481.0194969177246
2795	2481.0194969177246
2796	2536.9269847869873
2796	2536.9269847869873
2797	2530.095100402832
2797	2530.095100402832
2798	2533.2412719726562
2798	2533.2412719726562
2799	2326.575994491577
2799	2326.575994491577
2800	3040.3642654418945
2800	3040.3642654418945
2801	2358.527421951294
2801	2358.527421951294
2802	2502.7310848236084
2802	2502.7310848236084
2803	2621.9985485076904
2803	2621.9985485076904
2804	2735.4602813720703
2804	2735.4602813720703
2805	2414.73388671875
2805	2414.73388671875
2806	2258.450508117676
2806	2258.450508117676
2807	2664.1929149627686
2807	2664.1929149627686
2808	2664.844274520874
2808	2664.844274520874
2809	2058.4845542907715
2809	2058.4845542907715
2810	2805.6437969207764
2810	2805.6437969207764
2811	2351.5658378601074
2811	2351.5658378601074
2812	2427.7682304382324
2812	2427.7682304382324
2813	2297.5308895111084
2813	2297.5308895111084
2814	2333.841323852539
2814	2333.841323852539
2815	2644.052505493164
2815	2644.052505493164
2816	2598.7086296081543
2816	2598.7086296081543
2817	2656.277656555176
2817	2656.277656555176
2818	2729.095697402954
2818	2729.095697402954
2819	2844.442367553711
2819	2844.442367553711
2820	3271.6548442840576
2820	3271.6548442840576
2821	2624.6652603149414
2821	2624.6652603149414
2822	2845.033645629883
2822	2845.033645629883
2823	3030.2276611328125
2823	3030.2276611328125
2824	2130.650520324707
2824	2130.650520324707
2825	1922.9347705841064
2825	1922.9347705841064
2826	2363.469362258911
2826	2363.469362258911
2827	2454.8585414886475
2827	2454.8585414886475
2828	2597.2630977630615
2828	2597.2630977630615
2829	1987.7824783325195
2829	1987.7824783325195
2830	2322.5326538085938
2830	2322.5326538085938
2831	2210.9289169311523
2831	2210.9289169311523
2832	2100.983142852783
2832	2100.983142852783
2833	2398.92578125
2833	2398.92578125
2834	2481.257915496826
2834	2481.257915496826
2835	2182.804822921753
2835	2182.804822921753
2836	2525.8047580718994
2836	2525.8047580718994
2837	2392.2929763793945
2837	2392.2929763793945
2838	2399.7645378112793
2838	2399.7645378112793
2839	2537.0733737945557
2839	2537.0733737945557
2840	2920.902729034424
2840	2920.902729034424
2841	2334.055185317993
2841	2334.055185317993
2842	2545.33052444458
2842	2545.33052444458
2843	2601.134777069092
2843	2601.134777069092
2844	2520.3592777252197
2844	2520.3592777252197
2845	2733.799695968628
2845	2733.799695968628
2846	2973.5307693481445
2846	2973.5307693481445
2847	2680.5672645568848
2847	2680.5672645568848
2848	2595.9537029266357
2848	2595.9537029266357
2849	2559.645175933838
2849	2559.645175933838
2850	3079.1704654693604
2850	3079.1704654693604
2851	2272.021532058716
2851	2272.021532058716
2852	1866.2450313568115
2852	1866.2450313568115
2853	2303.3456802368164
2853	2303.3456802368164
2854	2341.7794704437256
2854	2341.7794704437256
2855	2394.5531845092773
2855	2394.5531845092773
2856	2408.3008766174316
2856	2408.3008766174316
2857	2225.2166271209717
2857	2225.2166271209717
2858	2304.328680038452
2858	2304.328680038452
2859	2413.9368534088135
2859	2413.9368534088135
2860	2930.504322052002
2860	2930.504322052002
2861	2411.1154079437256
2861	2411.1154079437256
2862	2524.3730545043945
2862	2524.3730545043945
2863	2346.47536277771
2863	2346.47536277771
2864	2693.7899589538574
2864	2693.7899589538574
2865	2557.183265686035
2865	2557.183265686035
2866	2468.8260555267334
2866	2468.8260555267334
2867	2376.1303424835205
2867	2376.1303424835205
2868	2428.654193878174
2868	2428.654193878174
2869	2577.392816543579
2869	2577.392816543579
2870	3036.609172821045
2870	3036.609172821045
2871	2507.549047470093
2871	2507.549047470093
2872	2582.1800231933594
2872	2582.1800231933594
2873	2476.1672019958496
2873	2476.1672019958496
2874	2070.6028938293457
2874	2070.6028938293457
2875	2327.6941776275635
2875	2327.6941776275635
2876	2177.1016120910645
2876	2177.1016120910645
2877	2157.9208374023438
2877	2157.9208374023438
2878	2548.5434532165527
2878	2548.5434532165527
2879	2310.333728790283
2879	2310.333728790283
2880	2855.741500854492
2880	2855.741500854492
2881	2257.7569484710693
2881	2257.7569484710693
2882	2531.113386154175
2882	2531.113386154175
2883	2514.052629470825
2883	2514.052629470825
2884	2583.5113525390625
2884	2583.5113525390625
2885	2552.8311729431152
2885	2552.8311729431152
2886	2587.322473526001
2886	2587.322473526001
2887	2459.5367908477783
2887	2459.5367908477783
2888	2585.4899883270264
2888	2585.4899883270264
2889	2370.5289363861084
2889	2370.5289363861084
2890	3209.239721298218
2890	3209.239721298218
2891	2591.380834579468
2891	2591.380834579468
2892	2558.7410926818848
2892	2558.7410926818848
2893	2608.090400695801
2893	2608.090400695801
2894	2677.2918701171875
2894	2677.2918701171875
2895	2480.8573722839355
2895	2480.8573722839355
2896	2595.0961112976074
2896	2595.0961112976074
2897	2044.196367263794
2897	2044.196367263794
2898	1891.6435241699219
2898	1891.6435241699219
2899	2152.674913406372
2899	2152.674913406372
2900	2824.1872787475586
2900	2824.1872787475586
2901	2354.527235031128
2901	2354.527235031128
2902	2166.6033267974854
2902	2166.6033267974854
2903	2449.641227722168
2903	2449.641227722168
2904	2433.708429336548
2904	2433.708429336548
2905	2537.6551151275635
2905	2537.6551151275635
2906	2337.2976779937744
2906	2337.2976779937744
2907	2524.2395401000977
2907	2524.2395401000977
2908	2586.6456031799316
2908	2586.6456031799316
2909	2408.9794158935547
2909	2408.9794158935547
2910	3132.6041221618652
2910	3132.6041221618652
2911	2577.423572540283
2911	2577.423572540283
2912	2641.427755355835
2912	2641.427755355835
2913	2648.336410522461
2913	2648.336410522461
2914	2642.3346996307373
2914	2642.3346996307373
2915	2542.6876544952393
2915	2542.6876544952393
2916	2809.260606765747
2916	2809.260606765747
2917	2590.048313140869
2917	2590.048313140869
2918	2622.0455169677734
2918	2622.0455169677734
2919	2184.8714351654053
2919	2184.8714351654053
2920	2525.247097015381
2920	2525.247097015381
2921	2164.7801399230957
2921	2164.7801399230957
2922	2139.5256519317627
2922	2139.5256519317627
2923	2060.528516769409
2923	2060.528516769409
2924	2199.305295944214
2924	2199.305295944214
2925	2237.2536659240723
2925	2237.2536659240723
2926	2449.4659900665283
2926	2449.4659900665283
2927	2547.3062992095947
2927	2547.3062992095947
2928	2602.506637573242
2928	2602.506637573242
2929	2515.3372287750244
2929	2515.3372287750244
2930	3248.4805583953857
2930	3248.4805583953857
2931	2579.078197479248
2931	2579.078197479248
2932	2432.7778816223145
2932	2432.7778816223145
2933	2518.3541774749756
2933	2518.3541774749756
2934	2485.2170944213867
2934	2485.2170944213867
2935	2530.8704376220703
2935	2530.8704376220703
2936	1981.839895248413
2936	1981.839895248413
2937	1891.4134502410889
2937	1891.4134502410889
2938	2055.575370788574
2938	2055.575370788574
2939	2428.20143699646
2939	2428.20143699646
2940	2794.4495677948
2940	2794.4495677948
2941	2303.7352561950684
2941	2303.7352561950684
2942	2251.560926437378
2942	2251.560926437378
2943	2516.9878005981445
2943	2516.9878005981445
2944	2547.287940979004
2944	2547.287940979004
2945	2348.660469055176
2945	2348.660469055176
2946	2686.6307258605957
2946	2686.6307258605957
2947	2532.8080654144287
2947	2532.8080654144287
2948	2659.2283248901367
2948	2659.2283248901367
2949	2385.260581970215
2949	2385.260581970215
2950	3051.374912261963
2950	3051.374912261963
2951	2443.6752796173096
2951	2443.6752796173096
2952	2553.157329559326
2952	2553.157329559326
2953	2441.6871070861816
2953	2441.6871070861816
2954	2568.833827972412
2954	2568.833827972412
2955	2641.341209411621
2955	2641.341209411621
2956	2701.066493988037
2956	2701.066493988037
2957	2591.831684112549
2957	2591.831684112549
2958	2100.726366043091
2958	2100.726366043091
2959	2126.1963844299316
2959	2126.1963844299316
2960	2813.6770725250244
2960	2813.6770725250244
2961	2073.7757682800293
2961	2073.7757682800293
2962	2240.330457687378
2962	2240.330457687378
2963	2234.9681854248047
2963	2234.9681854248047
2964	2483.7355613708496
2964	2483.7355613708496
2965	2547.398567199707
2965	2547.398567199707
2966	2516.2882804870605
2966	2516.2882804870605
2967	2482.7675819396973
2967	2482.7675819396973
2968	2542.9606437683105
2968	2542.9606437683105
2969	2416.70298576355
2969	2416.70298576355
2970	2575.6759643554688
2970	2575.6759643554688
2971	2345.5162048339844
2971	2345.5162048339844
2972	2233.046770095825
2972	2233.046770095825
2973	2432.9309463500977
2973	2432.9309463500977
2974	2476.82523727417
2974	2476.82523727417
2975	2766.129970550537
2975	2766.129970550537
2976	2331.9437503814697
2976	2331.9437503814697
2977	2552.466869354248
2977	2552.466869354248
2978	2628.159761428833
2978	2628.159761428833
2979	2865.215539932251
2979	2865.215539932251
2980	2321.397304534912
2980	2321.397304534912
2981	2547.7240085601807
2981	2547.7240085601807
2982	2644.77801322937
2982	2644.77801322937
2983	2709.357976913452
2983	2709.357976913452
2984	2263.2131576538086
2984	2263.2131576538086
2985	2122.1988201141357
2985	2122.1988201141357
2986	2228.085994720459
2986	2228.085994720459
2987	2236.0973358154297
2987	2236.0973358154297
2988	2393.587589263916
2988	2393.587589263916
2989	2274.2068767547607
2989	2274.2068767547607
2990	2922.807455062866
2990	2922.807455062866
2991	2348.3633995056152
2991	2348.3633995056152
2992	2573.657512664795
2992	2573.657512664795
2993	2415.5125617980957
2993	2415.5125617980957
2994	2541.438579559326
2994	2541.438579559326
2995	2677.540063858032
2995	2677.540063858032
2996	2420.8290576934814
2996	2420.8290576934814
2997	2353.7776470184326
2997	2353.7776470184326
2998	2378.3974647521973
2998	2378.3974647521973
2999	2365.973472595215
2999	2365.973472595215
3000	16950.720071792603
3000	16950.720071792603
3001	2432.495594024658
3001	2432.495594024658
3002	2408.6172580718994
3002	2408.6172580718994
3003	2441.575050354004
3003	2441.575050354004
3004	2592.905044555664
3004	2592.905044555664
3005	2486.424446105957
3005	2486.424446105957
3006	2759.495735168457
3006	2759.495735168457
3007	2050.8270263671875
3007	2050.8270263671875
3008	2171.231269836426
3008	2171.231269836426
3009	2124.7682571411133
3009	2124.7682571411133
3010	2852.5876998901367
3010	2852.5876998901367
3011	2316.4775371551514
3011	2316.4775371551514
3012	2354.8052310943604
3012	2354.8052310943604
3013	2557.5344562530518
3013	2557.5344562530518
3014	2546.4470386505127
3014	2546.4470386505127
3015	2286.0195636749268
3015	2286.0195636749268
3016	2656.233549118042
3016	2656.233549118042
3017	2464.3290042877197
3017	2464.3290042877197
3018	2659.1172218322754
3018	2659.1172218322754
3019	2634.049654006958
3019	2634.049654006958
3020	3348.773717880249
3020	3348.773717880249
3021	2761.3818645477295
3021	2761.3818645477295
3022	2750.4329681396484
3022	2750.4329681396484
3023	2698.65345954895
3023	2698.65345954895
3024	2385.0173950195312
3024	2385.0173950195312
3025	1161.5338325500488
3025	1161.5338325500488
3026	1273.674726486206
3026	1273.674726486206
3027	1276.0391235351562
3027	1276.0391235351562
3028	1548.3808517456055
3028	1548.3808517456055
3029	1279.9530029296875
3029	1279.9530029296875
3030	1939.5887851715088
3030	1939.5887851715088
3031	1538.508653640747
3031	1538.508653640747
3032	1450.2954483032227
3032	1450.2954483032227
3033	1715.0118350982666
3033	1715.0118350982666
3034	1474.349021911621
3034	1474.349021911621
3035	1443.972110748291
3035	1443.972110748291
3036	1444.6837902069092
3036	1444.6837902069092
3037	1413.1920337677002
3037	1413.1920337677002
3038	1452.3558616638184
3038	1452.3558616638184
3039	1460.7203006744385
3039	1460.7203006744385
3040	1890.6714916229248
3040	1890.6714916229248
3041	1455.7440280914307
3041	1455.7440280914307
3042	1351.2828350067139
3042	1351.2828350067139
3043	1460.4175090789795
3043	1460.4175090789795
3044	1427.2193908691406
3044	1427.2193908691406
3045	1411.4887714385986
3045	1411.4887714385986
3046	1325.8023262023926
3046	1325.8023262023926
3047	1402.5893211364746
3047	1402.5893211364746
3048	1334.2032432556152
3048	1334.2032432556152
3049	1362.0100021362305
3049	1362.0100021362305
3050	1866.3661479949951
3050	1866.3661479949951
3051	1446.629285812378
3051	1446.629285812378
3052	1332.2508335113525
3052	1332.2508335113525
3053	1294.752836227417
3053	1294.752836227417
3054	1373.507022857666
3054	1373.507022857666
3055	1191.0738945007324
3055	1191.0738945007324
3056	1322.056531906128
3056	1322.056531906128
3057	1354.0210723876953
3057	1354.0210723876953
3058	1251.8212795257568
3058	1251.8212795257568
3059	1358.6039543151855
3059	1358.6039543151855
3060	1593.2230949401855
3060	1593.2230949401855
3061	1327.1379470825195
3061	1327.1379470825195
3062	1061.8622303009033
3062	1061.8622303009033
3063	1277.8129577636719
3063	1277.8129577636719
3064	1292.9868698120117
3064	1292.9868698120117
3065	1343.6706066131592
3065	1343.6706066131592
3066	1402.2266864776611
3066	1402.2266864776611
3067	1349.3504524230957
3067	1349.3504524230957
3068	1433.621883392334
3068	1433.621883392334
3069	1240.8514022827148
3069	1240.8514022827148
3070	1670.2766418457031
3070	1670.2766418457031
3071	1183.964490890503
3071	1183.964490890503
3072	1418.8668727874756
3072	1418.8668727874756
3073	1182.3852062225342
3073	1182.3852062225342
3074	1371.798038482666
3074	1371.798038482666
3075	1304.619550704956
3075	1304.619550704956
3076	1400.8846282958984
3076	1400.8846282958984
3077	1385.2250576019287
3077	1385.2250576019287
3078	1298.2194423675537
3078	1298.2194423675537
3079	1352.348804473877
3079	1352.348804473877
3080	1758.077621459961
3080	1758.077621459961
3081	1312.251329421997
3081	1312.251329421997
3082	1320.9285736083984
3082	1320.9285736083984
3083	1344.7389602661133
3083	1344.7389602661133
3084	1380.340814590454
3084	1380.340814590454
3085	1520.2183723449707
3085	1520.2183723449707
3086	1197.4120140075684
3086	1197.4120140075684
3087	1189.19038772583
3087	1189.19038772583
3088	1386.8207931518555
3088	1386.8207931518555
3089	1372.2541332244873
3089	1372.2541332244873
3090	1875.5724430084229
3090	1875.5724430084229
3091	1330.082893371582
3091	1330.082893371582
3092	1317.6288604736328
3092	1317.6288604736328
3093	1417.7296161651611
3093	1417.7296161651611
3094	1252.2714138031006
3094	1252.2714138031006
3095	1275.170087814331
3095	1275.170087814331
3096	1304.8675060272217
3096	1304.8675060272217
3097	1357.6014041900635
3097	1357.6014041900635
3098	1381.0181617736816
3098	1381.0181617736816
3099	1443.5534477233887
3099	1443.5534477233887
3100	2011.3575458526611
3100	2011.3575458526611
3101	1436.690330505371
3101	1436.690330505371
3102	1396.681308746338
3102	1396.681308746338
3103	1321.6359615325928
3103	1321.6359615325928
3104	1287.1370315551758
3104	1287.1370315551758
3105	1227.9372215270996
3105	1227.9372215270996
3106	1218.5122966766357
3106	1218.5122966766357
3107	1375.0762939453125
3107	1375.0762939453125
3108	1393.9433097839355
3108	1393.9433097839355
3109	1397.7365493774414
3109	1397.7365493774414
3110	1724.7471809387207
3110	1724.7471809387207
3111	1318.8629150390625
3111	1318.8629150390625
3112	1354.4979095458984
3112	1354.4979095458984
3113	1371.3715076446533
3113	1371.3715076446533
3114	1339.3080234527588
3114	1339.3080234527588
3115	1332.078456878662
3115	1332.078456878662
3116	1543.304204940796
3116	1543.304204940796
3117	1280.6243896484375
3117	1280.6243896484375
3118	1380.0349235534668
3118	1380.0349235534668
3119	1368.9212799072266
3119	1368.9212799072266
3120	2010.481834411621
3120	2010.481834411621
3121	1427.5743961334229
3121	1427.5743961334229
3122	1223.515272140503
3122	1223.515272140503
3123	1298.403263092041
3123	1298.403263092041
3124	1358.7672710418701
3124	1358.7672710418701
3125	1459.8405361175537
3125	1459.8405361175537
3126	1666.365623474121
3126	1666.365623474121
3127	1436.166524887085
3127	1436.166524887085
3128	1374.2094039916992
3128	1374.2094039916992
3129	1305.3631782531738
3129	1305.3631782531738
3130	1673.9723682403564
3130	1673.9723682403564
3131	1413.987398147583
3131	1413.987398147583
3132	1523.9830017089844
3132	1523.9830017089844
3133	1052.9155731201172
3133	1052.9155731201172
3134	1222.0678329467773
3134	1222.0678329467773
3135	1060.3113174438477
3135	1060.3113174438477
3136	1202.0344734191895
3136	1202.0344734191895
3137	1202.2459506988525
3137	1202.2459506988525
3138	1196.5291500091553
3138	1196.5291500091553
3139	1233.7262630462646
3139	1233.7262630462646
3140	1561.4540576934814
3140	1561.4540576934814
3141	1215.959072113037
3141	1215.959072113037
3142	1085.5023860931396
3142	1085.5023860931396
3143	1398.4649181365967
3143	1398.4649181365967
3144	861.7057800292969
3144	861.7057800292969
3145	863.0521297454834
3145	863.0521297454834
3146	1017.5971984863281
3146	1017.5971984863281
3147	1477.5769710540771
3147	1477.5769710540771
3148	1420.8581447601318
3148	1420.8581447601318
3149	1316.4174556732178
3149	1316.4174556732178
3150	1670.605182647705
3150	1670.605182647705
3151	1432.5542449951172
3151	1432.5542449951172
3152	1366.1251068115234
3152	1366.1251068115234
3153	1328.0069828033447
3153	1328.0069828033447
3154	1346.4620113372803
3154	1346.4620113372803
3155	1244.0085411071777
3155	1244.0085411071777
3156	1368.1981563568115
3156	1368.1981563568115
3157	1284.308910369873
3157	1284.308910369873
3158	1410.7422828674316
3158	1410.7422828674316
3159	1268.3610916137695
3159	1268.3610916137695
3160	1779.1423797607422
3160	1779.1423797607422
3161	1249.9563694000244
3161	1249.9563694000244
3162	1394.6342468261719
3162	1394.6342468261719
3163	1506.6564083099365
3163	1506.6564083099365
3164	1404.2658805847168
3164	1404.2658805847168
3165	1339.1633033752441
3165	1339.1633033752441
3166	1574.9154090881348
3166	1574.9154090881348
3167	1382.2362422943115
3167	1382.2362422943115
3168	1296.8668937683105
3168	1296.8668937683105
3169	1282.531499862671
3169	1282.531499862671
3170	1822.58939743042
3170	1822.58939743042
3171	1334.5844745635986
3171	1334.5844745635986
3172	1349.7791290283203
3172	1349.7791290283203
3173	1474.6968746185303
3173	1474.6968746185303
3174	1432.6999187469482
3174	1432.6999187469482
3175	1188.2247924804688
3175	1188.2247924804688
3176	1430.436372756958
3176	1430.436372756958
3177	1394.977331161499
3177	1394.977331161499
3178	1456.859827041626
3178	1456.859827041626
3179	1354.536533355713
3179	1354.536533355713
3180	1782.3948860168457
3180	1782.3948860168457
3181	1312.7491474151611
3181	1312.7491474151611
3182	1400.5367755889893
3182	1400.5367755889893
3183	1270.9779739379883
3183	1270.9779739379883
3184	1371.3924884796143
3184	1371.3924884796143
3185	1298.1982231140137
3185	1298.1982231140137
3186	1240.4320240020752
3186	1240.4320240020752
3187	1349.503755569458
3187	1349.503755569458
3188	1357.1124076843262
3188	1357.1124076843262
3189	1419.2049503326416
3189	1419.2049503326416
3190	1764.4476890563965
3190	1764.4476890563965
3191	1360.8312606811523
3191	1360.8312606811523
3192	1416.7330265045166
3192	1416.7330265045166
3193	1315.4950141906738
3193	1315.4950141906738
3194	1264.8570537567139
3194	1264.8570537567139
3195	1323.6989974975586
3195	1323.6989974975586
3196	1551.5527725219727
3196	1551.5527725219727
3197	1430.701494216919
3197	1430.701494216919
3198	1319.2214965820312
3198	1319.2214965820312
3199	1345.2410697937012
3199	1345.2410697937012
3200	1849.9701023101807
3200	1849.9701023101807
3201	1276.5934467315674
3201	1276.5934467315674
3202	1216.585397720337
3202	1216.585397720337
3203	1388.7710571289062
3203	1388.7710571289062
3204	1392.0276165008545
3204	1392.0276165008545
3205	1335.1686000823975
3205	1335.1686000823975
3206	1392.4791812896729
3206	1392.4791812896729
3207	1393.7036991119385
3207	1393.7036991119385
3208	1445.6591606140137
3208	1445.6591606140137
3209	1294.9950695037842
3209	1294.9950695037842
3210	1739.661455154419
3210	1739.661455154419
3211	1260.8418464660645
3211	1260.8418464660645
3212	1316.8563842773438
3212	1316.8563842773438
3213	1132.4594020843506
3213	1132.4594020843506
3214	1371.3057041168213
3214	1371.3057041168213
3215	1401.7009735107422
3215	1401.7009735107422
3216	1376.0697841644287
3216	1376.0697841644287
3217	1253.6654472351074
3217	1253.6654472351074
3218	1343.4712886810303
3218	1343.4712886810303
3219	1219.738483428955
3219	1219.738483428955
3220	1793.5600280761719
3220	1793.5600280761719
3221	1329.5707702636719
3221	1329.5707702636719
3222	1230.8876514434814
3222	1230.8876514434814
3223	1237.1513843536377
3223	1237.1513843536377
3224	1326.4548778533936
3224	1326.4548778533936
3225	1242.305040359497
3225	1242.305040359497
3226	1474.0915298461914
3226	1474.0915298461914
3227	1169.3928241729736
3227	1169.3928241729736
3228	1311.4869594573975
3228	1311.4869594573975
3229	2084.7203731536865
3229	2084.7203731536865
3230	2960.2460861206055
3230	2960.2460861206055
3231	1870.6228733062744
3231	1870.6228733062744
3232	2226.2837886810303
3232	2226.2837886810303
3233	2491.138458251953
3233	2491.138458251953
3234	2388.8180255889893
3234	2388.8180255889893
3235	2487.992286682129
3235	2487.992286682129
3236	3059.5755577087402
3236	3059.5755577087402
3237	2540.9467220306396
3237	2540.9467220306396
3238	2593.4534072875977
3238	2593.4534072875977
3239	2951.35760307312
3239	2951.35760307312
3240	3168.3855056762695
3240	3168.3855056762695
3241	2641.0059928894043
3241	2641.0059928894043
3242	2525.6083011627197
3242	2525.6083011627197
3243	2542.785167694092
3243	2542.785167694092
3244	2582.8607082366943
3244	2582.8607082366943
3245	2256.1159133911133
3245	2256.1159133911133
3246	2460.7315063476562
3246	2460.7315063476562
3247	3292.70601272583
3247	3292.70601272583
3248	2533.60652923584
3248	2533.60652923584
3249	2647.298812866211
3249	2647.298812866211
3250	3045.361280441284
3250	3045.361280441284
3251	2141.007423400879
3251	2141.007423400879
3252	2234.9605560302734
3252	2234.9605560302734
3253	2069.3554878234863
3253	2069.3554878234863
3254	2379.9760341644287
3254	2379.9760341644287
3255	2369.077682495117
3255	2369.077682495117
3256	2464.2744064331055
3256	2464.2744064331055
3257	2523.3511924743652
3257	2523.3511924743652
3258	2387.7084255218506
3258	2387.7084255218506
3259	2581.4969539642334
3259	2581.4969539642334
3260	3056.98823928833
3260	3056.98823928833
3261	2578.8114070892334
3261	2578.8114070892334
3262	2494.8666095733643
3262	2494.8666095733643
3263	2236.0339164733887
3263	2236.0339164733887
3264	2233.9937686920166
3264	2233.9937686920166
3265	2200.62518119812
3265	2200.62518119812
3266	1955.0390243530273
3266	1955.0390243530273
3267	2262.256145477295
3267	2262.256145477295
3268	2124.4726181030273
3268	2124.4726181030273
3269	2486.618995666504
3269	2486.618995666504
3270	2901.463031768799
3270	2901.463031768799
3271	2383.101224899292
3271	2383.101224899292
3272	2032.4604511260986
3272	2032.4604511260986
3273	2702.24666595459
3273	2702.24666595459
3274	2479.5992374420166
3274	2479.5992374420166
3275	2699.4831562042236
3275	2699.4831562042236
3276	1753.4294128417969
3276	1753.4294128417969
3277	3168.1106090545654
3277	3168.1106090545654
3278	2760.338068008423
3278	2760.338068008423
3279	2620.0692653656006
3279	2620.0692653656006
3280	3382.3437690734863
3280	3382.3437690734863
3281	2907.6685905456543
3281	2907.6685905456543
3282	2727.6618480682373
3282	2727.6618480682373
3283	3050.1625537872314
3283	3050.1625537872314
3284	3043.579578399658
3284	3043.579578399658
3285	2790.8098697662354
3285	2790.8098697662354
3286	2395.9062099456787
3286	2395.9062099456787
3287	1919.5618629455566
3287	1919.5618629455566
3288	2222.0842838287354
3288	2222.0842838287354
3289	2397.357940673828
3289	2397.357940673828
3290	2868.072032928467
3290	2868.072032928467
3291	2598.820447921753
3291	2598.820447921753
3292	2303.091287612915
3292	2303.091287612915
3293	2502.485513687134
3293	2502.485513687134
3294	2314.5155906677246
3294	2314.5155906677246
3295	2508.193254470825
3295	2508.193254470825
3296	2318.495988845825
3296	2318.495988845825
3297	2499.3929862976074
3297	2499.3929862976074
3298	2527.529716491699
3298	2527.529716491699
3299	2526.89790725708
3299	2526.89790725708
3300	3050.7330894470215
3300	3050.7330894470215
3301	2337.477922439575
3301	2337.477922439575
3302	2382.2364807128906
3302	2382.2364807128906
3303	2621.8514442443848
3303	2621.8514442443848
3304	2873.6398220062256
3304	2873.6398220062256
3305	2345.1125621795654
3305	2345.1125621795654
3306	2524.944067001343
3306	2524.944067001343
3307	2688.324451446533
3307	2688.324451446533
3308	2209.714889526367
3308	2209.714889526367
3309	2316.638231277466
3309	2316.638231277466
3310	3106.313943862915
3310	3106.313943862915
3311	2383.443832397461
3311	2383.443832397461
