1	0.024853864684700966
1	0.024853864684700966
2	0.028308948501944542
3	0.03665910288691521
4	0.04091548174619675
5	0.042656153440475464
6	0.045244425535202026
7	0.0516747310757637
8	0.05942312628030777
9	0.0613928884267807
10	0.06450018286705017
11	0.06530220806598663
12	0.06662892550230026
13	0.07133175432682037
14	0.0715419128537178
15	0.0737510547041893
16	0.07390301674604416
17	0.07509782165288925
18	0.07681702077388763
19	0.07850687205791473
20	0.08050882816314697
21	0.08214158564805984
22	0.08855095505714417
23	0.09019224345684052
24	0.09296916425228119
25	0.09355231374502182
26	0.09393372386693954
27	0.09544487297534943
28	0.09624754637479782
29	0.09640811383724213
30	0.09838129580020905
31	0.09875761717557907
32	0.10179885476827621
33	0.10390207171440125
34	0.10435137152671814
35	0.10440786182880402
36	0.1046384796500206
37	0.10494102537631989
38	0.10608260333538055
39	0.10629070550203323
40	0.10646413266658783
41	0.10659822821617126
42	0.1073935404419899
43	0.10829831659793854
44	0.1084054559469223
45	0.1084819808602333
46	0.10884498804807663
47	0.10905887931585312
48	0.10916265100240707
49	0.1094880923628807
50	0.1098865270614624
51	0.11027522385120392
52	0.11028943210840225
53	0.1112070083618164
54	0.11125055700540543
55	0.11200042068958282
56	0.1122579276561737
57	0.11246295273303986
58	0.11263524740934372
59	0.11317047476768494
60	0.113851398229599
61	0.11386842280626297
62	0.11484776437282562
63	0.11544341593980789
64	0.11610639840364456
65	0.11657640337944031
66	0.11662332713603973
67	0.1168999895453453
68	0.11703323572874069
69	0.11760774254798889
70	0.118047334253788
71	0.11874260753393173
72	0.11899968981742859
73	0.11913330107927322
74	0.11932744830846786
75	0.11937084794044495
76	0.11953583359718323
77	0.12010983377695084
78	0.12021519243717194
79	0.12030887603759766
80	0.12033090740442276
81	0.12049666047096252
82	0.12061817944049835
83	0.12070401757955551
84	0.12093047052621841
85	0.12104871869087219
86	0.12183768302202225
87	0.12198952585458755
88	0.12213320285081863
89	0.12217432260513306
90	0.12225600332021713
91	0.12237841635942459
92	0.12250708043575287
93	0.1226542517542839
94	0.12287677079439163
95	0.12291942536830902
96	0.1230909526348114
97	0.12317313253879547
98	0.12334812432527542
99	0.12345828860998154
100	0.1237017884850502
101	0.1238117516040802
102	0.12403460592031479
103	0.12435512244701385
104	0.12444965541362762
105	0.12491530925035477
106	0.12496467679738998
107	0.12549656629562378
108	0.1255805939435959
109	0.12564526498317719
110	0.1259920299053192
111	0.12610189616680145
112	0.12619388103485107
113	0.12632207572460175
114	0.12642675638198853
115	0.12657718360424042
116	0.12659944593906403
117	0.12669619917869568
118	0.1268737018108368
119	0.1269301474094391
120	0.12695561349391937
121	0.1271635740995407
122	0.12770916521549225
123	0.1277928501367569
124	0.12790577113628387
125	0.12849627435207367
126	0.12869198620319366
127	0.12899872660636902
128	0.12901832163333893
129	0.12921762466430664
130	0.12925949692726135
131	0.12948475778102875
132	0.12951244413852692
133	0.12956641614437103
134	0.12967662513256073
135	0.12981325387954712
136	0.12999041378498077
137	0.13000909984111786
138	0.13012303411960602
139	0.13031111657619476
140	0.1304032802581787
141	0.13063964247703552
142	0.13067741692066193
143	0.1306937038898468
144	0.13075007498264313
145	0.1308632642030716
146	0.13095396757125854
147	0.13124798238277435
148	0.1312841922044754
149	0.13135755062103271
150	0.13139551877975464
151	0.1314842700958252
152	0.1315235048532486
153	0.13167890906333923
154	0.13182289898395538
155	0.1318763792514801
156	0.1319323033094406
157	0.13196149468421936
158	0.13216909766197205
159	0.13224849104881287
160	0.13233301043510437
161	0.1324336975812912
162	0.13254372775554657
163	0.13269972801208496
164	0.13271188735961914
165	0.13273081183433533
166	0.13328173756599426
167	0.1333497315645218
168	0.13343213498592377
169	0.13350266218185425
170	0.1336488127708435
171	0.13370180130004883
172	0.1337418109178543
173	0.13378775119781494
174	0.13392619788646698
175	0.1339610517024994
176	0.1340147703886032
177	0.13403263688087463
178	0.13409346342086792
179	0.13446684181690216
180	0.13474397361278534
181	0.13482917845249176
182	0.13526023924350739
183	0.13531434535980225
184	0.13535307347774506
185	0.13544519245624542
186	0.13566714525222778
187	0.1358536183834076
188	0.1358792781829834
189	0.1359577476978302
190	0.135988250374794
191	0.13603928685188293
192	0.13625839352607727
193	0.136277973651886
194	0.13634806871414185
195	0.13642698526382446
196	0.13680203258991241
197	0.13692112267017365
198	0.13701380789279938
199	0.1374007612466812
200	0.13760437071323395
201	0.13773399591445923
202	0.13777393102645874
203	0.13789981603622437
204	0.1379549503326416
205	0.13803668320178986
206	0.1382429599761963
207	0.1382857710123062
208	0.1383177787065506
209	0.13837078213691711
210	0.1383906453847885
211	0.13868750631809235
212	0.13872097432613373
213	0.13873226940631866
214	0.13873974978923798
215	0.13877713680267334
216	0.1388009637594223
217	0.1388532966375351
218	0.13887906074523926
219	0.13890781998634338
220	0.13898900151252747
221	0.13904722034931183
222	0.13919447362422943
223	0.13987095654010773
224	0.13998150825500488
225	0.14016424119472504
226	0.1401730179786682
227	0.14019125699996948
228	0.14054711163043976
229	0.14057447016239166
230	0.14058370888233185
231	0.14065013825893402
232	0.14076465368270874
233	0.14100591838359833
234	0.14101625978946686
235	0.14104250073432922
236	0.14114204049110413
237	0.1411774903535843
238	0.14121119678020477
239	0.14137022197246552
240	0.14139573276042938
241	0.14149820804595947
242	0.1415315717458725
243	0.14156359434127808
244	0.14161942899227142
245	0.14185038208961487
246	0.1418863832950592
247	0.14195719361305237
248	0.1421065479516983
249	0.14212267100811005
250	0.14216364920139313
251	0.142324760556221
252	0.14244355261325836
253	0.14261865615844727
254	0.14275214076042175
255	0.14286261796951294
256	0.14294548332691193
257	0.14299127459526062
258	0.1430213451385498
259	0.14308109879493713
260	0.14313584566116333
261	0.1433548629283905
262	0.1434120386838913
263	0.14359243214130402
264	0.1437174677848816
265	0.14380984008312225
266	0.14386138319969177
267	0.143912211060524
268	0.14394010603427887
269	0.14401191473007202
270	0.1440187245607376
271	0.14407090842723846
272	0.14414502680301666
273	0.14432735741138458
274	0.1443725824356079
275	0.1444372981786728
276	0.14445187151432037
277	0.14448145031929016
278	0.1445118486881256
279	0.14453406631946564
280	0.1445990800857544
281	0.1447211056947708
282	0.14474022388458252
283	0.14476823806762695
284	0.14490704238414764
285	0.14493365585803986
286	0.14502424001693726
287	0.14513835310935974
288	0.14517813920974731
289	0.14522144198417664
290	0.1453142613172531
291	0.14534255862236023
292	0.1454605758190155
293	0.14562544226646423
294	0.14569512009620667
295	0.14573346078395844
296	0.1457817405462265
297	0.14584870636463165
298	0.14590783417224884
299	0.14597877860069275
300	0.14604754745960236
301	0.14609286189079285
302	0.146205335855484
303	0.14625082910060883
304	0.14634089171886444
305	0.14637444913387299
306	0.14654670655727386
307	0.14665603637695312
308	0.14669665694236755
309	0.14678026735782623
310	0.14682886004447937
311	0.14687375724315643
312	0.14695826172828674
313	0.14697666466236115
314	0.1469952017068863
315	0.14701706171035767
316	0.14704209566116333
317	0.1470845639705658
318	0.14741644263267517
319	0.147520512342453
320	0.147542342543602
321	0.14768636226654053
322	0.14771854877471924
323	0.14772890508174896
324	0.14783383905887604
325	0.1478516161441803
326	0.1478544920682907
327	0.14789177477359772
328	0.14791810512542725
329	0.1480022668838501
330	0.14900560677051544
331	0.1490372121334076
332	0.14905127882957458
333	0.14916597306728363
334	0.14925456047058105
335	0.14935122430324554
336	0.14960871636867523
337	0.14968957006931305
338	0.1503041684627533
339	0.15042071044445038
340	0.15044541656970978
341	0.15046145021915436
342	0.1505112498998642
343	0.15055575966835022
344	0.15058313310146332
345	0.15061669051647186
346	0.15067052841186523
347	0.15070343017578125
348	0.15081176161766052
349	0.15091924369335175
350	0.15092448890209198
351	0.15147049725055695
352	0.1515708863735199
353	0.1516265869140625
354	0.15167030692100525
355	0.1516992747783661
356	0.1517910361289978
357	0.15192872285842896
358	0.15196667611598969
359	0.1519879251718521
360	0.1520824432373047
361	0.15212216973304749
362	0.15229257941246033
363	0.15230929851531982
364	0.15235254168510437
365	0.15239466726779938
366	0.1526174694299698
367	0.1527554839849472
368	0.1528071016073227
369	0.15285535156726837
370	0.15286864340305328
371	0.1529834121465683
372	0.15306727588176727
373	0.1531199812889099
374	0.15322965383529663
375	0.15332676470279694
376	0.1533924788236618
377	0.15347439050674438
378	0.15350021421909332
379	0.15358670055866241
380	0.1538056582212448
381	0.15382321178913116
382	0.1539061814546585
383	0.1539156585931778
384	0.15394937992095947
385	0.15398186445236206
386	0.15399178862571716
387	0.15414631366729736
388	0.15418888628482819
389	0.15422862768173218
390	0.1543029397726059
391	0.15432001650333405
392	0.15438321232795715
393	0.15439575910568237
394	0.1544559895992279
395	0.1544906049966812
396	0.15456251800060272
397	0.15467381477355957
398	0.15474103391170502
399	0.15475939214229584
400	0.15479792654514313
401	0.15492011606693268
402	0.15494802594184875
403	0.15495862066745758
404	0.1550363302230835
405	0.15507850050926208
406	0.15509924292564392
407	0.15519024431705475
408	0.1552719920873642
409	0.1553490161895752
410	0.15541473031044006
411	0.15547437965869904
412	0.15547801554203033
413	0.15552940964698792
414	0.15557731688022614
415	0.1556703746318817
416	0.1557028442621231
417	0.15575644373893738
418	0.15581807494163513
419	0.15600138902664185
420	0.15603423118591309
421	0.15609458088874817
422	0.15610717236995697
423	0.1561899185180664
424	0.15621468424797058
425	0.15637652575969696
426	0.15649640560150146
427	0.15663854777812958
428	0.15677501261234283
429	0.1568203866481781
430	0.1568414270877838
431	0.1568811982870102
432	0.15689298510551453
433	0.15701298415660858
434	0.15704044699668884
435	0.15722328424453735
436	0.15742094814777374
437	0.1574838012456894
438	0.15751241147518158
439	0.1575469970703125
440	0.1576707810163498
441	0.15795215964317322
442	0.1579887866973877
443	0.1580217033624649
444	0.1581236571073532
445	0.1582232266664505
446	0.1582535356283188
447	0.15830083191394806
448	0.15831241011619568
449	0.1583220213651657
450	0.15835654735565186
451	0.15837861597537994
452	0.15841780602931976
453	0.15844875574111938
454	0.15852905809879303
455	0.15868808329105377
456	0.1587265580892563
457	0.15894661843776703
458	0.15894992649555206
459	0.15896111726760864
460	0.15899863839149475
461	0.15902665257453918
462	0.1590462327003479
463	0.15907923877239227
464	0.15912853181362152
465	0.15915033221244812
466	0.1591625064611435
467	0.1594710648059845
468	0.15959489345550537
469	0.1596049964427948
470	0.15962058305740356
471	0.15965326130390167
472	0.15967422723770142
473	0.1599138081073761
474	0.15992693603038788
475	0.15995419025421143
476	0.16002096235752106
477	0.16006585955619812
478	0.1601407378911972
479	0.16016274690628052
480	0.16018877923488617
481	0.1601976752281189
482	0.16022777557373047
483	0.1603093296289444
484	0.16035132110118866
485	0.16045935451984406
486	0.16068026423454285
487	0.1607344001531601
488	0.16075287759304047
489	0.16078874468803406
490	0.16081589460372925
491	0.1610439568758011
492	0.1610642373561859
493	0.16112120449543
494	0.16119424998760223
495	0.16121307015419006
496	0.16124825179576874
497	0.16134090721607208
498	0.16135849058628082
499	0.1613769382238388
500	0.16147489845752716
501	0.16150838136672974
502	0.16154664754867554
503	0.16155943274497986
504	0.16162577271461487
505	0.16165035963058472
506	0.16168904304504395
507	0.16172116994857788
508	0.1617247313261032
509	0.16179873049259186
510	0.16184157133102417
511	0.16188473999500275
512	0.16212907433509827
513	0.16223803162574768
514	0.16228081285953522
515	0.16229307651519775
516	0.16233223676681519
517	0.1623409539461136
518	0.16235670447349548
519	0.16240611672401428
520	0.16242073476314545
521	0.16250237822532654
522	0.1625954657793045
523	0.1626434624195099
524	0.1626516729593277
525	0.1626647710800171
526	0.1626737266778946
527	0.16270408034324646
528	0.1627105474472046
529	0.16272343695163727
530	0.16277261078357697
531	0.1628161370754242
532	0.16291815042495728
533	0.16292960941791534
534	0.16299913823604584
535	0.1630295217037201
536	0.16306209564208984
537	0.16311240196228027
538	0.16321928799152374
539	0.16323493421077728
540	0.1633051186800003
541	0.16345173120498657
542	0.16346974670886993
543	0.1634795069694519
544	0.1634952276945114
545	0.16351546347141266
546	0.16360953450202942
547	0.16367746889591217
548	0.16372308135032654
549	0.16381961107254028
550	0.16385319828987122
551	0.16388384997844696
552	0.16389304399490356
553	0.1639024019241333
554	0.16398435831069946
555	0.1639949530363083
556	0.164007306098938
557	0.1640329509973526
558	0.16405734419822693
559	0.16408531367778778
560	0.16411934792995453
561	0.164139062166214
562	0.16425222158432007
563	0.16428840160369873
564	0.16431640088558197
565	0.16438868641853333
566	0.16446983814239502
567	0.16550478339195251
568	0.16551631689071655
569	0.16551651060581207
570	0.1655602753162384
571	0.16564442217350006
572	0.1656731367111206
573	0.1658380925655365
574	0.16587308049201965
575	0.1658865213394165
576	0.1659473031759262
577	0.16619828343391418
578	0.16620764136314392
579	0.1662411093711853
580	0.1662915199995041
581	0.16630786657333374
582	0.16639725863933563
583	0.1664561778306961
584	0.16651582717895508
585	0.16655491292476654
586	0.16661158204078674
587	0.1666235476732254
588	0.1666310727596283
589	0.1666645109653473
590	0.16669133305549622
591	0.16677354276180267
592	0.16678813099861145
593	0.16679219901561737
594	0.16682343184947968
595	0.16687946021556854
596	0.16689907014369965
597	0.16694672405719757
598	0.16702084243297577
599	0.16704528033733368
600	0.1670563519001007
601	0.16709856688976288
602	0.16716457903385162
603	0.1671769767999649
604	0.16723519563674927
605	0.16724352538585663
606	0.1673412322998047
607	0.16735821962356567
608	0.1673847883939743
609	0.1674644947052002
610	0.1675298660993576
611	0.16781224310398102
612	0.16784770786762238
613	0.16786634922027588
614	0.16796740889549255
615	0.16806243360042572
616	0.16809995472431183
617	0.16814054548740387
618	0.16822706162929535
619	0.16823656857013702
620	0.1682465672492981
621	0.16827057301998138
622	0.16845731437206268
623	0.16846653819084167
624	0.16848818957805634
625	0.16853021085262299
626	0.16861207783222198
627	0.1686290055513382
628	0.16868716478347778
629	0.16869504749774933
630	0.16876617074012756
631	0.16878065466880798
632	0.16891680657863617
633	0.1689474731683731
634	0.168979212641716
635	0.16901394724845886
636	0.16902871429920197
637	0.16905169188976288
638	0.16906578838825226
639	0.1690797209739685
640	0.16909179091453552
641	0.16910625994205475
642	0.16918668150901794
643	0.1692194640636444
644	0.16926568746566772
645	0.16927725076675415
646	0.16930395364761353
647	0.16935031116008759
648	0.169408917427063
649	0.16941219568252563
650	0.16948750615119934
651	0.16949708759784698
652	0.16950350999832153
653	0.16953666508197784
654	0.16956742107868195
655	0.16957944631576538
656	0.16959832608699799
657	0.1696564257144928
658	0.1696946769952774
659	0.169906884431839
660	0.17034421861171722
661	0.1703508347272873
662	0.17035984992980957
663	0.17039982974529266
664	0.17041896283626556
665	0.170424222946167
666	0.17045079171657562
667	0.17046643793582916
668	0.1704743206501007
669	0.17073756456375122
670	0.1707887202501297
671	0.1708405315876007
672	0.1708916574716568
673	0.17090503871440887
674	0.17098115384578705
675	0.17100383341312408
676	0.1710079163312912
677	0.17101994156837463
678	0.1710536777973175
679	0.17106792330741882
680	0.17108815908432007
681	0.17111897468566895
682	0.171148881316185
683	0.171156644821167
684	0.17116472125053406
685	0.1712132692337036
686	0.17125515639781952
687	0.17128610610961914
688	0.17133894562721252
689	0.17136481404304504
690	0.1714690774679184
691	0.17148448526859283
692	0.17181888222694397
693	0.17206847667694092
694	0.17208318412303925
695	0.17219306528568268
696	0.1724265068769455
697	0.17254897952079773
698	0.17266471683979034
699	0.17272745072841644
700	0.1728041172027588
701	0.17280827462673187
702	0.1728358417749405
703	0.17284083366394043
704	0.17287121713161469
705	0.17288151383399963
706	0.17288966476917267
707	0.1729024350643158
708	0.17304657399654388
709	0.17305073142051697
710	0.17306798696517944
711	0.17311421036720276
712	0.17313824594020844
713	0.17326408624649048
714	0.17327938973903656
715	0.17328588664531708
716	0.17334404587745667
717	0.17336085438728333
718	0.173396497964859
719	0.17339980602264404
720	0.1734132617712021
721	0.1734382063150406
722	0.1734643429517746
723	0.17347724735736847
724	0.1735086739063263
725	0.17351466417312622
726	0.17353522777557373
727	0.17356888949871063
728	0.17359253764152527
729	0.17361697554588318
730	0.17363035678863525
731	0.17363609373569489
732	0.17369332909584045
733	0.17369739711284637
734	0.17371563613414764
735	0.17375056445598602
736	0.1737949252128601
737	0.17383745312690735
738	0.17389297485351562
739	0.1739184856414795
740	0.17396454513072968
741	0.17397662997245789
742	0.17398975789546967
743	0.1740880012512207
744	0.17412318289279938
745	0.1741461604833603
746	0.17415659129619598
747	0.1741674393415451
748	0.17418955266475677
749	0.1742248833179474
750	0.17423154413700104
751	0.17425376176834106
752	0.1742679923772812
753	0.1743435114622116
754	0.17434878647327423
755	0.17435450851917267
756	0.17445936799049377
757	0.17448171973228455
758	0.17448441684246063
759	0.1746821105480194
760	0.17468629777431488
761	0.17469823360443115
762	0.17475900053977966
763	0.17479997873306274
764	0.17480239272117615
765	0.17481189966201782
766	0.17481552064418793
767	0.17483529448509216
768	0.1748739629983902
769	0.1748828887939453
770	0.17488935589790344
771	0.1749042272567749
772	0.17493179440498352
773	0.17494229972362518
774	0.17497612535953522
775	0.17498432099819183
776	0.17504562437534332
777	0.17510674893856049
778	0.17511983215808868
779	0.1751362532377243
780	0.17515255510807037
781	0.17516367137432098
782	0.17517314851284027
783	0.17518223822116852
784	0.17521534860134125
785	0.17573244869709015
786	0.1757332980632782
787	0.17580842971801758
788	0.175840362906456
789	0.17588134109973907
790	0.17590850591659546
791	0.17600291967391968
792	0.17608638107776642
793	0.1761017143726349
794	0.17621180415153503
795	0.17622363567352295
796	0.17626190185546875
797	0.17641733586788177
798	0.1764608770608902
799	0.17646797001361847
800	0.17646938562393188
801	0.17648467421531677
802	0.17649944126605988
803	0.17667555809020996
804	0.17674803733825684
805	0.17676731944084167
806	0.17681647837162018
807	0.17684173583984375
808	0.17692743241786957
809	0.17693400382995605
810	0.176937997341156
811	0.17699047923088074
812	0.17701341211795807
813	0.17702381312847137
814	0.17704792320728302
815	0.17705608904361725
816	0.1771039068698883
817	0.1771453320980072
818	0.17720414698123932
819	0.17721934616565704
820	0.1772371083498001
821	0.1772567331790924
822	0.17737726867198944
823	0.17739428579807281
824	0.17740587890148163
825	0.17742399871349335
826	0.17746832966804504
827	0.17749522626399994
828	0.17788439989089966
829	0.1779102385044098
830	0.17792721092700958
831	0.17793987691402435
832	0.17796486616134644
833	0.17801350355148315
834	0.17805948853492737
835	0.17809851467609406
836	0.1781383603811264
837	0.17820137739181519
838	0.17825762927532196
839	0.17826811969280243
840	0.17828339338302612
841	0.17830349504947662
842	0.17832355201244354
843	0.17833742499351501
844	0.1783609837293625
845	0.17858964204788208
846	0.17859850823879242
847	0.17864146828651428
848	0.17865748703479767
849	0.17869116365909576
850	0.17869612574577332
851	0.1787070482969284
852	0.17873530089855194
853	0.17885009944438934
854	0.17890387773513794
855	0.17899176478385925
856	0.179009348154068
857	0.1791796237230301
858	0.17924383282661438
859	0.17925068736076355
860	0.17926445603370667
861	0.17929984629154205
862	0.1793864518404007
863	0.17941774427890778
864	0.17948947846889496
865	0.17950907349586487
866	0.1795501410961151
867	0.1795840561389923
868	0.17972105741500854
869	0.17989349365234375
870	0.1799037754535675
871	0.179913729429245
872	0.1799413114786148
873	0.18016456067562103
874	0.180189311504364
875	0.18020950257778168
876	0.18023781478405
877	0.18025627732276917
878	0.18050700426101685
879	0.1805177479982376
880	0.18051952123641968
881	0.18052899837493896
882	0.18057537078857422
883	0.18058592081069946
884	0.18062376976013184
885	0.1806391030550003
886	0.1807473748922348
887	0.18079614639282227
888	0.18080872297286987
889	0.18081924319267273
890	0.18082959949970245
891	0.18093538284301758
892	0.18096588551998138
893	0.18098287284374237
894	0.1810017228126526
895	0.1810626983642578
896	0.18107976019382477
897	0.18108677864074707
898	0.1811019331216812
899	0.18114440143108368
900	0.18117551505565643
901	0.1811799854040146
902	0.18128608167171478
903	0.18130487203598022
904	0.1813422441482544
905	0.18138568103313446
906	0.18140384554862976
907	0.18144315481185913
908	0.18167512118816376
909	0.18171216547489166
910	0.1817399561405182
911	0.18178324401378632
912	0.18181605637073517
913	0.18183138966560364
914	0.18188723921775818
915	0.18193474411964417
916	0.18196868896484375
917	0.18197515606880188
918	0.1819891780614853
919	0.18200883269309998
920	0.18205998837947845
921	0.1820935308933258
922	0.18212845921516418
923	0.18215595185756683
924	0.18216517567634583
925	0.18218451738357544
926	0.18223153054714203
927	0.1822691708803177
928	0.182310089468956
929	0.18237242102622986
930	0.18238243460655212
931	0.18241257965564728
932	0.18241830170154572
933	0.18244287371635437
934	0.18251129984855652
935	0.18251505494117737
936	0.18252824246883392
937	0.18254517018795013
938	0.18258023262023926
939	0.18264146149158478
940	0.18279433250427246
941	0.18288268148899078
942	0.18295139074325562
943	0.18299342691898346
944	0.18309631943702698
945	0.18326209485530853
946	0.18330733478069305
947	0.18337339162826538
948	0.18337880074977875
949	0.18338656425476074
950	0.183401420712471
951	0.1834084689617157
952	0.18349981307983398
953	0.18376000225543976
954	0.18380355834960938
955	0.18381881713867188
956	0.18390288949012756
957	0.18391406536102295
958	0.18393288552761078
959	0.18393675982952118
960	0.18397650122642517
961	0.18401578068733215
962	0.18402428925037384
963	0.18406780064105988
964	0.18407383561134338
965	0.18412140011787415
966	0.18412473797798157
967	0.18431615829467773
968	0.18433058261871338
969	0.18434260785579681
970	0.18435730040073395
971	0.18437959253787994
972	0.1844097375869751
973	0.1844538301229477
974	0.1844654679298401
975	0.18447186052799225
976	0.18451155722141266
977	0.18456697463989258
978	0.18469156324863434
979	0.18475665152072906
980	0.1848023682832718
981	0.18484079837799072
982	0.18484725058078766
983	0.18491244316101074
984	0.18492624163627625
985	0.18502523005008698
986	0.18505693972110748
987	0.1850789487361908
988	0.1850844919681549
989	0.18511906266212463
990	0.185150608420372
991	0.18516869843006134
992	0.18517740070819855
993	0.18520918488502502
994	0.1852823793888092
995	0.18528889119625092
996	0.18532918393611908
997	0.18549469113349915
998	0.18562035262584686
999	0.1856660693883896
1000	0.1856832057237625
1001	0.18572169542312622
1002	0.18573644757270813
1003	0.18576516211032867
1004	0.1858072131872177
1005	0.18582415580749512
1006	0.18586911261081696
1007	0.18587106466293335
1008	0.1859530508518219
1009	0.1859818994998932
1010	0.18617255985736847
1011	0.18617594242095947
1012	0.18618062138557434
1013	0.18619504570960999
1014	0.1862277090549469
1015	0.18625353276729584
1016	0.18626496195793152
1017	0.18627230823040009
1018	0.1862819492816925
1019	0.18631073832511902
1020	0.18631581962108612
1021	0.1863396167755127
1022	0.18638846278190613
1023	0.18644985556602478
1024	0.18645189702510834
1025	0.18647947907447815
1026	0.18649324774742126
1027	0.18649449944496155
1028	0.18654803931713104
1029	0.18658362329006195
1030	0.18659237027168274
1031	0.18660315871238708
1032	0.18660904467105865
1033	0.18662135303020477
1034	0.18664465844631195
1035	0.18670307099819183
1036	0.1867372691631317
1037	0.18676064908504486
1038	0.18676595389842987
1039	0.1868305802345276
1040	0.1869259923696518
1041	0.18694332242012024
1042	0.18696008622646332
1043	0.18697282671928406
1044	0.18698598444461823
1045	0.18699964880943298
1046	0.1870143860578537
1047	0.18704216182231903
1048	0.18708138167858124
1049	0.18709124624729156
1050	0.18709667026996613
1051	0.18711525201797485
1052	0.18716269731521606
1053	0.1871856153011322
1054	0.18722033500671387
1055	0.18724940717220306
1056	0.18725982308387756
1057	0.18726588785648346
1058	0.18727080523967743
1059	0.18728850781917572
1060	0.18730196356773376
1061	0.18730396032333374
1062	0.18748784065246582
1063	0.1874942183494568
1064	0.18770579993724823
1065	0.1877591460943222
1066	0.18776865303516388
1067	0.1878102421760559
1068	0.18781548738479614
1069	0.1879054456949234
1070	0.18792805075645447
1071	0.18800967931747437
1072	0.18805846571922302
1073	0.1880771517753601
1074	0.18814422190189362
1075	0.18816494941711426
1076	0.1881960779428482
1077	0.18821385502815247
1078	0.18833258748054504
1079	0.18834824860095978
1080	0.18844138085842133
1081	0.18846850097179413
1082	0.1885668784379959
1083	0.18873971700668335
1084	0.18876004219055176
1085	0.1888255923986435
1086	0.18891198933124542
1087	0.1889197677373886
1088	0.18897289037704468
1089	0.18902847170829773
1090	0.18908032774925232
1091	0.18911851942539215
1092	0.18913818895816803
1093	0.1891569048166275
1094	0.1891755759716034
1095	0.18922102451324463
1096	0.18925517797470093
1097	0.18939106166362762
1098	0.18945150077342987
1099	0.18945971131324768
1100	0.18947361409664154
1101	0.18948741257190704
1102	0.1895184963941574
1103	0.18954023718833923
1104	0.18958404660224915
1105	0.18960972130298615
1106	0.18961350619792938
1107	0.18962019681930542
1108	0.1896350383758545
1109	0.18985912203788757
1110	0.1899223029613495
1111	0.18992725014686584
1112	0.18996287882328033
1113	0.19007672369480133
1114	0.19008415937423706
1115	0.1900894045829773
1116	0.19012334942817688
1117	0.19018910825252533
1118	0.19023215770721436
1119	0.19025753438472748
1120	0.190321683883667
1121	0.19036716222763062
1122	0.19039848446846008
1123	0.19040358066558838
1124	0.19041483104228973
1125	0.19044172763824463
1126	0.19048155844211578
1127	0.1905265748500824
1128	0.19080032408237457
1129	0.19081898033618927
1130	0.1908969134092331
1131	0.19094309210777283
1132	0.1909896731376648
1133	0.19099904596805573
1134	0.19100770354270935
1135	0.19102497398853302
1136	0.19103816151618958
1137	0.19104385375976562
1138	0.1910644769668579
1139	0.1910681277513504
1140	0.19112540781497955
1141	0.19113582372665405
1142	0.1911453753709793
1143	0.19119219481945038
1144	0.19120490550994873
1145	0.19123782217502594
1146	0.19125515222549438
1147	0.19132055342197418
1148	0.19138571619987488
1149	0.19141925871372223
1150	0.1914558708667755
1151	0.19149237871170044
1152	0.19151592254638672
1153	0.19153346121311188
1154	0.191541850566864
1155	0.1915789395570755
1156	0.19159656763076782
1157	0.19160301983356476
1158	0.19164502620697021
1159	0.19166012108325958
1160	0.19169889390468597
1161	0.19173955917358398
1162	0.1918175220489502
1163	0.19182123243808746
1164	0.1918260008096695
1165	0.19183531403541565
1166	0.1918560266494751
1167	0.19186507165431976
1168	0.19187846779823303
1169	0.19189414381980896
1170	0.1919143944978714
1171	0.19193564355373383
1172	0.19196054339408875
1173	0.1919783353805542
1174	0.19200344383716583
1175	0.19210439920425415
1176	0.19211386144161224
1177	0.19212394952774048
1178	0.1921287477016449
1179	0.1921401023864746
1180	0.19221612811088562
1181	0.19224467873573303
1182	0.19224853813648224
1183	0.19226089119911194
1184	0.1922864466905594
1185	0.19233208894729614
1186	0.19246740639209747
1187	0.19247056543827057
1188	0.1925145834684372
1189	0.19251975417137146
1190	0.1925416737794876
1191	0.1925567090511322
1192	0.19260363280773163
1193	0.19266745448112488
1194	0.19269965589046478
1195	0.19270539283752441
1196	0.19271071255207062
1197	0.19273808598518372
1198	0.19274623692035675
1199	0.19277067482471466
1200	0.19277432560920715
1201	0.1928199827671051
1202	0.19282440841197968
1203	0.1928594708442688
1204	0.19290688633918762
1205	0.19296522438526154
1206	0.19298632442951202
1207	0.19302518665790558
1208	0.19303475320339203
1209	0.19307102262973785
1210	0.19308477640151978
1211	0.1931052803993225
1212	0.19313785433769226
1213	0.19317291676998138
1214	0.1932363659143448
1215	0.1932920217514038
1216	0.19334162771701813
1217	0.19338564574718475
1218	0.1934056580066681
1219	0.1934250146150589
1220	0.19354994595050812
1221	0.1935572326183319
1222	0.19357742369174957
1223	0.19360575079917908
1224	0.19364243745803833
1225	0.1936541348695755
1226	0.19366635382175446
1227	0.19372820854187012
1228	0.19375357031822205
1229	0.19378253817558289
1230	0.19385205209255219
1231	0.19386330246925354
1232	0.1939331293106079
1233	0.19393932819366455
1234	0.19394849240779877
1235	0.19395902752876282
1236	0.19398002326488495
1237	0.19399477541446686
1238	0.19399946928024292
1239	0.19418977200984955
1240	0.1942005455493927
1241	0.19422197341918945
1242	0.19425325095653534
1243	0.19426481425762177
1244	0.19427751004695892
1245	0.19428804516792297
1246	0.19431127607822418
1247	0.19432634115219116
1248	0.19432862102985382
1249	0.19434118270874023
1250	0.19463536143302917
1251	0.19471676647663116
1252	0.19472584128379822
1253	0.19473719596862793
1254	0.19475246965885162
1255	0.19476152956485748
1256	0.19477005302906036
1257	0.19478264451026917
1258	0.1948005110025406
1259	0.19484375417232513
1260	0.194865420460701
1261	0.19487303495407104
1262	0.1948815882205963
1263	0.19490589201450348
1264	0.1949252188205719
1265	0.1950226128101349
1266	0.19506505131721497
1267	0.19508886337280273
1268	0.19509534537792206
1269	0.19511060416698456
1270	0.19511441886425018
1271	0.19512508809566498
1272	0.19515177607536316
1273	0.19516418874263763
1274	0.19539959728717804
1275	0.19542385637760162
1276	0.19543658196926117
1277	0.19546426832675934
1278	0.1954808533191681
1279	0.1954895257949829
1280	0.19550931453704834
1281	0.19555750489234924
1282	0.19559445977210999
1283	0.19561828672885895
1284	0.1956510990858078
1285	0.19566361606121063
1286	0.19567899405956268
1287	0.19568763673305511
1288	0.1957230567932129
1289	0.19573387503623962
1290	0.19584806263446808
1291	0.19585038721561432
1292	0.19588136672973633
1293	0.1958955079317093
1294	0.19595171511173248
1295	0.19596420228481293
1296	0.19597356021404266
1297	0.1959783285856247
1298	0.1960059553384781
1299	0.19601739943027496
1300	0.19603465497493744
1301	0.19605763256549835
1302	0.19606687128543854
1303	0.19607973098754883
1304	0.19609998166561127
1305	0.19612622261047363
1306	0.19616952538490295
1307	0.19617308676242828
1308	0.1961911916732788
1309	0.1962212473154068
1310	0.19628499448299408
1311	0.19631506502628326
1312	0.1963287740945816
1313	0.19634130597114563
1314	0.19636012613773346
1315	0.19638527929782867
1316	0.1964077353477478
1317	0.19641231000423431
1318	0.19642814993858337
1319	0.19646790623664856
1320	0.19647623598575592
1321	0.19648949801921844
1322	0.1965271383523941
1323	0.19678103923797607
1324	0.1968124657869339
1325	0.196909561753273
1326	0.1969159096479416
1327	0.19692359864711761
1328	0.1969403326511383
1329	0.1969497948884964
1330	0.1969604641199112
1331	0.196973979473114
1332	0.1969958394765854
1333	0.19702045619487762
1334	0.1970396637916565
1335	0.1970461905002594
1336	0.19711869955062866
1337	0.19712448120117188
1338	0.19715264439582825
1339	0.19718925654888153
1340	0.19721227884292603
1341	0.19721703231334686
1342	0.19728046655654907
1343	0.19729778170585632
1344	0.197304829955101
1345	0.1973104029893875
1346	0.19733849167823792
1347	0.19735091924667358
1348	0.19735436141490936
1349	0.1973906010389328
1350	0.19740168750286102
1351	0.1974208950996399
1352	0.19744259119033813
1353	0.19745074212551117
1354	0.19746504724025726
1355	0.19747115671634674
1356	0.1975426822900772
1357	0.1975494623184204
1358	0.19755496084690094
1359	0.19758570194244385
1360	0.197601318359375
1361	0.19760650396347046
1362	0.19762863218784332
1363	0.19765132665634155
1364	0.19765491783618927
1365	0.1977018564939499
1366	0.1977686733007431
1367	0.19778600335121155
1368	0.19780027866363525
1369	0.19780680537223816
1370	0.1978294402360916
1371	0.19783760607242584
1372	0.19786256551742554
1373	0.1978801041841507
1374	0.19788897037506104
1375	0.19789744913578033
1376	0.19790709018707275
1377	0.19792330265045166
1378	0.19793982803821564
1379	0.19794799387454987
1380	0.19797025620937347
1381	0.19797691702842712
1382	0.19798660278320312
1383	0.19805102050304413
1384	0.1981000453233719
1385	0.1981094777584076
1386	0.19838935136795044
1387	0.19840268790721893
1388	0.1984144002199173
1389	0.19842325150966644
1390	0.1984439492225647
1391	0.19844934344291687
1392	0.19846883416175842
1393	0.19848641753196716
1394	0.19849325716495514
1395	0.19851084053516388
1396	0.19853755831718445
1397	0.19855399429798126
1398	0.1985638439655304
1399	0.1986076831817627
1400	0.19861935079097748
1401	0.19863452017307281
1402	0.19863933324813843
1403	0.19866646826267242
1404	0.19867250323295593
1405	0.19868610799312592
1406	0.19870810210704803
1407	0.1987280696630478
1408	0.19873873889446259
1409	0.19876790046691895
1410	0.19877804815769196
1411	0.19878698885440826
1412	0.19880302250385284
1413	0.19884337484836578
1414	0.19884684681892395
1415	0.19886143505573273
1416	0.19888858497142792
1417	0.19890132546424866
1418	0.1989799439907074
1419	0.19899414479732513
1420	0.199003204703331
1421	0.19901803135871887
1422	0.19903196394443512
1423	0.19904106855392456
1424	0.1990436613559723
1425	0.19908109307289124
1426	0.19909173250198364
1427	0.19910864531993866
1428	0.1991482824087143
1429	0.1991668939590454
1430	0.19917452335357666
1431	0.1991778463125229
1432	0.1991795003414154
1433	0.19918347895145416
1434	0.19918939471244812
1435	0.1992020606994629
1436	0.1992090791463852
1437	0.19922702014446259
1438	0.19923432171344757
1439	0.19931519031524658
1440	0.19932867586612701
1441	0.19936586916446686
1442	0.1993764042854309
1443	0.19938720762729645
1444	0.19938883185386658
1445	0.19939105212688446
1446	0.19940423965454102
1447	0.19942191243171692
1448	0.19944053888320923
1449	0.19949877262115479
1450	0.1995086818933487
1451	0.19957567751407623
1452	0.19958631694316864
1453	0.19962440431118011
1454	0.19977068901062012
1455	0.19979019463062286
1456	0.19982083141803741
1457	0.1998230516910553
1458	0.19983695447444916
1459	0.1998458057641983
1460	0.19986394047737122
1461	0.19987455010414124
1462	0.19990456104278564
1463	0.19992662966251373
1464	0.19993393123149872
1465	0.19993987679481506
1466	0.19996002316474915
1467	0.20001220703125
1468	0.20001330971717834
1469	0.20003588497638702
1470	0.2000565081834793
1471	0.20007659494876862
1472	0.20009469985961914
1473	0.2001296877861023
1474	0.20013855397701263
1475	0.20014433562755585
1476	0.2001631110906601
1477	0.2001764327287674
1478	0.20019298791885376
1479	0.20022162795066833
1480	0.2002381682395935
1481	0.20024549961090088
1482	0.20029881596565247
1483	0.20032455027103424
1484	0.20033101737499237
1485	0.20033888518810272
1486	0.20036108791828156
1487	0.2003660649061203
1488	0.20038364827632904
1489	0.2003920078277588
1490	0.20040321350097656
1491	0.20041315257549286
1492	0.20042607188224792
1493	0.20044231414794922
1494	0.20047980546951294
1495	0.20049042999744415
1496	0.20057955384254456
1497	0.20060794055461884
1498	0.20061276853084564
1499	0.20066134631633759
1500	0.20070551335811615
1501	0.2008453607559204
1502	0.20088405907154083
1503	0.20089800655841827
1504	0.20090201497077942
1505	0.20091640949249268
1506	0.2009263038635254
1507	0.2009456753730774
1508	0.20095117390155792
1509	0.2010374665260315
1510	0.20106837153434753
1511	0.20107556879520416
1512	0.20109613239765167
1513	0.20118002593517303
1514	0.20119346678256989
1515	0.20120051503181458
1516	0.20121240615844727
1517	0.2012486308813095
1518	0.20126911997795105
1519	0.2012961357831955
1520	0.20138698816299438
1521	0.20139774680137634
1522	0.2014058381319046
1523	0.20145219564437866
1524	0.20149703323841095
1525	0.2015128880739212
1526	0.20151835680007935
1527	0.20155522227287292
1528	0.2015647143125534
1529	0.20158837735652924
1530	0.2016507387161255
1531	0.20165559649467468
1532	0.20178557932376862
1533	0.20182231068611145
1534	0.20184177160263062
1535	0.2018439620733261
1536	0.20187297463417053
1537	0.20187662541866302
1538	0.20193038880825043
1539	0.20197689533233643
1540	0.20200304687023163
1541	0.20206937193870544
1542	0.20209231972694397
1543	0.20210954546928406
1544	0.20211994647979736
1545	0.20212717354297638
1546	0.20218060910701752
1547	0.20225782692432404
1548	0.20227964222431183
1549	0.20230349898338318
1550	0.202364981174469
1551	0.20236864686012268
1552	0.20240886509418488
1553	0.20242621004581451
1554	0.20243357121944427
1555	0.20243792235851288
1556	0.2024538666009903
1557	0.2024673968553543
1558	0.20247088372707367
1559	0.20250022411346436
1560	0.20251302421092987
1561	0.20252469182014465
1562	0.20255699753761292
1563	0.2026689350605011
1564	0.202703595161438
1565	0.20273640751838684
1566	0.2027459293603897
1567	0.20276443660259247
1568	0.2027772068977356
1569	0.2027800977230072
1570	0.2028791904449463
1571	0.20294901728630066
1572	0.2029685527086258
1573	0.20298178493976593
1574	0.20298857986927032
1575	0.203039288520813
1576	0.20305852591991425
1577	0.20309855043888092
1578	0.20311006903648376
1579	0.20311874151229858
1580	0.2031269073486328
1581	0.20315797626972198
1582	0.20326970517635345
1583	0.20328444242477417
1584	0.2032880187034607
1585	0.20333626866340637
1586	0.20333832502365112
1587	0.2033514827489853
1588	0.20341241359710693
1589	0.20349043607711792
1590	0.20351451635360718
1591	0.20353536307811737
1592	0.2035554200410843
1593	0.20364780724048615
1594	0.20369496941566467
1595	0.20370428264141083
1596	0.20370784401893616
1597	0.20371583104133606
1598	0.20373983681201935
1599	0.20376498997211456
1600	0.20384348928928375
1601	0.2038918286561966
1602	0.2039700448513031
1603	0.20399320125579834
1604	0.2040347456932068
1605	0.20406275987625122
1606	0.20407091081142426
1607	0.20408275723457336
1608	0.20409269630908966
1609	0.20411141216754913
1610	0.20412251353263855
1611	0.2041291445493698
1612	0.20415596663951874
1613	0.20415771007537842
1614	0.20419222116470337
1615	0.2041974514722824
1616	0.20422443747520447
1617	0.20424726605415344
1618	0.20435678958892822
1619	0.2043602466583252
1620	0.20437783002853394
1621	0.20447245240211487
1622	0.20447927713394165
1623	0.20448803901672363
1624	0.2044912427663803
1625	0.20450572669506073
1626	0.2045106142759323
1627	0.20451584458351135
1628	0.20452411472797394
1629	0.20459353923797607
1630	0.2046397477388382
1631	0.20464886724948883
1632	0.20474350452423096
1633	0.2047577202320099
1634	0.20476260781288147
1635	0.20477378368377686
1636	0.20479945838451385
1637	0.2048390954732895
1638	0.20484526455402374
1639	0.20484811067581177
1640	0.20485419034957886
1641	0.2048613429069519
1642	0.20488981902599335
1643	0.20489971339702606
1644	0.2049008011817932
1645	0.20490333437919617
1646	0.20490488409996033
1647	0.20493429899215698
1648	0.20494967699050903
1649	0.2049613744020462
1650	0.20505143702030182
1651	0.20509949326515198
1652	0.20511266589164734
1653	0.20518778264522552
1654	0.20521260797977448
1655	0.20521876215934753
1656	0.20524762570858002
1657	0.2052590548992157
1658	0.20526891946792603
1659	0.20529262721538544
1660	0.2053271383047104
1661	0.20536580681800842
1662	0.20540665090084076
1663	0.2054133117198944
1664	0.20544719696044922
1665	0.20546814799308777
1666	0.20548294484615326
1667	0.2055031657218933
1668	0.20551081001758575
1669	0.20553915202617645
1670	0.20555464923381805
1671	0.2056521773338318
1672	0.20565856993198395
1673	0.20567400753498077
1674	0.20568837225437164
1675	0.20569585263729095
1676	0.20572704076766968
1677	0.205741748213768
1678	0.20574378967285156
1679	0.2057538628578186
1680	0.206016406416893
1681	0.20602288842201233
1682	0.20607826113700867
1683	0.20608869194984436
1684	0.206095352768898
1685	0.2063390463590622
1686	0.20635834336280823
1687	0.2063714563846588
1688	0.20640160143375397
1689	0.2064078003168106
1690	0.20641452074050903
1691	0.20641936361789703
1692	0.20642416179180145
1693	0.2064329832792282
1694	0.20644618570804596
1695	0.20645886659622192
1696	0.2065041959285736
1697	0.20655949413776398
1698	0.20658722519874573
1699	0.20659977197647095
1700	0.206620454788208
1701	0.20671585202217102
1702	0.20674005150794983
1703	0.20675763487815857
1704	0.20675919950008392
1705	0.20677368342876434
1706	0.20677787065505981
1707	0.20680192112922668
1708	0.20681768655776978
1709	0.20684444904327393
1710	0.20688074827194214
1711	0.20690247416496277
1712	0.20691004395484924
1713	0.2069413959980011
1714	0.20697300136089325
1715	0.20699694752693176
1716	0.20704211294651031
1717	0.2070474922657013
1718	0.20707155764102936
1719	0.2071043699979782
1720	0.2071370929479599
1721	0.20716089010238647
1722	0.2072223722934723
1723	0.2072664201259613
1724	0.2072727382183075
1725	0.2072792798280716
1726	0.20731395483016968
1727	0.20732156932353973
1728	0.20735704898834229
1729	0.20739693939685822
1730	0.20751889050006866
1731	0.2075456827878952
1732	0.2075853794813156
1733	0.20759405195713043
1734	0.207595556974411
1735	0.2075997143983841
1736	0.20760180056095123
1737	0.2076190710067749
1738	0.20765765011310577
1739	0.2076638787984848
1740	0.20766711235046387
1741	0.207683727145195
1742	0.20769856870174408
1743	0.20771364867687225
1744	0.20772552490234375
1745	0.2077362835407257
1746	0.20775507390499115
1747	0.20779664814472198
1748	0.20781618356704712
1749	0.20786480605602264
1750	0.20788855850696564
1751	0.2078917920589447
1752	0.2079174816608429
1753	0.2079342007637024
1754	0.207947239279747
1755	0.20798416435718536
1756	0.20801210403442383
1757	0.20801377296447754
1758	0.20802584290504456
1759	0.20806995034217834
1760	0.20809990167617798
1761	0.20811456441879272
1762	0.20819337666034698
1763	0.20819643139839172
1764	0.20826254785060883
1765	0.20827196538448334
1766	0.2082991749048233
1767	0.2083328366279602
1768	0.20834966003894806
1769	0.20836076140403748
1770	0.20838283002376556
1771	0.20841257274150848
1772	0.20842963457107544
1773	0.2084513157606125
1774	0.2084617018699646
1775	0.20848847925662994
1776	0.20856580138206482
1777	0.20859624445438385
1778	0.20859692990779877
1779	0.20860359072685242
1780	0.20860958099365234
1781	0.20861874520778656
1782	0.20863820612430573
1783	0.20866245031356812
1784	0.2086813896894455
1785	0.2086893767118454
1786	0.20870165526866913
1787	0.20870590209960938
1788	0.20871193706989288
1789	0.2087441086769104
1790	0.20875751972198486
1791	0.20876584947109222
1792	0.20877589285373688
1793	0.20879390835762024
1794	0.20879746973514557
1795	0.20880450308322906
1796	0.2089749276638031
1797	0.20905320346355438
1798	0.20908749103546143
1799	0.20911194384098053
1800	0.2091333568096161
1801	0.20913992822170258
1802	0.20923511683940887
1803	0.20924372971057892
1804	0.20927412807941437
1805	0.20928362011909485
1806	0.2094443291425705
1807	0.2094530314207077
1808	0.20946745574474335
1809	0.20948319137096405
1810	0.2094980925321579
1811	0.20951025187969208
1812	0.20954690873622894
1813	0.20956851541996002
1814	0.2095806896686554
1815	0.20959113538265228
1816	0.20960554480552673
1817	0.2096262276172638
1818	0.20965196192264557
1819	0.20966103672981262
1820	0.20969127118587494
1821	0.20972967147827148
1822	0.20974233746528625
1823	0.20978204905986786
1824	0.20980028808116913
1825	0.20983058214187622
1826	0.20988024771213531
1827	0.2099435031414032
1828	0.20995010435581207
1829	0.20995791256427765
1830	0.20998430252075195
1831	0.2099955528974533
1832	0.2100396305322647
1833	0.21004721522331238
1834	0.21006383001804352
1835	0.21006932854652405
1836	0.21010829508304596
1837	0.21016493439674377
1838	0.2101796269416809
1839	0.2101994752883911
1840	0.21022896468639374
1841	0.21023155748844147
1842	0.21023263037204742
1843	0.2102452665567398
1844	0.21026426553726196
1845	0.21027517318725586
1846	0.2103126347064972
1847	0.21039891242980957
1848	0.2104288637638092
1849	0.2104625403881073
1850	0.21046635508537292
1851	0.2104814201593399
1852	0.21048422157764435
1853	0.21050477027893066
1854	0.21055857837200165
1855	0.2105642557144165
1856	0.21063247323036194
1857	0.21065044403076172
1858	0.21071287989616394
1859	0.21071568131446838
1860	0.21072031557559967
1861	0.21074287593364716
1862	0.2107587307691574
1863	0.21076858043670654
1864	0.21077024936676025
1865	0.21082067489624023
1866	0.21085166931152344
1867	0.21097642183303833
1868	0.21098440885543823
1869	0.21099375188350677
1870	0.2110220044851303
1871	0.21104176342487335
1872	0.21106435358524323
1873	0.21107083559036255
1874	0.21109215915203094
1875	0.21110646426677704
1876	0.21113288402557373
1877	0.21114292740821838
1878	0.21117925643920898
1879	0.21120256185531616
1880	0.21126282215118408
1881	0.2113138884305954
1882	0.21134376525878906
1883	0.21137630939483643
1884	0.21138465404510498
1885	0.21142041683197021
1886	0.2114303857088089
1887	0.21147611737251282
1888	0.2114776074886322
1889	0.2115325927734375
1890	0.21164590120315552
1891	0.21166978776454926
1892	0.21177001297473907
1893	0.2118157595396042
1894	0.21182745695114136
1895	0.2118498980998993
1896	0.2118847668170929
1897	0.2119046151638031
1898	0.21190722286701202
1899	0.21191595494747162
1900	0.21192039549350739
1901	0.21192392706871033
1902	0.21193726360797882
1903	0.21194963157176971
1904	0.21196593344211578
1905	0.2119707614183426
1906	0.2122994065284729
1907	0.21230269968509674
1908	0.21232859790325165
1909	0.21235889196395874
1910	0.2123783677816391
1911	0.21238262951374054
1912	0.2123878002166748
1913	0.2123975306749344
1914	0.2124505192041397
1915	0.21246029436588287
1916	0.2124963253736496
1917	0.212506502866745
1918	0.21252164244651794
1919	0.21255916357040405
1920	0.2125857025384903
1921	0.21258752048015594
1922	0.21259640157222748
1923	0.21260763704776764
1924	0.21261048316955566
1925	0.21262101829051971
1926	0.2126450538635254
1927	0.21265052258968353
1928	0.21268366277217865
1929	0.21269802749156952
1930	0.2127097249031067
1931	0.21282416582107544
1932	0.21283790469169617
1933	0.21290096640586853
1934	0.21290919184684753
1935	0.21291489899158478
1936	0.21291953325271606
1937	0.21293941140174866
1938	0.21299125254154205
1939	0.21299995481967926
1940	0.21300366520881653
1941	0.21302607655525208
1942	0.21307635307312012
1943	0.21307864785194397
1944	0.2130892425775528
1945	0.2131127417087555
1946	0.2131177932024002
1947	0.21321797370910645
1948	0.2132282704114914
1949	0.21323060989379883
1950	0.21324047446250916
1951	0.21327374875545502
1952	0.2132963091135025
1953	0.21338345110416412
1954	0.21340912580490112
1955	0.2135263830423355
1956	0.2135358452796936
1957	0.21354219317436218
1958	0.21359390020370483
1959	0.21363967657089233
1960	0.21364924311637878
1961	0.21369612216949463
1962	0.21377527713775635
1963	0.21384896337985992
1964	0.21386466920375824
1965	0.21392890810966492
1966	0.21393714845180511
1967	0.21395163238048553
1968	0.21395687758922577
1969	0.21396686136722565
1970	0.21398311853408813
1971	0.21400465071201324
1972	0.21402627229690552
1973	0.2140728086233139
1974	0.21413752436637878
1975	0.2141813486814499
1976	0.21418339014053345
1977	0.2142099291086197
1978	0.21421962976455688
1979	0.21423375606536865
1980	0.2142428457736969
1981	0.21429316699504852
1982	0.21429547667503357
1983	0.21431079506874084
1984	0.21432101726531982
1985	0.214325413107872
1986	0.21436302363872528
1987	0.21436820924282074
1988	0.21441183984279633
1989	0.21441742777824402
1990	0.21443486213684082
1991	0.21444936096668243
1992	0.214478999376297
1993	0.21449628472328186
1994	0.21449986100196838
1995	0.21450231969356537
1996	0.2145252525806427
1997	0.2146131545305252
1998	0.2146243155002594
1999	0.21462517976760864
2000	0.21463938057422638
2001	0.21472837030887604
2002	0.21473470330238342
2003	0.2147763967514038
2004	0.21478882431983948
2005	0.21481773257255554
2006	0.21486392617225647
2007	0.21487797796726227
2008	0.21491658687591553
2009	0.21492964029312134
2010	0.2149677723646164
2011	0.21497787535190582
2012	0.21499021351337433
2013	0.21501757204532623
2014	0.21502575278282166
2015	0.21503609418869019
2016	0.21504057943820953
2017	0.2151034027338028
2018	0.215123251080513
2019	0.21512626111507416
2020	0.21512991189956665
2021	0.21513432264328003
2022	0.21516185998916626
2023	0.21517892181873322
2024	0.2151879370212555
2025	0.21518923342227936
2026	0.21522103250026703
2027	0.21522854268550873
2028	0.21530598402023315
2029	0.21531051397323608
2030	0.215328186750412
2031	0.21550828218460083
2032	0.21552017331123352
2033	0.21552781760692596
2034	0.21553745865821838
2035	0.21555431187152863
2036	0.21556232869625092
2037	0.21560192108154297
2038	0.21561302244663239
2039	0.21564620733261108
2040	0.2156582474708557
2041	0.2156706601381302
2042	0.21568673849105835
2043	0.21569949388504028
2044	0.21571041643619537
2045	0.215732604265213
2046	0.21574048697948456
2047	0.21583428978919983
2048	0.21586330235004425
2049	0.2158854454755783
2050	0.2159200757741928
2051	0.21594128012657166
2052	0.21595366299152374
2053	0.21598418056964874
2054	0.21604576706886292
2055	0.2160947173833847
2056	0.21610844135284424
2057	0.21612542867660522
2058	0.21613915264606476
2059	0.21619673073291779
2060	0.21620413661003113
2061	0.21622908115386963
2062	0.21623142063617706
2063	0.21625100076198578
2064	0.21627303957939148
2065	0.21628007292747498
2066	0.21629323065280914
2067	0.2163093090057373
2068	0.2163151204586029
2069	0.21633201837539673
2070	0.216337189078331
2071	0.2163662612438202
2072	0.216393381357193
2073	0.21639759838581085
2074	0.21641919016838074
2075	0.21645328402519226
2076	0.21647626161575317
2077	0.21647889912128448
2078	0.21648013591766357
2079	0.21649450063705444
2080	0.2165004014968872
2081	0.21654945611953735
2082	0.21657244861125946
2083	0.21659988164901733
2084	0.21660815179347992
2085	0.21661722660064697
2086	0.21662135422229767
2087	0.2167067676782608
2088	0.21674136817455292
2089	0.21674969792366028
2090	0.21676912903785706
2091	0.21682190895080566
2092	0.21682804822921753
2093	0.21688878536224365
2094	0.21689347922801971
2095	0.21692360937595367
2096	0.21693868935108185
2097	0.2169700264930725
2098	0.21711738407611847
2099	0.21712490916252136
2100	0.2171451896429062
2101	0.2171497344970703
2102	0.2171536087989807
2103	0.21716265380382538
2104	0.21718351542949677
2105	0.21721391379833221
2106	0.2172204554080963
2107	0.21723313629627228
2108	0.21725629270076752
2109	0.2172723114490509
2110	0.21727244555950165
2111	0.21729999780654907
2112	0.2173147350549698
2113	0.21734406054019928
2114	0.2173708975315094
2115	0.21740874648094177
2116	0.21745739877223969
2117	0.21746842563152313
2118	0.21760649979114532
2119	0.21763969957828522
2120	0.21765810251235962
2121	0.21766528487205505
2122	0.21770872175693512
2123	0.21774491667747498
2124	0.21779347956180573
2125	0.21780480444431305
2126	0.21781128644943237
2127	0.21783344447612762
2128	0.2178429663181305
2129	0.21785028278827667
2130	0.2178814858198166
2131	0.21796317398548126
2132	0.21797655522823334
2133	0.2180253118276596
2134	0.2180645763874054
2135	0.2180660367012024
2136	0.21815095841884613
2137	0.21817146241664886
2138	0.2182074785232544
2139	0.21821923553943634
2140	0.21822401881217957
2141	0.21823634207248688
2142	0.21825744211673737
2143	0.21836990118026733
2144	0.21839115023612976
2145	0.21839681267738342
2146	0.21845795214176178
2147	0.21845892071723938
2148	0.21846431493759155
2149	0.218475803732872
2150	0.21848665177822113
2151	0.21849720180034637
2152	0.21850626170635223
2153	0.2185308337211609
2154	0.2185383141040802
2155	0.21854740381240845
2156	0.21855758130550385
2157	0.2185913473367691
2158	0.21863585710525513
2159	0.21864552795886993
2160	0.21865315735340118
2161	0.21867087483406067
2162	0.21872365474700928
2163	0.21877802908420563
2164	0.21878565847873688
2165	0.21880580484867096
2166	0.21891151368618011
2167	0.21892580389976501
2168	0.21894222497940063
2169	0.21898803114891052
2170	0.21900203824043274
2171	0.21905317902565002
2172	0.21905869245529175
2173	0.21907435357570648
2174	0.2190803587436676
2175	0.21908381581306458
2176	0.219101220369339
2177	0.21915648877620697
2178	0.2191779762506485
2179	0.21918006241321564
2180	0.2192099541425705
2181	0.21925871074199677
2182	0.2192685455083847
2183	0.21929743885993958
2184	0.21932485699653625
2185	0.21954068541526794
2186	0.21955551207065582
2187	0.21957002580165863
2188	0.21959073841571808
2189	0.21961826086044312
2190	0.21962617337703705
2191	0.21962971985340118
2192	0.21964482963085175
2193	0.21965350210666656
2194	0.21971364319324493
2195	0.21975281834602356
2196	0.21975672245025635
2197	0.21980401873588562
2198	0.21981537342071533
2199	0.21982090175151825
2200	0.219831645488739
2201	0.21985958516597748
2202	0.219878152012825
2203	0.2198847383260727
2204	0.21988849341869354
2205	0.22001393139362335
2206	0.2200349122285843
2207	0.22006693482398987
2208	0.22007489204406738
2209	0.2200881838798523
2210	0.2201596349477768
2211	0.22016210854053497
2212	0.22016382217407227
2213	0.22023354470729828
2214	0.22027410566806793
2215	0.22027945518493652
2216	0.2202892005443573
2217	0.22029586136341095
2218	0.2203039973974228
2219	0.22032983601093292
2220	0.22034932672977448
2221	0.2203611135482788
2222	0.22039060294628143
2223	0.220405712723732
2224	0.22042083740234375
2225	0.22042562067508698
2226	0.22046130895614624
2227	0.2204638570547104
2228	0.22046947479248047
2229	0.22050641477108002
2230	0.2205376774072647
2231	0.22054189443588257
2232	0.22055460512638092
2233	0.22060342133045197
2234	0.2206377536058426
2235	0.22073903679847717
2236	0.22080731391906738
2237	0.22081758081912994
2238	0.22082817554473877
2239	0.22083520889282227
2240	0.22085803747177124
2241	0.22086258232593536
2242	0.2208758145570755
2243	0.22087617218494415
2244	0.22090737521648407
2245	0.22091765701770782
2246	0.22092702984809875
2247	0.2209564596414566
2248	0.2209777981042862
2249	0.22099453210830688
2250	0.22099675238132477
2251	0.2210773229598999
2252	0.22111865878105164
2253	0.22114482522010803
2254	0.22115564346313477
2255	0.22119008004665375
2256	0.22122173011302948
2257	0.2212284654378891
2258	0.22140800952911377
2259	0.2216092348098755
2260	0.22165575623512268
2261	0.22167238593101501
2262	0.22168701887130737
2263	0.22169934213161469
2264	0.2217337042093277
2265	0.22175097465515137
2266	0.2217729389667511
2267	0.2218402475118637
2268	0.22196774184703827
2269	0.22198201715946198
2270	0.2219833880662918
2271	0.22200731933116913
2272	0.22201059758663177
2273	0.2220153957605362
2274	0.22204050421714783
2275	0.22206203639507294
2276	0.2220684289932251
2277	0.22207720577716827
2278	0.22211560606956482
2279	0.22214049100875854
2280	0.22215580940246582
2281	0.22218090295791626
2282	0.22224673628807068
2283	0.22225849330425262
2284	0.2222764790058136
2285	0.22231729328632355
2286	0.22232288122177124
2287	0.2223360687494278
2288	0.22240443527698517
2289	0.2224240005016327
2290	0.22243350744247437
2291	0.22246424853801727
2292	0.2224692404270172
2293	0.2224932163953781
2294	0.2225443422794342
2295	0.22259032726287842
2296	0.2226075828075409
2297	0.2226267158985138
2298	0.2226424217224121
2299	0.22264298796653748
2300	0.2226746827363968
2301	0.22268494963645935
2302	0.2227015197277069
2303	0.22271282970905304
2304	0.22273331880569458
2305	0.22275836765766144
2306	0.22276201844215393
2307	0.2227689027786255
2308	0.22278499603271484
2309	0.22279664874076843
2310	0.22281382977962494
2311	0.22283951938152313
2312	0.22289839386940002
2313	0.22297842800617218
2314	0.22298818826675415
2315	0.22299934923648834
2316	0.22300903499126434
2317	0.22303755581378937
2318	0.22305473685264587
2319	0.22305892407894135
2320	0.2231280505657196
2321	0.2231423258781433
2322	0.22314448654651642
2323	0.2231566160917282
2324	0.22318735718727112
2325	0.22321529686450958
2326	0.22329823672771454
2327	0.2233172506093979
2328	0.22333045303821564
2329	0.22335855662822723
2330	0.22341300547122955
2331	0.22341462969779968
2332	0.2234223634004593
2333	0.2234383374452591
2334	0.2235613912343979
2335	0.2235725075006485
2336	0.22361597418785095
2337	0.2236265391111374
2338	0.2236529439687729
2339	0.22367051243782043
2340	0.22370639443397522
2341	0.2237546592950821
2342	0.223771333694458
2343	0.223788782954216
2344	0.22384826838970184
2345	0.2238810509443283
2346	0.2238837629556656
2347	0.2238903045654297
2348	0.2239191085100174
2349	0.22395272552967072
2350	0.22400076687335968
2351	0.22402064502239227
2352	0.2240307331085205
2353	0.22403155267238617
2354	0.22404742240905762
2355	0.2240501195192337
2356	0.2240796536207199
2357	0.22410234808921814
2358	0.22410807013511658
2359	0.22412866353988647
2360	0.22413896024227142
2361	0.22414548695087433
2362	0.22418104112148285
2363	0.22418555617332458
2364	0.22419387102127075
2365	0.2242153286933899
2366	0.2242680788040161
2367	0.2243025153875351
2368	0.22432275116443634
2369	0.22438088059425354
2370	0.2243998944759369
2371	0.2244134098291397
2372	0.22444802522659302
2373	0.22445079684257507
2374	0.22448298335075378
2375	0.22449065744876862
2376	0.2244945466518402
2377	0.22451940178871155
2378	0.22452807426452637
2379	0.22453264892101288
2380	0.22454002499580383
2381	0.2245548814535141
2382	0.22458229959011078
2383	0.22467143833637238
2384	0.2247420847415924
2385	0.2247658520936966
2386	0.2247740924358368
2387	0.22483594715595245
2388	0.2248656004667282
2389	0.2248840481042862
2390	0.2249511033296585
2391	0.22496646642684937
2392	0.22498023509979248
2393	0.22499947249889374
2394	0.2250194400548935
2395	0.2250572144985199
2396	0.22511938214302063
2397	0.22514928877353668
2398	0.22517046332359314
2399	0.22517730295658112
2400	0.2251935750246048
2401	0.22519847750663757
2402	0.22522620856761932
2403	0.22523269057273865
2404	0.2252601534128189
2405	0.22528290748596191
2406	0.22531692683696747
2407	0.2253246009349823
2408	0.22534741461277008
2409	0.2254016250371933
2410	0.2254163771867752
2411	0.22541926801204681
2412	0.22542448341846466
2413	0.22543476521968842
2414	0.2254374921321869
2415	0.22543984651565552
2416	0.22544804215431213
2417	0.22550666332244873
2418	0.22551901638507843
2419	0.22552524507045746
2420	0.22562550008296967
2421	0.22564879059791565
2422	0.2257177084684372
2423	0.22572177648544312
2424	0.22574563324451447
2425	0.22575239837169647
2426	0.2260434627532959
2427	0.226054385304451
2428	0.22606299817562103
2429	0.2260822057723999
2430	0.22610720992088318
2431	0.2261132001876831
2432	0.22617407143115997
2433	0.22624486684799194
2434	0.22626471519470215
2435	0.22628147900104523
2436	0.22629787027835846
2437	0.22631360590457916
2438	0.22631797194480896
2439	0.22633469104766846
2440	0.2263466715812683
2441	0.22635754942893982
2442	0.22636693716049194
2443	0.22638411819934845
2444	0.2264089584350586
2445	0.22641968727111816
2446	0.22643738985061646
2447	0.22644659876823425
2448	0.2264559119939804
2449	0.2264743447303772
2450	0.22649222612380981
2451	0.2265140414237976
2452	0.22656063735485077
2453	0.22657588124275208
2454	0.22663338482379913
2455	0.226653590798378
2456	0.22666241228580475
2457	0.22667548060417175
2458	0.2266855686903
2459	0.226687952876091
2460	0.22669117152690887
2461	0.22677916288375854
2462	0.2267831265926361
2463	0.2267904430627823
2464	0.22680529952049255
2465	0.22689448297023773
2466	0.22693248093128204
2467	0.22695328295230865
2468	0.22697597742080688
2469	0.22701852023601532
2470	0.22708585858345032
2471	0.22709746658802032
2472	0.2271026074886322
2473	0.22711604833602905
2474	0.2271222621202469
2475	0.22717823088169098
2476	0.2271897941827774
2477	0.22723443806171417
2478	0.22724075615406036
2479	0.2272443324327469
2480	0.22724691033363342
2481	0.22726023197174072
2482	0.22729091346263885
2483	0.22730068862438202
2484	0.22737205028533936
2485	0.22739733755588531
2486	0.22743935883045197
2487	0.22753533720970154
2488	0.22754018008708954
2489	0.2276347279548645
2490	0.227639302611351
2491	0.22765742242336273
2492	0.2276616245508194
2493	0.2276647537946701
2494	0.22769048810005188
2495	0.22771787643432617
2496	0.2277427464723587
2497	0.22775688767433167
2498	0.2277674674987793
2499	0.22780022025108337
2500	0.22781379520893097
2501	0.22785864770412445
2502	0.22786040604114532
2503	0.22789587080478668
2504	0.2279149442911148
2505	0.22793495655059814
2506	0.2279921919107437
2507	0.22799715399742126
2508	0.22805039584636688
2509	0.22806882858276367
2510	0.22808578610420227
2511	0.2281019240617752
2512	0.2281307578086853
2513	0.2281510978937149
2514	0.22815869748592377
2515	0.2281777262687683
2516	0.22823722660541534
2517	0.2282973676919937
2518	0.2282991260290146
2519	0.22834405303001404
2520	0.2283761352300644
2521	0.22837747633457184
2522	0.22838731110095978
2523	0.22840017080307007
2524	0.2284083068370819
2525	0.22841224074363708
2526	0.22842156887054443
2527	0.2284363955259323
2528	0.22851501405239105
2529	0.2285378873348236
2530	0.22854973375797272
2531	0.2286374717950821
2532	0.22866760194301605
2533	0.22867663204669952
2534	0.22882451117038727
2535	0.22884175181388855
2536	0.22891484200954437
2537	0.22891730070114136
2538	0.2289433628320694
2539	0.22895434498786926
2540	0.2290184497833252
2541	0.2290215939283371
2542	0.22903989255428314
2543	0.22906243801116943
2544	0.22908733785152435
2545	0.22909539937973022
2546	0.22911861538887024
2547	0.22913460433483124
2548	0.22914138436317444
2549	0.22919566929340363
2550	0.22919777035713196
2551	0.2291986495256424
2552	0.2292487621307373
2553	0.22934503853321075
2554	0.22936320304870605
2555	0.22937189042568207
2556	0.2293831706047058
2557	0.22939004004001617
2558	0.2294243723154068
2559	0.22945891320705414
2560	0.2295273095369339
2561	0.2295418381690979
2562	0.22956936061382294
2563	0.22960251569747925
2564	0.22962389886379242
2565	0.2296505570411682
2566	0.2296607792377472
2567	0.22992093861103058
2568	0.22994376718997955
2569	0.22994866967201233
2570	0.22997112572193146
2571	0.22997744381427765
2572	0.2299799919128418
2573	0.2300153225660324
2574	0.2300233095884323
2575	0.23006293177604675
2576	0.23007449507713318
2577	0.23007868230342865
2578	0.23009176552295685
2579	0.23009543120861053
2580	0.23010119795799255
2581	0.2301418036222458
2582	0.23015260696411133
2583	0.23020070791244507
2584	0.23023149371147156
2585	0.23024001717567444
2586	0.23025761544704437
2587	0.23030461370944977
2588	0.230332151055336
2589	0.23037578165531158
2590	0.23039044439792633
2591	0.23042519390583038
2592	0.23043616116046906
2593	0.23046445846557617
2594	0.23048318922519684
2595	0.2304985523223877
2596	0.2305264174938202
2597	0.23053453862667084
2598	0.23055896162986755
2599	0.23058083653450012
2600	0.2306302934885025
2601	0.23063383996486664
2602	0.23063641786575317
2603	0.23064811527729034
2604	0.23066698014736176
2605	0.23067842423915863
2606	0.23068363964557648
2607	0.23070484399795532
2608	0.2307119220495224
2609	0.23072266578674316
2610	0.2307601124048233
2611	0.2307693064212799
2612	0.23077943921089172
2613	0.2307797372341156
2614	0.23078125715255737
2615	0.23078642785549164
2616	0.2308390587568283
2617	0.23084168136119843
2618	0.23084656894207
2619	0.2309127151966095
2620	0.23092666268348694
2621	0.2309584617614746
2622	0.23102524876594543
2623	0.2310323864221573
2624	0.23103539645671844
2625	0.23107169568538666
2626	0.23108436167240143
2627	0.23111996054649353
2628	0.23113258183002472
2629	0.23117488622665405
2630	0.23118393123149872
2631	0.2311905175447464
2632	0.2312011420726776
2633	0.231209397315979
2634	0.231220543384552
2635	0.23125797510147095
2636	0.231339693069458
2637	0.23141592741012573
2638	0.23145532608032227
2639	0.23146744072437286
2640	0.23147915303707123
2641	0.2314976453781128
2642	0.23160354793071747
2643	0.23162586987018585
2644	0.23163044452667236
2645	0.23167309165000916
2646	0.23170842230319977
2647	0.23171991109848022
2648	0.2317333072423935
2649	0.23173783719539642
2650	0.2317449003458023
2651	0.23176030814647675
2652	0.23180054128170013
2653	0.23190781474113464
2654	0.23193340003490448
2655	0.2320207804441452
2656	0.2320241928100586
2657	0.23203136026859283
2658	0.23204661905765533
2659	0.23205162584781647
2660	0.23206201195716858
2661	0.23207423090934753
2662	0.23207560181617737
2663	0.23208488523960114
2664	0.2320876270532608
2665	0.23216205835342407
2666	0.23220278322696686
2667	0.23221364617347717
2668	0.23221804201602936
2669	0.23224098980426788
2670	0.2322421669960022
2671	0.2322603315114975
2672	0.23227046430110931
2673	0.2322915494441986
2674	0.23232491314411163
2675	0.23233118653297424
2676	0.23236548900604248
2677	0.2323818802833557
2678	0.23238763213157654
2679	0.23240749537944794
2680	0.23240914940834045
2681	0.2324264943599701
2682	0.23248422145843506
2683	0.23249760270118713
2684	0.23251016438007355
2685	0.2325190156698227
2686	0.23252147436141968
2687	0.23256579041481018
2688	0.23265819251537323
2689	0.23269540071487427
2690	0.2327014058828354
2691	0.23271726071834564
2692	0.23275671899318695
2693	0.23276451230049133
2694	0.232773557305336
2695	0.2328091263771057
2696	0.23287808895111084
2697	0.23288798332214355
2698	0.23301279544830322
2699	0.2330309897661209
2700	0.23305156826972961
2701	0.23306186497211456
2702	0.23306365311145782
2703	0.23311947286128998
2704	0.2331460416316986
2705	0.23316599428653717
2706	0.23319147527217865
2707	0.23322713375091553
2708	0.23323149979114532
2709	0.23325860500335693
2710	0.23326320946216583
2711	0.23326796293258667
2712	0.2333391010761261
2713	0.2333614081144333
2714	0.23336255550384521
2715	0.2333737313747406
2716	0.23339016735553741
2717	0.233409583568573
2718	0.23341836035251617
2719	0.23343735933303833
2720	0.23344241082668304
2721	0.23347166180610657
2722	0.2334919571876526
2723	0.23352351784706116
2724	0.23353725671768188
2725	0.2335517406463623
2726	0.23356440663337708
2727	0.23356591165065765
2728	0.23358671367168427
2729	0.23359589278697968
2730	0.23365294933319092
2731	0.23367157578468323
2732	0.2336772084236145
2733	0.23368363082408905
2734	0.23371928930282593
2735	0.23372980952262878
2736	0.23375271260738373
2737	0.23375612497329712
2738	0.23376448452472687
2739	0.23379439115524292
2740	0.2337987869977951
2741	0.23383598029613495
2742	0.23386745154857635
2743	0.233872190117836
2744	0.23394520580768585
2745	0.23396271467208862
2746	0.2339734137058258
2747	0.23399676382541656
2748	0.23405349254608154
2749	0.2340630739927292
2750	0.23408670723438263
2751	0.23409254848957062
2752	0.23411956429481506
2753	0.23412731289863586
2754	0.23417718708515167
2755	0.23418685793876648
2756	0.23419882357120514
2757	0.23421932756900787
2758	0.23423367738723755
2759	0.23424434661865234
2760	0.23427750170230865
2761	0.23428896069526672
2762	0.23433591425418854
2763	0.23436260223388672
2764	0.2344045788049698
2765	0.23441562056541443
2766	0.23444263637065887
2767	0.234456866979599
2768	0.23446683585643768
2769	0.234482079744339
2770	0.23449313640594482
2771	0.23450076580047607
2772	0.23451459407806396
2773	0.23458702862262726
2774	0.23462426662445068
2775	0.23462550342082977
2776	0.23463623225688934
2777	0.23463746905326843
2778	0.23467786610126495
2779	0.2346920669078827
2780	0.23471316695213318
2781	0.23473119735717773
2782	0.23479574918746948
2783	0.23479703068733215
2784	0.23480036854743958
2785	0.23481132090091705
2786	0.23485612869262695
2787	0.23486588895320892
2788	0.23492732644081116
2789	0.23501476645469666
2790	0.23503103852272034
2791	0.23504038155078888
2792	0.2350691556930542
2793	0.23508931696414948
2794	0.23511841893196106
2795	0.23518581688404083
2796	0.23521293699741364
2797	0.23522114753723145
2798	0.23528292775154114
2799	0.23529677093029022
2800	0.2353132963180542
2801	0.23531875014305115
2802	0.2353324294090271
2803	0.2353600561618805
2804	0.23537632822990417
2805	0.23538321256637573
2806	0.23539747297763824
2807	0.23540623486042023
2808	0.23541603982448578
2809	0.23542439937591553
2810	0.23545610904693604
2811	0.2355796843767166
2812	0.23561251163482666
2813	0.23563329875469208
2814	0.2356475293636322
2815	0.23565874993801117
2816	0.23567616939544678
2817	0.23568035662174225
2818	0.23570549488067627
2819	0.23571662604808807
2820	0.23574185371398926
2821	0.23574402928352356
2822	0.23577073216438293
2823	0.23578445613384247
2824	0.23578669130802155
2825	0.23583804070949554
2826	0.23585844039916992
2827	0.23586376011371613
2828	0.23587381839752197
2829	0.2358841896057129
2830	0.23591752350330353
2831	0.23593543469905853
2832	0.23596738278865814
2833	0.23597565293312073
2834	0.23599116504192352
2835	0.23606659471988678
2836	0.2360759675502777
2837	0.23610159754753113
2838	0.23616467416286469
2839	0.23617665469646454
2840	0.2362418919801712
2841	0.2362746149301529
2842	0.23627552390098572
2843	0.23629872500896454
2844	0.23633868992328644
2845	0.23635490238666534
2846	0.2363661676645279
2847	0.23636765778064728
2848	0.23646438121795654
2849	0.2364760786294937
2850	0.2364894151687622
2851	0.23651699721813202
2852	0.23652493953704834
2853	0.2365628182888031
2854	0.23656851053237915
2855	0.23659563064575195
2856	0.23667465150356293
2857	0.23670688271522522
2858	0.2367238998413086
2859	0.2367306351661682
2860	0.2367430180311203
2861	0.23687013983726501
2862	0.23690621554851532
2863	0.236941397190094
2864	0.2369496077299118
2865	0.23695573210716248
2866	0.23699088394641876
2867	0.23701927065849304
2868	0.2370351403951645
2869	0.2370668351650238
2870	0.2370728999376297
2871	0.2371007800102234
2872	0.23712937533855438
2873	0.2371523231267929
2874	0.23715469241142273
2875	0.23718520998954773
2876	0.2372872531414032
2877	0.23731060326099396
2878	0.23734720051288605
2879	0.23735475540161133
2880	0.2373933345079422
2881	0.23744137585163116
2882	0.2374897003173828
2883	0.23773901164531708
2884	0.2377581149339676
2885	0.23777496814727783
2886	0.2379145473241806
2887	0.23792119324207306
2888	0.23794636130332947
2889	0.2379741668701172
2890	0.23799563944339752
2891	0.2380039393901825
2892	0.23801736533641815
2893	0.23814117908477783
2894	0.23817841708660126
2895	0.23824556171894073
2896	0.23833872377872467
2897	0.23838092386722565
2898	0.23842979967594147
2899	0.23843839764595032
2900	0.23849710822105408
2901	0.23849821090698242
2902	0.2385094314813614
2903	0.23851558566093445
2904	0.23852024972438812
2905	0.23855572938919067
2906	0.23856231570243835
2907	0.238612100481987
2908	0.2386413961648941
2909	0.23866209387779236
2910	0.23871241509914398
2911	0.23872104287147522
2912	0.23875316977500916
2913	0.2387738823890686
2914	0.23878183960914612
2915	0.23878300189971924
2916	0.23883271217346191
2917	0.23888373374938965
2918	0.23893815279006958
2919	0.23894920945167542
2920	0.23896799981594086
2921	0.23897619545459747
2922	0.23897778987884521
2923	0.23899655044078827
2924	0.23900450766086578
2925	0.23902398347854614
2926	0.23903658986091614
2927	0.2390451282262802
2928	0.23906812071800232
2929	0.23908421397209167
2930	0.23910245299339294
2931	0.23912644386291504
2932	0.23915289342403412
2933	0.239156112074852
2934	0.23916801810264587
2935	0.23928479850292206
2936	0.2392944097518921
2937	0.23930096626281738
2938	0.23932196199893951
2939	0.23935171961784363
2940	0.23940019309520721
2941	0.23941971361637115
2942	0.23943506181240082
2943	0.23945216834545135
2944	0.2394598126411438
2945	0.239469513297081
2946	0.23947079479694366
2947	0.23948469758033752
2948	0.23949073255062103
2949	0.2395012378692627
2950	0.23950448632240295
2951	0.23951734602451324
2952	0.23952732980251312
2953	0.23955436050891876
2954	0.23957781493663788
2955	0.23959192633628845
2956	0.23967377841472626
2957	0.23969317972660065
2958	0.23971447348594666
2959	0.23975098133087158
2960	0.23975571990013123
2961	0.2397610992193222
2962	0.23978812992572784
2963	0.23981119692325592
2964	0.2398214340209961
2965	0.23983997106552124
2966	0.23984301090240479
2967	0.23985466361045837
2968	0.23986230790615082
2969	0.2398689091205597
2970	0.23988595604896545
2971	0.23988927900791168
2972	0.23991525173187256
2973	0.23995734751224518
2974	0.23996782302856445
2975	0.23998819291591644
2976	0.23999999463558197
2977	0.24001041054725647
2978	0.24004939198493958
2979	0.24011194705963135
2980	0.24012689292430878
2981	0.2401348054409027
2982	0.2401910275220871
2983	0.24019736051559448
2984	0.24020658433437347
2985	0.24022921919822693
2986	0.24024342000484467
2987	0.24025599658489227
2988	0.24037010967731476
2989	0.24041087925434113
2990	0.24044400453567505
2991	0.24050238728523254
2992	0.2405242621898651
2993	0.24054443836212158
2994	0.24054500460624695
2995	0.24056069552898407
2996	0.24057398736476898
2997	0.2406168282032013
2998	0.24063093960285187
2999	0.2406657189130783
3000	0.24066901206970215
3001	0.24069398641586304
3002	0.2407270222902298
3003	0.24076546728610992
3004	0.24076959490776062
3005	0.24079374969005585
3006	0.24081532657146454
3007	0.2408331036567688
3008	0.24085092544555664
3009	0.2408793866634369
3010	0.24088901281356812
3011	0.24091611802577972
3012	0.24094122648239136
3013	0.2409815639257431
3014	0.24101942777633667
3015	0.24103252589702606
3016	0.24108397960662842
3017	0.24114388227462769
3018	0.24120043218135834
3019	0.24120491743087769
3020	0.24122340977191925
3021	0.24124950170516968
3022	0.24127136170864105
3023	0.24127258360385895
3024	0.24129951000213623
3025	0.2414463609457016
3026	0.24149242043495178
3027	0.24151159822940826
3028	0.2415313720703125
3029	0.24153919517993927
3030	0.24154824018478394
3031	0.24158510565757751
3032	0.241608127951622
3033	0.24162094295024872
3034	0.24167008697986603
3035	0.2416781634092331
3036	0.24172154068946838
3037	0.24173326790332794
3038	0.24175462126731873
3039	0.2417866438627243
3040	0.24180366098880768
3041	0.24181510508060455
3042	0.24182187020778656
3043	0.2418665587902069
3044	0.24193835258483887
3045	0.24194303154945374
3046	0.2419504076242447
3047	0.2419658750295639
3048	0.24203558266162872
3049	0.2420724481344223
3050	0.2421077936887741
3051	0.24212917685508728
3052	0.24214816093444824
3053	0.242228701710701
3054	0.2422599494457245
3055	0.2423856109380722
3056	0.24248106777668
3057	0.24249979853630066
3058	0.24251125752925873
3059	0.2425166219472885
3060	0.24252663552761078
3061	0.2425355166196823
3062	0.24256400763988495
3063	0.24258147180080414
3064	0.24259084463119507
3065	0.24260374903678894
3066	0.2426118403673172
3067	0.24262192845344543
3068	0.24263398349285126
3069	0.24264806509017944
3070	0.2426569163799286
3071	0.24266140162944794
3072	0.24269403517246246
3073	0.24269704520702362
3074	0.24271135032176971
3075	0.24276103079319
3076	0.24280498921871185
3077	0.24281325936317444
3078	0.24282224476337433
3079	0.24286778271198273
3080	0.2428755760192871
3081	0.24288780987262726
3082	0.2429283857345581
3083	0.24293847382068634
3084	0.24296016991138458
3085	0.24296817183494568
3086	0.2429749071598053
3087	0.24300506711006165
3088	0.24311409890651703
3089	0.24312160909175873
3090	0.243138387799263
3091	0.24314436316490173
3092	0.2431560605764389
3093	0.24318507313728333
3094	0.24319401383399963
3095	0.24322454631328583
3096	0.24325162172317505
3097	0.2432992160320282
3098	0.24331316351890564
3099	0.24331821501255035
3100	0.24341616034507751
3101	0.24345606565475464
3102	0.24352173507213593
3103	0.2435518056154251
3104	0.24356941878795624
3105	0.2435767650604248
3106	0.24358505010604858
3107	0.2435947060585022
3108	0.2436075061559677
3109	0.24363212287425995
3110	0.24365751445293427
3111	0.24370092153549194
3112	0.24370364844799042
3113	0.24372388422489166
3114	0.24374021589756012
3115	0.2437567114830017
3116	0.2437857985496521
3117	0.2437886744737625
3118	0.24379926919937134
3119	0.24380673468112946
3120	0.24384070932865143
3121	0.24384990334510803
3122	0.24389109015464783
3123	0.24389398097991943
3124	0.24390602111816406
3125	0.24391156435012817
3126	0.24392633140087128
3127	0.24393077194690704
3128	0.2439481019973755
3129	0.24398022890090942
3130	0.24400191009044647
3131	0.24401941895484924
3132	0.24402911961078644
3133	0.24405355751514435
3134	0.2440786212682724
3135	0.24408380687236786
3136	0.24412545561790466
3137	0.24418474733829498
3138	0.244186669588089
3139	0.24420246481895447
3140	0.24421092867851257
3141	0.24424175918102264
3142	0.24427229166030884
3143	0.24428077042102814
3144	0.2442922741174698
3145	0.24429738521575928
3146	0.24429951608181
3147	0.244312584400177
3148	0.24432320892810822
3149	0.2443566769361496
3150	0.2444334775209427
3151	0.2444535344839096
3152	0.2444840967655182
3153	0.2444959431886673
3154	0.24452142417430878
3155	0.24455523490905762
3156	0.244614377617836
3157	0.2446323037147522
3158	0.24466584622859955
3159	0.24467794597148895
3160	0.24468344449996948
3161	0.24470333755016327
3162	0.244708850979805
3163	0.24474160373210907
3164	0.2447924166917801
3165	0.24481099843978882
3166	0.2448255568742752
3167	0.24482882022857666
3168	0.24483852088451385
3169	0.24484673142433167
3170	0.24487970769405365
3171	0.24489735066890717
3172	0.24490365386009216
3173	0.24491995573043823
3174	0.2449403703212738
3175	0.2449696809053421
3176	0.2449922114610672
3177	0.2450161874294281
3178	0.24502159655094147
3179	0.2450341433286667
3180	0.2450951337814331
3181	0.24511688947677612
3182	0.2451191246509552
3183	0.24512936174869537
3184	0.24513089656829834
3185	0.24515381455421448
3186	0.2451714724302292
3187	0.24522355198860168
3188	0.245245561003685
3189	0.24527865648269653
3190	0.24529150128364563
3191	0.24529990553855896
3192	0.24530386924743652
3193	0.24534636735916138
3194	0.24539488554000854
3195	0.24540981650352478
3196	0.24541330337524414
3197	0.24543777108192444
3198	0.24544914066791534
3199	0.24545904994010925
3200	0.24547190964221954
3201	0.24549025297164917
3202	0.24549685418605804
3203	0.24551703035831451
3204	0.24552032351493835
3205	0.24558930099010468
3206	0.2456105351448059
3207	0.24565617740154266
3208	0.24568888545036316
3209	0.24571126699447632
3210	0.2457132786512375
3211	0.24572108685970306
3212	0.2457495480775833
3213	0.24578216671943665
3214	0.2458007037639618
3215	0.2458067089319229
3216	0.24597395956516266
3217	0.24601693451404572
3218	0.2460353970527649
3219	0.24603642523288727
3220	0.24604040384292603
3221	0.24604620039463043
3222	0.2460886836051941
3223	0.24609841406345367
3224	0.24609911441802979
3225	0.24614079296588898
3226	0.2461901754140854
3227	0.24621620774269104
3228	0.24622032046318054
3229	0.2462320625782013
3230	0.2462378293275833
3231	0.24624194204807281
3232	0.2462429404258728
3233	0.24634745717048645
3234	0.24635905027389526
3235	0.24640846252441406
3236	0.24643002450466156
3237	0.24647441506385803
3238	0.24653321504592896
3239	0.24654389917850494
3240	0.24656566977500916
3241	0.24660629034042358
3242	0.24661226570606232
3243	0.2466333955526352
3244	0.24672992527484894
3245	0.2467731535434723
3246	0.24677912890911102
3247	0.24678976833820343
3248	0.24681039154529572
3249	0.24682340025901794
3250	0.24682891368865967
3251	0.24687395989894867
3252	0.24687790870666504
3253	0.24688349664211273
3254	0.24689167737960815
3255	0.24689528346061707
3256	0.2469017058610916
3257	0.24690605700016022
3258	0.24691565334796906
3259	0.2469370812177658
3260	0.24701909720897675
3261	0.2470637559890747
3262	0.2470778524875641
3263	0.24708302319049835
3264	0.24710984528064728
3265	0.24711810052394867
3266	0.24714483320713043
3267	0.24714627861976624
3268	0.24716168642044067
3269	0.2471982091665268
3270	0.24723517894744873
3271	0.24727492034435272
3272	0.24732224643230438
3273	0.24745473265647888
3274	0.24746771156787872
3275	0.2474713921546936
3276	0.24748750030994415
3277	0.24776685237884521
3278	0.24787424504756927
3279	0.24788425862789154
3280	0.2478962242603302
3281	0.24793556332588196
3282	0.24795684218406677
3283	0.24795833230018616
3284	0.24797430634498596
3285	0.24798047542572021
3286	0.24801784753799438
3287	0.2480219304561615
3288	0.24804764986038208
3289	0.24806199967861176
3290	0.24813108146190643
3291	0.24813199043273926
3292	0.24815982580184937
3293	0.24821558594703674
3294	0.24822548031806946
3295	0.24824190139770508
3296	0.2482573688030243
3297	0.24832218885421753
3298	0.24832652509212494
3299	0.24836745858192444
3300	0.24837559461593628
3301	0.24843738973140717
3302	0.2484487146139145
3303	0.2484581172466278
3304	0.2484746128320694
3305	0.24848249554634094
3306	0.24848924577236176
3307	0.24849721789360046
3308	0.24851301312446594
3309	0.2485446035861969
3310	0.24863630533218384
3311	0.24864135682582855
3312	0.24864794313907623
3313	0.24866105616092682
3314	0.24869026243686676
3315	0.2487153708934784
3316	0.24882084131240845
3317	0.24884817004203796
3318	0.248910054564476
3319	0.2489265501499176
3320	0.2489779144525528
3321	0.24899233877658844
3322	0.24906006455421448
3323	0.24910400807857513
3324	0.24910743534564972
3325	0.24911938607692719
3326	0.2491302192211151
3327	0.24915917217731476
3328	0.24920456111431122
3329	0.24921350181102753
3330	0.24922434985637665
3331	0.2492280900478363
3332	0.24923525750637054
3333	0.24925053119659424
3334	0.24925556778907776
3335	0.2492808699607849
3336	0.24930793046951294
3337	0.24932076036930084
3338	0.2493239939212799
3339	0.24933180212974548
3340	0.2493623048067093
3341	0.24938644468784332
3342	0.2493939995765686
3343	0.24949952960014343
3344	0.24951039254665375
3345	0.24954098463058472
3346	0.24954237043857574
3347	0.24957624077796936
3348	0.2496248334646225
3349	0.2496391236782074
3350	0.24965758621692657
3351	0.24966037273406982
3352	0.24968133866786957
3353	0.2496950477361679
3354	0.2497241348028183
3355	0.24975691735744476
3356	0.24980571866035461
3357	0.24981658160686493
3358	0.24982833862304688
3359	0.2498430758714676
3360	0.24984563887119293
3361	0.24985915422439575
3362	0.24986645579338074
3363	0.24987399578094482
3364	0.2498769313097
3365	0.2499057501554489
3366	0.24992027878761292
3367	0.24995365738868713
3368	0.2499825805425644
3369	0.24999302625656128
3370	0.25003165006637573
3371	0.25004059076309204
3372	0.25006532669067383
3373	0.2500779926776886
3374	0.25008687376976013
3375	0.25010624527931213
3376	0.25021353363990784
3377	0.25021660327911377
3378	0.25029456615448
3379	0.25029540061950684
3380	0.25035494565963745
3381	0.25035741925239563
3382	0.2503742575645447
3383	0.2504093050956726
3384	0.25047987699508667
3385	0.2504887282848358
3386	0.25048914551734924
3387	0.2505126893520355
3388	0.2505629360675812
3389	0.2505851686000824
3390	0.2505964934825897
3391	0.25066134333610535
3392	0.2506958544254303
3393	0.25070077180862427
3394	0.2507171928882599
3395	0.25076788663864136
3396	0.2507745325565338
3397	0.2507781982421875
3398	0.2507820427417755
3399	0.2507984936237335
3400	0.25082582235336304
3401	0.2508438229560852
3402	0.25086709856987
3403	0.2508729100227356
3404	0.2508883476257324
3405	0.25089579820632935
3406	0.25092729926109314
3407	0.25095370411872864
3408	0.2509760558605194
3409	0.2509835362434387
3410	0.25102317333221436
3411	0.2510415315628052
3412	0.25109487771987915
3413	0.2511020600795746
3414	0.2511357367038727
3415	0.25115904211997986
3416	0.2511692941188812
3417	0.25118041038513184
3418	0.25118324160575867
3419	0.25118985772132874
3420	0.25123369693756104
3421	0.25124555826187134
3422	0.2512645423412323
3423	0.25126913189888
3424	0.25132304430007935
3425	0.25134578347206116
3426	0.25149062275886536
3427	0.25152063369750977
3428	0.2515280544757843
3429	0.2515313923358917
3430	0.25168871879577637
3431	0.2517038881778717
3432	0.2517222762107849
3433	0.25173935294151306
3434	0.25176867842674255
3435	0.2518168091773987
3436	0.25183621048927307
3437	0.2518745958805084
3438	0.2518954277038574
3439	0.25191763043403625
3440	0.25193944573402405
3441	0.2519741356372833
3442	0.25199082493782043
3443	0.25200143456459045
3444	0.2520484924316406
3445	0.2520919144153595
3446	0.2521058917045593
3447	0.25214681029319763
3448	0.2521558403968811
3449	0.2521885335445404
3450	0.2521909177303314
3451	0.2522027790546417
3452	0.2522130310535431
3453	0.2522231340408325
3454	0.2522335946559906
3455	0.2522600293159485
3456	0.252297967672348
3457	0.2523030936717987
3458	0.2523454427719116
3459	0.2523483335971832
3460	0.25238037109375
3461	0.2523942291736603
3462	0.2524167597293854
3463	0.2524350583553314
3464	0.2524435222148895
3465	0.25245431065559387
3466	0.2525557279586792
3467	0.25255802273750305
3468	0.25256597995758057
3469	0.252639502286911
3470	0.25267893075942993
3471	0.2526928782463074
3472	0.2527047395706177
3473	0.2527109682559967
3474	0.25273430347442627
3475	0.25275588035583496
3476	0.252767413854599
3477	0.2527889013290405
3478	0.252810001373291
3479	0.25281837582588196
3480	0.2528368830680847
3481	0.25284820795059204
3482	0.2529067397117615
3483	0.2529110908508301
3484	0.25292015075683594
3485	0.25293654203414917
3486	0.2529429793357849
3487	0.25296077132225037
3488	0.25297480821609497
3489	0.2530042827129364
3490	0.25305819511413574
3491	0.2530764639377594
3492	0.2530865967273712
3493	0.25309932231903076
3494	0.25311747193336487
3495	0.25312507152557373
3496	0.25313904881477356
3497	0.2531558573246002
3498	0.25318750739097595
3499	0.2532154619693756
3500	0.2532546818256378
3501	0.2532790005207062
3502	0.2532845139503479
3503	0.2533695101737976
3504	0.2533792555332184
3505	0.2534165382385254
3506	0.25341692566871643
3507	0.25349459052085876
3508	0.25351953506469727
3509	0.25352996587753296
3510	0.25357311964035034
3511	0.25358492136001587
3512	0.2536144554615021
3513	0.2536565065383911
3514	0.2536620497703552
3515	0.25370559096336365
3516	0.2537124752998352
3517	0.25373873114585876
3518	0.2537524700164795
3519	0.2538028657436371
3520	0.253816157579422
3521	0.2538341283798218
3522	0.2538427710533142
3523	0.25385352969169617
3524	0.2538561224937439
3525	0.2538614571094513
3526	0.25387042760849
3527	0.25387534499168396
3528	0.25396376848220825
3529	0.25396889448165894
3530	0.25399917364120483
3531	0.2540123760700226
3532	0.2540193796157837
3533	0.25406166911125183
3534	0.2541249096393585
3535	0.2541404962539673
3536	0.2541479766368866
3537	0.2541517913341522
3538	0.2541560232639313
3539	0.2541581988334656
3540	0.2541908025741577
3541	0.25424692034721375
3542	0.2545894384384155
3543	0.2546594440937042
3544	0.25468674302101135
3545	0.2546929121017456
3546	0.2547347843647003
3547	0.25475919246673584
3548	0.2548423409461975
3549	0.2548927068710327
3550	0.2549225687980652
3551	0.2549353241920471
3552	0.2549951672554016
3553	0.25503450632095337
3554	0.2550612688064575
3555	0.2551089823246002
3556	0.25511181354522705
3557	0.2551197111606598
3558	0.25513964891433716
3559	0.25514158606529236
3560	0.25515350699424744
3561	0.2551877200603485
3562	0.25524091720581055
3563	0.25527724623680115
3564	0.25527817010879517
3565	0.25531166791915894
3566	0.2553523778915405
3567	0.2553638517856598
3568	0.2553669214248657
3569	0.2553914785385132
3570	0.2554062306880951
3571	0.25541242957115173
3572	0.25541865825653076
3573	0.2554303705692291
3574	0.2554331123828888
3575	0.2554400563240051
3576	0.2554730474948883
3577	0.25548291206359863
3578	0.25550541281700134
3579	0.2555350661277771
3580	0.2555745542049408
3581	0.25559040904045105
3582	0.2555955648422241
3583	0.2556031346321106
3584	0.2556445300579071
3585	0.2557060420513153
3586	0.25578513741493225
3587	0.25580668449401855
3588	0.2558215260505676
3589	0.2558393180370331
3590	0.2558400332927704
3591	0.25584375858306885
3592	0.2558657228946686
3593	0.2559105455875397
3594	0.2559845447540283
3595	0.2560272812843323
3596	0.2560349702835083
3597	0.2560720145702362
3598	0.2560965418815613
3599	0.25610339641571045
3600	0.2561357915401459
3601	0.2561752200126648
3602	0.2561940848827362
3603	0.25625064969062805
3604	0.25626495480537415
3605	0.2562878727912903
3606	0.2563035488128662
3607	0.25630876421928406
3608	0.2563202381134033
3609	0.25634896755218506
3610	0.25636133551597595
3611	0.2563808560371399
3612	0.25641894340515137
3613	0.2564302086830139
3614	0.2564344108104706
3615	0.2564447224140167
3616	0.256462037563324
3617	0.256479412317276
3618	0.25650081038475037
3619	0.2565065622329712
3620	0.256507933139801
3621	0.2565127909183502
3622	0.2565379738807678
3623	0.25653913617134094
3624	0.25655311346054077
3625	0.2566063404083252
3626	0.2566121816635132
3627	0.25662514567375183
3628	0.25664493441581726
3629	0.25666457414627075
3630	0.25667092204093933
3631	0.25668081641197205
3632	0.25669658184051514
3633	0.2567373812198639
3634	0.2567465007305145
3635	0.25675123929977417
3636	0.25676703453063965
3637	0.25683268904685974
3638	0.2568393647670746
3639	0.2568594515323639
3640	0.25688424706459045
3641	0.2569065988063812
3642	0.2569248080253601
3643	0.2569481134414673
3644	0.2569504380226135
3645	0.25696247816085815
3646	0.25697124004364014
3647	0.25718915462493896
3648	0.2572072744369507
3649	0.2572104036808014
3650	0.25723105669021606
3651	0.2572382688522339
3652	0.25726208090782166
3653	0.2572823762893677
3654	0.2573249936103821
3655	0.25732916593551636
3656	0.2573312520980835
3657	0.25738027691841125
3658	0.257381796836853
3659	0.25739622116088867
3660	0.2574525475502014
3661	0.25746747851371765
3662	0.2574733793735504
3663	0.25747671723365784
3664	0.2574895918369293
3665	0.25751611590385437
3666	0.25755223631858826
3667	0.2575596272945404
3668	0.25759509205818176
3669	0.2576000392436981
3670	0.25761690735816956
3671	0.25762128829956055
3672	0.25762420892715454
3673	0.2576645612716675
3674	0.25767436623573303
3675	0.2576787769794464
3676	0.25768980383872986
3677	0.2577489912509918
3678	0.25775131583213806
3679	0.25775474309921265
3680	0.2577880322933197
3681	0.2577980160713196
3682	0.25781184434890747
3683	0.2578147351741791
3684	0.25782743096351624
3685	0.25783491134643555
3686	0.2578442096710205
3687	0.2578665018081665
3688	0.25789692997932434
3689	0.2579428255558014
3690	0.25801971554756165
3691	0.2580214738845825
3692	0.25802674889564514
3693	0.25804057717323303
3694	0.25804418325424194
3695	0.2580469846725464
3696	0.258053719997406
3697	0.2580597996711731
3698	0.2580656111240387
3699	0.25807055830955505
3700	0.2580840289592743
3701	0.2581148147583008
3702	0.25811830163002014
3703	0.25812211632728577
3704	0.25817227363586426
3705	0.2582022249698639
3706	0.2582101821899414
3707	0.25822222232818604
3708	0.2582579553127289
3709	0.25825995206832886
3710	0.2582807242870331
3711	0.2583021819591522
3712	0.2583138346672058
3713	0.25831732153892517
3714	0.2583268880844116
3715	0.2583317458629608
3716	0.25836896896362305
3717	0.2584282159805298
3718	0.258434534072876
3719	0.2584889233112335
3720	0.2585070729255676
3721	0.258518785238266
3722	0.2585613429546356
3723	0.2586996853351593
3724	0.25873395800590515
3725	0.25874051451683044
3726	0.25874778628349304
3727	0.25875285267829895
3728	0.2587753236293793
3729	0.25877663493156433
3730	0.25878798961639404
3731	0.25879958271980286
3732	0.25880634784698486
3733	0.25881892442703247
3734	0.25885048508644104
3735	0.2588656544685364
3736	0.25891396403312683
3737	0.25896620750427246
3738	0.2589755654335022
3739	0.25897887349128723
3740	0.258979856967926
3741	0.25903040170669556
3742	0.2590462565422058
3743	0.2590556740760803
3744	0.2590787410736084
3745	0.2590990662574768
3746	0.259115606546402
3747	0.25912538170814514
3748	0.25913625955581665
3749	0.2591845393180847
3750	0.2591952979564667
3751	0.2592106759548187
3752	0.25935474038124084
3753	0.25938472151756287
3754	0.2593965530395508
3755	0.2594088315963745
3756	0.25944289565086365
3757	0.2594498097896576
3758	0.25948941707611084
3759	0.2594980001449585
3760	0.25952085852622986
3761	0.25953996181488037
3762	0.2595604658126831
3763	0.25956305861473083
3764	0.2595658004283905
3765	0.2595718204975128
3766	0.2596125304698944
3767	0.2596348822116852
3768	0.25969836115837097
3769	0.25970354676246643
3770	0.25971949100494385
3771	0.259733647108078
3772	0.2597408592700958
3773	0.25976723432540894
3774	0.2598287761211395
3775	0.25984254479408264
3776	0.2598702907562256
3777	0.25990357995033264
3778	0.25995323061943054
3779	0.2599918842315674
3780	0.2600250244140625
3781	0.26005715131759644
3782	0.26007384061813354
3783	0.26008445024490356
3784	0.26008644700050354
3785	0.2601313292980194
3786	0.26015210151672363
3787	0.26017484068870544
3788	0.2601897716522217
3789	0.2601926028728485
3790	0.26019853353500366
3791	0.2602018117904663
3792	0.2602890729904175
3793	0.2602926194667816
3794	0.2602955996990204
3795	0.2603020668029785
3796	0.2603045105934143
3797	0.2603594660758972
3798	0.2603731155395508
3799	0.26040518283843994
3800	0.2604129910469055
3801	0.26044100522994995
3802	0.2604696750640869
3803	0.2606261074542999
3804	0.26076754927635193
3805	0.26078659296035767
3806	0.26078855991363525
3807	0.26079002022743225
3808	0.2608012557029724
3809	0.2608121335506439
3810	0.2608202397823334
3811	0.2608989477157593
3812	0.2609240710735321
3813	0.260934978723526
3814	0.2609456479549408
3815	0.2609592378139496
3816	0.2609737515449524
3817	0.2609814703464508
3818	0.2609941363334656
3819	0.26099804043769836
3820	0.2610979676246643
3821	0.2611050307750702
3822	0.26111868023872375
3823	0.2611531913280487
3824	0.2611549496650696
3825	0.26116645336151123
3826	0.2611767649650574
3827	0.26124152541160583
3828	0.26125308871269226
3829	0.26126429438591003
3830	0.26129987835884094
3831	0.2613050937652588
3832	0.26132142543792725
3833	0.2613300383090973
3834	0.26133406162261963
3835	0.2613607347011566
3836	0.2613668739795685
3837	0.26146215200424194
3838	0.26146388053894043
3839	0.26147109270095825
3840	0.261478990316391
3841	0.26149895787239075
3842	0.2615334391593933
3843	0.2615503668785095
3844	0.26155805587768555
3845	0.2615785002708435
3846	0.26158690452575684
3847	0.26159393787384033
3848	0.26159822940826416
3849	0.26159989833831787
3850	0.26163816452026367
3851	0.26165971159935
3852	0.261671781539917
3853	0.2617252767086029
3854	0.2617368996143341
3855	0.26175546646118164
3856	0.2617657780647278
3857	0.2618156671524048
3858	0.26182296872138977
3859	0.2618860602378845
3860	0.26191237568855286
3861	0.26192593574523926
3862	0.26195603609085083
3863	0.261963814496994
3864	0.2619737386703491
3865	0.2619812488555908
3866	0.2619902789592743
3867	0.2620161473751068
3868	0.26202306151390076
3869	0.2620513439178467
3870	0.2620841860771179
3871	0.26209259033203125
3872	0.2621023952960968
3873	0.26216545701026917
3874	0.2622177004814148
3875	0.2622295916080475
3876	0.262239933013916
3877	0.26227524876594543
3878	0.26228687167167664
3879	0.26230934262275696
3880	0.2623496949672699
3881	0.26236581802368164
3882	0.262389600276947
3883	0.26239484548568726
3884	0.26239705085754395
3885	0.2624664902687073
3886	0.2624746263027191
3887	0.26248565316200256
3888	0.26249828934669495
3889	0.2625182867050171
3890	0.2625216543674469
3891	0.2625454366207123
3892	0.26255807280540466
3893	0.2625713646411896
3894	0.2627190947532654
3895	0.26273196935653687
3896	0.2627573013305664
3897	0.26276764273643494
3898	0.26278233528137207
3899	0.2627882957458496
3900	0.26282840967178345
3901	0.26289787888526917
3902	0.26291656494140625
3903	0.2629179060459137
3904	0.26292985677719116
3905	0.26293379068374634
3906	0.2629399597644806
3907	0.2629544138908386
3908	0.2629599869251251
3909	0.2629851996898651
3910	0.26306578516960144
3911	0.2630923390388489
3912	0.2630990147590637
3913	0.26312196254730225
3914	0.263123482465744
3915	0.2631363868713379
3916	0.2631460428237915
3917	0.26317763328552246
3918	0.2632122337818146
3919	0.26324281096458435
3920	0.26324403285980225
3921	0.26327651739120483
3922	0.26336589455604553
3923	0.2633962035179138
3924	0.26341691613197327
3925	0.26344355940818787
3926	0.263521283864975
3927	0.2635349929332733
3928	0.2635475695133209
3929	0.263563871383667
3930	0.2635679841041565
3931	0.26356956362724304
3932	0.2636515498161316
3933	0.2637183666229248
3934	0.2637341320514679
3935	0.26375019550323486
3936	0.263762503862381
3937	0.2637690305709839
3938	0.26377376914024353
3939	0.26378583908081055
3940	0.2637939155101776
3941	0.2638365924358368
3942	0.26391708850860596
3943	0.2639230489730835
3944	0.26393288373947144
3945	0.26394620537757874
3946	0.2639641761779785
3947	0.26397043466567993
3948	0.26403963565826416
3949	0.26406756043434143
3950	0.26408129930496216
3951	0.26411622762680054
3952	0.2641277313232422
3953	0.2641351819038391
3954	0.2641620337963104
3955	0.26417040824890137
3956	0.26418575644493103
3957	0.26420721411705017
3958	0.26421600580215454
3959	0.26423269510269165
3960	0.2642618715763092
3961	0.26426997780799866
3962	0.2642829120159149
3963	0.2642937898635864
3964	0.2643153965473175
3965	0.26432013511657715
3966	0.2643374502658844
3967	0.2643490135669708
3968	0.26435941457748413
3969	0.2643643617630005
3970	0.2643871605396271
3971	0.2643924355506897
3972	0.2643965184688568
3973	0.26440808176994324
3974	0.26442471146583557
3975	0.264455646276474
3976	0.26453474164009094
3977	0.264548122882843
3978	0.2645542323589325
3979	0.264600545167923
3980	0.2646241784095764
3981	0.264678955078125
3982	0.2646791338920593
3983	0.26471343636512756
3984	0.26472610235214233
3985	0.2647341191768646
3986	0.26474741101264954
3987	0.2647603750228882
3988	0.26477813720703125
3989	0.26478660106658936
3990	0.2648138403892517
3991	0.26481688022613525
3992	0.26483869552612305
3993	0.26488205790519714
3994	0.26489731669425964
3995	0.26493027806282043
3996	0.26496854424476624
3997	0.2649914622306824
3998	0.2650132179260254
3999	0.26505911350250244
4000	0.26507699489593506
4001	0.26509854197502136
4002	0.2651052474975586
4003	0.26514795422554016
4004	0.26516762375831604
4005	0.265179842710495
4006	0.2651803195476532
4007	0.26518714427948
4008	0.26518917083740234
4009	0.2652027904987335
4010	0.2652115821838379
4011	0.2652142345905304
4012	0.2652488350868225
4013	0.2652689814567566
4014	0.2652820348739624
4015	0.2653076946735382
4016	0.26532506942749023
4017	0.2653310000896454
4018	0.2653410732746124
4019	0.2653716802597046
4020	0.2654030919075012
4021	0.2654232084751129
4022	0.2654349207878113
4023	0.2654598355293274
4024	0.26548731327056885
4025	0.26549431681632996
4026	0.26552528142929077
4027	0.26557114720344543
4028	0.26557520031929016
4029	0.2656252384185791
4030	0.26564449071884155
4031	0.2656776010990143
4032	0.2657195031642914
4033	0.26579827070236206
4034	0.2658088803291321
4035	0.2658211588859558
4036	0.26588404178619385
4037	0.26592016220092773
4038	0.26598015427589417
4039	0.2660030424594879
4040	0.26601314544677734
4041	0.2660447955131531
4042	0.266057550907135
4043	0.26611655950546265
4044	0.2661435902118683
4045	0.2661636471748352
4046	0.26619765162467957
4047	0.2662010192871094
4048	0.2662486732006073
4049	0.26625117659568787
4050	0.266343355178833
4051	0.2663631737232208
4052	0.26639097929000854
4053	0.26639682054519653
4054	0.26642322540283203
4055	0.2664373219013214
4056	0.26645269989967346
4057	0.2664533853530884
4058	0.26652881503105164
4059	0.2665340304374695
4060	0.26661449670791626
4061	0.2667122781276703
4062	0.26673272252082825
4063	0.26674148440361023
4064	0.2667672336101532
4065	0.2667725086212158
4066	0.26677969098091125
4067	0.26678207516670227
4068	0.26679718494415283
4069	0.26683950424194336
4070	0.2668483257293701
4071	0.2668895423412323
4072	0.26690906286239624
4073	0.2669231593608856
4074	0.26693522930145264
4075	0.26694726943969727
4076	0.2669754922389984
4077	0.2669774889945984
4078	0.26698076725006104
4079	0.2669990658760071
4080	0.2670082449913025
4081	0.2670164704322815
4082	0.2670232951641083
4083	0.2670290470123291
4084	0.26708370447158813
4085	0.26723286509513855
4086	0.26728954911231995
4087	0.2672954797744751
4088	0.26730188727378845
4089	0.2673207223415375
4090	0.2673773467540741
4091	0.2674238085746765
4092	0.2674456536769867
4093	0.2674614489078522
4094	0.26746922731399536
4095	0.26751571893692017
4096	0.2675241231918335
4097	0.26753073930740356
4098	0.267534464597702
4099	0.26754137873649597
4100	0.2675715684890747
4101	0.26757916808128357
4102	0.26758813858032227
4103	0.26759475469589233
4104	0.2676090598106384
4105	0.26767051219940186
4106	0.2676876485347748
4107	0.2677178382873535
4108	0.267763614654541
4109	0.2677747309207916
4110	0.26782339811325073
4111	0.26782387495040894
4112	0.26783081889152527
4113	0.2679036557674408
4114	0.2679177522659302
4115	0.26796063780784607
4116	0.2680077850818634
4117	0.26805657148361206
4118	0.26811280846595764
4119	0.26813453435897827
4120	0.26815009117126465
4121	0.2681634724140167
4122	0.26817163825035095
4123	0.2681935131549835
4124	0.2681970000267029
4125	0.2682066857814789
4126	0.2682207226753235
4127	0.26824358105659485
4128	0.2682466208934784
4129	0.268261194229126
4130	0.2682640552520752
4131	0.2683098316192627
4132	0.26835399866104126
4133	0.2684013843536377
4134	0.2684134840965271
4135	0.2684154510498047
4136	0.2684372067451477
4137	0.2684699594974518
4138	0.26848024129867554
4139	0.26848047971725464
4140	0.26850077509880066
4141	0.26851168274879456
4142	0.2685146629810333
4143	0.26852351427078247
4144	0.26854372024536133
4145	0.26856687664985657
4146	0.2686019539833069
4147	0.2686510682106018
4148	0.26865527033805847
4149	0.26866909861564636
4150	0.2686719298362732
4151	0.2686872184276581
4152	0.26869508624076843
4153	0.2687186896800995
4154	0.2687195837497711
4155	0.2687491476535797
4156	0.2687680721282959
4157	0.26880624890327454
4158	0.2688200771808624
4159	0.2688286304473877
4160	0.268887460231781
4161	0.2689499258995056
4162	0.26897794008255005
4163	0.2689931094646454
4164	0.2689976096153259
4165	0.26904669404029846
4166	0.26904940605163574
4167	0.26913565397262573
4168	0.26915237307548523
4169	0.26919394731521606
4170	0.2692025303840637
4171	0.26921916007995605
4172	0.269243061542511
4173	0.26928097009658813
4174	0.2692958116531372
4175	0.2693226635456085
4176	0.2693388760089874
4177	0.2693615257740021
4178	0.26936861872673035
4179	0.26940035820007324
4180	0.2694125175476074
4181	0.2694443166255951
4182	0.2695157527923584
4183	0.2695327401161194
4184	0.26958611607551575
4185	0.2695964574813843
4186	0.26960113644599915
4187	0.26962509751319885
4188	0.26972082257270813
4189	0.26972588896751404
4190	0.2697528898715973
4191	0.2697545289993286
4192	0.2697753608226776
4193	0.26984071731567383
4194	0.2698442339897156
4195	0.2698575556278229
4196	0.26986271142959595
4197	0.2698742747306824
4198	0.269921213388443
4199	0.269922137260437
4200	0.2699286937713623
4201	0.26995936036109924
4202	0.27003660798072815
4203	0.27004215121269226
4204	0.2700820565223694
4205	0.27009114623069763
4206	0.2700929641723633
4207	0.27011221647262573
4208	0.27013641595840454
4209	0.2701592743396759
4210	0.2701603174209595
4211	0.27020132541656494
4212	0.2702268958091736
4213	0.2702425420284271
4214	0.2702484428882599
4215	0.2702670097351074
4216	0.2702861726284027
4217	0.2702910006046295
4218	0.27029669284820557
4219	0.27030983567237854
4220	0.2703409194946289
4221	0.2703874707221985
4222	0.2704288959503174
4223	0.2704446315765381
4224	0.27045726776123047
4225	0.27052950859069824
4226	0.2705380320549011
4227	0.2705526053905487
4228	0.27055782079696655
4229	0.2705753743648529
4230	0.2705942392349243
4231	0.2706036865711212
4232	0.27061158418655396
4233	0.27066469192504883
4234	0.2706723213195801
4235	0.2706855535507202
4236	0.2707168459892273
4237	0.2707286775112152
4238	0.27074843645095825
4239	0.271068811416626
4240	0.2710739076137543
4241	0.27107882499694824
4242	0.2710859775543213
4243	0.2711189389228821
4244	0.2711260914802551
4245	0.27117419242858887
4246	0.27118563652038574
4247	0.271199107170105
4248	0.2712095081806183
4249	0.2712151110172272
4250	0.2712317407131195
4251	0.27124035358428955
4252	0.2713099420070648
4253	0.2713207006454468
4254	0.271360844373703
4255	0.27137503027915955
4256	0.2714272737503052
4257	0.2714410126209259
4258	0.27145034074783325
4259	0.2714700400829315
4260	0.2714904546737671
4261	0.27149757742881775
4262	0.2715105712413788
4263	0.2715536057949066
4264	0.271583616733551
4265	0.2716454863548279
4266	0.27165666222572327
4267	0.27166998386383057
4268	0.2716769278049469
4269	0.27169105410575867
4270	0.27170827984809875
4271	0.271731436252594
4272	0.2717418372631073
4273	0.27176013588905334
4274	0.27176815271377563
4275	0.27178648114204407
4276	0.27181851863861084
4277	0.2718375325202942
4278	0.27185213565826416
4279	0.27185794711112976
4280	0.27186349034309387
4281	0.2720653712749481
4282	0.27207526564598083
4283	0.2720779776573181
4284	0.27209433913230896
4285	0.2721365690231323
4286	0.2721901535987854
4287	0.2722071409225464
4288	0.2722128927707672
4289	0.27223438024520874
4290	0.27224794030189514
4291	0.2722923159599304
4292	0.27232301235198975
4293	0.27232852578163147
4294	0.2723453640937805
4295	0.2723608911037445
4296	0.272395521402359
4297	0.2724013030529022
4298	0.27240633964538574
4299	0.2724090814590454
4300	0.27242511510849
4301	0.27243131399154663
4302	0.27244433760643005
4303	0.27246665954589844
4304	0.2724817991256714
4305	0.27252307534217834
4306	0.2725381851196289
4307	0.2725517749786377
4308	0.2725716531276703
4309	0.2725818157196045
4310	0.27258870005607605
4311	0.27262043952941895
4312	0.27266669273376465
4313	0.27274954319000244
4314	0.2727719843387604
4315	0.272796630859375
4316	0.2728239893913269
4317	0.27283182740211487
4318	0.2728448510169983
4319	0.27285391092300415
4320	0.2728908061981201
4321	0.2729642689228058
4322	0.272967666387558
4323	0.27300596237182617
4324	0.27302086353302
4325	0.2730385661125183
4326	0.2730586528778076
4327	0.27308130264282227
4328	0.2731097638607025
4329	0.27312129735946655
4330	0.2731424868106842
4331	0.2731451392173767
4332	0.27315643429756165
4333	0.2731698751449585
4334	0.2732067406177521
4335	0.2732437252998352
4336	0.273293137550354
4337	0.2732972502708435
4338	0.2733694911003113
4339	0.27337196469306946
4340	0.27337566018104553
4341	0.27338263392448425
4342	0.27338987588882446
4343	0.27340683341026306
4344	0.27344873547554016
4345	0.27359452843666077
4346	0.27361729741096497
4347	0.2736523449420929
4348	0.27367162704467773
4349	0.2737000584602356
4350	0.27370908856391907
4351	0.27377745509147644
4352	0.2737862467765808
4353	0.2737891674041748
4354	0.27382129430770874
4355	0.2739173173904419
4356	0.2739203870296478
4357	0.2739214599132538
4358	0.2739422023296356
4359	0.2739449143409729
4360	0.27395665645599365
4361	0.27395930886268616
4362	0.27397334575653076
4363	0.27397722005844116
4364	0.2739875614643097
4365	0.2740207612514496
4366	0.27404680848121643
4367	0.2740539014339447
4368	0.2740647494792938
4369	0.2741452753543854
4370	0.27415502071380615
4371	0.2741643190383911
4372	0.27416712045669556
4373	0.2741747200489044
4374	0.2741837501525879
4375	0.27419355511665344
4376	0.2742004096508026
4377	0.2742142379283905
4378	0.27429482340812683
4379	0.2743043303489685
4380	0.2743653953075409
4381	0.274372935295105
4382	0.27437886595726013
4383	0.274392694234848
4384	0.2744092047214508
4385	0.2744118869304657
4386	0.27443814277648926
4387	0.2744535505771637
4388	0.2745070159435272
4389	0.27451783418655396
4390	0.274537056684494
4391	0.2745843529701233
4392	0.2746090888977051
4393	0.2746466100215912
4394	0.2746579349040985
4395	0.2746599614620209
4396	0.2746696174144745
4397	0.2747044563293457
4398	0.2747054398059845
4399	0.27471593022346497
4400	0.2747749090194702
4401	0.274779349565506
4402	0.27484452724456787
4403	0.27487149834632874
4404	0.2748767137527466
4405	0.27490270137786865
4406	0.2749361991882324
4407	0.27495041489601135
4408	0.27495527267456055
4409	0.27510154247283936
4410	0.27511364221572876
4411	0.27514442801475525
4412	0.2752296030521393
4413	0.27523693442344666
4414	0.27527058124542236
4415	0.27530068159103394
4416	0.2753460705280304
4417	0.275354266166687
4418	0.27537450194358826
4419	0.275393009185791
4420	0.2754066288471222
4421	0.27543383836746216
4422	0.2754524350166321
4423	0.27547571063041687
4424	0.275478720664978
4425	0.27548444271087646
4426	0.2755037248134613
4427	0.2755309045314789
4428	0.2755737006664276
4429	0.2755783796310425
4430	0.275582879781723
4431	0.27560490369796753
4432	0.27562811970710754
4433	0.27579644322395325
4434	0.2758093774318695
4435	0.27584919333457947
4436	0.2758583724498749
4437	0.2758731544017792
4438	0.275911420583725
4439	0.27591556310653687
4440	0.2759318947792053
4441	0.2759566903114319
4442	0.27603864669799805
4443	0.2760469317436218
4444	0.27610790729522705
4445	0.2761198580265045
4446	0.2761448323726654
4447	0.2761496603488922
4448	0.27616679668426514
4449	0.27619457244873047
4450	0.2762003242969513
4451	0.2762669026851654
4452	0.27629324793815613
4453	0.27631479501724243
4454	0.2763228714466095
4455	0.2763310968875885
4456	0.2763400971889496
4457	0.27636829018592834
4458	0.2763743996620178
4459	0.27637770771980286
4460	0.27639859914779663
4461	0.2764894664287567
4462	0.2765606939792633
4463	0.27656981348991394
4464	0.27657943964004517
4465	0.27658066153526306
4466	0.27663883566856384
4467	0.2766648530960083
4468	0.27667132019996643
4469	0.2767167091369629
4470	0.27674049139022827
4471	0.2767733633518219
4472	0.2767813801765442
4473	0.27682924270629883
4474	0.2769949734210968
4475	0.27702125906944275
4476	0.2770453691482544
4477	0.27705472707748413
4478	0.2770652770996094
4479	0.2771463990211487
4480	0.27718937397003174
4481	0.27719515562057495
4482	0.27734625339508057
4483	0.27735406160354614
4484	0.27736154198646545
4485	0.27737537026405334
4486	0.27738189697265625
4487	0.2773969769477844
4488	0.27741435170173645
4489	0.2774232029914856
4490	0.2774324417114258
4491	0.2774437665939331
4492	0.2774476110935211
4493	0.27753114700317383
4494	0.2775340676307678
4495	0.27756232023239136
4496	0.2775649130344391
4497	0.27758315205574036
4498	0.2775973677635193
4499	0.27763858437538147
4500	0.2776523530483246
4501	0.27765458822250366
4502	0.2776711583137512
4503	0.2776959240436554
4504	0.27770254015922546
4505	0.27773821353912354
4506	0.2777758836746216
4507	0.27778366208076477
4508	0.27780893445014954
4509	0.2778390944004059
4510	0.27785947918891907
4511	0.2778697907924652
4512	0.27789849042892456
4513	0.2779256999492645
4514	0.2779914438724518
4515	0.27802449464797974
4516	0.2780497670173645
4517	0.27809464931488037
4518	0.27809807658195496
4519	0.27812808752059937
4520	0.27813810110092163
4521	0.27819204330444336
4522	0.27820298075675964
4523	0.2782354950904846
4524	0.2782437801361084
4525	0.27832773327827454
4526	0.27841296792030334
4527	0.27842554450035095
4528	0.278425931930542
4529	0.27843666076660156
4530	0.2784436345100403
4531	0.2785206139087677
4532	0.2785347104072571
4533	0.27861663699150085
4534	0.27864545583724976
4535	0.278667688369751
4536	0.2786754369735718
4537	0.2786940932273865
4538	0.2787086069583893
4539	0.2787180244922638
4540	0.27873098850250244
4541	0.2787744998931885
4542	0.27879610657691956
4543	0.27881115674972534
4544	0.27881789207458496
4545	0.27882814407348633
4546	0.27888041734695435
4547	0.2788887917995453
4548	0.2789088487625122
4549	0.2789820432662964
4550	0.279012531042099
4551	0.27901768684387207
4552	0.2790728807449341
4553	0.2790890038013458
4554	0.27917832136154175
4555	0.2791822850704193
4556	0.2792128026485443
4557	0.2792391777038574
4558	0.2792826294898987
4559	0.27929097414016724
4560	0.27929428219795227
4561	0.27931326627731323
4562	0.27932509779930115
4563	0.2793373465538025
4564	0.27938312292099
4565	0.2793920040130615
4566	0.27944067120552063
4567	0.2794418931007385
4568	0.27946069836616516
4569	0.2794671952724457
4570	0.27954599261283875
4571	0.2795575261116028
4572	0.27957800030708313
4573	0.27963986992836
4574	0.2796688973903656
4575	0.27968934178352356
4576	0.27972155809402466
4577	0.2797483801841736
4578	0.27978983521461487
4579	0.2798021733760834
4580	0.2798188626766205
4581	0.27982810139656067
4582	0.27984824776649475
4583	0.27988582849502563
4584	0.27990901470184326
4585	0.2799167037010193
4586	0.2799336016178131
4587	0.27999845147132874
4588	0.2800236642360687
4589	0.2802127003669739
4590	0.2802444100379944
4591	0.28025826811790466
4592	0.28028279542922974
4593	0.2802872061729431
4594	0.2803058922290802
4595	0.2803175747394562
4596	0.28035804629325867
4597	0.28036952018737793
4598	0.28038567304611206
4599	0.280502587556839
4600	0.280523419380188
4601	0.28053322434425354
4602	0.28056272864341736
4603	0.28058695793151855
4604	0.28059497475624084
4605	0.2806048095226288
4606	0.2806691825389862
4607	0.2806951701641083
4608	0.28072550892829895
4609	0.2807340919971466
4610	0.28074005246162415
4611	0.2807669937610626
4612	0.280775785446167
4613	0.2807808518409729
4614	0.28079771995544434
4615	0.280808687210083
4616	0.2808390259742737
4617	0.2808520495891571
4618	0.2808803617954254
4619	0.28100404143333435
4620	0.28105628490448
4621	0.2811076045036316
4622	0.28113579750061035
4623	0.28114616870880127
4624	0.28115901350975037
4625	0.2812044024467468
4626	0.2812056243419647
4627	0.28121310472488403
4628	0.2812318801879883
4629	0.28125160932540894
4630	0.2812926769256592
4631	0.2813660502433777
4632	0.28138813376426697
4633	0.28140488266944885
4634	0.2814185917377472
4635	0.28146496415138245
4636	0.28147125244140625
4637	0.28147420287132263
4638	0.2814847528934479
4639	0.281512051820755
4640	0.28155702352523804
4641	0.28157714009284973
4642	0.28158989548683167
4643	0.2816115915775299
4644	0.2816382646560669
4645	0.2816399335861206
4646	0.2816444933414459
4647	0.28166449069976807
4648	0.2817208468914032
4649	0.28172487020492554
4650	0.2817351222038269
4651	0.28174376487731934
4652	0.2817506790161133
4653	0.2818045914173126
4654	0.28181543946266174
4655	0.282027006149292
4656	0.2820378839969635
4657	0.2820889353752136
4658	0.28210875391960144
4659	0.2821797728538513
4660	0.28218141198158264
4661	0.2821877598762512
4662	0.2823486030101776
4663	0.28235360980033875
4664	0.2823598384857178
4665	0.282476544380188
4666	0.2825503945350647
4667	0.28257033228874207
4668	0.28264251351356506
4669	0.28264719247817993
4670	0.28265702724456787
4671	0.2826710641384125
4672	0.2826957404613495
4673	0.2827281951904297
4674	0.28272998332977295
4675	0.2827673852443695
4676	0.2827901542186737
4677	0.28280961513519287
4678	0.28281399607658386
4679	0.2828827500343323
4680	0.2829133868217468
4681	0.28298458456993103
4682	0.282989501953125
4683	0.28299880027770996
4684	0.2830090820789337
4685	0.2830240726470947
4686	0.2830568552017212
4687	0.28320661187171936
4688	0.28320926427841187
4689	0.2832255959510803
4690	0.2832353711128235
4691	0.2832423150539398
4692	0.2832437753677368
4693	0.2832827866077423
4694	0.2833496630191803
4695	0.2833934426307678
4696	0.2834325134754181
4697	0.2834477722644806
4698	0.2835274934768677
4699	0.28359556198120117
4700	0.2835986018180847
4701	0.2836063802242279
4702	0.28364285826683044
4703	0.2837018668651581
4704	0.28371912240982056
4705	0.28372013568878174
4706	0.28373801708221436
4707	0.28373944759368896
4708	0.2838803231716156
4709	0.2839094400405884
4710	0.2839203178882599
4711	0.2839590311050415
4712	0.28395989537239075
4713	0.2839685082435608
4714	0.28397488594055176
4715	0.2840134799480438
4716	0.28401753306388855
4717	0.2840399742126465
4718	0.28404614329338074
4719	0.2840525209903717
4720	0.28405869007110596
4721	0.28407517075538635
4722	0.28409209847450256
4723	0.28410065174102783
4724	0.28411510586738586
4725	0.2842235267162323
4726	0.2842312157154083
4727	0.284275621175766
4728	0.28429219126701355
4729	0.28433677554130554
4730	0.28435224294662476
4731	0.28444743156433105
4732	0.2844516336917877
4733	0.28445789217948914
4734	0.2845276892185211
4735	0.28455498814582825
4736	0.28455978631973267
4737	0.2845876216888428
4738	0.2845905125141144
4739	0.2845948338508606
4740	0.28460919857025146
4741	0.2846117615699768
4742	0.2846154570579529
4743	0.2846280336380005
4744	0.2846417725086212
4745	0.28471171855926514
4746	0.28484877943992615
4747	0.2848615348339081
4748	0.28494590520858765
4749	0.284953773021698
4750	0.28496381640434265
4751	0.28500521183013916
4752	0.2850145101547241
4753	0.2850274443626404
4754	0.28503504395484924
4755	0.2850434184074402
4756	0.2852739095687866
4757	0.28530609607696533
4758	0.2853126525878906
4759	0.28532251715660095
4760	0.28532466292381287
4761	0.28534996509552
4762	0.28536269068717957
4763	0.2853892743587494
4764	0.28539806604385376
4765	0.28540757298469543
4766	0.2854359745979309
4767	0.28544020652770996
4768	0.2854694128036499
4769	0.2854924201965332
4770	0.2854989171028137
4771	0.28551092743873596
4772	0.2855203151702881
4773	0.2855643928050995
4774	0.2855689525604248
4775	0.28558337688446045
4776	0.28566834330558777
4777	0.2856818735599518
4778	0.2856973707675934
4779	0.28570619225502014
4780	0.2857229709625244
4781	0.28573381900787354
4782	0.285784512758255
4783	0.28582635521888733
4784	0.28584325313568115
4785	0.2858448624610901
4786	0.2858508825302124
4787	0.2858666181564331
4788	0.2858699858188629
4789	0.28591272234916687
4790	0.2859523892402649
4791	0.2859661281108856
4792	0.28598469495773315
4793	0.28599703311920166
4794	0.2860192656517029
4795	0.28602293133735657
4796	0.28602784872055054
4797	0.2860412299633026
4798	0.2860470116138458
4799	0.28604939579963684
4800	0.2860604524612427
4801	0.28609758615493774
4802	0.28621289134025574
4803	0.28622981905937195
4804	0.28623127937316895
4805	0.2862597107887268
4806	0.28631967306137085
4807	0.28634732961654663
4808	0.28635114431381226
4809	0.28638309240341187
4810	0.2864261567592621
4811	0.28643256425857544
4812	0.28646913170814514
4813	0.28653931617736816
4814	0.28655651211738586
4815	0.2865616977214813
4816	0.28656527400016785
4817	0.2865770757198334
4818	0.28661009669303894
4819	0.28663045167922974
4820	0.2866511046886444
4821	0.28666654229164124
4822	0.2867065370082855
4823	0.28671711683273315
4824	0.286726713180542
4825	0.2867555618286133
4826	0.28684234619140625
4827	0.28685304522514343
4828	0.28688159584999084
4829	0.2868952751159668
4830	0.28690105676651
4831	0.28693151473999023
4832	0.2869555354118347
4833	0.2869718372821808
4834	0.28699395060539246
4835	0.2870141565799713
4836	0.28701767325401306
4837	0.2871886193752289
4838	0.28720420598983765
4839	0.28722748160362244
4840	0.28724241256713867
4841	0.28724828362464905
4842	0.28725963830947876
4843	0.2872677743434906
4844	0.2873111963272095
4845	0.2873263657093048
4846	0.28733888268470764
4847	0.2873440682888031
4848	0.28747695684432983
4849	0.2874833941459656
4850	0.2874904274940491
4851	0.28767380118370056
4852	0.28768429160118103
4853	0.28768840432167053
4854	0.2877049446105957
4855	0.2877328395843506
4856	0.28775450587272644
4857	0.2877911627292633
4858	0.28780025243759155
4859	0.28793206810951233
4860	0.2879788875579834
4861	0.28801193833351135
4862	0.2880183458328247
4863	0.2880796492099762
4864	0.2880868911743164
4865	0.288093626499176
4866	0.2881048023700714
4867	0.2881108820438385
4868	0.28812214732170105
4869	0.2881588637828827
4870	0.2881651818752289
4871	0.28821101784706116
4872	0.2882826030254364
4873	0.28828492760658264
4874	0.2883050739765167
4875	0.2883225679397583
4876	0.2883360683917999
4877	0.288357675075531
4878	0.2884381115436554
4879	0.28845590353012085
4880	0.28846925497055054
4881	0.28848081827163696
4882	0.2884986400604248
4883	0.2885052561759949
4884	0.28851333260536194
4885	0.288729190826416
4886	0.2887471616268158
4887	0.2887730896472931
4888	0.2887832522392273
4889	0.28881633281707764
4890	0.28882551193237305
4891	0.2888414263725281
4892	0.2888789474964142
4893	0.28888094425201416
4894	0.2888828217983246
4895	0.28889572620391846
4896	0.28891196846961975
4897	0.28893718123435974
4898	0.2890300452709198
4899	0.2890443801879883
4900	0.28908565640449524
4901	0.28909358382225037
4902	0.2891107201576233
4903	0.28911370038986206
4904	0.2892378568649292
4905	0.2892884612083435
4906	0.289320170879364
4907	0.2893238365650177
4908	0.28933072090148926
4909	0.28934183716773987
4910	0.28936290740966797
4911	0.2894020676612854
4912	0.28942814469337463
4913	0.28943800926208496
4914	0.28949683904647827
4915	0.2895043194293976
4916	0.289524644613266
4917	0.2895686626434326
4918	0.2896313965320587
4919	0.2896386384963989
4920	0.289702445268631
4921	0.28971248865127563
4922	0.2897455394268036
4923	0.2897556722164154
4924	0.2897796034812927
4925	0.28980544209480286
4926	0.2898572087287903
4927	0.2898893654346466
4928	0.2899293303489685
4929	0.28998488187789917
4930	0.2899903655052185
4931	0.29000887274742126
4932	0.2900373041629791
4933	0.2900450527667999
4934	0.29005083441734314
4935	0.29005587100982666
4936	0.29012393951416016
4937	0.29016396403312683
4938	0.2901704013347626
4939	0.29017528891563416
4940	0.29023611545562744
4941	0.29026907682418823
4942	0.29027363657951355
4943	0.2902766168117523
4944	0.29027989506721497
4945	0.29030081629753113
4946	0.29031577706336975
4947	0.29032713174819946
4948	0.2903563678264618
4949	0.29036325216293335
4950	0.29038161039352417
4951	0.29040098190307617
4952	0.29040461778640747
4953	0.290412575006485
4954	0.29041871428489685
4955	0.29042938351631165
4956	0.29043206572532654
4957	0.2905152440071106
4958	0.2905360162258148
4959	0.29056301712989807
4960	0.29065582156181335
4961	0.29067447781562805
4962	0.29068344831466675
4963	0.29069995880126953
4964	0.2907105088233948
4965	0.29071709513664246
4966	0.2907286584377289
4967	0.2907480001449585
4968	0.2907758057117462
4969	0.2907859683036804
4970	0.2907886505126953
4971	0.29083696007728577
4972	0.2908638119697571
4973	0.29087355732917786
4974	0.29088306427001953
4975	0.2908966541290283
4976	0.2909027934074402
4977	0.2909061014652252
4978	0.2909104824066162
4979	0.2909547686576843
4980	0.29097887873649597
4981	0.29099568724632263
4982	0.29099950194358826
4983	0.291011780500412
4984	0.2910212576389313
4985	0.2910284996032715
4986	0.29107651114463806
4987	0.2911389172077179
4988	0.2912183105945587
4989	0.29122430086135864
4990	0.29124754667282104
4991	0.29125460982322693
4992	0.29126453399658203
4993	0.29128196835517883
4994	0.2913115918636322
4995	0.2913382351398468
4996	0.29137948155403137
4997	0.2914043068885803
4998	0.2914106547832489
4999	0.2914159297943115
5000	0.2914190888404846
5001	0.29143550992012024
5002	0.2914362847805023
5003	0.29149502515792847
5004	0.29151999950408936
5005	0.2915327847003937
5006	0.2915467917919159
5007	0.2915534973144531
5008	0.2915841341018677
5009	0.2916410267353058
5010	0.29164934158325195
5011	0.29167982935905457
5012	0.2917289137840271
5013	0.2917631268501282
5014	0.2917895019054413
5015	0.2917976975440979
5016	0.29180002212524414
5017	0.2918343245983124
5018	0.2918659746646881
5019	0.29188859462738037
5020	0.2919055223464966
5021	0.29190903902053833
5022	0.29195505380630493
5023	0.2919614017009735
5024	0.2919873297214508
5025	0.2920062839984894
5026	0.2920149862766266
5027	0.29201796650886536
5028	0.29202699661254883
5029	0.2920340299606323
5030	0.2921099066734314
5031	0.29212793707847595
5032	0.2921759784221649
5033	0.2921822667121887
5034	0.2922033965587616
5035	0.2922162413597107
5036	0.292246550321579
5037	0.2922532558441162
5038	0.2922670841217041
5039	0.29228344559669495
5040	0.29231905937194824
5041	0.29234880208969116
5042	0.2923899292945862
5043	0.292404443025589
5044	0.2924397885799408
5045	0.29261085391044617
5046	0.2926260232925415
5047	0.29263925552368164
5048	0.2926744222640991
5049	0.29268011450767517
5050	0.292693167924881
5051	0.2927144467830658
5052	0.29273027181625366
5053	0.29275065660476685
5054	0.29275596141815186
5055	0.2927625775337219
5056	0.29278063774108887
5057	0.2927912473678589
5058	0.2928232252597809
5059	0.29282861948013306
5060	0.2928318381309509
5061	0.292851060628891
5062	0.2928720712661743
5063	0.2929098606109619
5064	0.29291462898254395
5065	0.29300934076309204
5066	0.29304298758506775
5067	0.29304543137550354
5068	0.2930523753166199
5069	0.2930571734905243
5070	0.2930985391139984
5071	0.29311254620552063
5072	0.2931211292743683
5073	0.29312631487846375
5074	0.29314345121383667
5075	0.293155312538147
5076	0.293159544467926
5077	0.29317420721054077
5078	0.29318469762802124
5079	0.293212354183197
5080	0.2932279706001282
5081	0.2932499051094055
5082	0.29325562715530396
5083	0.2932620346546173
5084	0.2932654321193695
5085	0.2932747006416321
5086	0.293293297290802
5087	0.29330554604530334
5088	0.2933898866176605
5089	0.29339805245399475
5090	0.29341381788253784
5091	0.29342523217201233
5092	0.29342612624168396
5093	0.2934522330760956
5094	0.29346710443496704
5095	0.29347091913223267
5096	0.2934751808643341
5097	0.29348424077033997
5098	0.29353898763656616
5099	0.29354244470596313
5100	0.29356899857521057
5101	0.29360780119895935
5102	0.2936086654663086
5103	0.2936180830001831
5104	0.29364141821861267
5105	0.293650358915329
5106	0.2936529815196991
5107	0.2936573922634125
5108	0.2937527596950531
5109	0.29417747259140015
5110	0.2941789925098419
5111	0.294185996055603
5112	0.29418742656707764
5113	0.2942050099372864
5114	0.2942093014717102
5115	0.29425865411758423
5116	0.29428765177726746
5117	0.29429948329925537
5118	0.2943263351917267
5119	0.2944374680519104
5120	0.29450154304504395
5121	0.29451167583465576
5122	0.2945253252983093
5123	0.2945380210876465
5124	0.2945832908153534
5125	0.29460105299949646
5126	0.2946067452430725
5127	0.29468703269958496
5128	0.29469001293182373
5129	0.2947010099887848
5130	0.29477447271347046
5131	0.2948145866394043
5132	0.2948274314403534
5133	0.29493221640586853
5134	0.2949364185333252
5135	0.2949504852294922
5136	0.2952611744403839
5137	0.29527023434638977
5138	0.29528898000717163
5139	0.2953123152256012
5140	0.2953225374221802
5141	0.29533058404922485
5142	0.29533931612968445
5143	0.29534754157066345
5144	0.2953762710094452
5145	0.29539114236831665
5146	0.29540330171585083
5147	0.2954155504703522
5148	0.29547053575515747
5149	0.29548031091690063
5150	0.2955252230167389
5151	0.2955310344696045
5152	0.29553893208503723
5153	0.2955525517463684
5154	0.2955562174320221
5155	0.2956015169620514
5156	0.29560521245002747
5157	0.2956554591655731
5158	0.29576143622398376
5159	0.2957773208618164
5160	0.2957843840122223
5161	0.295797199010849
5162	0.29580041766166687
5163	0.2958036959171295
5164	0.2958218455314636
5165	0.2958267033100128
5166	0.2958478629589081
5167	0.2959464490413666
5168	0.2960103452205658
5169	0.2960122525691986
5170	0.2960442006587982
5171	0.29605695605278015
5172	0.2961216866970062
5173	0.2961249053478241
5174	0.2961423695087433
5175	0.29616791009902954
5176	0.29623720049858093
5177	0.2962389588356018
5178	0.29624369740486145
5179	0.2962704598903656
5180	0.2962770462036133
5181	0.29628345370292664
5182	0.2962910234928131
5183	0.2963063716888428
5184	0.2963170111179352
5185	0.2963637709617615
5186	0.29639706015586853
5187	0.29646822810173035
5188	0.2964974045753479
5189	0.296512246131897
5190	0.2965167462825775
5191	0.29652708768844604
5192	0.2965516149997711
5193	0.2965587079524994
5194	0.2965629994869232
5195	0.2965819239616394
5196	0.29661744832992554
5197	0.29663723707199097
5198	0.296653151512146
5199	0.29674434661865234
5200	0.29692238569259644
5201	0.2969385087490082
5202	0.29694002866744995
5203	0.2969532907009125
5204	0.2970806062221527
5205	0.29709744453430176
5206	0.29711419343948364
5207	0.29712313413619995
5208	0.2971649467945099
5209	0.2971857190132141
5210	0.29718729853630066
5211	0.29720407724380493
5212	0.29722094535827637
5213	0.29722678661346436
5214	0.2972428798675537
5215	0.29725486040115356
5216	0.297271192073822
5217	0.2972851097583771
5218	0.2973882555961609
5219	0.2974151372909546
5220	0.2974433898925781
5221	0.29748809337615967
5222	0.2975064516067505
5223	0.29753533005714417
5224	0.29756540060043335
5225	0.2975725531578064
5226	0.29758384823799133
5227	0.29759305715560913
5228	0.29760974645614624
5229	0.29761621356010437
5230	0.2976208031177521
5231	0.29765188694000244
5232	0.29765474796295166
5233	0.2976701259613037
5234	0.29769623279571533
5235	0.2977212071418762
5236	0.29775115847587585
5237	0.29776865243911743
5238	0.29777979850769043
5239	0.2978079915046692
5240	0.2978091835975647
5241	0.29782167077064514
5242	0.29783305525779724
5243	0.2978413999080658
5244	0.29785892367362976
5245	0.2978597581386566
5246	0.29789867997169495
5247	0.29799559712409973
5248	0.29800423979759216
5249	0.29801660776138306
5250	0.2980338931083679
5251	0.29803594946861267
5252	0.2980416715145111
5253	0.29804527759552
5254	0.29805007576942444
5255	0.2980514466762543
5256	0.2980615198612213
5257	0.2981016933917999
5258	0.29813480377197266
5259	0.2981397211551666
5260	0.29816582798957825
5261	0.2981833815574646
5262	0.29821497201919556
5263	0.2982809841632843
5264	0.2982920706272125
5265	0.2983136773109436
5266	0.2983233630657196
5267	0.2983236014842987
5268	0.29834502935409546
5269	0.2983520030975342
5270	0.29836222529411316
5271	0.29841962456703186
5272	0.2984556257724762
5273	0.29845666885375977
5274	0.2984771728515625
5275	0.2984904944896698
5276	0.2984939217567444
5277	0.29853031039237976
5278	0.2985464036464691
5279	0.298552930355072
5280	0.29858964681625366
5281	0.29859262704849243
5282	0.2986004650592804
5283	0.29860466718673706
5284	0.2986157238483429
5285	0.29861971735954285
5286	0.2986421287059784
5287	0.2986645996570587
5288	0.2986714541912079
5289	0.298675000667572
5290	0.2987130880355835
5291	0.2987498342990875
5292	0.29877257347106934
5293	0.2987789809703827
5294	0.2988456189632416
5295	0.2988518178462982
5296	0.29886025190353394
5297	0.29887616634368896
5298	0.2989019453525543
5299	0.2989288568496704
5300	0.29893553256988525
5301	0.29894495010375977
5302	0.29895126819610596
5303	0.29895269870758057
5304	0.298961877822876
5305	0.29898062348365784
5306	0.29899078607559204
5307	0.29899290204048157
5308	0.29904115200042725
5309	0.2991260588169098
5310	0.2991480529308319
5311	0.29917454719543457
5312	0.2991880774497986
5313	0.299209326505661
5314	0.29921048879623413
5315	0.2992387115955353
5316	0.29925090074539185
5317	0.29926472902297974
5318	0.2992987334728241
5319	0.29931560158729553
5320	0.2993171811103821
5321	0.2993212342262268
5322	0.2993431091308594
5323	0.2993868291378021
5324	0.299430251121521
5325	0.29943573474884033
5326	0.2994515299797058
5327	0.2995070815086365
5328	0.2995195686817169
5329	0.2995300889015198
5330	0.299599289894104
5331	0.29960158467292786
5332	0.2996179163455963
5333	0.29962727427482605
5334	0.2996561527252197
5335	0.2996644377708435
5336	0.2997226119041443
5337	0.29974421858787537
5338	0.2997581958770752
5339	0.2997783422470093
5340	0.299792617559433
5341	0.29979878664016724
5342	0.29984086751937866
5343	0.29990354180336
5344	0.2999073266983032
5345	0.2999250292778015
5346	0.2999320924282074
5347	0.2999429702758789
5348	0.29996711015701294
5349	0.29997193813323975
5350	0.2999770939350128
5351	0.2999802827835083
5352	0.30002644658088684
5353	0.30003875494003296
5354	0.30004626512527466
5355	0.300152450799942
5356	0.30019235610961914
5357	0.3002057373523712
5358	0.30020758509635925
5359	0.300211101770401
5360	0.30021774768829346
5361	0.300234317779541
5362	0.300237774848938
5363	0.30024853348731995
5364	0.3002501428127289
5365	0.300256609916687
5366	0.300258070230484
5367	0.3002621829509735
5368	0.30027449131011963
5369	0.3002885580062866
5370	0.3002997934818268
5371	0.30031585693359375
5372	0.3003280758857727
5373	0.3005276322364807
5374	0.30058449506759644
5375	0.30059337615966797
5376	0.3006133437156677
5377	0.30063310265541077
5378	0.3006387948989868
5379	0.3006829023361206
5380	0.3007024824619293
5381	0.3007384240627289
5382	0.3008001744747162
5383	0.300825834274292
5384	0.30083924531936646
5385	0.3008553385734558
5386	0.30085626244544983
5387	0.30085721611976624
5388	0.300859659910202
5389	0.3009015619754791
5390	0.3009447455406189
5391	0.30094674229621887
5392	0.30095556378364563
5393	0.3009607791900635
5394	0.30096933245658875
5395	0.30098408460617065
5396	0.3010055124759674
5397	0.3012158274650574
5398	0.30121782422065735
5399	0.3012234568595886
5400	0.30123671889305115
5401	0.3012426197528839
5402	0.30125921964645386
5403	0.3012832701206207
5404	0.3012860119342804
5405	0.30129334330558777
5406	0.3013320565223694
5407	0.30134880542755127
5408	0.30136892199516296
5409	0.30141669511795044
5410	0.30142030119895935
5411	0.3014625310897827
5412	0.3014633059501648
5413	0.30152884125709534
5414	0.30156099796295166
5415	0.30157506465911865
5416	0.3015826940536499
5417	0.30162906646728516
5418	0.3016621172428131
5419	0.3016960918903351
5420	0.3017006814479828
5421	0.3017164170742035
5422	0.30173200368881226
5423	0.30173543095588684
5424	0.3017730712890625
5425	0.3018392026424408
5426	0.3018426299095154
5427	0.30185121297836304
5428	0.3018798828125
5429	0.30188584327697754
5430	0.30188924074172974
5431	0.30189698934555054
5432	0.3019230365753174
5433	0.30192455649375916
5434	0.30194517970085144
5435	0.301992267370224
5436	0.30200615525245667
5437	0.30205145478248596
5438	0.3020644783973694
5439	0.3020816147327423
5440	0.3021182417869568
5441	0.3021296262741089
5442	0.3021332621574402
5443	0.30215534567832947
5444	0.3021721839904785
5445	0.3021741211414337
5446	0.3021867573261261
5447	0.3021906018257141
5448	0.30220702290534973
5449	0.3022279739379883
5450	0.30225926637649536
5451	0.3022911548614502
5452	0.30231696367263794
5453	0.30232542753219604
5454	0.30245327949523926
5455	0.3025061786174774
5456	0.30250710248947144
5457	0.3025972247123718
5458	0.3026522397994995
5459	0.30266842246055603
5460	0.3027104139328003
5461	0.3027345538139343
5462	0.30276426672935486
5463	0.30282896757125854
5464	0.30283692479133606
5465	0.3029022514820099
5466	0.30298128724098206
5467	0.30298858880996704
5468	0.30299848318099976
5469	0.3031659424304962
5470	0.30317994952201843
5471	0.3032001852989197
5472	0.30321770906448364
5473	0.3032190501689911
5474	0.30323874950408936
5475	0.3032434582710266
5476	0.30324915051460266
5477	0.3032627999782562
5478	0.3032841086387634
5479	0.30330514907836914
5480	0.3033183813095093
5481	0.30337315797805786
5482	0.30340123176574707
5483	0.3034110367298126
5484	0.3034307658672333
5485	0.3034389913082123
5486	0.3034575283527374
5487	0.3034648597240448
5488	0.3034946620464325
5489	0.30351942777633667
5490	0.3035268485546112
5491	0.3035515248775482
5492	0.3035666048526764
5493	0.30357399582862854
5494	0.3036022186279297
5495	0.30360397696495056
5496	0.30362266302108765
5497	0.30363649129867554
5498	0.30365654826164246
5499	0.3036769926548004
5500	0.30368801951408386
5501	0.30386415123939514
5502	0.30386897921562195
5503	0.3038805425167084
5504	0.3039088547229767
5505	0.3039380609989166
5506	0.3039509952068329
5507	0.30396440625190735
5508	0.30397990345954895
5509	0.30398234724998474
5510	0.3039979934692383
5511	0.30402082204818726
5512	0.3040538728237152
5513	0.3040629029273987
5514	0.30406543612480164
5515	0.3040795922279358
5516	0.3041057586669922
5517	0.3041183650493622
5518	0.3041226863861084
5519	0.30416372418403625
5520	0.30416879057884216
5521	0.3041718602180481
5522	0.3041893541812897
5523	0.3041937053203583
5524	0.30419856309890747
5525	0.30420902371406555
5526	0.3042229413986206
5527	0.30424514412879944
5528	0.30427277088165283
5529	0.30429238080978394
5530	0.30429452657699585
5531	0.30431628227233887
5532	0.3043501079082489
5533	0.3043948709964752
5534	0.3044053018093109
5535	0.3044261336326599
5536	0.3044344186782837
5537	0.3044448494911194
5538	0.30450883507728577
5539	0.3045200705528259
5540	0.30453673005104065
5541	0.3045433759689331
5542	0.30455416440963745
5543	0.3045886158943176
5544	0.304701030254364
5545	0.30482709407806396
5546	0.30486124753952026
5547	0.304874449968338
5548	0.3048812448978424
5549	0.30488908290863037
5550	0.3049033582210541
5551	0.3050079345703125
5552	0.3050159513950348
5553	0.30502229928970337
5554	0.30504897236824036
5555	0.30505988001823425
5556	0.3050658404827118
5557	0.3051047623157501
5558	0.30511564016342163
5559	0.30526772141456604
5560	0.3052801787853241
5561	0.30534878373146057
5562	0.3053544759750366
5563	0.3053623139858246
5564	0.3054080009460449
5565	0.30545905232429504
5566	0.305472195148468
5567	0.3054763972759247
5568	0.3054962158203125
5569	0.3055117130279541
5570	0.30553698539733887
5571	0.3055458664894104
5572	0.305591881275177
5573	0.3056395649909973
5574	0.30566662549972534
5575	0.3056733012199402
5576	0.30568817257881165
5577	0.3056904375553131
5578	0.3057141602039337
5579	0.3057301640510559
5580	0.30573228001594543
5581	0.3057568669319153
5582	0.3057595491409302
5583	0.3057616055011749
5584	0.30581390857696533
5585	0.30582287907600403
5586	0.3058357536792755
5587	0.30585038661956787
5588	0.3058816194534302
5589	0.3058931231498718
5590	0.3058963716030121
5591	0.3059145212173462
5592	0.3059348464012146
5593	0.30594149231910706
5594	0.3059512674808502
5595	0.30600306391716003
5596	0.30601927638053894
5597	0.3060412108898163
5598	0.30607444047927856
5599	0.30608275532722473
5600	0.30609163641929626
5601	0.3061065375804901
5602	0.30613234639167786
5603	0.3061372935771942
5604	0.3061751425266266
5605	0.3061864674091339
5606	0.3062087297439575
5607	0.306254506111145
5608	0.3062674105167389
5609	0.30628496408462524
5610	0.30630502104759216
5611	0.3063143789768219
5612	0.30631721019744873
5613	0.30632585287094116
5614	0.3063354194164276
5615	0.30638810992240906
5616	0.3064092993736267
5617	0.30643612146377563
5618	0.306439608335495
5619	0.3064686357975006
5620	0.3064817190170288
5621	0.30648329854011536
5622	0.30648818612098694
5623	0.30681559443473816
5624	0.3068222105503082
5625	0.3068239986896515
5626	0.30682945251464844
5627	0.30683276057243347
5628	0.30684757232666016
5629	0.3068481683731079
5630	0.3068871796131134
5631	0.3068966567516327
5632	0.30689918994903564
5633	0.30691906809806824
5634	0.3069266378879547
5635	0.30692899227142334
5636	0.30699384212493896
5637	0.3070184886455536
5638	0.3070227801799774
5639	0.307037353515625
5640	0.3070441782474518
5641	0.30705317854881287
5642	0.30706557631492615
5643	0.30706968903541565
5644	0.30708804726600647
5645	0.3070910573005676
5646	0.3071036636829376
5647	0.30716943740844727
5648	0.3071790635585785
5649	0.307201623916626
5650	0.3072225749492645
5651	0.3072405159473419
5652	0.3072713613510132
5653	0.30727994441986084
5654	0.3072865307331085
5655	0.3073008954524994
5656	0.30731335282325745
5657	0.30733752250671387
5658	0.3073503375053406
5659	0.30739670991897583
5660	0.30741190910339355
5661	0.3074244260787964
5662	0.3074296712875366
5663	0.3074379563331604
5664	0.3074849247932434
5665	0.3074910640716553
5666	0.30750221014022827
5667	0.3075113296508789
5668	0.30753257870674133
5669	0.30756035447120667
5670	0.3076010048389435
5671	0.3076498806476593
5672	0.30765920877456665
5673	0.30767008662223816
5674	0.30771511793136597
5675	0.30772170424461365
5676	0.3077336847782135
5677	0.3077423572540283
5678	0.30774563550949097
5679	0.3077601194381714
5680	0.307768315076828
5681	0.30777573585510254
5682	0.30778637528419495
5683	0.3078104853630066
5684	0.3078347444534302
5685	0.3078410029411316
5686	0.3078579604625702
5687	0.30787885189056396
5688	0.3078927993774414
5689	0.3078990876674652
5690	0.30791357159614563
5691	0.30791816115379333
5692	0.3079202175140381
5693	0.3079719841480255
5694	0.3079806864261627
5695	0.30801039934158325
5696	0.3080172836780548
5697	0.3080255389213562
5698	0.3080579340457916
5699	0.3080620765686035
5700	0.3080671429634094
5701	0.3080962002277374
5702	0.30812492966651917
5703	0.308138370513916
5704	0.30816927552223206
5705	0.30817338824272156
5706	0.3081859052181244
5707	0.3082016706466675
5708	0.30820518732070923
5709	0.3082069754600525
5710	0.30822888016700745
5711	0.30826613306999207
5712	0.3082880973815918
5713	0.3083091974258423
5714	0.30831822752952576
5715	0.30832815170288086
5716	0.3083418905735016
5717	0.30840447545051575
5718	0.3085012137889862
5719	0.30852651596069336
5720	0.30853864550590515
5721	0.30858203768730164
5722	0.3086767792701721
5723	0.3087293803691864
5724	0.3087408244609833
5725	0.30875590443611145
5726	0.30878323316574097
5727	0.3088023364543915
5728	0.3088245689868927
5729	0.3088498115539551
5730	0.3088698983192444
5731	0.3089124262332916
5732	0.3089194893836975
5733	0.3089507520198822
5734	0.30896055698394775
5735	0.30897945165634155
5736	0.308986634016037
5737	0.3089928925037384
5738	0.30899426341056824
5739	0.3090294599533081
5740	0.3090537190437317
5741	0.3090771436691284
5742	0.30907773971557617
5743	0.3090845048427582
5744	0.3091009557247162
5745	0.3092758059501648
5746	0.3092948794364929
5747	0.30932411551475525
5748	0.30932629108428955
5749	0.3093413710594177
5750	0.30941763520240784
5751	0.3094189167022705
5752	0.30942249298095703
5753	0.3095012605190277
5754	0.3095213770866394
5755	0.3095232844352722
5756	0.3095546066761017
5757	0.3095642328262329
5758	0.30957967042922974
5759	0.3096046447753906
5760	0.30968260765075684
5761	0.30969858169555664
5762	0.30970990657806396
5763	0.3097112476825714
5764	0.30972808599472046
5765	0.30974575877189636
5766	0.3097915053367615
5767	0.3098037838935852
5768	0.3098054528236389
5769	0.3098228871822357
5770	0.30983197689056396
5771	0.3098539710044861
5772	0.3098793029785156
5773	0.30988040566444397
5774	0.3099142014980316
5775	0.309918075799942
5776	0.3099265694618225
5777	0.3099389970302582
5778	0.30994829535484314
5779	0.3099668622016907
5780	0.3099825382232666
5781	0.3100103437900543
5782	0.3100273609161377
5783	0.31002992391586304
5784	0.3100528120994568
5785	0.3100532591342926
5786	0.31007370352745056
5787	0.31012189388275146
5788	0.3101300895214081
5789	0.31016165018081665
5790	0.3101638853549957
5791	0.3101663887500763
5792	0.31017547845840454
5793	0.31018006801605225
5794	0.31018269062042236
5795	0.3102726936340332
5796	0.3104862570762634
5797	0.3104986846446991
5798	0.3105050325393677
5799	0.3105090260505676
5800	0.3105863034725189
5801	0.3106008470058441
5802	0.31060463190078735
5803	0.31063297390937805
5804	0.3106595277786255
5805	0.3110319972038269
5806	0.311042845249176
5807	0.31106746196746826
5808	0.3111006021499634
5809	0.31110459566116333
5810	0.3111249506473541
5811	0.31113147735595703
5812	0.3111427426338196
5813	0.3111617863178253
5814	0.31116756796836853
5815	0.3112393319606781
5816	0.31124347448349
5817	0.31125205755233765
5818	0.311309278011322
5819	0.3113825023174286
5820	0.31140169501304626
5821	0.3114166855812073
5822	0.31142687797546387
5823	0.3114326596260071
5824	0.31143733859062195
5825	0.31144583225250244
5826	0.3114722669124603
5827	0.31148794293403625
5828	0.3115024268627167
5829	0.3115497827529907
5830	0.3115614950656891
5831	0.31157922744750977
5832	0.31158289313316345
5833	0.31163424253463745
5834	0.31172630190849304
5835	0.31174126267433167
5836	0.3117595613002777
5837	0.3117615282535553
5838	0.31180253624916077
5839	0.31181415915489197
5840	0.3118152916431427
5841	0.31182971596717834
5842	0.3118430972099304
5843	0.31186461448669434
5844	0.31187766790390015
5845	0.31187838315963745
5846	0.3118973970413208
5847	0.3119127154350281
5848	0.31191977858543396
5849	0.31197306513786316
5850	0.3119853436946869
5851	0.31198734045028687
5852	0.31199392676353455
5853	0.3120118975639343
5854	0.3120284080505371
5855	0.3120477795600891
5856	0.3120537996292114
5857	0.312054842710495
5858	0.3120676875114441
5859	0.31207403540611267
5860	0.3120858073234558
5861	0.3120900094509125
5862	0.31212133169174194
5863	0.31214407086372375
5864	0.3121502697467804
5865	0.3121653199195862
5866	0.31218910217285156
5867	0.31222623586654663
5868	0.31223005056381226
5869	0.31224045157432556
5870	0.31226980686187744
5871	0.3122903108596802
5872	0.3123013377189636
5873	0.31231066584587097
5874	0.3123396337032318
5875	0.3123610019683838
5876	0.3124215602874756
5877	0.31246402859687805
5878	0.3124762773513794
5879	0.31251004338264465
5880	0.3125149607658386
5881	0.31252217292785645
5882	0.3125530183315277
5883	0.312555730342865
5884	0.3126205801963806
5885	0.3126435875892639
5886	0.3126707077026367
5887	0.31267452239990234
5888	0.31268101930618286
5889	0.3127375841140747
5890	0.31276002526283264
5891	0.3128868341445923
5892	0.31290286779403687
5893	0.3129040002822876
5894	0.3129127025604248
5895	0.3129158616065979
5896	0.31291744112968445
5897	0.3129529058933258
5898	0.31297269463539124
5899	0.31298354268074036
5900	0.31298795342445374
5901	0.3130037188529968
5902	0.3130376935005188
5903	0.3130550682544708
5904	0.31306618452072144
5905	0.3130885064601898
5906	0.3130994439125061
5907	0.31312933564186096
5908	0.3131515383720398
5909	0.3131679594516754
5910	0.3131740391254425
5911	0.31317970156669617
5912	0.3131849467754364
5913	0.31319373846054077
5914	0.3132103681564331
5915	0.313250333070755
5916	0.31340426206588745
5917	0.31341779232025146
5918	0.31342390179634094
5919	0.3134521245956421
5920	0.3134562373161316
5921	0.3135026693344116
5922	0.31352731585502625
5923	0.31354016065597534
5924	0.3135545253753662
5925	0.31356266140937805
5926	0.3135700225830078
5927	0.3135759234428406
5928	0.3135976195335388
5929	0.31361496448516846
5930	0.3136303424835205
5931	0.3136361539363861
5932	0.3136381208896637
5933	0.3136451840400696
5934	0.3136611580848694
5935	0.3136689364910126
5936	0.31367790699005127
5937	0.31368395686149597
5938	0.31368502974510193
5939	0.31369587779045105
5940	0.31370115280151367
5941	0.3137115240097046
5942	0.31374919414520264
5943	0.3138826787471771
5944	0.31391966342926025
5945	0.3139210343360901
5946	0.3139384388923645
5947	0.31399646401405334
5948	0.31403693556785583
5949	0.31404048204421997
5950	0.3141055405139923
5951	0.31412407755851746
5952	0.31414490938186646
5953	0.3141990303993225
5954	0.3142096698284149
5955	0.3142169415950775
5956	0.3142295181751251
5957	0.3142329752445221
5958	0.31423768401145935
5959	0.3142845630645752
5960	0.31430912017822266
5961	0.3143188953399658
5962	0.3143237829208374
5963	0.31433263421058655
5964	0.31433457136154175
5965	0.31434503197669983
5966	0.31437236070632935
5967	0.3143770694732666
5968	0.3143801689147949
5969	0.31439685821533203
5970	0.31443023681640625
5971	0.3144861161708832
5972	0.31448885798454285
5973	0.31456825137138367
5974	0.314575731754303
5975	0.3145783543586731
5976	0.31459736824035645
5977	0.3146101236343384
5978	0.3146442472934723
5979	0.3146628737449646
5980	0.314668208360672
5981	0.3147231340408325
5982	0.3147594630718231
5983	0.31479403376579285
5984	0.31479984521865845
5985	0.3148295283317566
5986	0.31483399868011475
5987	0.31485915184020996
5988	0.31486499309539795
5989	0.31488803029060364
5990	0.3148902356624603
5991	0.31490015983581543
5992	0.31492379307746887
5993	0.314955472946167
5994	0.314964234828949
5995	0.3149770200252533
5996	0.3150034546852112
5997	0.31502339243888855
5998	0.315078467130661
5999	0.3150794208049774
6000	0.3150854706764221
6001	0.31508639454841614
6002	0.3151014745235443
6003	0.31510207056999207
6004	0.31511223316192627
6005	0.3151322305202484
6006	0.3151355981826782
6007	0.315168559551239
6008	0.31517937779426575
6009	0.3152000308036804
6010	0.31520453095436096
6011	0.3152073323726654
6012	0.3152509033679962
6013	0.3152577579021454
6014	0.3153095543384552
6015	0.31533002853393555
6016	0.31533703207969666
6017	0.3154139816761017
6018	0.31542059779167175
6019	0.31542500853538513
6020	0.31565549969673157
6021	0.3156765401363373
6022	0.31571823358535767
6023	0.31573712825775146
6024	0.31575942039489746
6025	0.31577715277671814
6026	0.3157859146595001
6027	0.31580156087875366
6028	0.31581592559814453
6029	0.3158363699913025
6030	0.3158445656299591
6031	0.31584590673446655
6032	0.315847784280777
6033	0.31585171818733215
6034	0.3158722519874573
6035	0.3158953785896301
6036	0.3159276843070984
6037	0.3159671723842621
6038	0.31597480177879333
6039	0.3160233497619629
6040	0.31603163480758667
6041	0.31603556871414185
6042	0.3160600960254669
6043	0.31609785556793213
6044	0.31610190868377686
6045	0.316116064786911
6046	0.3161299526691437
6047	0.3161422312259674
6048	0.3162720799446106
6049	0.3162839412689209
6050	0.31630194187164307
6051	0.31632399559020996
6052	0.316329687833786
6053	0.31633394956588745
6054	0.3163377046585083
6055	0.3165172338485718
6056	0.3165184259414673
6057	0.31652647256851196
6058	0.31653812527656555
6059	0.3165671229362488
6060	0.31657323241233826
6061	0.31657418608665466
6062	0.3165878355503082
6063	0.31661516427993774
6064	0.31664955615997314
6065	0.3166791498661041
6066	0.31668800115585327
6067	0.31671252846717834
6068	0.3167147934436798
6069	0.3167232573032379
6070	0.31673669815063477
6071	0.3167421519756317
6072	0.316746324300766
6073	0.3167734444141388
6074	0.3168320059776306
6075	0.31683650612831116
6076	0.31686729192733765
6077	0.3168879747390747
6078	0.31691455841064453
6079	0.3169279098510742
6080	0.3169439733028412
6081	0.3169749677181244
6082	0.31698349118232727
6083	0.31709760427474976
6084	0.31715133786201477
6085	0.31716376543045044
6086	0.317171573638916
6087	0.3172040283679962
6088	0.3172757029533386
6089	0.3172818720340729
6090	0.31728512048721313
6091	0.31729814410209656
6092	0.3173023760318756
6093	0.3173031806945801
6094	0.3173401951789856
6095	0.31738966703414917
6096	0.3174069821834564
6097	0.3174094557762146
6098	0.3174857497215271
6099	0.3175104558467865
6100	0.3175375461578369
6101	0.3175619840621948
6102	0.3175853192806244
6103	0.31761103868484497
6104	0.3176597058773041
6105	0.31769099831581116
6106	0.3176933526992798
6107	0.3177022635936737
6108	0.31770795583724976
6109	0.31774917244911194
6110	0.31776052713394165
6111	0.3179068863391876
6112	0.3179619312286377
6113	0.31797415018081665
6114	0.31798890233039856
6115	0.31802481412887573
6116	0.3180329501628876
6117	0.3180423974990845
6118	0.3182069957256317
6119	0.318250447511673
6120	0.31828221678733826
6121	0.31828808784484863
6122	0.3182988464832306
6123	0.3183767795562744
6124	0.31838566064834595
6125	0.31841883063316345
6126	0.31842896342277527
6127	0.31844785809516907
6128	0.31845441460609436
6129	0.318461537361145
6130	0.3184660077095032
6131	0.3184901177883148
6132	0.31849926710128784
6133	0.31852835416793823
6134	0.3185639977455139
6135	0.31858086585998535
6136	0.31858575344085693
6137	0.3185942471027374
6138	0.3185964822769165
6139	0.31861013174057007
6140	0.3186168074607849
6141	0.3186260163784027
6142	0.31863144040107727
6143	0.31864821910858154
6144	0.3186798393726349
6145	0.31868264079093933
6146	0.3186838924884796
6147	0.31869927048683167
6148	0.3187078535556793
6149	0.3187125027179718
6150	0.3187432289123535
6151	0.31874996423721313
6152	0.31882861256599426
6153	0.31892460584640503
6154	0.3189389407634735
6155	0.3189432919025421
6156	0.31895479559898376
6157	0.31902608275413513
6158	0.3190383017063141
6159	0.3190458118915558
6160	0.31910133361816406
6161	0.3191566467285156
6162	0.319166898727417
6163	0.31922173500061035
6164	0.31922951340675354
6165	0.3192415237426758
6166	0.3192535638809204
6167	0.3192698657512665
6168	0.3192729353904724
6169	0.31937116384506226
6170	0.3193763494491577
6171	0.31937819719314575
6172	0.3193879723548889
6173	0.31940755248069763
6174	0.3194582760334015
6175	0.31946277618408203
6176	0.31951242685317993
6177	0.31951767206192017
6178	0.31955140829086304
6179	0.31955286860466003
6180	0.3195548355579376
6181	0.3195597529411316
6182	0.31958267092704773
6183	0.3195953071117401
6184	0.31962311267852783
6185	0.3196447789669037
6186	0.31967851519584656
6187	0.31969717144966125
6188	0.31982362270355225
6189	0.3198345899581909
6190	0.31985917687416077
6191	0.3198678493499756
6192	0.319874107837677
6193	0.31987637281417847
6194	0.31992074847221375
6195	0.3199273347854614
6196	0.3199493885040283
6197	0.320001482963562
6198	0.32000434398651123
6199	0.3200269639492035
6200	0.3200465440750122
6201	0.3200605511665344
6202	0.3200608491897583
6203	0.32008275389671326
6204	0.3200961649417877
6205	0.32016509771347046
6206	0.320214182138443
6207	0.3202304542064667
6208	0.320232629776001
6209	0.32023876905441284
6210	0.32025688886642456
6211	0.3202592730522156
6212	0.32029786705970764
6213	0.3203708529472351
6214	0.3203769624233246
6215	0.3204019367694855
6216	0.3204091787338257
6217	0.3204346001148224
6218	0.32043713331222534
6219	0.3204551935195923
6220	0.3205372989177704
6221	0.32056838274002075
6222	0.3205747604370117
6223	0.3205863833427429
6224	0.3205989897251129
6225	0.320624440908432
6226	0.3206424117088318
6227	0.32069605588912964
6228	0.3207055926322937
6229	0.32071471214294434
6230	0.32075920701026917
6231	0.32078057527542114
6232	0.32078081369400024
6233	0.32079610228538513
6234	0.3207992613315582
6235	0.32084542512893677
6236	0.3208586275577545
6237	0.32087287306785583
6238	0.3208848536014557
6239	0.3208898901939392
6240	0.3209150433540344
6241	0.32091835141181946
6242	0.3209514617919922
6243	0.3209873139858246
6244	0.3209931254386902
6245	0.32100698351860046
6246	0.3210427761077881
6247	0.3210618793964386
6248	0.3210856020450592
6249	0.32108834385871887
6250	0.32109272480010986
6251	0.32110124826431274
6252	0.3211066424846649
6253	0.32112327218055725
6254	0.3211284577846527
6255	0.3211440443992615
6256	0.3211492598056793
6257	0.32115060091018677
6258	0.3211515247821808
6259	0.32118546962738037
6260	0.321206659078598
6261	0.3212185800075531
6262	0.32126080989837646
6263	0.32126331329345703
6264	0.3212701082229614
6265	0.321270614862442
6266	0.3212723731994629
6267	0.3213181495666504
6268	0.32132434844970703
6269	0.321341872215271
6270	0.3213652968406677
6271	0.32137244939804077
6272	0.32137420773506165
6273	0.3213861286640167
6274	0.32138845324516296
6275	0.3213937282562256
6276	0.3214051425457001
6277	0.32144519686698914
6278	0.32145199179649353
6279	0.3214978277683258
6280	0.32150396704673767
6281	0.3215070366859436
6282	0.321537584066391
6283	0.32155048847198486
6284	0.32155218720436096
6285	0.3215641677379608
6286	0.32166212797164917
6287	0.3216816186904907
6288	0.3216911852359772
6289	0.3217065930366516
6290	0.32173267006874084
6291	0.3217472732067108
6292	0.32175517082214355
6293	0.321806401014328
6294	0.3218115270137787
6295	0.32183876633644104
6296	0.3218607008457184
6297	0.32186123728752136
6298	0.3218630254268646
6299	0.321894109249115
6300	0.32204633951187134
6301	0.3220544457435608
6302	0.3220641314983368
6303	0.3220863342285156
6304	0.3221370577812195
6305	0.32228803634643555
6306	0.3222956359386444
6307	0.32230648398399353
6308	0.32230857014656067
6309	0.3223300874233246
6310	0.3223506510257721
6311	0.3223675787448883
6312	0.3224024772644043
6313	0.32241588830947876
6314	0.3224334716796875
6315	0.3224479556083679
6316	0.3224779963493347
6317	0.32248181104660034
6318	0.3225019574165344
6319	0.32270732522010803
6320	0.3227178752422333
6321	0.3227323293685913
6322	0.32274627685546875
6323	0.3227490186691284
6324	0.3227968215942383
6325	0.3228086233139038
6326	0.3228405714035034
6327	0.3228495717048645
6328	0.3228629231452942
6329	0.3228663206100464
6330	0.32287687063217163
6331	0.3228951096534729
6332	0.3229161202907562
6333	0.3229227066040039
6334	0.32293131947517395
6335	0.322939395904541
6336	0.32294294238090515
6337	0.3229457437992096
6338	0.32295140624046326
6339	0.32296255230903625
6340	0.32298964262008667
6341	0.322995662689209
6342	0.3230481445789337
6343	0.32312920689582825
6344	0.32315942645072937
6345	0.32324936985969543
6346	0.3232680559158325
6347	0.32327890396118164
6348	0.3232805132865906
6349	0.3233010768890381
6350	0.32332730293273926
6351	0.3233303725719452
6352	0.3233383297920227
6353	0.3233497738838196
6354	0.3233529329299927
6355	0.32338565587997437
6356	0.32340535521507263
6357	0.32344526052474976
6358	0.32345426082611084
6359	0.3234693109989166
6360	0.32353752851486206
6361	0.32354602217674255
6362	0.3235507309436798
6363	0.32355421781539917
6364	0.3235829770565033
6365	0.32361042499542236
6366	0.3237163722515106
6367	0.32374680042266846
6368	0.3237670958042145
6369	0.3237907886505127
6370	0.32382071018218994
6371	0.3238421082496643
6372	0.3238551914691925
6373	0.32387006282806396
6374	0.32388564944267273
6375	0.32390594482421875
6376	0.3239104747772217
6377	0.3239344358444214
6378	0.32394731044769287
6379	0.3239593803882599
6380	0.32398128509521484
6381	0.32400137186050415
6382	0.3240601420402527
6383	0.3240762948989868
6384	0.32411256432533264
6385	0.32412344217300415
6386	0.324130654335022
6387	0.32413730025291443
6388	0.3241635262966156
6389	0.32428407669067383
6390	0.32433709502220154
6391	0.32436683773994446
6392	0.3243798613548279
6393	0.32439208030700684
6394	0.32439810037612915
6395	0.32440537214279175
6396	0.32441315054893494
6397	0.3244362771511078
6398	0.3244454860687256
6399	0.32445091009140015
6400	0.32459306716918945
6401	0.3246099352836609
6402	0.32463765144348145
6403	0.32464706897735596
6404	0.32467684149742126
6405	0.3246803879737854
6406	0.3246845602989197
6407	0.3246891498565674
6408	0.324712336063385
6409	0.3247130215167999
6410	0.32473981380462646
6411	0.32478195428848267
6412	0.3247937262058258
6413	0.32481318712234497
6414	0.32481566071510315
6415	0.3248169422149658
6416	0.324830561876297
6417	0.32484427094459534
6418	0.32484641671180725
6419	0.3249199390411377
6420	0.32495713233947754
6421	0.32496410608291626
6422	0.3249692916870117
6423	0.3249802589416504
6424	0.32498249411582947
6425	0.3249853551387787
6426	0.3250126540660858
6427	0.3250168561935425
6428	0.3250379264354706
6429	0.3250453770160675
6430	0.32510486245155334
6431	0.3251131772994995
6432	0.3251308500766754
6433	0.3251935541629791
6434	0.32522082328796387
6435	0.32522153854370117
6436	0.32522615790367126
6437	0.32525399327278137
6438	0.3252633213996887
6439	0.3252865970134735
6440	0.32529115676879883
6441	0.3253335654735565
6442	0.32534220814704895
6443	0.32535219192504883
6444	0.32535475492477417
6445	0.32538384199142456
6446	0.3253912329673767
6447	0.3254173994064331
6448	0.32541900873184204
6449	0.3254778981208801
6450	0.32549813389778137
6451	0.3255029320716858
6452	0.32553479075431824
6453	0.32554757595062256
6454	0.3255644738674164
6455	0.32558688521385193
6456	0.32560083270072937
6457	0.3256157338619232
6458	0.3256259262561798
6459	0.32562997937202454
6460	0.3256419599056244
6461	0.32566550374031067
6462	0.3256802260875702
6463	0.3256983160972595
6464	0.3257346451282501
6465	0.32573843002319336
6466	0.3257559835910797
6467	0.32576677203178406
6468	0.3257756531238556
6469	0.32580193877220154
6470	0.3258642852306366
6471	0.3258803188800812
6472	0.32591280341148376
6473	0.32591763138771057
6474	0.3259214162826538
6475	0.3259335458278656
6476	0.32594409584999084
6477	0.3259590268135071
6478	0.32596319913864136
6479	0.32596555352211
6480	0.32597315311431885
6481	0.3259831964969635
6482	0.3259891867637634
6483	0.32601022720336914
6484	0.32601261138916016
6485	0.3260176181793213
6486	0.32602035999298096
6487	0.3260413408279419
6488	0.32606661319732666
6489	0.3262004256248474
6490	0.3262060284614563
6491	0.3262072205543518
6492	0.32620853185653687
6493	0.32622358202934265
6494	0.3262614607810974
6495	0.3262723386287689
6496	0.32627609372138977
6497	0.32628270983695984
6498	0.32628774642944336
6499	0.32628995180130005
6500	0.32629382610321045
6501	0.32632550597190857
6502	0.3263377845287323
6503	0.32634103298187256
6504	0.32636237144470215
6505	0.32637515664100647
6506	0.3263821303844452
6507	0.3263881206512451
6508	0.32639288902282715
6509	0.32644686102867126
6510	0.32645508646965027
6511	0.32648006081581116
6512	0.3264892101287842
6513	0.32649263739585876
6514	0.32649707794189453
6515	0.32652464509010315
6516	0.32652920484542847
6517	0.32653191685676575
6518	0.32657432556152344
6519	0.32657790184020996
6520	0.32658126950263977
6521	0.3265899419784546
6522	0.3265952467918396
6523	0.3266109228134155
6524	0.32662340998649597
6525	0.32668566703796387
6526	0.3266952633857727
6527	0.32670915126800537
6528	0.32675305008888245
6529	0.3268333077430725
6530	0.32687699794769287
6531	0.32688701152801514
6532	0.32689332962036133
6533	0.32694733142852783
6534	0.3269592821598053
6535	0.32696306705474854
6536	0.32703307271003723
6537	0.3270655870437622
6538	0.3270927369594574
6539	0.32711586356163025
6540	0.32714006304740906
6541	0.32714617252349854
6542	0.3271612226963043
6543	0.3271665871143341
6544	0.32717764377593994
6545	0.32718414068222046
6546	0.3272099792957306
6547	0.3272847533226013
6548	0.32729971408843994
6549	0.3273563086986542
6550	0.3273718059062958
6551	0.32740408182144165
6552	0.3274195194244385
6553	0.3275079131126404
6554	0.3275282680988312
6555	0.3275410830974579
6556	0.3275532126426697
6557	0.32755738496780396
6558	0.3275657296180725
6559	0.32757246494293213
6560	0.3275791108608246
6561	0.32758089900016785
6562	0.3275858163833618
6563	0.32759007811546326
6564	0.32760781049728394
6565	0.3276585638523102
6566	0.32766178250312805
6567	0.327677458524704
6568	0.32772451639175415
6569	0.327749103307724
6570	0.3277556002140045
6571	0.3277771472930908
6572	0.32799482345581055
6573	0.3280024528503418
6574	0.32800376415252686
6575	0.3280121386051178
6576	0.3280182182788849
6577	0.32802262902259827
6578	0.3280312716960907
6579	0.32803425192832947
6580	0.3280571699142456
6581	0.3280606269836426
6582	0.32806912064552307
6583	0.328156977891922
6584	0.3281577229499817
6585	0.3281760811805725
6586	0.3281843662261963
6587	0.3281996548175812
6588	0.3282017409801483
6589	0.32821154594421387
6590	0.32821449637413025
6591	0.3282260298728943
6592	0.32824191451072693
6593	0.3282521069049835
6594	0.32827648520469666
6595	0.3283102810382843
6596	0.3283337354660034
6597	0.328346312046051
6598	0.3283613920211792
6599	0.32837486267089844
6600	0.3284238576889038
6601	0.3284315764904022
6602	0.32843729853630066
6603	0.32844144105911255
6604	0.32844868302345276
6605	0.3284706473350525
6606	0.32848313450813293
6607	0.32852256298065186
6608	0.32856807112693787
6609	0.3285718262195587
6610	0.3285791575908661
6611	0.3285893499851227
6612	0.3286142349243164
6613	0.3286154866218567
6614	0.3286343812942505
6615	0.3286390006542206
6616	0.3286474347114563
6617	0.32876503467559814
6618	0.3287917673587799
6619	0.32881322503089905
6620	0.3288443386554718
6621	0.32886508107185364
6622	0.3288804590702057
6623	0.3288823664188385
6624	0.3289071321487427
6625	0.32893627882003784
6626	0.32894378900527954
6627	0.3290027678012848
6628	0.3290272653102875
6629	0.32903239130973816
6630	0.3290422558784485
6631	0.32907727360725403
6632	0.32909858226776123
6633	0.3291080594062805
6634	0.3291465938091278
6635	0.32916805148124695
6636	0.32916951179504395
6637	0.32917311787605286
6638	0.3291906416416168
6639	0.3292323350906372
6640	0.3292657732963562
6641	0.3293670415878296
6642	0.3293711543083191
6643	0.3293725848197937
6644	0.329499751329422
6645	0.32950156927108765
6646	0.3295214772224426
6647	0.3295428156852722
6648	0.329580694437027
6649	0.32964107394218445
6650	0.3296528160572052
6651	0.32968518137931824
6652	0.32971876859664917
6653	0.3297263979911804
6654	0.32973358035087585
6655	0.3297366797924042
6656	0.3297727108001709
6657	0.3297739624977112
6658	0.32977843284606934
6659	0.32978397607803345
6660	0.32979291677474976
6661	0.32981982827186584
6662	0.32984161376953125
6663	0.32992804050445557
6664	0.3302885591983795
6665	0.33039870858192444
6666	0.3304316997528076
6667	0.33045482635498047
6668	0.3304721415042877
6669	0.33054783940315247
6670	0.3305533230304718
6671	0.33056581020355225
6672	0.33056876063346863
6673	0.3305788040161133
6674	0.3305860757827759
6675	0.33058780431747437
6676	0.3306281566619873
6677	0.33063235878944397
6678	0.3306768238544464
6679	0.33068349957466125
6680	0.3308221101760864
6681	0.33085310459136963
6682	0.3308669626712799
6683	0.3308752179145813
6684	0.3308979570865631
6685	0.33090531826019287
6686	0.33094191551208496
6687	0.3309672772884369
6688	0.33098357915878296
6689	0.3309955894947052
6690	0.33099615573883057
6691	0.3311035931110382
6692	0.33114755153656006
6693	0.33116188645362854
6694	0.3311748802661896
6695	0.33129629492759705
6696	0.3313044011592865
6697	0.33131077885627747
6698	0.33131763339042664
6699	0.33132123947143555
6700	0.33132871985435486
6701	0.3313368856906891
6702	0.33134153485298157
6703	0.33136340975761414
6704	0.3313697278499603
6705	0.33137452602386475
6706	0.33138924837112427
6707	0.33140724897384644
6708	0.3314240276813507
6709	0.3314315676689148
6710	0.33147117495536804
6711	0.3314845561981201
6712	0.3314933180809021
6713	0.33155354857444763
6714	0.3315676748752594
6715	0.33157068490982056
6716	0.33157193660736084
6717	0.3316003978252411
6718	0.33160510659217834
6719	0.33161723613739014
6720	0.3316318690776825
6721	0.3316361904144287
6722	0.3316468298435211
6723	0.3316859304904938
6724	0.331689715385437
6725	0.3316931426525116
6726	0.3317050337791443
6727	0.33171546459198
6728	0.33171629905700684
6729	0.33171746134757996
6730	0.33172154426574707
6731	0.3317466974258423
6732	0.3317665755748749
6733	0.3317849636077881
6734	0.3317999541759491
6735	0.33182644844055176
6736	0.3318307101726532
6737	0.3318316638469696
6738	0.3318482041358948
6739	0.33185911178588867
6740	0.331918865442276
6741	0.3319788873195648
6742	0.33198341727256775
6743	0.3319918215274811
6744	0.33205169439315796
6745	0.3320578634738922
6746	0.3320614993572235
6747	0.33207520842552185
6748	0.3321245312690735
6749	0.33212563395500183
6750	0.33213773369789124
6751	0.33214089274406433
6752	0.33215686678886414
6753	0.3321598470211029
6754	0.33218836784362793
6755	0.33218955993652344
6756	0.3322032690048218
6757	0.33220812678337097
6758	0.3322174847126007
6759	0.33221906423568726
6760	0.3322378098964691
6761	0.332276850938797
6762	0.3322852849960327
6763	0.3323209285736084
6764	0.33232325315475464
6765	0.3323327898979187
6766	0.33251115679740906
6767	0.3325456976890564
6768	0.3325637876987457
6769	0.3325701355934143
6770	0.33259743452072144
6771	0.3326147496700287
6772	0.33263683319091797
6773	0.3326444923877716
6774	0.33264848589897156
6775	0.33265015482902527
6776	0.33265402913093567
6777	0.33266228437423706
6778	0.3327179253101349
6779	0.332773357629776
6780	0.3328704237937927
6781	0.3328757882118225
6782	0.33295127749443054
6783	0.33299657702445984
6784	0.33300888538360596
6785	0.3330441415309906
6786	0.3330484628677368
6787	0.3330993056297302
6788	0.33312174677848816
6789	0.3331473767757416
6790	0.3331637382507324
6791	0.33317944407463074
6792	0.3331831395626068
6793	0.3333367109298706
6794	0.33335310220718384
6795	0.33335524797439575
6796	0.3333720862865448
6797	0.3333819806575775
6798	0.33339083194732666
6799	0.33341947197914124
6800	0.3334476351737976
6801	0.3334603011608124
6802	0.3335573971271515
6803	0.333564430475235
6804	0.33364880084991455
6805	0.3336564898490906
6806	0.3336643576622009
6807	0.33366715908050537
6808	0.3337189257144928
6809	0.3337213695049286
6810	0.3338112533092499
6811	0.33381637930870056
6812	0.33382633328437805
6813	0.3338334560394287
6814	0.33385586738586426
6815	0.3338826298713684
6816	0.33388853073120117
6817	0.3338976502418518
6818	0.33390185236930847
6819	0.3339843153953552
6820	0.3340550363063812
6821	0.3340620696544647
6822	0.3340662121772766
6823	0.3341016471385956
6824	0.3341120779514313
6825	0.33412835001945496
6826	0.3341597616672516
6827	0.33418065309524536
6828	0.3342049717903137
6829	0.3342151939868927
6830	0.33423447608947754
6831	0.33423757553100586
6832	0.33427172899246216
6833	0.3342757225036621
6834	0.33431023359298706
6835	0.3343356251716614
6836	0.33435115218162537
6837	0.3343588411808014
6838	0.334407776594162
6839	0.3344266712665558
6840	0.3344308137893677
6841	0.3344435691833496
6842	0.33444684743881226
6843	0.33453279733657837
6844	0.3345361649990082
6845	0.33453866839408875
6846	0.3346289098262787
6847	0.33464768528938293
6848	0.33465245366096497
6849	0.3346577286720276
6850	0.3346654772758484
6851	0.3346732556819916
6852	0.33468306064605713
6853	0.334688276052475
6854	0.33469289541244507
6855	0.3347148895263672
6856	0.3347361087799072
6857	0.3347398340702057
6858	0.3347446322441101
6859	0.3347615599632263
6860	0.33481454849243164
6861	0.3348173201084137
6862	0.3348221778869629
6863	0.33482685685157776
6864	0.3348647952079773
6865	0.33487847447395325
6866	0.3348976969718933
6867	0.33520403504371643
6868	0.3352487087249756
6869	0.33527418971061707
6870	0.3352803587913513
6871	0.3352825343608856
6872	0.3353312611579895
6873	0.33534201979637146
6874	0.33536168932914734
6875	0.3353671729564667
6876	0.33538293838500977
6877	0.3353921175003052
6878	0.3354332149028778
6879	0.3354489803314209
6880	0.33545249700546265
6881	0.33547243475914
6882	0.3354739844799042
6883	0.33548325300216675
6884	0.3354856073856354
6885	0.33549320697784424
6886	0.3355054557323456
6887	0.33551910519599915
6888	0.3355486989021301
6889	0.3355649709701538
6890	0.335570752620697
6891	0.3356129229068756
6892	0.3356189429759979
6893	0.33564823865890503
6894	0.3356584310531616
6895	0.3357408344745636
6896	0.3357578217983246
6897	0.3358294665813446
6898	0.33584922552108765
6899	0.33587145805358887
6900	0.3360527455806732
6901	0.33606064319610596
6902	0.3360697627067566
6903	0.3360835313796997
6904	0.33609622716903687
6905	0.3361009359359741
6906	0.3361092507839203
6907	0.33611369132995605
6908	0.33612242341041565
6909	0.3361532390117645
6910	0.33615627884864807
6911	0.3361750841140747
6912	0.33618202805519104
6913	0.3361843526363373
6914	0.33620592951774597
6915	0.33623287081718445
6916	0.33623674511909485
6917	0.33623865246772766
6918	0.33623936772346497
6919	0.3362412452697754
6920	0.33627748489379883
6921	0.33636999130249023
6922	0.33637508749961853
6923	0.3363814055919647
6924	0.33644911646842957
6925	0.3364955484867096
6926	0.3365095555782318
6927	0.33651840686798096
6928	0.33656150102615356
6929	0.33658307790756226
6930	0.33667999505996704
6931	0.33668050169944763
6932	0.33669525384902954
6933	0.33671554923057556
6934	0.3367217779159546
6935	0.3367445170879364
6936	0.3367640972137451
6937	0.33676624298095703
6938	0.3367713689804077
6939	0.3368019759654999
6940	0.3368106782436371
6941	0.33681219816207886
6942	0.33681654930114746
6943	0.33683374524116516
6944	0.33684417605400085
6945	0.3368666470050812
6946	0.33687126636505127
6947	0.3368898630142212
6948	0.336920827627182
6949	0.3369523584842682
6950	0.3369896113872528
6951	0.3370053470134735
6952	0.3370252847671509
6953	0.3370359241962433
6954	0.3370996415615082
6955	0.3371148705482483
6956	0.3371249735355377
6957	0.33714285492897034
6958	0.33714526891708374
6959	0.3371463418006897
6960	0.33719131350517273
6961	0.33720219135284424
6962	0.3372287452220917
6963	0.33723169565200806
6964	0.3372376561164856
6965	0.3372478485107422
6966	0.337297648191452
6967	0.3373044729232788
6968	0.33730849623680115
6969	0.33731141686439514
6970	0.33732864260673523
6971	0.3373570740222931
6972	0.33741214871406555
6973	0.33741495013237
6974	0.3374290466308594
6975	0.33743155002593994
6976	0.33745473623275757
6977	0.3374733328819275
6978	0.3374740481376648
6979	0.3374764919281006
6980	0.33751025795936584
6981	0.3375250995159149
6982	0.33754923939704895
6983	0.3375796675682068
6984	0.33759811520576477
6985	0.3376597464084625
6986	0.3376709818840027
6987	0.33768895268440247
6988	0.3377096951007843
6989	0.3377109169960022
6990	0.33773383498191833
6991	0.33773767948150635
6992	0.3377408981323242
6993	0.33777159452438354
6994	0.33778107166290283
6995	0.3378131687641144
6996	0.3378216028213501
6997	0.3378365933895111
6998	0.33783721923828125
6999	0.3378501832485199
7000	0.33785298466682434
7001	0.3378556966781616
7002	0.3378758728504181
7003	0.33792543411254883
7004	0.3379298448562622
7005	0.3379739224910736
7006	0.33798736333847046
7007	0.3380330502986908
7008	0.33803609013557434
7009	0.33804354071617126
7010	0.33806508779525757
7011	0.33808305859565735
7012	0.3380855321884155
7013	0.3380982279777527
7014	0.3381156325340271
7015	0.33812040090560913
7016	0.33817219734191895
7017	0.33820271492004395
7018	0.3382180333137512
7019	0.3382567763328552
7020	0.3382660746574402
7021	0.3382994830608368
7022	0.3383069932460785
7023	0.33831703662872314
7024	0.3383370041847229
7025	0.33837389945983887
7026	0.33839836716651917
7027	0.33841294050216675
7028	0.33843207359313965
7029	0.338432639837265
7030	0.33844077587127686
7031	0.33844226598739624
7032	0.33846160769462585
7033	0.3384649455547333
7034	0.33847489953041077
7035	0.33848682045936584
7036	0.3384926915168762
7037	0.338507741689682
7038	0.3385356366634369
7039	0.33853578567504883
7040	0.33853864669799805
7041	0.3385741412639618
7042	0.33860161900520325
7043	0.33861178159713745
7044	0.33861491084098816
7045	0.33863964676856995
7046	0.33864134550094604
7047	0.33865731954574585
7048	0.3387310206890106
7049	0.3387405276298523
7050	0.3387617766857147
7051	0.338776171207428
7052	0.33886387944221497
7053	0.3388683795928955
7054	0.338888555765152
7055	0.3389258086681366
7056	0.3389529287815094
7057	0.3389827013015747
7058	0.3389907479286194
7059	0.33900049328804016
7060	0.3390083909034729
7061	0.3390098214149475
7062	0.33904096484184265
7063	0.33905747532844543
7064	0.33906543254852295
7065	0.33907952904701233
7066	0.33912283182144165
7067	0.33912816643714905
7068	0.33920276165008545
7069	0.33921000361442566
7070	0.3392248749732971
7071	0.3392317295074463
7072	0.33928853273391724
7073	0.3392896354198456
7074	0.3392961025238037
7075	0.33931708335876465
7076	0.3393230140209198
7077	0.33932727575302124
7078	0.3393597900867462
7079	0.33936193585395813
7080	0.33940398693084717
7081	0.339406818151474
7082	0.3394143283367157
7083	0.33943283557891846
7084	0.33944007754325867
7085	0.33944669365882874
7086	0.3394956886768341
7087	0.33950966596603394
7088	0.33952033519744873
7089	0.33952996134757996
7090	0.33955100178718567
7091	0.339553564786911
7092	0.33955591917037964
7093	0.3395673334598541
7094	0.3395751118659973
7095	0.3395882248878479
7096	0.339595764875412
7097	0.33960437774658203
7098	0.33964040875434875
7099	0.33967435359954834
7100	0.3396809995174408
7101	0.33973273634910583
7102	0.33979299664497375
7103	0.33980029821395874
7104	0.3398011326789856
7105	0.33982592821121216
7106	0.3398387134075165
7107	0.33984366059303284
7108	0.3399347960948944
7109	0.3399370312690735
7110	0.3400515913963318
7111	0.34006088972091675
7112	0.34007391333580017
7113	0.3400810658931732
7114	0.34009382128715515
7115	0.3401229977607727
7116	0.3401269316673279
7117	0.34013667702674866
7118	0.3401874899864197
7119	0.3402217924594879
7120	0.34022942185401917
7121	0.3402498960494995
7122	0.34025365114212036
7123	0.34026196599006653
7124	0.34026801586151123
7125	0.34035101532936096
7126	0.3403681516647339
7127	0.34040209650993347
7128	0.34040600061416626
7129	0.34042036533355713
7130	0.3404308557510376
7131	0.34048452973365784
7132	0.34049004316329956
7133	0.34051036834716797
7134	0.34052377939224243
7135	0.3405309319496155
7136	0.3405389189720154
7137	0.34054675698280334
7138	0.340586394071579
7139	0.34059572219848633
7140	0.34062016010284424
7141	0.3406516909599304
7142	0.3406548500061035
7143	0.34066757559776306
7144	0.340722918510437
7145	0.3407443165779114
7146	0.34079909324645996
7147	0.3408043384552002
7148	0.34080609679222107
7149	0.34082937240600586
7150	0.34083065390586853
7151	0.3408399522304535
7152	0.3408682644367218
7153	0.34088101983070374
7154	0.3409256339073181
7155	0.3409324586391449
7156	0.34095001220703125
7157	0.3409541845321655
7158	0.3409639894962311
7159	0.34097355604171753
7160	0.34100502729415894
7161	0.34102389216423035
7162	0.34103238582611084
7163	0.34103989601135254
7164	0.34106510877609253
7165	0.3411969244480133
7166	0.3412081301212311
7167	0.3412204086780548
7168	0.34136301279067993
7169	0.341396689414978
7170	0.34145089983940125
7171	0.34145334362983704
7172	0.3414709270000458
7173	0.3414752185344696
7174	0.3415132761001587
7175	0.3415300250053406
7176	0.34154024720191956
7177	0.3415500819683075
7178	0.3416030704975128
7179	0.3416059911251068
7180	0.3416069447994232
7181	0.34160861372947693
7182	0.3416353464126587
7183	0.3416447937488556
7184	0.3416490852832794
7185	0.3416510224342346
7186	0.3416842520236969
7187	0.34169554710388184
7188	0.34171584248542786
7189	0.34173065423965454
7190	0.34174349904060364
7191	0.34175026416778564
7192	0.3417617678642273
7193	0.341858834028244
7194	0.3418629467487335
7195	0.34187307953834534
7196	0.34196633100509644
7197	0.3421286642551422
7198	0.34216833114624023
7199	0.342183917760849
7200	0.34218665957450867
7201	0.3421875834465027
7202	0.342230886220932
7203	0.34225916862487793
7204	0.3422688841819763
7205	0.3422746956348419
7206	0.3423168957233429
7207	0.34232786297798157
7208	0.3423440456390381
7209	0.3423481285572052
7210	0.3423493504524231
7211	0.3423656225204468
7212	0.34240347146987915
7213	0.3424050807952881
7214	0.3424469232559204
7215	0.34250566363334656
7216	0.3425104320049286
7217	0.34254810214042664
7218	0.34257689118385315
7219	0.3425864279270172
7220	0.34258946776390076
7221	0.3426101803779602
7222	0.3426128923892975
7223	0.34261462092399597
7224	0.3426227271556854
7225	0.3426268398761749
7226	0.34263136982917786
7227	0.342682808637619
7228	0.3426837623119354
7229	0.34269779920578003
7230	0.34270942211151123
7231	0.3427641987800598
7232	0.3427777588367462
7233	0.34279972314834595
7234	0.3428068459033966
7235	0.3428548276424408
7236	0.34285661578178406
7237	0.34286370873451233
7238	0.342885822057724
7239	0.3428989350795746
7240	0.34291037917137146
7241	0.3429146409034729
7242	0.3429250121116638
7243	0.34293636679649353
7244	0.3430025577545166
7245	0.3430408835411072
7246	0.3430539071559906
7247	0.3430565595626831
7248	0.3430894911289215
7249	0.3430975079536438
7250	0.34310826659202576
7251	0.3431287705898285
7252	0.34313130378723145
7253	0.34316280484199524
7254	0.3431631922721863
7255	0.3431733250617981
7256	0.3431835472583771
7257	0.34318777918815613
7258	0.34320303797721863
7259	0.3432227373123169
7260	0.34323421120643616
7261	0.3432656228542328
7262	0.3432696759700775
7263	0.3432924747467041
7264	0.34330230951309204
7265	0.34331807494163513
7266	0.34332236647605896
7267	0.34334543347358704
7268	0.34334588050842285
7269	0.3433668911457062
7270	0.34337398409843445
7271	0.3434115946292877
7272	0.343420147895813
7273	0.3436301052570343
7274	0.34364256262779236
7275	0.3436663746833801
7276	0.34370487928390503
7277	0.34373122453689575
7278	0.3437539041042328
7279	0.34376227855682373
7280	0.3438166081905365
7281	0.3438407778739929
7282	0.34391140937805176
7283	0.34391894936561584
7284	0.34394165873527527
7285	0.34394824504852295
7286	0.34395328164100647
7287	0.34395548701286316
7288	0.3439634144306183
7289	0.34396645426750183
7290	0.343974769115448
7291	0.3440205752849579
7292	0.34402820467948914
7293	0.3440466821193695
7294	0.3440954089164734
7295	0.3440994322299957
7296	0.34412309527397156
7297	0.3441467583179474
7298	0.34415140748023987
7299	0.3441523313522339
7300	0.3441554605960846
7301	0.34419307112693787
7302	0.34428057074546814
7303	0.3442826271057129
7304	0.3442898690700531
7305	0.344295859336853
7306	0.3443085551261902
7307	0.3443186283111572
7308	0.34462833404541016
7309	0.34465107321739197
7310	0.34471261501312256
7311	0.3447219729423523
7312	0.3448168933391571
7313	0.34482795000076294
7314	0.34486690163612366
7315	0.3448737561702728
7316	0.34487611055374146
7317	0.3449021875858307
7318	0.3449099361896515
7319	0.34491512179374695
7320	0.34492751955986023
7321	0.344941645860672
7322	0.3449668884277344
7323	0.34500277042388916
7324	0.3450176417827606
7325	0.34503012895584106
7326	0.34505242109298706
7327	0.3450600504875183
7328	0.34508392214775085
7329	0.345085471868515
7330	0.34509262442588806
7331	0.34509387612342834
7332	0.34514740109443665
7333	0.3451555371284485
7334	0.34518060088157654
7335	0.3452068865299225
7336	0.34526127576828003
7337	0.34527748823165894
7338	0.3453248143196106
7339	0.3453482687473297
7340	0.3453620374202728
7341	0.34536582231521606
7342	0.34537944197654724
7343	0.34538203477859497
7344	0.34546494483947754
7345	0.3455032706260681
7346	0.34553414583206177
7347	0.3455413579940796
7348	0.3455457389354706
7349	0.34557044506073
7350	0.34557679295539856
7351	0.3455796241760254
7352	0.3458680510520935
7353	0.3458758294582367
7354	0.3458823561668396
7355	0.34588444232940674
7356	0.34593498706817627
7357	0.34593990445137024
7358	0.3459480404853821
7359	0.3459773361682892
7360	0.3460436165332794
7361	0.3460572063922882
7362	0.34606754779815674
7363	0.3460770845413208
7364	0.3461456298828125
7365	0.34616050124168396
7366	0.3461819887161255
7367	0.3461950421333313
7368	0.3462059497833252
7369	0.34620681405067444
7370	0.34625592827796936
7371	0.3462691307067871
7372	0.3462720215320587
7373	0.3462807834148407
7374	0.3463015854358673
7375	0.3463648855686188
7376	0.346366822719574
7377	0.3463763892650604
7378	0.34638479351997375
7379	0.34639108180999756
7380	0.34639298915863037
7381	0.34640470147132874
7382	0.34640660881996155
7383	0.3464128077030182
7384	0.3464248776435852
7385	0.34644344449043274
7386	0.34644925594329834
7387	0.3464532494544983
7388	0.34646323323249817
7389	0.34661751985549927
7390	0.3466293215751648
7391	0.3466527760028839
7392	0.3466629385948181
7393	0.3466683328151703
7394	0.34680497646331787
7395	0.3468126356601715
7396	0.34683868288993835
7397	0.34684014320373535
7398	0.3468557894229889
7399	0.34687110781669617
7400	0.3468768298625946
7401	0.346882164478302
7402	0.34688353538513184
7403	0.34689459204673767
7404	0.3469031751155853
7405	0.34691327810287476
7406	0.3470054566860199
7407	0.34700676798820496
7408	0.34703508019447327
7409	0.3470774292945862
7410	0.347106397151947
7411	0.34712961316108704
7412	0.347133994102478
7413	0.34714147448539734
7414	0.3471453785896301
7415	0.3471532464027405
7416	0.3471771478652954
7417	0.3472570478916168
7418	0.3472587764263153
7419	0.34726446866989136
7420	0.3472684919834137
7421	0.3472726047039032
7422	0.3472895622253418
7423	0.3473334014415741
7424	0.3473685085773468
7425	0.347378671169281
7426	0.3474007844924927
7427	0.3474755883216858
7428	0.3475351333618164
7429	0.3475482761859894
7430	0.34761399030685425
7431	0.34761446714401245
7432	0.3476203680038452
7433	0.3476293385028839
7434	0.3476507365703583
7435	0.3476537764072418
7436	0.3476550877094269
7437	0.3476603925228119
7438	0.34768739342689514
7439	0.34769055247306824
7440	0.3477078378200531
7441	0.3477916717529297
7442	0.3477923572063446
7443	0.34781017899513245
7444	0.3478231132030487
7445	0.3478379547595978
7446	0.3478555381298065
7447	0.3479126989841461
7448	0.3479320704936981
7449	0.3479398488998413
7450	0.34795212745666504
7451	0.3479973077774048
7452	0.34803491830825806
7453	0.34808430075645447
7454	0.34811949729919434
7455	0.34815481305122375
7456	0.3481602072715759
7457	0.3482086956501007
7458	0.3482854962348938
7459	0.348291277885437
7460	0.34831860661506653
7461	0.34831953048706055
7462	0.34837615489959717
7463	0.3483875095844269
7464	0.34839388728141785
7465	0.34844455122947693
7466	0.34845325350761414
7467	0.34845462441444397
7468	0.348466694355011
7469	0.348469614982605
7470	0.34847211837768555
7471	0.3485039472579956
7472	0.34850654006004333
7473	0.34853389859199524
7474	0.3485548794269562
7475	0.3486158847808838
7476	0.3486698269844055
7477	0.3486708998680115
7478	0.3486891984939575
7479	0.34877070784568787
7480	0.3487836420536041
7481	0.3487941026687622
7482	0.34879717230796814
7483	0.3488095700740814
7484	0.34881067276000977
7485	0.34883102774620056
7486	0.3488345444202423
7487	0.3488357365131378
7488	0.3488394320011139
7489	0.34885966777801514
7490	0.34886547923088074
7491	0.3488682210445404
7492	0.3488927185535431
7493	0.34891512989997864
7494	0.34892895817756653
7495	0.34893062710762024
7496	0.34895622730255127
7497	0.348976194858551
7498	0.34899258613586426
7499	0.349027544260025
7500	0.34902921319007874
7501	0.34903115034103394
7502	0.34904608130455017
7503	0.3490515351295471
7504	0.3490917682647705
7505	0.349096417427063
7506	0.34910091757774353
7507	0.3491179049015045
7508	0.34912046790122986
7509	0.34915149211883545
7510	0.3492254316806793
7511	0.34935271739959717
7512	0.34937068819999695
7513	0.34937652945518494
7514	0.3493832051753998
7515	0.3493909537792206
7516	0.34940260648727417
7517	0.3494853079319
7518	0.34949252009391785
7519	0.34960073232650757
7520	0.34960460662841797
7521	0.3496202230453491
7522	0.34962475299835205
7523	0.3496391475200653
7524	0.3496435582637787
7525	0.3496459126472473
7526	0.3496762812137604
7527	0.3496961295604706
7528	0.3497229218482971
7529	0.34972676634788513
7530	0.34974169731140137
7531	0.3497472405433655
7532	0.34979692101478577
7533	0.34983015060424805
7534	0.3498341739177704
7535	0.3498436212539673
7536	0.34984785318374634
7537	0.34985432028770447
7538	0.34991225600242615
7539	0.3499143421649933
7540	0.34994518756866455
7541	0.3499740958213806
7542	0.3499928116798401
7543	0.35000845789909363
7544	0.35001784563064575
7545	0.3500464856624603
7546	0.3500840663909912
7547	0.350092351436615
7548	0.3502049744129181
7549	0.3502347469329834
7550	0.3502647280693054
7551	0.3502824604511261
7552	0.3502925634384155
7553	0.3503139913082123
7554	0.3503144383430481
7555	0.3503219187259674
7556	0.35032981634140015
7557	0.3503585457801819
7558	0.3503805994987488
7559	0.3503847122192383
7560	0.350456178188324
7561	0.35050448775291443
7562	0.35052987933158875
7563	0.35054442286491394
7564	0.3505497872829437
7565	0.35058698058128357
7566	0.35059282183647156
7567	0.3506545126438141
7568	0.3506580889225006
7569	0.35066109895706177
7570	0.35067233443260193
7571	0.3506869077682495
7572	0.3506934344768524
7573	0.35069984197616577
7574	0.3507339358329773
7575	0.35073763132095337
7576	0.3507676124572754
7577	0.35077643394470215
7578	0.35080790519714355
7579	0.3508091866970062
7580	0.35083577036857605
7581	0.35084718465805054
7582	0.3508712649345398
7583	0.35090214014053345
7584	0.3509226441383362
7585	0.350932240486145
7586	0.35108786821365356
7587	0.35110756754875183
7588	0.35111331939697266
7589	0.35136622190475464
7590	0.3513680100440979
7591	0.35138604044914246
7592	0.3514360189437866
7593	0.3514854907989502
7594	0.35151252150535583
7595	0.351516455411911
7596	0.3515212833881378
7597	0.3515305519104004
7598	0.35155466198921204
7599	0.35157230496406555
7600	0.3516603708267212
7601	0.3516785204410553
7602	0.351701021194458
7603	0.35171571373939514
7604	0.35172557830810547
7605	0.3517441153526306
7606	0.35175684094429016
7607	0.3517671227455139
7608	0.35177817940711975
7609	0.3517833650112152
7610	0.35179877281188965
7611	0.35184192657470703
7612	0.35184744000434875
7613	0.3518562912940979
7614	0.3518737554550171
7615	0.3518986403942108
7616	0.35212787985801697
7617	0.3521360158920288
7618	0.3521401286125183
7619	0.35214245319366455
7620	0.35214856266975403
7621	0.35218188166618347
7622	0.35218480229377747
7623	0.3522001802921295
7624	0.35221153497695923
7625	0.3522178530693054
7626	0.3522244393825531
7627	0.3522269129753113
7628	0.35223379731178284
7629	0.3522367775440216
7630	0.3522530198097229
7631	0.35226595401763916
7632	0.35227322578430176
7633	0.35228490829467773
7634	0.3523203134536743
7635	0.35241395235061646
7636	0.3524220585823059
7637	0.35244667530059814
7638	0.3524766266345978
7639	0.3525019586086273
7640	0.3525049090385437
7641	0.3525184392929077
7642	0.35252219438552856
7643	0.35253795981407166
7644	0.35257694125175476
7645	0.352631539106369
7646	0.35264378786087036
7647	0.35266655683517456
7648	0.3526747524738312
7649	0.35268425941467285
7650	0.35272255539894104
7651	0.35273227095603943
7652	0.35277214646339417
7653	0.35278066992759705
7654	0.352799654006958
7655	0.3528057634830475
7656	0.352825403213501
7657	0.352829247713089
7658	0.3529341518878937
7659	0.35298651456832886
7660	0.35299474000930786
7661	0.35300081968307495
7662	0.35302451252937317
7663	0.3530471622943878
7664	0.35306328535079956
7665	0.35308507084846497
7666	0.3531031310558319
7667	0.35316380858421326
7668	0.35318395495414734
7669	0.3531930446624756
7670	0.3532129228115082
7671	0.35321685671806335
7672	0.353245347738266
7673	0.35324743390083313
7674	0.35327771306037903
7675	0.3533039391040802
7676	0.3533049523830414
7677	0.3533383905887604
7678	0.3533450961112976
7679	0.3533473014831543
7680	0.3533531427383423
7681	0.35337892174720764
7682	0.35338619351387024
7683	0.3534010350704193
7684	0.3534621000289917
7685	0.35346516966819763
7686	0.3535086512565613
7687	0.3535396158695221
7688	0.3535481095314026
7689	0.3535853326320648
7690	0.3536168932914734
7691	0.3536275029182434
7692	0.3536624014377594
7693	0.3537013530731201
7694	0.35370659828186035
7695	0.3537149131298065
7696	0.3537290096282959
7697	0.3537331521511078
7698	0.3538430631160736
7699	0.3538552522659302
7700	0.35387396812438965
7701	0.3538767099380493
7702	0.35392674803733826
7703	0.353960782289505
7704	0.3539627194404602
7705	0.3539632260799408
7706	0.35396671295166016
7707	0.35396793484687805
7708	0.3539773225784302
7709	0.35398754477500916
7710	0.35399025678634644
7711	0.3540017008781433
7712	0.3540206253528595
7713	0.35402846336364746
7714	0.35403314232826233
7715	0.35403972864151
7716	0.35408052802085876
7717	0.3541643023490906
7718	0.35416892170906067
7719	0.3541950583457947
7720	0.35419851541519165
7721	0.35422560572624207
7722	0.3542537987232208
7723	0.35427331924438477
7724	0.35427579283714294
7725	0.35440555214881897
7726	0.35440561175346375
7727	0.35441505908966064
7728	0.3544548451900482
7729	0.35446906089782715
7730	0.354479044675827
7731	0.354604572057724
7732	0.35461682081222534
7733	0.3546258211135864
7734	0.3546556830406189
7735	0.35466694831848145
7736	0.35467004776000977
7737	0.3546835482120514
7738	0.3547070324420929
7739	0.3547252118587494
7740	0.35476747155189514
7741	0.354790061712265
7742	0.3547990322113037
7743	0.35481563210487366
7744	0.35482659935951233
7745	0.3548359274864197
7746	0.35484153032302856
7747	0.3548536002635956
7748	0.35487252473831177
7749	0.35487523674964905
7750	0.35489630699157715
7751	0.3549139201641083
7752	0.35492345690727234
7753	0.3549480736255646
7754	0.35495153069496155
7755	0.3549576997756958
7756	0.3549591302871704
7757	0.35496068000793457
7758	0.3550184667110443
7759	0.35504913330078125
7760	0.355091392993927
7761	0.35519498586654663
7762	0.3551969528198242
7763	0.3552015721797943
7764	0.3552061915397644
7765	0.35520845651626587
7766	0.35520845651626587
7767	0.3552256226539612
7768	0.35522785782814026
7769	0.35525164008140564
7770	0.35526010394096375
7771	0.3552882671356201
7772	0.35530832409858704
7773	0.3553673028945923
7774	0.35537827014923096
7775	0.35539937019348145
7776	0.35556432604789734
7777	0.3556712567806244
7778	0.3556998372077942
7779	0.35572415590286255
7780	0.35573437809944153
7781	0.35573843121528625
7782	0.35578352212905884
7783	0.35578468441963196
7784	0.35579222440719604
7785	0.35590121150016785
7786	0.35591912269592285
7787	0.3559286296367645
7788	0.3559380769729614
7789	0.3559517562389374
7790	0.3559657335281372
7791	0.35598042607307434
7792	0.3559967875480652
7793	0.35600772500038147
7794	0.35601159930229187
7795	0.3560139536857605
7796	0.3560185730457306
7797	0.35602980852127075
7798	0.35603511333465576
7799	0.35604754090309143
7800	0.35606542229652405
7801	0.3560797870159149
7802	0.35608944296836853
7803	0.35610201954841614
7804	0.3561078608036041
7805	0.3561094105243683
7806	0.3561282455921173
7807	0.3561350107192993
7808	0.3561553359031677
7809	0.3561558425426483
7810	0.35616371035575867
7811	0.3561674952507019
7812	0.35617485642433167
7813	0.3561793267726898
7814	0.35621437430381775
7815	0.3562319576740265
7816	0.3562357425689697
7817	0.35636723041534424
7818	0.35638538002967834
7819	0.3564389646053314
7820	0.3564470410346985
7821	0.3564581274986267
7822	0.35652926564216614
7823	0.3565305471420288
7824	0.356587678194046
7825	0.35662102699279785
7826	0.3566378355026245
7827	0.35665807127952576
7828	0.3566756248474121
7829	0.35668689012527466
7830	0.3567008674144745
7831	0.35671287775039673
7832	0.3567258417606354
7833	0.35674571990966797
7834	0.3567516505718231
7835	0.3567529320716858
7836	0.35675597190856934
7837	0.35677653551101685
7838	0.35678479075431824
7839	0.35680392384529114
7840	0.3569073975086212
7841	0.3569223880767822
7842	0.3569297790527344
7843	0.3569578230381012
7844	0.35695964097976685
7845	0.35703244805336
7846	0.3570384979248047
7847	0.35704004764556885
7848	0.35707467794418335
7849	0.3570956587791443
7850	0.3570963144302368
7851	0.357097327709198
7852	0.3571387529373169
7853	0.35714128613471985
7854	0.35722124576568604
7855	0.3572414815425873
7856	0.35730910301208496
7857	0.35731491446495056
7858	0.35731950402259827
7859	0.35734912753105164
7860	0.3574550449848175
7861	0.35745784640312195
7862	0.3574627637863159
7863	0.35749003291130066
7864	0.35749366879463196
7865	0.3575282096862793
7866	0.35755109786987305
7867	0.35755789279937744
7868	0.357563853263855
7869	0.3575914204120636
7870	0.3575933277606964
7871	0.3578904867172241
7872	0.3579215407371521
7873	0.3579433858394623
7874	0.35795581340789795
7875	0.3580940365791321
7876	0.3580981194972992
7877	0.3581187427043915
7878	0.3581219017505646
7879	0.358130544424057
7880	0.35813403129577637
7881	0.3581429421901703
7882	0.35814639925956726
7883	0.3582044541835785
7884	0.3582082688808441
7885	0.35824692249298096
7886	0.35825416445732117
7887	0.3582690358161926
7888	0.35827404260635376
7889	0.35828039050102234
7890	0.3583158254623413
7891	0.3583211600780487
7892	0.3583318293094635
7893	0.358344167470932
7894	0.35840851068496704
7895	0.3584171235561371
7896	0.3584265410900116
7897	0.3586253821849823
7898	0.35863280296325684
7899	0.3586462140083313
7900	0.35865193605422974
7901	0.35865315794944763
7902	0.35866978764533997
7903	0.35868462920188904
7904	0.35869523882865906
7905	0.3586972653865814
7906	0.35869964957237244
7907	0.35870465636253357
7908	0.35872772336006165
7909	0.3587449789047241
7910	0.3587575852870941
7911	0.35876405239105225
7912	0.35878992080688477
7913	0.3588031232357025
7914	0.3588111400604248
7915	0.3588492274284363
7916	0.3588595688343048
7917	0.35886797308921814
7918	0.3588813245296478
7919	0.3588944673538208
7920	0.35890069603919983
7921	0.35893353819847107
7922	0.35894152522087097
7923	0.3589478135108948
7924	0.35896676778793335
7925	0.35897505283355713
7926	0.358989417552948
7927	0.3590925931930542
7928	0.359092652797699
7929	0.35909757018089294
7930	0.3591206669807434
7931	0.35912930965423584
7932	0.35913386940956116
7933	0.35913920402526855
7934	0.35916513204574585
7935	0.35925066471099854
7936	0.3592575788497925
7937	0.3593183755874634
7938	0.3593197762966156
7939	0.3593430519104004
7940	0.3593481481075287
7941	0.35936468839645386
7942	0.35937798023223877
7943	0.359404593706131
7944	0.3594275712966919
7945	0.3594447374343872
7946	0.35947561264038086
7947	0.359518438577652
7948	0.3595791757106781
7949	0.35958123207092285
7950	0.3596040606498718
7951	0.35960933566093445
7952	0.35961660742759705
7953	0.3596319854259491
7954	0.3596358299255371
7955	0.35966959595680237
7956	0.35968002676963806
7957	0.35969069600105286
7958	0.35970020294189453
7959	0.3597142994403839
7960	0.35977429151535034
7961	0.3598364293575287
7962	0.35990408062934875
7963	0.35991567373275757
7964	0.35992515087127686
7965	0.35992592573165894
7966	0.35994455218315125
7967	0.3600553572177887
7968	0.3600568473339081
7969	0.3600718379020691
7970	0.3600870370864868
7971	0.3601095974445343
7972	0.36012959480285645
7973	0.3601346015930176
7974	0.36014896631240845
7975	0.3601723611354828
7976	0.3601914048194885
7977	0.3601951599121094
7978	0.36020007729530334
7979	0.3602207601070404
7980	0.3602225184440613
7981	0.3602638840675354
7982	0.36028382182121277
7983	0.3603125512599945
7984	0.3603466749191284
7985	0.36037150025367737
7986	0.3603762686252594
7987	0.36038652062416077
7988	0.36039969325065613
7989	0.36043408513069153
7990	0.3604414165019989
7991	0.36047208309173584
7992	0.36053162813186646
7993	0.36054709553718567
7994	0.36057156324386597
7995	0.36059626936912537
7996	0.36060941219329834
7997	0.360635906457901
7998	0.3606520891189575
7999	0.3606629967689514
8000	0.3606798052787781
8001	0.36069151759147644
8002	0.36070019006729126
8003	0.3607594072818756
8004	0.3607788681983948
8005	0.36077943444252014
8006	0.36078235507011414
8007	0.36079084873199463
8008	0.36079949140548706
8009	0.3608434498310089
8010	0.36084631085395813
8011	0.36086004972457886
8012	0.36086305975914
8013	0.3608704209327698
8014	0.36087656021118164
8015	0.3608846068382263
8016	0.36088937520980835
8017	0.3609098494052887
8018	0.36091598868370056
8019	0.3609338700771332
8020	0.36103978753089905
8021	0.36106547713279724
8022	0.36107808351516724
8023	0.3610995411872864
8024	0.3611016869544983
8025	0.3611034154891968
8026	0.36112523078918457
8027	0.36112964153289795
8028	0.3611420691013336
8029	0.3611985743045807
8030	0.36120617389678955
8031	0.36120814085006714
8032	0.36121878027915955
8033	0.3612286150455475
8034	0.36123138666152954
8035	0.3612576723098755
8036	0.3612651526927948
8037	0.36127969622612
8038	0.36128556728363037
8039	0.3613009750843048
8040	0.36135366559028625
8041	0.3617643415927887
8042	0.36178460717201233
8043	0.36181244254112244
8044	0.36181408166885376
8045	0.3618552088737488
8046	0.36186397075653076
8047	0.3618689775466919
8048	0.36188173294067383
8049	0.36188963055610657
8050	0.3619071841239929
8051	0.361909419298172
8052	0.3619202673435211
8053	0.36192142963409424
8054	0.36195358633995056
8055	0.36195844411849976
8056	0.3619594871997833
8057	0.3619646430015564
8058	0.36207935214042664
8059	0.36208510398864746
8060	0.36209550499916077
8061	0.36209729313850403
8062	0.36210930347442627
8063	0.36213257908821106
8064	0.3621354103088379
8065	0.3622440695762634
8066	0.36227962374687195
8067	0.3622828423976898
8068	0.3622923195362091
8069	0.36231788992881775
8070	0.3623235523700714
8071	0.36234715580940247
8072	0.36235591769218445
8073	0.36235958337783813
8074	0.36236295104026794
8075	0.3623872995376587
8076	0.36239343881607056
8077	0.3624597489833832
8078	0.3624711036682129
8079	0.36253997683525085
8080	0.3625611364841461
8081	0.3625774085521698
8082	0.36262059211730957
8083	0.36268001794815063
8084	0.36268630623817444
8085	0.3627454340457916
8086	0.36277809739112854
8087	0.36279675364494324
8088	0.3627983331680298
8089	0.36282750964164734
8090	0.3628324270248413
8091	0.3628453314304352
8092	0.3628738224506378
8093	0.3629305362701416
8094	0.36295196413993835
8095	0.3629550039768219
8096	0.3629664182662964
8097	0.36297833919525146
8098	0.3630061447620392
8099	0.36300697922706604
8100	0.3630550801753998
8101	0.3631233870983124
8102	0.3631296157836914
8103	0.3631344139575958
8104	0.36315464973449707
8105	0.3632395267486572
8106	0.363341748714447
8107	0.36334705352783203
8108	0.3633563220500946
8109	0.3633655905723572
8110	0.3633716404438019
8111	0.3633987009525299
8112	0.36339911818504333
8113	0.3634094297885895
8114	0.363424688577652
8115	0.36344146728515625
8116	0.3634580373764038
8117	0.3634704351425171
8118	0.3635030686855316
8119	0.36354854702949524
8120	0.3635564148426056
8121	0.3635670840740204
8122	0.3635992407798767
8123	0.3635999262332916
8124	0.3636168837547302
8125	0.3636764883995056
8126	0.36369815468788147
8127	0.3638555705547333
8128	0.3638572096824646
8129	0.3638574481010437
8130	0.36385828256607056
8131	0.3638606071472168
8132	0.36386731266975403
8133	0.3638901114463806
8134	0.36390289664268494
8135	0.3639255464076996
8136	0.3639301359653473
8137	0.3639434576034546
8138	0.36394956707954407
8139	0.3639691174030304
8140	0.3640012741088867
8141	0.36405932903289795
8142	0.36406487226486206
8143	0.36409634351730347
8144	0.3641182780265808
8145	0.36413219571113586
8146	0.36413729190826416
8147	0.36415499448776245
8148	0.36417752504348755
8149	0.36418411135673523
8150	0.3641866147518158
8151	0.3641918897628784
8152	0.3642359972000122
8153	0.3642425537109375
8154	0.3642504811286926
8155	0.3642725348472595
8156	0.3642796576023102
8157	0.3643086850643158
8158	0.3643200695514679
8159	0.3643462061882019
8160	0.36436015367507935
8161	0.3643648624420166
8162	0.36436596512794495
8163	0.3644489347934723
8164	0.3645097315311432
8165	0.364583283662796
8166	0.3645927608013153
8167	0.3645998537540436
8168	0.36461928486824036
8169	0.3646576702594757
8170	0.36471065878868103
8171	0.36472412943840027
8172	0.36476242542266846
8173	0.364777147769928
8174	0.3647843897342682
8175	0.364808052778244
8176	0.36481934785842896
8177	0.36482343077659607
8178	0.3648698329925537
8179	0.36489591002464294
8180	0.3648991286754608
8181	0.36492958664894104
8182	0.36493903398513794
8183	0.3649497926235199
8184	0.3650408685207367
8185	0.36505958437919617
8186	0.3650626540184021
8187	0.3651067614555359
8188	0.3651871979236603
8189	0.3651922643184662
8190	0.36528724431991577
8191	0.365325003862381
8192	0.3653545081615448
8193	0.36535727977752686
8194	0.3653639256954193
8195	0.3653705418109894
8196	0.3653802275657654
8197	0.3653956651687622
8198	0.3653997480869293
8199	0.36540791392326355
8200	0.36544838547706604
8201	0.3654499351978302
8202	0.36549073457717896
8203	0.36550092697143555
8204	0.36550724506378174
8205	0.36552804708480835
8206	0.36553555727005005
8207	0.3655381500720978
8208	0.3655645549297333
8209	0.3655872941017151
8210	0.3655976355075836
8211	0.36563608050346375
8212	0.3656882047653198
8213	0.3656981587409973
8214	0.3656986653804779
8215	0.365717351436615
8216	0.36573535203933716
8217	0.3657694458961487
8218	0.3657861351966858
8219	0.36581265926361084
8220	0.3658541440963745
8221	0.3658614754676819
8222	0.3658623695373535
8223	0.3658643662929535
8224	0.3658713698387146
8225	0.36587420105934143
8226	0.36587780714035034
8227	0.3658849895000458
8228	0.36588624119758606
8229	0.36590737104415894
8230	0.3659329116344452
8231	0.36594539880752563
8232	0.36595234274864197
8233	0.3659675121307373
8234	0.36597388982772827
8235	0.3659828305244446
8236	0.3659864366054535
8237	0.3660018742084503
8238	0.3660065531730652
8239	0.36601683497428894
8240	0.3660207688808441
8241	0.3660546541213989
8242	0.36606186628341675
8243	0.3661026358604431
8244	0.3661077320575714
8245	0.36612817645072937
8246	0.36613497138023376
8247	0.3662392795085907
8248	0.3663567900657654
8249	0.3666073977947235
8250	0.36661237478256226
8251	0.36663734912872314
8252	0.36665746569633484
8253	0.36666837334632874
8254	0.3666771352291107
8255	0.3666815459728241
8256	0.366683691740036
8257	0.36669397354125977
8258	0.36670055985450745
8259	0.36670100688934326
8260	0.3667525351047516
8261	0.36680859327316284
8262	0.366912305355072
8263	0.36693075299263
8264	0.3669321835041046
8265	0.36696404218673706
8266	0.36696958541870117
8267	0.3670279383659363
8268	0.3670361042022705
8269	0.36705365777015686
8270	0.3671761155128479
8271	0.3671852946281433
8272	0.36718812584877014
8273	0.36719149351119995
8274	0.3671921491622925
8275	0.3671996593475342
8276	0.36720287799835205
8277	0.367208331823349
8278	0.36721181869506836
8279	0.36721333861351013
8280	0.3672156035900116
8281	0.3672226071357727
8282	0.36723703145980835
8283	0.36726295948028564
8284	0.36726948618888855
8285	0.3672710955142975
8286	0.36729782819747925
8287	0.36731046438217163
8288	0.3673257529735565
8289	0.3673287630081177
8290	0.36738166213035583
8291	0.36739376187324524
8292	0.3674042522907257
8293	0.36740633845329285
8294	0.36743253469467163
8295	0.36743977665901184
8296	0.36746177077293396
8297	0.3674686551094055
8298	0.36750486493110657
8299	0.36750954389572144
8300	0.3675098717212677
8301	0.3675250709056854
8302	0.36752697825431824
8303	0.3675547242164612
8304	0.3675801455974579
8305	0.3675989508628845
8306	0.3676043152809143
8307	0.3676053285598755
8308	0.36761370301246643
8309	0.36773473024368286
8310	0.3677385449409485
8311	0.3677448630332947
8312	0.367764949798584
8313	0.36781468987464905
8314	0.36782127618789673
8315	0.36783894896507263
8316	0.36790522933006287
8317	0.36790600419044495
8318	0.36796337366104126
8319	0.3679763078689575
8320	0.36799752712249756
8321	0.3680073320865631
8322	0.3680265247821808
8323	0.3680323362350464
8324	0.36804211139678955
8325	0.3680427074432373
8326	0.3680485785007477
8327	0.36805179715156555
8328	0.36806008219718933
8329	0.3680855631828308
8330	0.3681112229824066
8331	0.36811336874961853
8332	0.36811453104019165
8333	0.3681269884109497
8334	0.3681284785270691
8335	0.36817485094070435
8336	0.3681955337524414
8337	0.3682446777820587
8338	0.36831241846084595
8339	0.3683258593082428
8340	0.36834654211997986
8341	0.3683803975582123
8342	0.3683827221393585
8343	0.36839964985847473
8344	0.3684418797492981
8345	0.3684423565864563
8346	0.36845582723617554
8347	0.3684609532356262
8348	0.3684675395488739
8349	0.3684684932231903
8350	0.36864200234413147
8351	0.3686554431915283
8352	0.3686966300010681
8353	0.3686991333961487
8354	0.3687090277671814
8355	0.3687122166156769
8356	0.3687138259410858
8357	0.3687308430671692
8358	0.36874058842658997
8359	0.3687414526939392
8360	0.3687722086906433
8361	0.3687855303287506
8362	0.368815153837204
8363	0.36884230375289917
8364	0.36884400248527527
8365	0.36885565519332886
8366	0.36891013383865356
8367	0.3689267933368683
8368	0.3689331114292145
8369	0.36893796920776367
8370	0.36906489729881287
8371	0.3690777122974396
8372	0.36908870935440063
8373	0.3691074550151825
8374	0.3691183626651764
8375	0.36915627121925354
8376	0.36916887760162354
8377	0.3692066967487335
8378	0.36931484937667847
8379	0.3693273365497589
8380	0.36933398246765137
8381	0.3693722188472748
8382	0.36940351128578186
8383	0.36941322684288025
8384	0.3694598972797394
8385	0.3694745600223541
8386	0.36948370933532715
8387	0.3696698248386383
8388	0.36971068382263184
8389	0.36972638964653015
8390	0.3697507679462433
8391	0.3697570860385895
8392	0.36976268887519836
8393	0.36976563930511475
8394	0.36977237462997437
8395	0.369867742061615
8396	0.3698742091655731
8397	0.3698785901069641
8398	0.36995863914489746
8399	0.3699777126312256
8400	0.3700057566165924
8401	0.3700224459171295
8402	0.3700560927391052
8403	0.3700869381427765
8404	0.37010475993156433
8405	0.3701061010360718
8406	0.3701074719429016
8407	0.37013179063796997
8408	0.37013673782348633
8409	0.37017467617988586
8410	0.37018588185310364
8411	0.3702040910720825
8412	0.37022528052330017
8413	0.37024009227752686
8414	0.37024638056755066
8415	0.3702673316001892
8416	0.37028762698173523
8417	0.37028801441192627
8418	0.37029337882995605
8419	0.3703613877296448
8420	0.3703761100769043
8421	0.37040355801582336
8422	0.3704083263874054
8423	0.3704417049884796
8424	0.37045779824256897
8425	0.3704616129398346
8426	0.3704756796360016
8427	0.3704867959022522
8428	0.37050312757492065
8429	0.3705724775791168
8430	0.3705829977989197
8431	0.3706168532371521
8432	0.3706211745738983
8433	0.37062937021255493
8434	0.3706304728984833
8435	0.3706309199333191
8436	0.3706360161304474
8437	0.3706618547439575
8438	0.37066447734832764
8439	0.3706687390804291
8440	0.370695024728775
8441	0.37072932720184326
8442	0.37075042724609375
8443	0.37078240513801575
8444	0.3707994222640991
8445	0.370826780796051
8446	0.37083375453948975
8447	0.37084266543388367
8448	0.37085598707199097
8449	0.37086397409439087
8450	0.3708798587322235
8451	0.37088558077812195
8452	0.37097662687301636
8453	0.37099188566207886
8454	0.3709983229637146
8455	0.37106016278266907
8456	0.3710792064666748
8457	0.37111106514930725
8458	0.37112829089164734
8459	0.37113022804260254
8460	0.3711380958557129
8461	0.37117645144462585
8462	0.37117794156074524
8463	0.37124451994895935
8464	0.37124502658843994
8465	0.37131375074386597
8466	0.37131837010383606
8467	0.3713338077068329
8468	0.3713630437850952
8469	0.3713659942150116
8470	0.37137144804000854
8471	0.3713817298412323
8472	0.37138688564300537
8473	0.3714069724082947
8474	0.3714107275009155
8475	0.37141314148902893
8476	0.37143179774284363
8477	0.3714616894721985
8478	0.37147969007492065
8479	0.37148767709732056
8480	0.37149253487586975
8481	0.3714979887008667
8482	0.37150174379348755
8483	0.37152546644210815
8484	0.37154218554496765
8485	0.3715555667877197
8486	0.3715652525424957
8487	0.37158066034317017
8488	0.3715828061103821
8489	0.37158647179603577
8490	0.37160375714302063
8491	0.3716234564781189
8492	0.3716616928577423
8493	0.3716750741004944
8494	0.3716955780982971
8495	0.3716980814933777
8496	0.3717099726200104
8497	0.37171581387519836
8498	0.37174779176712036
8499	0.37175774574279785
8500	0.37175917625427246
8501	0.37180888652801514
8502	0.3718096613883972
8503	0.37183964252471924
8504	0.371886283159256
8505	0.37194129824638367
8506	0.37194404006004333
8507	0.3719445466995239
8508	0.37195059657096863
8509	0.3719513714313507
8510	0.37196213006973267
8511	0.3719645142555237
8512	0.3719817101955414
8513	0.37198778986930847
8514	0.3720160126686096
8515	0.3720451295375824
8516	0.37205770611763
8517	0.37207671999931335
8518	0.3721170127391815
8519	0.3721194267272949
8520	0.3721756935119629
8521	0.37220680713653564
8522	0.37225982546806335
8523	0.372263640165329
8524	0.3722718060016632
8525	0.3722730576992035
8526	0.3722795844078064
8527	0.3722822964191437
8528	0.37231138348579407
8529	0.37234795093536377
8530	0.3723505735397339
8531	0.3723640441894531
8532	0.37236493825912476
8533	0.3723745048046112
8534	0.3723774552345276
8535	0.37238481640815735
8536	0.37239953875541687
8537	0.37240517139434814
8538	0.3724145293235779
8539	0.37242403626441956
8540	0.372433602809906
8541	0.37245073914527893
8542	0.3724679946899414
8543	0.372474730014801
8544	0.37247905135154724
8545	0.3725653290748596
8546	0.37258514761924744
8547	0.37258782982826233
8548	0.3725975453853607
8549	0.3726005554199219
8550	0.3726188540458679
8551	0.3726535141468048
8552	0.3726612627506256
8553	0.37267693877220154
8554	0.37268057465553284
8555	0.37269720435142517
8556	0.3727136254310608
8557	0.37272489070892334
8558	0.37272965908050537
8559	0.3727445900440216
8560	0.37275877594947815
8561	0.3729148805141449
8562	0.37291809916496277
8563	0.3729340136051178
8564	0.3729594051837921
8565	0.372965931892395
8566	0.3730130195617676
8567	0.3730255663394928
8568	0.37304651737213135
8569	0.37304842472076416
8570	0.3730684816837311
8571	0.3730696737766266
8572	0.37308865785598755
8573	0.37323254346847534
8574	0.3732450306415558
8575	0.3732507824897766
8576	0.373281866312027
8577	0.3733144700527191
8578	0.3733327090740204
8579	0.37334510684013367
8580	0.3733876049518585
8581	0.37340137362480164
8582	0.37341806292533875
8583	0.3734566569328308
8584	0.3734709322452545
8585	0.3734738826751709
8586	0.37348124384880066
8587	0.3735010027885437
8588	0.37350237369537354
8589	0.373503714799881
8590	0.373532235622406
8591	0.3735414743423462
8592	0.373568058013916
8593	0.37357044219970703
8594	0.37357309460639954
8595	0.3735811114311218
8596	0.37361857295036316
8597	0.37364462018013
8598	0.37364932894706726
8599	0.37372347712516785
8600	0.37380191683769226
8601	0.3738282024860382
8602	0.37384849786758423
8603	0.37388545274734497
8604	0.3739593029022217
8605	0.3739921450614929
8606	0.3740053176879883
8607	0.3740141987800598
8608	0.37412720918655396
8609	0.37415170669555664
8610	0.3742520809173584
8611	0.37425464391708374
8612	0.3742569088935852
8613	0.3742803633213043
8614	0.37429362535476685
8615	0.3743014931678772
8616	0.374304860830307
8617	0.3743189573287964
8618	0.3743323087692261
8619	0.3743491768836975
8620	0.37437260150909424
8621	0.37437647581100464
8622	0.374400794506073
8623	0.37440311908721924
8624	0.37442004680633545
8625	0.37445732951164246
8626	0.37446197867393494
8627	0.37446337938308716
8628	0.37446728348731995
8629	0.3745066523551941
8630	0.37451523542404175
8631	0.3746291995048523
8632	0.3746340870857239
8633	0.3746556341648102
8634	0.37466034293174744
8635	0.37466251850128174
8636	0.37468427419662476
8637	0.3746967911720276
8638	0.37470439076423645
8639	0.3747304379940033
8640	0.3747367560863495
8641	0.37478959560394287
8642	0.3747904598712921
8643	0.3747991919517517
8644	0.37485912442207336
8645	0.3748806416988373
8646	0.3748858869075775
8647	0.3748869001865387
8648	0.37493380904197693
8649	0.3749346435070038
8650	0.3750453293323517
8651	0.37508800625801086
8652	0.3750896453857422
8653	0.37510421872138977
8654	0.37518519163131714
8655	0.3751978874206543
8656	0.3752211034297943
8657	0.3752347230911255
8658	0.37524813413619995
8659	0.3752792477607727
8660	0.37528330087661743
8661	0.3752914071083069
8662	0.3752932846546173
8663	0.37535253167152405
8664	0.3753748834133148
8665	0.37540557980537415
8666	0.37541019916534424
8667	0.3754265010356903
8668	0.37544524669647217
8669	0.3754488527774811
8670	0.3755989074707031
8671	0.3756115734577179
8672	0.3757352828979492
8673	0.375744104385376
8674	0.37575027346611023
8675	0.37576207518577576
8676	0.37577152252197266
8677	0.3757769763469696
8678	0.3757877051830292
8679	0.3757920265197754
8680	0.3758193552494049
8681	0.3758293092250824
8682	0.3758352994918823
8683	0.37587350606918335
8684	0.37588101625442505
8685	0.37590232491493225
8686	0.37591344118118286
8687	0.3759367763996124
8688	0.37594616413116455
8689	0.3759958744049072
8690	0.3760053217411041
8691	0.37602561712265015
8692	0.3760412931442261
8693	0.3760737180709839
8694	0.3760840892791748
8695	0.3760872483253479
8696	0.3761031925678253
8697	0.3761264979839325
8698	0.3762514591217041
8699	0.3762798607349396
8700	0.37629789113998413
8701	0.37634435296058655
8702	0.37635815143585205
8703	0.3763616979122162
8704	0.3763640522956848
8705	0.3763740658760071
8706	0.3764548897743225
8707	0.376457154750824
8708	0.3764674663543701
8709	0.3765048384666443
8710	0.37653300166130066
8711	0.37656304240226746
8712	0.37658652663230896
8713	0.37658798694610596
8714	0.37659868597984314
8715	0.3766028583049774
8716	0.3766065835952759
8717	0.37661120295524597
8718	0.37663257122039795
8719	0.3766345679759979
8720	0.3766518235206604
8721	0.37668952345848083
8722	0.3766934871673584
8723	0.3767069876194
8724	0.37672945857048035
8725	0.37676289677619934
8726	0.37684378027915955
8727	0.3768485188484192
8728	0.37692582607269287
8729	0.3769476115703583
8730	0.37696945667266846
8731	0.3770298659801483
8732	0.37703409790992737
8733	0.3770826756954193
8734	0.37708529829978943
8735	0.37708935141563416
8736	0.377116322517395
8737	0.3771929144859314
8738	0.37719815969467163
8739	0.3772053122520447
8740	0.3772663176059723
8741	0.3772863447666168
8742	0.37732061743736267
8743	0.377320796251297
8744	0.37732285261154175
8745	0.3773486018180847
8746	0.3773692548274994
8747	0.3773786723613739
8748	0.37750864028930664
8749	0.37751099467277527
8750	0.37752118706703186
8751	0.377565860748291
8752	0.3775717616081238
8753	0.37758031487464905
8754	0.3775901198387146
8755	0.3776010274887085
8756	0.37762197852134705
8757	0.37763717770576477
8758	0.37764376401901245
8759	0.3776704668998718
8760	0.3777223229408264
8761	0.37772491574287415
8762	0.37774571776390076
8763	0.37775734066963196
8764	0.3777580261230469
8765	0.37776875495910645
8766	0.3777700960636139
8767	0.37778061628341675
8768	0.3777834475040436
8769	0.3778049647808075
8770	0.3778132498264313
8771	0.377824991941452
8772	0.3778407871723175
8773	0.3778684139251709
8774	0.3778720200061798
8775	0.3778892457485199
8776	0.3779270052909851
8777	0.3779524266719818
8778	0.37795934081077576
8779	0.37796729803085327
8780	0.3779880404472351
8781	0.37798863649368286
8782	0.37800225615501404
8783	0.3780135214328766
8784	0.37802186608314514
8785	0.3780529499053955
8786	0.3780554533004761
8787	0.3780982494354248
8788	0.37816712260246277
8789	0.3782319128513336
8790	0.37826240062713623
8791	0.3784441649913788
8792	0.37845122814178467
8793	0.37845364212989807
8794	0.37846556305885315
8795	0.37847062945365906
8796	0.3784751892089844
8797	0.37852129340171814
8798	0.3785496652126312
8799	0.37859809398651123
8800	0.3786035478115082
8801	0.3786599338054657
8802	0.37867024540901184
8803	0.37870657444000244
8804	0.3787107467651367
8805	0.37871137261390686
8806	0.3787115216255188
8807	0.3787675201892853
8808	0.37882664799690247
8809	0.3788498044013977
8810	0.37887081503868103
8811	0.3788992762565613
8812	0.37890830636024475
8813	0.3789092004299164
8814	0.37891197204589844
8815	0.3789557218551636
8816	0.3789679706096649
8817	0.37898048758506775
8818	0.3790159225463867
8819	0.37903571128845215
8820	0.37904927134513855
8821	0.3791157603263855
8822	0.3791322708129883
8823	0.3791373670101166
8824	0.37915515899658203
8825	0.3791619539260864
8826	0.37916848063468933
8827	0.3791898488998413
8828	0.37920352816581726
8829	0.3792208433151245
8830	0.3792378008365631
8831	0.37924709916114807
8832	0.3792669475078583
8833	0.379273384809494
8834	0.37927794456481934
8835	0.3792891502380371
8836	0.3793092966079712
8837	0.3793211281299591
8838	0.37938231229782104
8839	0.3794154226779938
8840	0.3795134127140045
8841	0.3795172870159149
8842	0.3795180022716522
8843	0.37952956557273865
8844	0.37953147292137146
8845	0.3795398771762848
8846	0.37954214215278625
8847	0.3796365261077881
8848	0.37964320182800293
8849	0.37971580028533936
8850	0.3797261416912079
8851	0.37976402044296265
8852	0.3797774910926819
8853	0.37979722023010254
8854	0.3798218369483948
8855	0.3798295259475708
8856	0.37983354926109314
8857	0.3798578381538391
8858	0.3798661231994629
8859	0.379888653755188
8860	0.3798941373825073
8861	0.37989941239356995
8862	0.37990498542785645
8863	0.37991511821746826
8864	0.3799213469028473
8865	0.37996962666511536
8866	0.380021870136261
8867	0.3800300359725952
8868	0.380037784576416
8869	0.3800475001335144
8870	0.3800481855869293
8871	0.3800995945930481
8872	0.38010668754577637
8873	0.38011986017227173
8874	0.3801206052303314
8875	0.38012513518333435
8876	0.38014599680900574
8877	0.3801676630973816
8878	0.3801814019680023
8879	0.38019460439682007
8880	0.38019824028015137
8881	0.38022562861442566
8882	0.38023391366004944
8883	0.38025227189064026
8884	0.38028061389923096
8885	0.3802845776081085
8886	0.38028573989868164
8887	0.3802875876426697
8888	0.38032856583595276
8889	0.3803390562534332
8890	0.3803459405899048
8891	0.3803514242172241
8892	0.38035616278648376
8893	0.38036176562309265
8894	0.3803749084472656
8895	0.38038375973701477
8896	0.3804149329662323
8897	0.38041651248931885
8898	0.3804762065410614
8899	0.38048282265663147
8900	0.38048791885375977
8901	0.3804899752140045
8902	0.3805677890777588
8903	0.38059452176094055
8904	0.38070839643478394
8905	0.3807118833065033
8906	0.3807222843170166
8907	0.3807981312274933
8908	0.3808009922504425
8909	0.38081836700439453
8910	0.38083726167678833
8911	0.38085517287254333
8912	0.3808601498603821
8913	0.38088178634643555
8914	0.38088202476501465
8915	0.38088762760162354
8916	0.3808903098106384
8917	0.38089391589164734
8918	0.380906343460083
8919	0.38092201948165894
8920	0.38092556595802307
8921	0.3809875249862671
8922	0.3810006380081177
8923	0.38100650906562805
8924	0.3810204267501831
8925	0.3810238838195801
8926	0.38103049993515015
8927	0.3810487389564514
8928	0.38108837604522705
8929	0.3810921907424927
8930	0.38110649585723877
8931	0.38111403584480286
8932	0.3811171054840088
8933	0.3811520040035248
8934	0.381194531917572
8935	0.38127100467681885
8936	0.38131728768348694
8937	0.3813246190547943
8938	0.38133686780929565
8939	0.3814149498939514
8940	0.3814307451248169
8941	0.3814467787742615
8942	0.38145360350608826
8943	0.3814725875854492
8944	0.3814736008644104
8945	0.38148096203804016
8946	0.3814924657344818
8947	0.38149571418762207
8948	0.3814968168735504
8949	0.38149914145469666
8950	0.38153430819511414
8951	0.38153475522994995
8952	0.38153839111328125
8953	0.3815544545650482
8954	0.38156017661094666
8955	0.3815719485282898
8956	0.3816084861755371
8957	0.3816451132297516
8958	0.38167768716812134
8959	0.38168656826019287
8960	0.38169658184051514
8961	0.3818565011024475
8962	0.3818586766719818
8963	0.381877064704895
8964	0.3818802237510681
8965	0.3818901479244232
8966	0.3818906247615814
8967	0.38191094994544983
8968	0.381924569606781
8969	0.3819328546524048
8970	0.38193759322166443
8971	0.3819582462310791
8972	0.38199207186698914
8973	0.3820132315158844
8974	0.3820217549800873
8975	0.3820251226425171
8976	0.38203686475753784
8977	0.38207703828811646
8978	0.38212332129478455
8979	0.38215765357017517
8980	0.38216352462768555
8981	0.38218146562576294
8982	0.38218268752098083
8983	0.3821903169155121
8984	0.3822391629219055
8985	0.38224899768829346
8986	0.3822593092918396
8987	0.38226866722106934
8988	0.38227197527885437
8989	0.38228896260261536
8990	0.38230443000793457
8991	0.382316529750824
8992	0.38233935832977295
8993	0.38234463334083557
8994	0.38234567642211914
8995	0.38234710693359375
8996	0.38240504264831543
8997	0.38240766525268555
8998	0.38242107629776
8999	0.38243532180786133
9000	0.3824426829814911
9001	0.38260430097579956
9002	0.38262811303138733
9003	0.38267782330513
9004	0.3826950788497925
9005	0.38270193338394165
9006	0.3827260434627533
9007	0.3827444911003113
9008	0.38275179266929626
9009	0.38281941413879395
9010	0.38284093141555786
9011	0.38284173607826233
9012	0.38288548588752747
9013	0.3829103708267212
9014	0.38292089104652405
9015	0.3829215168952942
9016	0.3829246461391449
9017	0.38293036818504333
9018	0.3829392194747925
9019	0.38294717669487
9020	0.3829912841320038
9021	0.38299164175987244
9022	0.3830084502696991
9023	0.3830227553844452
9024	0.3830327093601227
9025	0.3830401301383972
9026	0.38306117057800293
9027	0.38306257128715515
9028	0.3830629587173462
9029	0.3830706477165222
9030	0.38307616114616394
9031	0.38311082124710083
9032	0.38311898708343506
9033	0.3831283450126648
9034	0.38314151763916016
9035	0.38315945863723755
9036	0.38316240906715393
9037	0.38318637013435364
9038	0.3832017779350281
9039	0.38320398330688477
9040	0.3832268714904785
9041	0.38323548436164856
9042	0.38324153423309326
9043	0.3832479417324066
9044	0.3832639753818512
9045	0.3832932114601135
9046	0.3833198547363281
9047	0.3833427131175995
9048	0.3833504617214203
9049	0.3833600580692291
9050	0.38337311148643494
9051	0.38338038325309753
9052	0.383393257856369
9053	0.38340356945991516
9054	0.3834114074707031
9055	0.3834165036678314
9056	0.38342028856277466
9057	0.38343319296836853
9058	0.3834363520145416
9059	0.3834609091281891
9060	0.38346633315086365
9061	0.38349369168281555
9062	0.3834973871707916
9063	0.3835209012031555
9064	0.3835277557373047
9065	0.3835332989692688
9066	0.3835385739803314
9067	0.3835655450820923
9068	0.38360586762428284
9069	0.38361164927482605
9070	0.38361313939094543
9071	0.3836153745651245
9072	0.383626788854599
9073	0.38363853096961975
9074	0.38364389538764954
9075	0.38365086913108826
9076	0.3836805522441864
9077	0.3837105929851532
9078	0.3837428390979767
9079	0.3837563693523407
9080	0.3837614059448242
9081	0.3837692141532898
9082	0.383780837059021
9083	0.3837954103946686
9084	0.3838939666748047
9085	0.383910596370697
9086	0.38391798734664917
9087	0.3839321434497833
9088	0.3839353621006012
9089	0.38395100831985474
9090	0.38396987318992615
9091	0.38397490978240967
9092	0.38400542736053467
9093	0.3840249180793762
9094	0.38402608036994934
9095	0.38403230905532837
9096	0.3840433955192566
9097	0.3840460777282715
9098	0.38406112790107727
9099	0.3840693235397339
9100	0.3841193616390228
9101	0.3841429054737091
9102	0.3842163383960724
9103	0.3842318058013916
9104	0.38424351811408997
9105	0.3842543959617615
9106	0.3842780590057373
9107	0.3842882812023163
9108	0.38429519534111023
9109	0.38429829478263855
9110	0.3843090236186981
9111	0.3843177556991577
9112	0.38432133197784424
9113	0.38433995842933655
9114	0.3843654692173004
9115	0.38437655568122864
9116	0.38440555334091187
9117	0.38441896438598633
9118	0.3844261169433594
9119	0.38443097472190857
9120	0.384434312582016
9121	0.38444387912750244
9122	0.3844495713710785
9123	0.38445204496383667
9124	0.3844570219516754
9125	0.3844660222530365
9126	0.3845200836658478
9127	0.3845940828323364
9128	0.38465338945388794
9129	0.3847041428089142
9130	0.3847303092479706
9131	0.38473212718963623
9132	0.3847481608390808
9133	0.3847484588623047
9134	0.3847658932209015
9135	0.38481441140174866
9136	0.3848521411418915
9137	0.38486459851264954
9138	0.38493427634239197
9139	0.38495680689811707
9140	0.3849613070487976
9141	0.384964257478714
9142	0.3849678933620453
9143	0.3849768042564392
9144	0.38498422503471375
9145	0.3850250244140625
9146	0.38505035638809204
9147	0.3850574195384979
9148	0.3851185441017151
9149	0.38513803482055664
9150	0.38514581322669983
9151	0.38516905903816223
9152	0.38519445061683655
9153	0.38520804047584534
9154	0.38520878553390503
9155	0.38524147868156433
9156	0.3852508068084717
9157	0.38527438044548035
9158	0.3853135108947754
9159	0.3853248953819275
9160	0.3853396475315094
9161	0.38536736369132996
9162	0.38539567589759827
9163	0.3853960931301117
9164	0.3854038119316101
9165	0.38541528582572937
9166	0.38543227314949036
9167	0.38546648621559143
9168	0.3854783773422241
9169	0.38548460602760315
9170	0.38552603125572205
9171	0.3855408728122711
9172	0.3855649530887604
9173	0.3855744004249573
9174	0.38558343052864075
9175	0.38560840487480164
9176	0.38567185401916504
9177	0.3856733739376068
9178	0.3856773376464844
9179	0.3857181668281555
9180	0.3857210874557495
9181	0.385726660490036
9182	0.38573190569877625
9183	0.3857572078704834
9184	0.38578423857688904
9185	0.3857917785644531
9186	0.38580483198165894
9187	0.3858625590801239
9188	0.3858833312988281
9189	0.3858891427516937
9190	0.38591527938842773
9191	0.38600248098373413
9192	0.386003315448761
9193	0.3860255181789398
9194	0.3861047625541687
9195	0.3861696720123291
9196	0.3861912190914154
9197	0.3862137794494629
9198	0.38621655106544495
9199	0.3862183690071106
9200	0.38622376322746277
9201	0.38622722029685974
9202	0.3862361013889313
9203	0.3862493932247162
9204	0.38625258207321167
9205	0.38626357913017273
9206	0.38627269864082336
9207	0.3862996995449066
9208	0.38633638620376587
9209	0.3863508701324463
9210	0.3863544166088104
9211	0.38636618852615356
9212	0.3863789141178131
9213	0.3863844573497772
9214	0.3863945007324219
9215	0.38640376925468445
9216	0.38640686869621277
9217	0.38640955090522766
9218	0.3864773213863373
9219	0.38650912046432495
9220	0.3865220844745636
9221	0.38652968406677246
9222	0.38653963804244995
9223	0.38654807209968567
9224	0.38656529784202576
9225	0.3866090178489685
9226	0.38661056756973267
9227	0.38662272691726685
9228	0.3867001235485077
9229	0.38670963048934937
9230	0.3867267072200775
9231	0.38676437735557556
9232	0.38677269220352173
9233	0.38679739832878113
9234	0.38679903745651245
9235	0.3868028223514557
9236	0.3868119716644287
9237	0.3868545591831207
9238	0.386855810880661
9239	0.38692569732666016
9240	0.386947900056839
9241	0.3869543969631195
9242	0.3869738280773163
9243	0.3869801163673401
9244	0.38698530197143555
9245	0.38699546456336975
9246	0.3870201110839844
9247	0.3870214521884918
9248	0.3870701491832733
9249	0.3870922327041626
9250	0.38709452748298645
9251	0.38711264729499817
9252	0.3871457278728485
9253	0.3871801495552063
9254	0.38718757033348083
9255	0.38720500469207764
9256	0.38720911741256714
9257	0.3872157633304596
9258	0.3872198760509491
9259	0.3872247636318207
9260	0.3872273564338684
9261	0.3872555196285248
9262	0.3873389959335327
9263	0.38734695315361023
9264	0.3873581290245056
9265	0.3873837888240814
9266	0.38738885521888733
9267	0.3874468505382538
9268	0.3874475657939911
9269	0.387453556060791
9270	0.38745564222335815
9271	0.3874599039554596
9272	0.38746178150177
9273	0.38747164607048035
9274	0.3875044286251068
9275	0.38751220703125
9276	0.38752084970474243
9277	0.3875288665294647
9278	0.3875333368778229
9279	0.3875509798526764
9280	0.38756924867630005
9281	0.3875880241394043
9282	0.38760343194007874
9283	0.38761335611343384
9284	0.3876437544822693
9285	0.38764914870262146
9286	0.3876500427722931
9287	0.38765281438827515
9288	0.3876568078994751
9289	0.38787856698036194
9290	0.38789525628089905
9291	0.38795948028564453
9292	0.38796284794807434
9293	0.38803526759147644
9294	0.3880450427532196
9295	0.3880716562271118
9296	0.38812559843063354
9297	0.3881586194038391
9298	0.38819849491119385
9299	0.38821282982826233
9300	0.3882315754890442
9301	0.38823428750038147
9302	0.38826170563697815
9303	0.3882840573787689
9304	0.3882964253425598
9305	0.3882982134819031
9306	0.3883000910282135
9307	0.38831502199172974
9308	0.3883736729621887
9309	0.388392835855484
9310	0.38839444518089294
9311	0.3884063959121704
9312	0.38841596245765686
9313	0.3884246349334717
9314	0.38852521777153015
9315	0.3885291516780853
9316	0.3885299563407898
9317	0.38853341341018677
9318	0.3885558843612671
9319	0.38858696818351746
9320	0.3886133134365082
9321	0.3886311650276184
9322	0.38865160942077637
9323	0.3886980414390564
9324	0.38877081871032715
9325	0.38878151774406433
9326	0.3888181149959564
9327	0.3888195753097534
9328	0.38882705569267273
9329	0.38882845640182495
9330	0.38886693120002747
9331	0.3888690173625946
9332	0.3888736069202423
9333	0.3890328109264374
9334	0.38904327154159546
9335	0.38904523849487305
9336	0.3890478014945984
9337	0.3890612721443176
9338	0.3891174793243408
9339	0.38912737369537354
9340	0.3891405463218689
9341	0.3894907236099243
9342	0.3894961178302765
9343	0.38954824209213257
9344	0.3895558714866638
9345	0.38958293199539185
9346	0.3895863890647888
9347	0.3895929455757141
9348	0.3896002471446991
9349	0.38961976766586304
9350	0.3896249532699585
9351	0.3896397054195404
9352	0.3896492123603821
9353	0.38967350125312805
9354	0.38970959186553955
9355	0.3897467851638794
9356	0.3897508680820465
9357	0.38976505398750305
9358	0.38977542519569397
9359	0.3897760808467865
9360	0.3897916376590729
9361	0.38979247212409973
9362	0.38981783390045166
9363	0.3898512125015259
9364	0.38985350728034973
9365	0.3898814022541046
9366	0.389923095703125
9367	0.389926016330719
9368	0.3899345099925995
9369	0.38994747400283813
9370	0.3899511396884918
9371	0.3899739384651184
9372	0.3899768888950348
9373	0.38998425006866455
9374	0.39001327753067017
9375	0.3900313377380371
9376	0.39010608196258545
9377	0.3901084363460541
9378	0.39012211561203003
9379	0.39013367891311646
9380	0.3901452422142029
9381	0.3901659846305847
9382	0.3901665210723877
9383	0.3901926577091217
9384	0.39019665122032166
9385	0.3902032971382141
9386	0.3902352452278137
9387	0.3902430534362793
9388	0.39025935530662537
9389	0.39029771089553833
9390	0.3903355300426483
9391	0.3903520405292511
9392	0.39037972688674927
9393	0.3903810977935791
9394	0.39038825035095215
9395	0.390421062707901
9396	0.3905378580093384
9397	0.3905911445617676
9398	0.39060303568840027
9399	0.3906109035015106
9400	0.3906114399433136
9401	0.39061662554740906
9402	0.39068424701690674
9403	0.39069268107414246
9404	0.3907108008861542
9405	0.3907397389411926
9406	0.39074423909187317
9407	0.3907533288002014
9408	0.3907621204853058
9409	0.3907764256000519
9410	0.39079052209854126
9411	0.390824556350708
9412	0.39083293080329895
9413	0.39085596799850464
9414	0.3908858597278595
9415	0.39089837670326233
9416	0.3908999264240265
9417	0.39090695977211
9418	0.39091476798057556
9419	0.3909173011779785
9420	0.39098140597343445
9421	0.3910473883152008
9422	0.39105796813964844
9423	0.39107099175453186
9424	0.39124971628189087
9425	0.39126166701316833
9426	0.3912751078605652
9427	0.391277015209198
9428	0.3912799060344696
9429	0.39128705859184265
9430	0.39130961894989014
9431	0.3913218080997467
9432	0.3913232982158661
9433	0.39133861660957336
9434	0.39134693145751953
9435	0.391348659992218
9436	0.39135825634002686
9437	0.3914231061935425
9438	0.39143049716949463
9439	0.39144080877304077
9440	0.39148473739624023
9441	0.391508013010025
9442	0.39151570200920105
9443	0.3915227949619293
9444	0.39153212308883667
9445	0.39155447483062744
9446	0.3915656805038452
9447	0.39156773686408997
9448	0.3916042745113373
9449	0.3916091322898865
9450	0.3916907012462616
9451	0.3917008936405182
9452	0.3917067348957062
9453	0.39173153042793274
9454	0.3917514979839325
9455	0.3917616903781891
9456	0.3917681574821472
9457	0.39177194237709045
9458	0.39177682995796204
9459	0.39178338646888733
9460	0.39181432127952576
9461	0.391832560300827
9462	0.3918388783931732
9463	0.3918432593345642
9464	0.39184921979904175
9465	0.3918585181236267
9466	0.3918650448322296
9467	0.39187315106391907
9468	0.3918781578540802
9469	0.391905814409256
9470	0.39191538095474243
9471	0.3919166922569275
9472	0.39194455742836
9473	0.39199310541152954
9474	0.3920052945613861
9475	0.392110139131546
9476	0.3921157419681549
9477	0.3922041654586792
9478	0.392223984003067
9479	0.3922271132469177
9480	0.3922312557697296
9481	0.39227089285850525
9482	0.39229536056518555
9483	0.3923107087612152
9484	0.3923562169075012
9485	0.3923647701740265
9486	0.3925018608570099
9487	0.3925534188747406
9488	0.39258307218551636
9489	0.39259007573127747
9490	0.3926229774951935
9491	0.3927563726902008
9492	0.39281347393989563
9493	0.3928196132183075
9494	0.3928283751010895
9495	0.39283066987991333
9496	0.39283666014671326
9497	0.39283978939056396
9498	0.39284858107566833
9499	0.39286306500434875
9500	0.39286741614341736
9501	0.392918199300766
9502	0.39293739199638367
9503	0.3929606080055237
9504	0.3930026888847351
9505	0.3930087387561798
9506	0.39304319024086
9507	0.393046498298645
9508	0.39308106899261475
9509	0.3930850923061371
9510	0.3931049406528473
9511	0.39311617612838745
9512	0.39312323927879333
9513	0.3931329846382141
9514	0.39314547181129456
9515	0.3931971788406372
9516	0.39320632815361023
9517	0.39322391152381897
9518	0.3932381868362427
9519	0.393266499042511
9520	0.39340612292289734
9521	0.39344510436058044
9522	0.39349573850631714
9523	0.39351943135261536
9524	0.39355915784835815
9525	0.39356866478919983
9526	0.39357686042785645
9527	0.3935774862766266
9528	0.3936516046524048
9529	0.3936535120010376
9530	0.3936554789543152
9531	0.393668532371521
9532	0.39367178082466125
9533	0.39367857575416565
9534	0.3936801552772522
9535	0.3936908543109894
9536	0.3936964273452759
9537	0.39370834827423096
9538	0.39373576641082764
9539	0.393740713596344
9540	0.3937806189060211
9541	0.3938002586364746
9542	0.3938368558883667
9543	0.39391735196113586
9544	0.3939210772514343
9545	0.39393138885498047
9546	0.39393842220306396
9547	0.39394351840019226
9548	0.39395496249198914
9549	0.3939553201198578
9550	0.39396488666534424
9551	0.3939676880836487
9552	0.39402511715888977
9553	0.3940582573413849
9554	0.3940659761428833
9555	0.39406779408454895
9556	0.3941134512424469
9557	0.3941199481487274
9558	0.3941270709037781
9559	0.3942197859287262
9560	0.3942252993583679
9561	0.3942520022392273
9562	0.3942705988883972
9563	0.3942711055278778
9564	0.39427459239959717
9565	0.39428818225860596
9566	0.39429762959480286
9567	0.39431169629096985
9568	0.39433398842811584
9569	0.3943481743335724
9570	0.3943498134613037
9571	0.39436355233192444
9572	0.39440762996673584
9573	0.39441579580307007
9574	0.3944248855113983
9575	0.3944268226623535
9576	0.3944270610809326
9577	0.3944281041622162
9578	0.39444079995155334
9579	0.39451584219932556
9580	0.3945451080799103
9581	0.39457079768180847
9582	0.3945753276348114
9583	0.39458709955215454
9584	0.39462441205978394
9585	0.39467012882232666
9586	0.3947049677371979
9587	0.394711971282959
9588	0.39472416043281555
9589	0.39475804567337036
9590	0.39476191997528076
9591	0.39478936791419983
9592	0.3948143720626831
9593	0.39481601119041443
9594	0.394827276468277
9595	0.3948318362236023
9596	0.3948417901992798
9597	0.3948448598384857
9598	0.39485496282577515
9599	0.39486193656921387
9600	0.39487236738204956
9601	0.39487481117248535
9602	0.3948892056941986
9603	0.39492952823638916
9604	0.39493343234062195
9605	0.39493462443351746
9606	0.3949362337589264
9607	0.39495256543159485
9608	0.3949842154979706
9609	0.39498645067214966
9610	0.3950159251689911
9611	0.39503905177116394
9612	0.3950396180152893
9613	0.3950594961643219
9614	0.3950692415237427
9615	0.3950713276863098
9616	0.39510130882263184
9617	0.39510390162467957
9618	0.3951151669025421
9619	0.3951435387134552
9620	0.39514902234077454
9621	0.3951738476753235
9622	0.39517873525619507
9623	0.3951921761035919
9624	0.39521336555480957
9625	0.3952232301235199
9626	0.3952310085296631
9627	0.3952448070049286
9628	0.3952659070491791
9629	0.3952915072441101
9630	0.39529576897621155
9631	0.39529749751091003
9632	0.39531034231185913
9633	0.395314484834671
9634	0.3953157067298889
9635	0.3953448235988617
9636	0.39534878730773926
9637	0.39537230134010315
9638	0.39538103342056274
9639	0.39543262124061584
9640	0.3954634368419647
9641	0.3955070376396179
9642	0.39557647705078125
9643	0.39559611678123474
9644	0.3955969214439392
9645	0.39561817049980164
9646	0.3956589698791504
9647	0.39566388726234436
9648	0.3956725597381592
9649	0.3957502543926239
9650	0.3957589864730835
9651	0.39575937390327454
9652	0.3957706093788147
9653	0.3958166539669037
9654	0.3958221971988678
9655	0.3958233594894409
9656	0.39583006501197815
9657	0.39583542943000793
9658	0.3958377242088318
9659	0.39584070444107056
9660	0.39584603905677795
9661	0.3958728611469269
9662	0.3958795964717865
9663	0.39589929580688477
9664	0.3959076404571533
9665	0.3959083557128906
9666	0.3959129750728607
9667	0.3959158658981323
9668	0.3959212005138397
9669	0.3959594964981079
9670	0.39598721265792847
9671	0.3960091471672058
9672	0.3960101008415222
9673	0.39602595567703247
9674	0.3960488736629486
9675	0.39605313539505005
9676	0.39605534076690674
9677	0.3960602581501007
9678	0.3960849940776825
9679	0.3960971236228943
9680	0.39612334966659546
9681	0.3961286246776581
9682	0.3961375057697296
9683	0.39614740014076233
9684	0.39619824290275574
9685	0.3961995542049408
9686	0.39621204137802124
9687	0.3962208926677704
9688	0.3962375521659851
9689	0.3962533473968506
9690	0.3962721526622772
9691	0.3962758183479309
9692	0.39628785848617554
9693	0.39629650115966797
9694	0.3963320553302765
9695	0.39634862542152405
9696	0.39638879895210266
9697	0.39639532566070557
9698	0.39639753103256226
9699	0.3964131772518158
9700	0.3964313566684723
9701	0.3964349627494812
9702	0.39643704891204834
9703	0.3964459002017975
9704	0.39646679162979126
9705	0.39651811122894287
9706	0.3965362310409546
9707	0.39654165506362915
9708	0.39655444025993347
9709	0.3965725600719452
9710	0.3965901732444763
9711	0.3965964913368225
9712	0.3966098725795746
9713	0.396643728017807
9714	0.39665472507476807
9715	0.39666205644607544
9716	0.39670008420944214
9717	0.3967307507991791
9718	0.3967345058917999
9719	0.3967946469783783
9720	0.3968161940574646
9721	0.39683017134666443
9722	0.39683350920677185
9723	0.39686572551727295
9724	0.3969200551509857
9725	0.396945059299469
9726	0.3969488739967346
9727	0.3969533145427704
9728	0.3970312178134918
9729	0.3970385193824768
9730	0.39704182744026184
9731	0.39705294370651245
9732	0.39706018567085266
9733	0.3970857858657837
9734	0.3971043527126312
9735	0.3971107006072998
9736	0.3971131443977356
9737	0.3971339762210846
9738	0.3971497118473053
9739	0.3971607983112335
9740	0.39716869592666626
9741	0.3971741199493408
9742	0.3971844017505646
9743	0.3972679078578949
9744	0.39728844165802
9745	0.39735275506973267
9746	0.39740341901779175
9747	0.3974369168281555
9748	0.3974500596523285
9749	0.3974545896053314
9750	0.39747437834739685
9751	0.39748963713645935
9752	0.39749276638031006
9753	0.3975045084953308
9754	0.3975190222263336
9755	0.39752694964408875
9756	0.39754167199134827
9757	0.3975503146648407
9758	0.3975553810596466
9759	0.39759165048599243
9760	0.3975989520549774
9761	0.39760497212409973
9762	0.3976065516471863
9763	0.39761248230934143
9764	0.3976447284221649
9765	0.39764586091041565
9766	0.39765074849128723
9767	0.3976525664329529
9768	0.3976670801639557
9769	0.3976975977420807
9770	0.3976980149745941
9771	0.39775505661964417
9772	0.3977883458137512
9773	0.3977898955345154
9774	0.39780712127685547
9775	0.3978421986103058
9776	0.3978593945503235
9777	0.3978809714317322
9778	0.3979247212409973
9779	0.39794373512268066
9780	0.3980114758014679
9781	0.3980618417263031
9782	0.3980655074119568
9783	0.3980773687362671
9784	0.3981598913669586
9785	0.3981766998767853
9786	0.3981795907020569
9787	0.3981819152832031
9788	0.39819052815437317
9789	0.39819568395614624
9790	0.3981974124908447
9791	0.3981998860836029
9792	0.3982078731060028
9793	0.3982507586479187
9794	0.39825472235679626
9795	0.39826539158821106
9796	0.39827287197113037
9797	0.3982793390750885
9798	0.3983083665370941
9799	0.39831095933914185
9800	0.3983190953731537
9801	0.39832666516304016
9802	0.3983716666698456
9803	0.3983774185180664
9804	0.3983837068080902
9805	0.39838966727256775
9806	0.39842018485069275
9807	0.39842820167541504
9808	0.39847245812416077
9809	0.398478239774704
9810	0.39848217368125916
9811	0.3984898626804352
9812	0.3985010087490082
9813	0.39851096272468567
9814	0.39851999282836914
9815	0.39856672286987305
9816	0.398569792509079
9817	0.3985747694969177
9818	0.3985995054244995
9819	0.3986040949821472
9820	0.39860883355140686
9821	0.3986101448535919
9822	0.39861997961997986
9823	0.39862191677093506
9824	0.39864373207092285
9825	0.39864832162857056
9826	0.3986542820930481
9827	0.39866459369659424
9828	0.39866527915000916
9829	0.39868295192718506
9830	0.39870789647102356
9831	0.3987099528312683
9832	0.39871230721473694
9833	0.39872631430625916
9834	0.39873945713043213
9835	0.39874592423439026
9836	0.3988448679447174
9837	0.39887651801109314
9838	0.39887794852256775
9839	0.3989613652229309
9840	0.3989795744419098
9841	0.39898881316185
9842	0.39917895197868347
9843	0.3991846740245819
9844	0.3991953134536743
9845	0.3992518484592438
9846	0.39929160475730896
9847	0.3992942273616791
9848	0.39934810996055603
9849	0.3993983268737793
9850	0.39943167567253113
9851	0.3994408845901489
9852	0.3994506597518921
9853	0.39946943521499634
9854	0.3994801640510559
9855	0.3994826376438141
9856	0.39950159192085266
9857	0.3995024561882019
9858	0.3995037376880646
9859	0.39952802658081055
9860	0.39953935146331787
9861	0.3995596766471863
9862	0.3995683789253235
9863	0.39957571029663086
9864	0.3996153175830841
9865	0.3996163010597229
9866	0.399618536233902
9867	0.39964115619659424
9868	0.39966529607772827
9869	0.39967361092567444
9870	0.399772047996521
9871	0.3997901678085327
9872	0.3998050391674042
9873	0.39981067180633545
9874	0.3998153507709503
9875	0.39981934428215027
9876	0.39985036849975586
9877	0.3998669385910034
9878	0.39986783266067505
9879	0.3998720645904541
9880	0.39987361431121826
9881	0.3998793065547943
9882	0.3999834954738617
9883	0.3999882638454437
9884	0.39999133348464966
9885	0.39999717473983765
9886	0.4000098407268524
9887	0.4000280499458313
9888	0.4000352621078491
9889	0.400046169757843
9890	0.40005651116371155
9891	0.40005984902381897
9892	0.40007057785987854
9893	0.4001249074935913
9894	0.40013110637664795
9895	0.4001398980617523
9896	0.40014809370040894
9897	0.4001489281654358
9898	0.40016719698905945
9899	0.40017661452293396
9900	0.40019258856773376
9901	0.40019690990448
9902	0.40019866824150085
9903	0.40020182728767395
9904	0.40020546317100525
9905	0.40022075176239014
9906	0.4002506136894226
9907	0.40025922656059265
9908	0.40029388666152954
9909	0.4003715515136719
9910	0.4003814458847046
9911	0.40039029717445374
9912	0.4004020392894745
9913	0.40043097734451294
9914	0.4004462957382202
9915	0.4004472494125366
9916	0.4004608988761902
9917	0.40048477053642273
9918	0.40048712491989136
9919	0.4005187153816223
9920	0.40051954984664917
9921	0.4005388617515564
9922	0.40055927634239197
9923	0.4005732834339142
9924	0.4005880057811737
9925	0.40063223242759705
9926	0.40063902735710144
9927	0.40070557594299316
9928	0.40072333812713623
9929	0.4007534682750702
9930	0.40075570344924927
9931	0.4007907211780548
9932	0.40079501271247864
9933	0.40082019567489624
9934	0.4008374512195587
9935	0.4008488059043884
9936	0.40088868141174316
9937	0.4009212255477905
9938	0.40094873309135437
9939	0.4009609520435333
9940	0.4009714126586914
9941	0.40101560950279236
9942	0.4010944962501526
9943	0.40110161900520325
9944	0.4011060297489166
9945	0.40114647150039673
9946	0.4011513590812683
9947	0.4011586010456085
9948	0.4011727571487427
9949	0.40117621421813965
9950	0.4011901021003723
9951	0.40119120478630066
9952	0.4012390971183777
9953	0.40125131607055664
9954	0.4012705087661743
9955	0.40127789974212646
9956	0.40138158202171326
9957	0.40139147639274597
9958	0.40140190720558167
9959	0.40149378776550293
9960	0.4014996290206909
9961	0.40150535106658936
9962	0.4015081226825714
9963	0.4015202820301056
9964	0.4015744924545288
9965	0.4015907049179077
9966	0.40159621834754944
9967	0.40159711241722107
9968	0.40161532163619995
9969	0.4016234874725342
9970	0.40163666009902954
9971	0.40165624022483826
9972	0.40165695548057556
9973	0.40168070793151855
9974	0.4016819894313812
9975	0.40169739723205566
9976	0.4017132818698883
9977	0.4017595946788788
9978	0.4017956554889679
9979	0.40180131793022156
9980	0.40183451771736145
9981	0.40193161368370056
9982	0.4019700586795807
9983	0.40197381377220154
9984	0.4020022451877594
9985	0.40206384658813477
9986	0.4021080732345581
9987	0.40220269560813904
9988	0.40220311284065247
9989	0.4022119641304016
9990	0.40221381187438965
9991	0.4023504853248596
9992	0.402384877204895
9993	0.40240368247032166
9994	0.4024285078048706
9995	0.40243080258369446
9996	0.40249183773994446
9997	0.4025088846683502
9998	0.4025111198425293
9999	0.4025120437145233
10000	0.4025333523750305
10001	0.40254101157188416
10002	0.40255749225616455
10003	0.40261438488960266
10004	0.4026251435279846
10005	0.4026283025741577
10006	0.40263283252716064
10007	0.40265026688575745
10008	0.402659147977829
10009	0.40266701579093933
10010	0.4026776850223541
10011	0.4026937186717987
10012	0.4027537405490875
10013	0.4027702510356903
10014	0.40277180075645447
10015	0.40277791023254395
10016	0.40280985832214355
10017	0.40288296341896057
10018	0.4028931260108948
10019	0.4030098617076874
10020	0.4030131995677948
10021	0.40301474928855896
10022	0.40308740735054016
10023	0.40309077501296997
10024	0.4031207859516144
10025	0.403138667345047
10026	0.40315547585487366
10027	0.4031587839126587
10028	0.4031602144241333
10029	0.4031807780265808
10030	0.4031986892223358
10031	0.40320175886154175
10032	0.4032326936721802
10033	0.40324702858924866
10034	0.40325719118118286
10035	0.4033082127571106
10036	0.4033198654651642
10037	0.4033397436141968
10038	0.40334054827690125
10039	0.4033469557762146
10040	0.403362512588501
10041	0.40337952971458435
10042	0.40341174602508545
10043	0.4034210443496704
10044	0.4034222364425659
10045	0.4034263789653778
10046	0.4034605026245117
10047	0.4034615457057953
10048	0.4035012125968933
10049	0.4035153388977051
10050	0.4035225808620453
10051	0.40354210138320923
10052	0.4035551846027374
10053	0.40358054637908936
10054	0.40358784794807434
10055	0.40360739827156067
10056	0.40361300110816956
10057	0.4036165773868561
10058	0.4036385416984558
10059	0.40370360016822815
10060	0.40371719002723694
10061	0.4037229120731354
10062	0.40373629331588745
10063	0.403739869594574
10064	0.403744101524353
10065	0.4038016200065613
10066	0.40381595492362976
10067	0.40381816029548645
10068	0.4038364589214325
10069	0.40386322140693665
10070	0.4038710296154022
10071	0.40391451120376587
10072	0.40391865372657776
10073	0.40394294261932373
10074	0.40395551919937134
10075	0.40397942066192627
10076	0.4039817750453949
10077	0.4040031135082245
10078	0.40401560068130493
10079	0.4040241837501526
10080	0.40404030680656433
10081	0.4041338860988617
10082	0.40418359637260437
10083	0.4042114317417145
10084	0.40425923466682434
10085	0.40427011251449585
10086	0.4042750895023346
10087	0.40430891513824463
10088	0.4043174982070923
10089	0.4043445289134979
10090	0.40436697006225586
10091	0.40437594056129456
10092	0.40439295768737793
10093	0.40439876914024353
10094	0.40444302558898926
10095	0.4044586718082428
10096	0.40446627140045166
10097	0.40446797013282776
10098	0.40446963906288147
10099	0.40450048446655273
10100	0.4045448899269104
10101	0.4046174883842468
10102	0.4046260416507721
10103	0.404632568359375
10104	0.4046451151371002
10105	0.4046494960784912
10106	0.40467724204063416
10107	0.40468278527259827
10108	0.4046970009803772
10109	0.4047224521636963
10110	0.40472981333732605
10111	0.404746949672699
10112	0.4047912359237671
10113	0.4047921299934387
10114	0.40482619404792786
10115	0.4048357307910919
10116	0.40485113859176636
10117	0.40485265851020813
10118	0.40493467450141907
10119	0.404950350522995
10120	0.4049689471721649
10121	0.4049800932407379
10122	0.4049875736236572
10123	0.404998242855072
10124	0.4050033390522003
10125	0.40502598881721497
10126	0.4050486087799072
10127	0.4050573706626892
10128	0.4050632417201996
10129	0.40508171916007996
10130	0.405097633600235
10131	0.4051152169704437
10132	0.40512123703956604
10133	0.4051351249217987
10134	0.4051544964313507
10135	0.40518006682395935
10136	0.40518927574157715
10137	0.40519118309020996
10138	0.4051940441131592
10139	0.40519678592681885
10140	0.40521425008773804
10141	0.40523794293403625
10142	0.4052538275718689
10143	0.40525946021080017
10144	0.40529659390449524
10145	0.405303955078125
10146	0.40533021092414856
10147	0.40534913539886475
10148	0.4054001569747925
10149	0.40542247891426086
10150	0.40542280673980713
10151	0.4054401218891144
10152	0.4054735004901886
10153	0.4054946005344391
10154	0.40550222992897034
10155	0.4055100977420807
10156	0.4055253863334656
10157	0.4055648148059845
10158	0.4055681824684143
10159	0.4055846929550171
10160	0.40559738874435425
10161	0.4056008458137512
10162	0.40562430024147034
10163	0.40562692284584045
10164	0.4056346118450165
10165	0.4056561291217804
10166	0.4056609869003296
10167	0.405671626329422
10168	0.40569669008255005
10169	0.405703067779541
10170	0.4057243764400482
10171	0.4057585299015045
10172	0.4057595133781433
10173	0.4057754874229431
10174	0.4057760536670685
10175	0.40577933192253113
10176	0.4058336615562439
10177	0.40583986043930054
10178	0.4058462977409363
10179	0.40586599707603455
10180	0.4058855175971985
10181	0.4059068262577057
10182	0.4059278666973114
10183	0.40592995285987854
10184	0.40593478083610535
10185	0.4059446156024933
10186	0.4059641361236572
10187	0.40604984760284424
10188	0.4060533046722412
10189	0.40611791610717773
10190	0.406118780374527
10191	0.4061402380466461
10192	0.4061536490917206
10193	0.4061799645423889
10194	0.40622368454933167
10195	0.40625956654548645
10196	0.4062725007534027
10197	0.40630680322647095
10198	0.4063093364238739
10199	0.40631937980651855
10200	0.4063299298286438
10201	0.40633341670036316
10202	0.4063390791416168
10203	0.4063485562801361
10204	0.4063917398452759
10205	0.40639275312423706
10206	0.4064123034477234
10207	0.40641775727272034
10208	0.40641865134239197
10209	0.4064306318759918
10210	0.406442791223526
10211	0.4064598083496094
10212	0.4065020680427551
10213	0.40650686621665955
10214	0.4065319001674652
10215	0.40653520822525024
10216	0.40653854608535767
10217	0.4065420627593994
10218	0.4065728783607483
10219	0.40658289194107056
10220	0.4066312611103058
10221	0.40665969252586365
10222	0.4066675305366516
10223	0.4067251682281494
10224	0.40673381090164185
10225	0.40677085518836975
10226	0.4067860245704651
10227	0.40684962272644043
10228	0.4068584740161896
10229	0.40688517689704895
10230	0.4068876802921295
10231	0.40689295530319214
10232	0.4068976044654846
10233	0.4069086015224457
10234	0.40691912174224854
10235	0.4069400429725647
10236	0.40695706009864807
10237	0.40701282024383545
10238	0.40702858567237854
10239	0.407055526971817
10240	0.40708062052726746
10241	0.4071292579174042
10242	0.4071340262889862
10243	0.4071464538574219
10244	0.40719494223594666
10245	0.40720295906066895
10246	0.407207190990448
10247	0.4072178900241852
10248	0.4072383642196655
10249	0.4072491228580475
10250	0.4072493016719818
10251	0.40728074312210083
10252	0.4072881042957306
10253	0.40729743242263794
10254	0.4073036313056946
10255	0.40735942125320435
10256	0.4074075222015381
10257	0.40743663907051086
10258	0.4074428975582123
10259	0.40750852227211
10260	0.40751951932907104
10261	0.40754714608192444
10262	0.4075700044631958
10263	0.40757834911346436
10264	0.40758010745048523
10265	0.407583087682724
10266	0.4075973629951477
10267	0.40760499238967896
10268	0.4076131284236908
10269	0.4076244831085205
10270	0.40763911604881287
10271	0.4076392650604248
10272	0.4076475203037262
10273	0.4076494574546814
10274	0.4076872169971466
10275	0.40770837664604187
10276	0.4077260196208954
10277	0.40785542130470276
10278	0.4078619182109833
10279	0.40787273645401
10280	0.4078843891620636
10281	0.4079620838165283
10282	0.4079713821411133
10283	0.4080212414264679
10284	0.408057302236557
10285	0.40808290243148804
10286	0.40809789299964905
10287	0.40809884667396545
10288	0.40809985995292664
10289	0.40811094641685486
10290	0.4081202447414398
10291	0.4081211984157562
10292	0.40815767645835876
10293	0.4081842601299286
10294	0.40820133686065674
10295	0.4082052409648895
10296	0.40823447704315186
10297	0.408290833234787
10298	0.40831127762794495
10299	0.4083241820335388
10300	0.4083455502986908
10301	0.4083546996116638
10302	0.4083605408668518
10303	0.40837517380714417
10304	0.4083888530731201
10305	0.408390611410141
10306	0.40839463472366333
10307	0.4083971679210663
10308	0.40842339396476746
10309	0.4085139334201813
10310	0.4085257053375244
10311	0.4085392653942108
10312	0.40854528546333313
10313	0.40856093168258667
10314	0.4085681736469269
10315	0.4085848927497864
10316	0.40858834981918335
10317	0.4086109697818756
10318	0.40862780809402466
10319	0.4086284637451172
10320	0.40863361954689026
10321	0.40863528847694397
10322	0.4086386561393738
10323	0.4086604118347168
10324	0.40866541862487793
10325	0.408673495054245
10326	0.40877899527549744
10327	0.40879231691360474
10328	0.40880268812179565
10329	0.4088234603404999
10330	0.4088403582572937
10331	0.4088546335697174
10332	0.40886300802230835
10333	0.40886688232421875
10334	0.40890565514564514
10335	0.40892133116722107
10336	0.40892380475997925
10337	0.40895843505859375
10338	0.4089641273021698
10339	0.4089674651622772
10340	0.40897834300994873
10341	0.4090379774570465
10342	0.4090542495250702
10343	0.409079909324646
10344	0.40908727049827576
10345	0.40909841656684875
10346	0.40911605954170227
10347	0.409119188785553
10348	0.4091224670410156
10349	0.4091436564922333
10350	0.4091869294643402
10351	0.40920326113700867
10352	0.4092116057872772
10353	0.4092707633972168
10354	0.4092809557914734
10355	0.4092937707901001
10356	0.40929582715034485
10357	0.4093075692653656
10358	0.4093542695045471
10359	0.4093625247478485
10360	0.4093729257583618
10361	0.4093765318393707
10362	0.4093831181526184
10363	0.4094049632549286
10364	0.40946877002716064
10365	0.4094889163970947
10366	0.4095681309700012
10367	0.40960893034935
10368	0.4096328318119049
10369	0.4096345901489258
10370	0.4096393287181854
10371	0.40965181589126587
10372	0.4096571207046509
10373	0.40967702865600586
10374	0.40968456864356995
10375	0.40971308946609497
10376	0.40973615646362305
10377	0.4097544848918915
10378	0.40975886583328247
10379	0.4097784757614136
10380	0.4097869396209717
10381	0.4098000228404999
10382	0.40980014204978943
10383	0.4098016619682312
10384	0.4098047614097595
10385	0.40981054306030273
10386	0.4099176824092865
10387	0.40994447469711304
10388	0.40994948148727417
10389	0.4099555015563965
10390	0.40997084975242615
10391	0.40998220443725586
10392	0.4099894165992737
10393	0.4099982678890228
10394	0.41000112891197205
10395	0.41007286310195923
10396	0.4101026952266693
10397	0.41011446714401245
10398	0.4101264178752899
10399	0.41013649106025696
10400	0.4101448953151703
10401	0.4102001488208771
10402	0.4102047383785248
10403	0.4102141857147217
10404	0.41022250056266785
10405	0.41023242473602295
10406	0.4102349877357483
10407	0.41029244661331177
10408	0.410308301448822
10409	0.410310834646225
10410	0.4103170335292816
10411	0.4104078710079193
10412	0.4104090631008148
10413	0.41041985154151917
10414	0.41042885184288025
10415	0.4104342758655548
10416	0.4104905426502228
10417	0.410492867231369
10418	0.4104958176612854
10419	0.41049933433532715
10420	0.4105093479156494
10421	0.41052931547164917
10422	0.4105323255062103
10423	0.4105449914932251
10424	0.41057640314102173
10425	0.41060617566108704
10426	0.4106155037879944
10427	0.4106222093105316
10428	0.41065067052841187
10429	0.4106551706790924
10430	0.4107134938240051
10431	0.41071996092796326
10432	0.4107280671596527
10433	0.41073477268218994
10434	0.4107596278190613
10435	0.410766065120697
10436	0.4107767641544342
10437	0.4107809364795685
10438	0.4108055830001831
10439	0.41083770990371704
10440	0.4108405113220215
10441	0.41084328293800354
10442	0.41085001826286316
10443	0.41086360812187195
10444	0.41087934374809265
10445	0.41090184450149536
10446	0.410905122756958
10447	0.4111655354499817
10448	0.41129380464553833
10449	0.411300390958786
10450	0.41130173206329346
10451	0.4113110601902008
10452	0.4113183915615082
10453	0.4113187789916992
10454	0.4113219082355499
10455	0.41132426261901855
10456	0.41133302450180054
10457	0.41137370467185974
10458	0.4113781750202179
10459	0.41138437390327454
10460	0.4114333391189575
10461	0.4115268290042877
10462	0.41153281927108765
10463	0.4115642309188843
10464	0.41157183051109314
10465	0.4116136133670807
10466	0.4116489291191101
10467	0.41165295243263245
10468	0.41165709495544434
10469	0.41167765855789185
10470	0.41168153285980225
10471	0.4116879999637604
10472	0.4116983413696289
10473	0.41172653436660767
10474	0.4117348790168762
10475	0.4117395579814911
10476	0.41174039244651794
10477	0.41174250841140747
10478	0.411743700504303
10479	0.41174885630607605
10480	0.41176068782806396
10481	0.4117729067802429
10482	0.41177400946617126
10483	0.4117778241634369
10484	0.41177892684936523
10485	0.4117947518825531
10486	0.4118005037307739
10487	0.4118081331253052
10488	0.41188713908195496
10489	0.41188961267471313
10490	0.41189101338386536
10491	0.4119179844856262
10492	0.4119356572628021
10493	0.4119398593902588
10494	0.4119405448436737
10495	0.4119427502155304
10496	0.41201552748680115
10497	0.4120458662509918
10498	0.41205358505249023
10499	0.4120914340019226
10500	0.41212260723114014
10501	0.41213327646255493
10502	0.41217660903930664
10503	0.4121813178062439
10504	0.4121934175491333
10505	0.4121980667114258
10506	0.41220715641975403
10507	0.41223570704460144
10508	0.4122588634490967
10509	0.4123009443283081
10510	0.4123065173625946
10511	0.4123218357563019
10512	0.4123466908931732
10513	0.4123741090297699
10514	0.4124092757701874
10515	0.4124157130718231
10516	0.4124206304550171
10517	0.4124261736869812
10518	0.41243690252304077
10519	0.41246911883354187
10520	0.4124848246574402
10521	0.4125121831893921
10522	0.4125136733055115
10523	0.41251611709594727
10524	0.4125175476074219
10525	0.4125276207923889
10526	0.4125373065471649
10527	0.41254985332489014
10528	0.41256940364837646
10529	0.4125710129737854
10530	0.41259172558784485
10531	0.41260597109794617
10532	0.4126072824001312
10533	0.4126158356666565
10534	0.41262033581733704
10535	0.41266778111457825
10536	0.41267529129981995
10537	0.41269025206565857
10538	0.4126928448677063
10539	0.41269931197166443
10540	0.4127081632614136
10541	0.412719190120697
10542	0.4127223491668701
10543	0.4127598702907562
10544	0.41277915239334106
10545	0.41279923915863037
10546	0.4128141701221466
10547	0.4128151535987854
10548	0.4128156900405884
10549	0.4128168523311615
10550	0.4128267168998718
10551	0.4128388464450836
10552	0.412858247756958
10553	0.4128612279891968
10554	0.4128704369068146
10555	0.4129059314727783
10556	0.41290703415870667
10557	0.4129098653793335
10558	0.41293174028396606
10559	0.4129542112350464
10560	0.41298675537109375
10561	0.4129894971847534
10562	0.41306260228157043
10563	0.41307368874549866
10564	0.4130919277667999
10565	0.4130994379520416
10566	0.4131051301956177
10567	0.41322070360183716
10568	0.41323763132095337
10569	0.41330447793006897
10570	0.41331273317337036
10571	0.4133206307888031
10572	0.4133254289627075
10573	0.41337820887565613
10574	0.4133891761302948
10575	0.4134047329425812
10576	0.4134354889392853
10577	0.4134938418865204
10578	0.4134959280490875
10579	0.4134988486766815
10580	0.41351255774497986
10581	0.41354942321777344
10582	0.41359373927116394
10583	0.4135954678058624
10584	0.41368934512138367
10585	0.4137102961540222
10586	0.4137123227119446
10587	0.41371414065361023
10588	0.4137849807739258
10589	0.4137887954711914
10590	0.41383829712867737
10591	0.41384682059288025
10592	0.4139055013656616
10593	0.4139200448989868
10594	0.4139293432235718
10595	0.41393932700157166
10596	0.41395020484924316
10597	0.4139549136161804
10598	0.4139600098133087
10599	0.4139866232872009
10600	0.4139963388442993
10601	0.41400203108787537
10602	0.4140055477619171
10603	0.41400668025016785
10604	0.4140092730522156
10605	0.41401445865631104
10606	0.41401609778404236
10607	0.4140259027481079
10608	0.41402772068977356
10609	0.41402989625930786
10610	0.41405990719795227
10611	0.4140762686729431
10612	0.4140923023223877
10613	0.41411203145980835
10614	0.41413235664367676
10615	0.41415300965309143
10616	0.41424793004989624
10617	0.41428861021995544
10618	0.4142955541610718
10619	0.4142993986606598
10620	0.4143247604370117
10621	0.4143732190132141
10622	0.41437405347824097
10623	0.4143831133842468
10624	0.4143836498260498
10625	0.41439399123191833
10626	0.41440367698669434
10627	0.41443318128585815
10628	0.41444745659828186
10629	0.4144535958766937
10630	0.41446244716644287
10631	0.4144690930843353
10632	0.4144734740257263
10633	0.4144774079322815
10634	0.4144895076751709
10635	0.4145010709762573
10636	0.4145316779613495
10637	0.4145413339138031
10638	0.41454899311065674
10639	0.41458168625831604
10640	0.4145951271057129
10641	0.4146044850349426
10642	0.4146089553833008
10643	0.41471850872039795
10644	0.41473329067230225
10645	0.4147641658782959
10646	0.41476932168006897
10647	0.4147753417491913
10648	0.4148147702217102
10649	0.4148177206516266
10650	0.41482478380203247
10651	0.4148279130458832
10652	0.4148460030555725
10653	0.41486117243766785
10654	0.41488492488861084
10655	0.4148949086666107
10656	0.41490438580513
10657	0.41491344571113586
10658	0.4149811267852783
10659	0.4149990975856781
10660	0.41500324010849
10661	0.41500601172447205
10662	0.41500765085220337
10663	0.4150260090827942
10664	0.4150412082672119
10665	0.41505876183509827
10666	0.4150637090206146
10667	0.41507479548454285
10668	0.41508811712265015
10669	0.4150976836681366
10670	0.4151005446910858
10671	0.415110319852829
10672	0.41513293981552124
10673	0.4151538014411926
10674	0.41516339778900146
10675	0.41518694162368774
10676	0.4152167737483978
10677	0.41522249579429626
10678	0.41526269912719727
10679	0.4153089225292206
10680	0.41533026099205017
10681	0.41533562541007996
10682	0.41535237431526184
10683	0.41536325216293335
10684	0.41540616750717163
10685	0.4154161214828491
10686	0.4154435396194458
10687	0.4154447913169861
10688	0.4155077636241913
10689	0.4155096113681793
10690	0.4155645966529846
10691	0.41557449102401733
10692	0.4155791997909546
10693	0.4155823290348053
10694	0.41558852791786194
10695	0.41561076045036316
10696	0.4156183898448944
10697	0.41563159227371216
10698	0.4156683087348938
10699	0.41567403078079224
10700	0.4157007932662964
10701	0.4157337546348572
10702	0.4157382547855377
10703	0.4157934784889221
10704	0.4158755838871002
10705	0.4158801734447479
10706	0.4159001410007477
10707	0.4159025251865387
10708	0.4159166216850281
10709	0.4159310460090637
10710	0.4159325063228607
10711	0.41596677899360657
10712	0.4159674048423767
10713	0.41597411036491394
10714	0.415987491607666
10715	0.4159979820251465
10716	0.41601139307022095
10717	0.4160134196281433
10718	0.4160149097442627
10719	0.4160171151161194
10720	0.41601911187171936
10721	0.4160250127315521
10722	0.4160326421260834
10723	0.41603806614875793
10724	0.416045218706131
10725	0.41607505083084106
10726	0.4160768985748291
10727	0.41610243916511536
10728	0.41610509157180786
10729	0.41612011194229126
10730	0.41617250442504883
10731	0.41617608070373535
10732	0.4161951243877411
10733	0.41623303294181824
10734	0.41624003648757935
10735	0.41624221205711365
10736	0.4162435829639435
10737	0.4162786304950714
10738	0.4162950813770294
10739	0.4163365662097931
10740	0.41634395718574524
10741	0.4163743257522583
10742	0.4163862466812134
10743	0.4163948893547058
10744	0.41644635796546936
10745	0.416465699672699
10746	0.41646668314933777
10747	0.4164792597293854
10748	0.41651153564453125
10749	0.41655033826828003
10750	0.4165593087673187
10751	0.41658511757850647
10752	0.41661253571510315
10753	0.41663506627082825
10754	0.41664910316467285
10755	0.4166586101055145
10756	0.4166782796382904
10757	0.4166843295097351
10758	0.4166884422302246
10759	0.4167221784591675
10760	0.4167560636997223
10761	0.4167655408382416
10762	0.416859894990921
10763	0.41686680912971497
10764	0.4168711304664612
10765	0.41687309741973877
10766	0.4168817400932312
10767	0.4168892502784729
10768	0.4168914556503296
10769	0.4169352948665619
10770	0.4169616997241974
10771	0.4169703423976898
10772	0.41697800159454346
10773	0.41699865460395813
10774	0.41700318455696106
10775	0.4170357882976532
10776	0.41705411672592163
10777	0.41708067059516907
10778	0.4170875549316406
10779	0.4170904755592346
10780	0.4171014726161957
10781	0.41713055968284607
10782	0.4172190725803375
10783	0.4172556698322296
10784	0.41726452112197876
10785	0.417272686958313
10786	0.4172747731208801
10787	0.4172948896884918
10788	0.41729968786239624
10789	0.4173189699649811
10790	0.4173254072666168
10791	0.4173751175403595
10792	0.4173799753189087
10793	0.4173893332481384
10794	0.4173942804336548
10795	0.41740044951438904
10796	0.41745421290397644
10797	0.41747161746025085
10798	0.41748878359794617
10799	0.41750359535217285
10800	0.4175078868865967
10801	0.41751033067703247
10802	0.4175119400024414
10803	0.417691171169281
10804	0.41769570112228394
10805	0.4176981449127197
10806	0.4176996648311615
10807	0.41771262884140015
10808	0.41771548986434937
10809	0.41772398352622986
10810	0.4177834987640381
10811	0.4177834987640381
10812	0.41778701543807983
10813	0.4177888035774231
10814	0.41779378056526184
10815	0.4177989959716797
10816	0.4178040623664856
10817	0.4178076684474945
10818	0.4178605377674103
10819	0.41787829995155334
10820	0.4179099500179291
10821	0.4179328680038452
10822	0.4179401993751526
10823	0.4179658889770508
10824	0.41798803210258484
10825	0.4179913103580475
10826	0.4180033504962921
10827	0.41805312037467957
10828	0.41807857155799866
10829	0.41815564036369324
10830	0.41815823316574097
10831	0.4181678891181946
10832	0.4181680977344513
10833	0.4181952178478241
10834	0.4181981384754181
10835	0.41823866963386536
10836	0.4182565212249756
10837	0.4182586669921875
10838	0.41825950145721436
10839	0.41828951239585876
10840	0.41829320788383484
10841	0.4183049499988556
10842	0.41832971572875977
10843	0.4183330833911896
10844	0.41834327578544617
10845	0.4184006452560425
10846	0.41840341687202454
10847	0.41841429471969604
10848	0.41843777894973755
10849	0.41845807433128357
10850	0.4185275733470917
10851	0.4185285270214081
10852	0.41853994131088257
10853	0.4185413420200348
10854	0.4185449481010437
10855	0.4185796082019806
10856	0.4185798168182373
10857	0.4185927212238312
10858	0.4186038374900818
10859	0.4189516603946686
10860	0.4189736545085907
10861	0.4189954996109009
10862	0.4190046489238739
10863	0.41902223229408264
10864	0.41904014348983765
10865	0.4190446138381958
10866	0.4190596044063568
10867	0.4190743565559387
10868	0.41907480359077454
10869	0.4190964698791504
10870	0.4190976619720459
10871	0.4191017746925354
10872	0.4191061854362488
10873	0.41911035776138306
10874	0.4191800355911255
10875	0.41919130086898804
10876	0.41921958327293396
10877	0.4192447364330292
10878	0.41926291584968567
10879	0.4193194806575775
10880	0.41935887932777405
10881	0.41936132311820984
10882	0.4193859100341797
10883	0.4194018244743347
10884	0.41940659284591675
10885	0.41941654682159424
10886	0.4194178283214569
10887	0.4194636046886444
10888	0.41948187351226807
10889	0.4194829761981964
10890	0.41948533058166504
10891	0.41949263215065
10892	0.41956618428230286
10893	0.4195708632469177
10894	0.4195757210254669
10895	0.41958752274513245
10896	0.4196031391620636
10897	0.41960465908050537
10898	0.4196111261844635
10899	0.4196164309978485
10900	0.4196319878101349
10901	0.41963356733322144
10902	0.4196408689022064
10903	0.4196491837501526
10904	0.41969558596611023
10905	0.4197230041027069
10906	0.41983991861343384
10907	0.41984236240386963
10908	0.4198630452156067
10909	0.4198670983314514
10910	0.4198777675628662
10911	0.4198821187019348
10912	0.41988521814346313
10913	0.41988855600357056
10914	0.41988927125930786
10915	0.41989219188690186
10916	0.41989463567733765
10917	0.41993775963783264
10918	0.4199821352958679
10919	0.4199877083301544
10920	0.4199973940849304
10921	0.42000439763069153
10922	0.4201360046863556
10923	0.4201485812664032
10924	0.42022427916526794
10925	0.42024028301239014
10926	0.4202592670917511
10927	0.42035558819770813
10928	0.4203750193119049
10929	0.4203791916370392
10930	0.42043936252593994
10931	0.42044171690940857
10932	0.42046013474464417
10933	0.4204716980457306
10934	0.420471727848053
10935	0.4204772114753723
10936	0.4205173850059509
10937	0.4205510914325714
10938	0.4205629229545593
10939	0.42056429386138916
10940	0.42056703567504883
10941	0.42057570815086365
10942	0.42058515548706055
10943	0.42059922218322754
10944	0.42061540484428406
10945	0.42063239216804504
10946	0.4206785261631012
10947	0.4206877052783966
10948	0.42069491744041443
10949	0.42070141434669495
10950	0.4207064211368561
10951	0.42071273922920227
10952	0.4207286536693573
10953	0.42074328660964966
10954	0.4207470118999481
10955	0.42076748609542847
10956	0.4207976460456848
10957	0.42080122232437134
10958	0.4208631217479706
10959	0.42086920142173767
10960	0.42088302969932556
10961	0.42090657353401184
10962	0.42091938853263855
10963	0.4209231734275818
10964	0.4209538400173187
10965	0.4209924638271332
10966	0.42100790143013
10967	0.42121967673301697
10968	0.4212598502635956
10969	0.4212816059589386
10970	0.4213424026966095
10971	0.42136165499687195
10972	0.4214112162590027
10973	0.4214187264442444
10974	0.42143774032592773
10975	0.4214431643486023
10976	0.4214453399181366
10977	0.42148369550704956
10978	0.4215133786201477
10979	0.4215512275695801
10980	0.4215577244758606
10981	0.4215768575668335
10982	0.4216112196445465
10983	0.42162442207336426
10984	0.4216881990432739
10985	0.42168959975242615
10986	0.4216936528682709
10987	0.42169395089149475
10988	0.421694815158844
10989	0.42171037197113037
10990	0.42171531915664673
10991	0.4217221736907959
10992	0.4217367470264435
10993	0.4217374324798584
10994	0.4217906892299652
10995	0.42179417610168457
10996	0.4217974841594696
10997	0.42181113362312317
10998	0.4218147397041321
10999	0.421819806098938
11000	0.421820729970932
11001	0.4219168424606323
11002	0.42192167043685913
11003	0.4219408631324768
11004	0.4219415783882141
11005	0.42194244265556335
11006	0.42195725440979004
11007	0.42195847630500793
11008	0.4219669699668884
11009	0.4219740331172943
11010	0.4219743311405182
11011	0.42199620604515076
11012	0.4220644533634186
11013	0.4220704436302185
11014	0.4220731556415558
11015	0.42209869623184204
11016	0.4220995604991913
11017	0.4221026599407196
11018	0.4221135973930359
11019	0.42213329672813416
11020	0.4221387207508087
11021	0.42214101552963257
11022	0.42215269804000854
11023	0.42216962575912476
11024	0.42221948504447937
11025	0.4222775995731354
11026	0.4222979247570038
11027	0.4223100543022156
11028	0.4223244786262512
11029	0.4223272204399109
11030	0.4223578870296478
11031	0.4223809242248535
11032	0.42239025235176086
11033	0.42240962386131287
11034	0.4224115312099457
11035	0.42241671681404114
11036	0.42241933941841125
11037	0.422420859336853
11038	0.42242708802223206
11039	0.4224315583705902
11040	0.422436386346817
11041	0.42244309186935425
11042	0.4224521815776825
11043	0.4224720299243927
11044	0.4224770963191986
11045	0.4224961996078491
11046	0.4225189983844757
11047	0.42252880334854126
11048	0.42254409193992615
11049	0.4226779341697693
11050	0.42269575595855713
11051	0.42270827293395996
11052	0.42271119356155396
11053	0.4227141737937927
11054	0.4227234125137329
11055	0.42279988527297974
11056	0.4228113293647766
11057	0.4228304326534271
11058	0.42286255955696106
11059	0.4228871166706085
11060	0.4228982627391815
11061	0.4229254126548767
11062	0.4229317903518677
11063	0.4229699373245239
11064	0.42297878861427307
11065	0.42299219965934753
11066	0.42300599813461304
11067	0.42301177978515625
11068	0.4230163097381592
11069	0.42302370071411133
11070	0.4230324923992157
11071	0.4231071472167969
11072	0.42310890555381775
11073	0.42312684655189514
11074	0.42313143610954285
11075	0.42315158247947693
11076	0.423153281211853
11077	0.4231910705566406
11078	0.4231973886489868
11079	0.4232065975666046
11080	0.42324957251548767
11081	0.423298716545105
11082	0.4233059883117676
11083	0.4233078956604004
11084	0.4233480393886566
11085	0.42335450649261475
11086	0.42343223094940186
11087	0.42343631386756897
11088	0.4234730303287506
11089	0.4234837591648102
11090	0.42349228262901306
11091	0.42352011799812317
11092	0.42352294921875
11093	0.4235469102859497
11094	0.42363718152046204
11095	0.42364242672920227
11096	0.42364636063575745
11097	0.4236645996570587
11098	0.42367514967918396
11099	0.42367592453956604
11100	0.4236982762813568
11101	0.4236999750137329
11102	0.4237476885318756
11103	0.4237697422504425
11104	0.42378097772598267
11105	0.42384713888168335
11106	0.42384985089302063
11107	0.4238576591014862
11108	0.4238584339618683
11109	0.42386892437934875
11110	0.4238973557949066
11111	0.4239124357700348
11112	0.42392757534980774
11113	0.4239455461502075
11114	0.4239547848701477
11115	0.42396652698516846
11116	0.42397767305374146
11117	0.42399105429649353
11118	0.42399707436561584
11119	0.4240182340145111
11120	0.4240381717681885
11121	0.42406928539276123
11122	0.42409220337867737
11123	0.42416176199913025
11124	0.4242703914642334
11125	0.4242967963218689
11126	0.4243110120296478
11127	0.4243382513523102
11128	0.42436739802360535
11129	0.4244017004966736
11130	0.42440342903137207
11131	0.42441293597221375
11132	0.4244193732738495
11133	0.4244431257247925
11134	0.42445075511932373
11135	0.4245128333568573
11136	0.42453083395957947
11137	0.42453768849372864
11138	0.42456215620040894
11139	0.4245780110359192
11140	0.42458614706993103
11141	0.42459535598754883
11142	0.42461371421813965
11143	0.4246369004249573
11144	0.4246537983417511
11145	0.42467066645622253
11146	0.42468950152397156
11147	0.42469751834869385
11148	0.4246981739997864
11149	0.4246988296508789
11150	0.4247027337551117
11151	0.42471402883529663
11152	0.4247187674045563
11153	0.4247247576713562
11154	0.4247470796108246
11155	0.42476311326026917
11156	0.4247902035713196
11157	0.4248066842556
11158	0.4248354434967041
11159	0.4248924255371094
11160	0.42491477727890015
11161	0.4249204099178314
11162	0.42495739459991455
11163	0.4249606430530548
11164	0.4249609112739563
11165	0.4249739944934845
11166	0.42499932646751404
11167	0.4250563085079193
11168	0.4250583350658417
11169	0.4250665307044983
11170	0.42506903409957886
11171	0.4250912368297577
11172	0.42520269751548767
11173	0.42523089051246643
11174	0.42523106932640076
11175	0.42530345916748047
11176	0.4253256022930145
11177	0.425345778465271
11178	0.42534926533699036
11179	0.42536142468452454
11180	0.4254089891910553
11181	0.4254198670387268
11182	0.4254342317581177
11183	0.42543572187423706
11184	0.4254729151725769
11185	0.42548292875289917
11186	0.42548730969429016
11187	0.425513356924057
11188	0.42551830410957336
11189	0.4255235493183136
11190	0.42555639147758484
11191	0.4255814552307129
11192	0.42559677362442017
11193	0.4256057143211365
11194	0.4256708025932312
11195	0.4256725311279297
11196	0.42568567395210266
11197	0.4256896376609802
11198	0.4257078170776367
11199	0.42571428418159485
11200	0.425726056098938
11201	0.42574572563171387
11202	0.42579928040504456
11203	0.4257999360561371
11204	0.42581015825271606
11205	0.4258196949958801
11206	0.42582133412361145
11207	0.42582613229751587
11208	0.4258294105529785
11209	0.4258662760257721
11210	0.4259234368801117
11211	0.42598044872283936
11212	0.4259956479072571
11213	0.4260067939758301
11214	0.42604029178619385
11215	0.42604392766952515
11216	0.4260554313659668
11217	0.42607250809669495
11218	0.4260989725589752
11219	0.42610064148902893
11220	0.4261103570461273
11221	0.4263395667076111
11222	0.42638248205184937
11223	0.4263891279697418
11224	0.42640453577041626
11225	0.4264073967933655
11226	0.4264232814311981
11227	0.42642462253570557
11228	0.4264477789402008
11229	0.42653125524520874
11230	0.42653903365135193
11231	0.4265754222869873
11232	0.42658481001853943
11233	0.42665553092956543
11234	0.426662802696228
11235	0.42666512727737427
11236	0.4267023503780365
11237	0.426717072725296
11238	0.42671826481819153
11239	0.42672890424728394
11240	0.42672911286354065
11241	0.4267462491989136
11242	0.426760733127594
11243	0.4267667531967163
11244	0.4267709255218506
11245	0.42677751183509827
11246	0.4267842173576355
11247	0.4268183708190918
11248	0.42682886123657227
11249	0.42683467268943787
11250	0.4268624782562256
11251	0.4268637001514435
11252	0.4268952012062073
11253	0.4268985688686371
11254	0.4269094169139862
11255	0.4269193410873413
11256	0.4269300401210785
11257	0.4269358217716217
11258	0.4270619750022888
11259	0.42707565426826477
11260	0.4270874261856079
11261	0.42711201310157776
11262	0.42713525891304016
11263	0.42714425921440125
11264	0.42715388536453247
11265	0.4271984398365021
11266	0.42720112204551697
11267	0.4272240102291107
11268	0.4272533357143402
11269	0.4272719919681549
11270	0.42728883028030396
11271	0.42730292677879333
11272	0.4273083508014679
11273	0.42731350660324097
11274	0.4273311197757721
11275	0.4273357391357422
11276	0.4273422360420227
11277	0.4273550510406494
11278	0.42738229036331177
11279	0.4274139404296875
11280	0.4274182617664337
11281	0.42741858959198
11282	0.427491694688797
11283	0.427516371011734
11284	0.42752933502197266
11285	0.42755064368247986
11286	0.42755159735679626
11287	0.4275537133216858
11288	0.42755958437919617
11289	0.42757585644721985
11290	0.42758387327194214
11291	0.42759013175964355
11292	0.42763543128967285
11293	0.4276387095451355
11294	0.4276411235332489
11295	0.42764967679977417
11296	0.4277372658252716
11297	0.42775097489356995
11298	0.42775997519493103
11299	0.42778849601745605
11300	0.4278016686439514
11301	0.42781519889831543
11302	0.4278312623500824
11303	0.4281206429004669
11304	0.42812633514404297
11305	0.4281634986400604
11306	0.42816460132598877
11307	0.42817381024360657
11308	0.4281802773475647
11309	0.42820990085601807
11310	0.42821022868156433
11311	0.4282344579696655
11312	0.4282376766204834
11313	0.42823949456214905
11314	0.42828914523124695
11315	0.4283958375453949
11316	0.4284042418003082
11317	0.42852193117141724
11318	0.428525447845459
11319	0.42853066325187683
11320	0.4285513758659363
11321	0.42856281995773315
11322	0.42857638001441956
11323	0.42858606576919556
11324	0.4286053478717804
11325	0.4286124110221863
11326	0.42871275544166565
11327	0.4287263751029968
11328	0.42872825264930725
11329	0.4287339448928833
11330	0.4287371337413788
11331	0.4287417232990265
11332	0.4287431836128235
11333	0.42875516414642334
11334	0.42876920104026794
11335	0.4287760555744171
11336	0.4287935793399811
11337	0.4288325011730194
11338	0.42884793877601624
11339	0.4288593828678131
11340	0.428873747587204
11341	0.42888087034225464
11342	0.4289076328277588
11343	0.4289382994174957
11344	0.4289429485797882
11345	0.4289550185203552
11346	0.4290671944618225
11347	0.42907121777534485
11348	0.4290739595890045
11349	0.4291141629219055
11350	0.4291595220565796
11351	0.4291682243347168
11352	0.42917996644973755
11353	0.42920753359794617
11354	0.4292087256908417
11355	0.4292127788066864
11356	0.4292284846305847
11357	0.4292350709438324
11358	0.42925527691841125
11359	0.4292584955692291
11360	0.4292663335800171
11361	0.42928576469421387
11362	0.42929214239120483
11363	0.4293161630630493
11364	0.42932990193367004
11365	0.4293384850025177
11366	0.4293389320373535
11367	0.42934146523475647
11368	0.42936527729034424
11369	0.42936673760414124
11370	0.4293701648712158
11371	0.4294118583202362
11372	0.42942100763320923
11373	0.42946553230285645
11374	0.4294680058956146
11375	0.42952895164489746
11376	0.4295293986797333
11377	0.4295748174190521
11378	0.42957520484924316
11379	0.4296128749847412
11380	0.4296204149723053
11381	0.4296237528324127
11382	0.42962774634361267
11383	0.4296324849128723
11384	0.4296362102031708
11385	0.42963850498199463
11386	0.42964887619018555
11387	0.4296658933162689
11388	0.4297046959400177
11389	0.42971789836883545
11390	0.4297284185886383
11391	0.4297354221343994
11392	0.42974820733070374
11393	0.42975273728370667
11394	0.4297667145729065
11395	0.42977285385131836
11396	0.4297940731048584
11397	0.42980045080184937
11398	0.4298346936702728
11399	0.4298384487628937
11400	0.429910808801651
11401	0.4299148619174957
11402	0.42993155121803284
11403	0.429971843957901
11404	0.43000462651252747
11405	0.4300173819065094
11406	0.4300176203250885
11407	0.4300246834754944
11408	0.43004968762397766
11409	0.4300635755062103
11410	0.4301377832889557
11411	0.4301398694515228
11412	0.4301750361919403
11413	0.4301827549934387
11414	0.4301878809928894
11415	0.4301898181438446
11416	0.43038901686668396
11417	0.43044713139533997
11418	0.4304530918598175
11419	0.43047842383384705
11420	0.4304937422275543
11421	0.4305214285850525
11422	0.4305232763290405
11423	0.43052685260772705
11424	0.43055522441864014
11425	0.4305620491504669
11426	0.4306011199951172
11427	0.43060243129730225
11428	0.43062281608581543
11429	0.4306353032588959
11430	0.4306613802909851
11431	0.43066486716270447
11432	0.43068087100982666
11433	0.4306935966014862
11434	0.43074771761894226
11435	0.43075335025787354
11436	0.43075796961784363
11437	0.43076327443122864
11438	0.43078166246414185
11439	0.43078628182411194
11440	0.43078872561454773
11441	0.4307979345321655
11442	0.43083837628364563
11443	0.4308566749095917
11444	0.43085911870002747
11445	0.43087276816368103
11446	0.43088775873184204
11447	0.4308914244174957
11448	0.4308924973011017
11449	0.43090951442718506
11450	0.4309132695198059
11451	0.43093618750572205
11452	0.43094173073768616
11453	0.430997371673584
11454	0.43100690841674805
11455	0.4310345947742462
11456	0.43106964230537415
11457	0.43109413981437683
11458	0.4310958683490753
11459	0.4311234951019287
11460	0.43112871050834656
11461	0.431136816740036
11462	0.4311586618423462
11463	0.43121325969696045
11464	0.4312150478363037
11465	0.43129798769950867
11466	0.4313472509384155
11467	0.43137699365615845
11468	0.43138357996940613
11469	0.4313863217830658
11470	0.43139469623565674
11471	0.43149280548095703
11472	0.43150070309638977
11473	0.43150657415390015
11474	0.4315629303455353
11475	0.4315633177757263
11476	0.4315706789493561
11477	0.4315820634365082
11478	0.43162915110588074
11479	0.4316372573375702
11480	0.4316379129886627
11481	0.4316401779651642
11482	0.43166589736938477
11483	0.4316936433315277
11484	0.4317186176776886
11485	0.4317389726638794
11486	0.43174126744270325
11487	0.4317616820335388
11488	0.4317777454853058
11489	0.43178901076316833
11490	0.4317910075187683
11491	0.4318009912967682
11492	0.43182799220085144
11493	0.43188801407814026
11494	0.43191954493522644
11495	0.4319477379322052
11496	0.43195047974586487
11497	0.43195128440856934
11498	0.43217596411705017
11499	0.432180792093277
11500	0.43224260210990906
11501	0.43226784467697144
11502	0.4322723150253296
11503	0.43231967091560364
11504	0.43233761191368103
11505	0.4323398768901825
11506	0.43234115839004517
11507	0.4323517680168152
11508	0.4323604106903076
11509	0.43237149715423584
11510	0.43237966299057007
11511	0.4325169026851654
11512	0.4325224757194519
11513	0.4327147603034973
11514	0.4327264726161957
11515	0.4327639043331146
11516	0.43277743458747864
11517	0.432779997587204
11518	0.432785302400589
11519	0.4327853322029114
11520	0.432836651802063
11521	0.432841420173645
11522	0.4328526556491852
11523	0.4328579902648926
11524	0.4328620135784149
11525	0.4328659772872925
11526	0.43288150429725647
11527	0.4329304099082947
11528	0.4329310655593872
11529	0.432939350605011
11530	0.43295609951019287
11531	0.4329620599746704
11532	0.4329800605773926
11533	0.4329870939254761
11534	0.43300727009773254
11535	0.4331076741218567
11536	0.4331153333187103
11537	0.4331251084804535
11538	0.43312686681747437
11539	0.4331343173980713
11540	0.43314507603645325
11541	0.43319717049598694
11542	0.4332129955291748
11543	0.43324756622314453
11544	0.43326807022094727
11545	0.4332717955112457
11546	0.43329623341560364
11547	0.4333058297634125
11548	0.4333091378211975
11549	0.4333609938621521
11550	0.4333846867084503
11551	0.43340709805488586
11552	0.4334278702735901
11553	0.4334351420402527
11554	0.4334399104118347
11555	0.43344247341156006
11556	0.4334442615509033
11557	0.4334481358528137
11558	0.4334734380245209
11559	0.4334772229194641
11560	0.43352386355400085
11561	0.43361255526542664
11562	0.43362554907798767
11563	0.43363019824028015
11564	0.4336366653442383
11565	0.43365219235420227
11566	0.4336579144001007
11567	0.4336698353290558
11568	0.433769166469574
11569	0.4337734878063202
11570	0.4337880313396454
11571	0.43379196524620056
11572	0.43379464745521545
11573	0.4337984621524811
11574	0.4338015615940094
11575	0.43380576372146606
11576	0.4338236153125763
11577	0.433838814496994
11578	0.43385276198387146
11579	0.4338623285293579
11580	0.43386855721473694
11581	0.43388277292251587
11582	0.4338930547237396
11583	0.4339061677455902
11584	0.43391257524490356
11585	0.43391937017440796
11586	0.43395310640335083
11587	0.43395742774009705
11588	0.43396151065826416
11589	0.43396443128585815
11590	0.43396803736686707
11591	0.43400657176971436
11592	0.43409550189971924
11593	0.4340977072715759
11594	0.4341171383857727
11595	0.434120774269104
11596	0.43412497639656067
11597	0.43413063883781433
11598	0.4341675639152527
11599	0.4341695010662079
11600	0.4341738522052765
11601	0.43418219685554504
11602	0.43418753147125244
11603	0.43421587347984314
11604	0.4342937767505646
11605	0.4343094229698181
11606	0.4344679117202759
11607	0.4345078468322754
11608	0.4345192611217499
11609	0.434519499540329
11610	0.434531569480896
11611	0.4346815347671509
11612	0.43473201990127563
11613	0.43474069237709045
11614	0.4347494840621948
11615	0.4347723126411438
11616	0.43481799960136414
11617	0.4348451495170593
11618	0.4348556399345398
11619	0.4348687529563904
11620	0.43487656116485596
11621	0.4348798990249634
11622	0.4349229633808136
11623	0.4349730610847473
11624	0.4349971115589142
11625	0.43500784039497375
11626	0.43503299355506897
11627	0.4350398778915405
11628	0.4350452721118927
11629	0.43504568934440613
11630	0.43510502576828003
11631	0.4351060688495636
11632	0.43511271476745605
11633	0.4351193904876709
11634	0.43512505292892456
11635	0.4351789653301239
11636	0.43518590927124023
11637	0.4352203607559204
11638	0.4352279007434845
11639	0.4352377653121948
11640	0.4353391230106354
11641	0.43534308671951294
11642	0.43534544110298157
11643	0.43535366654396057
11644	0.4354046881198883
11645	0.43540605902671814
11646	0.43542104959487915
11647	0.4354230463504791
11648	0.4354248046875
11649	0.43542540073394775
11650	0.4354275166988373
11651	0.43542927503585815
11652	0.43544989824295044
11653	0.43545112013816833
11654	0.43546533584594727
11655	0.43549129366874695
11656	0.4355047345161438
11657	0.43555378913879395
11658	0.43556955456733704
11659	0.4355827569961548
11660	0.4355858266353607
11661	0.43559473752975464
11662	0.4355984032154083
11663	0.4356035888195038
11664	0.43560436367988586
11665	0.43562012910842896
11666	0.4356268346309662
11667	0.435683935880661
11668	0.4356880187988281
11669	0.4357052147388458
11670	0.43570631742477417
11671	0.4357095956802368
11672	0.43574127554893494
11673	0.4357467293739319
11674	0.43576034903526306
11675	0.4357753098011017
11676	0.4358252286911011
11677	0.4358660876750946
11678	0.43588969111442566
11679	0.4358961582183838
11680	0.4359041452407837
11681	0.4359301030635834
11682	0.43594470620155334
11683	0.43596112728118896
11684	0.4359726011753082
11685	0.4359777867794037
11686	0.43598058819770813
11687	0.435996413230896
11688	0.436004102230072
11689	0.4360264241695404
11690	0.4360279440879822
11691	0.43604135513305664
11692	0.43613114953041077
11693	0.43613582849502563
11694	0.4361562132835388
11695	0.4361651539802551
11696	0.4361707270145416
11697	0.43625330924987793
11698	0.43625733256340027
11699	0.43625879287719727
11700	0.43626463413238525
11701	0.4362836182117462
11702	0.4362868666648865
11703	0.43628761172294617
11704	0.43630197644233704
11705	0.43630605936050415
11706	0.436311274766922
11707	0.43633559346199036
11708	0.4363386631011963
11709	0.4363952875137329
11710	0.43640363216400146
11711	0.4364178478717804
11712	0.43642446398735046
11713	0.4364263415336609
11714	0.4364337623119354
11715	0.4364352524280548
11716	0.4364496171474457
11717	0.43647679686546326
11718	0.43652719259262085
11719	0.4365414083003998
11720	0.43658021092414856
11721	0.4365840256214142
11722	0.43659132719039917
11723	0.4366039037704468
11724	0.4366168677806854
11725	0.43664178252220154
11726	0.43665313720703125
11727	0.4366592764854431
11728	0.43666401505470276
11729	0.4366680383682251
11730	0.43667641282081604
11731	0.4366919696331024
11732	0.43669381737709045
11733	0.43669775128364563
11734	0.4367135763168335
11735	0.4367872476577759
11736	0.43679216504096985
11737	0.4368170201778412
11738	0.4368372857570648
11739	0.4368727505207062
11740	0.43689072132110596
11741	0.43689149618148804
11742	0.4369024634361267
11743	0.43691399693489075
11744	0.4369933009147644
11745	0.4369943141937256
11746	0.4370082914829254
11747	0.4370088577270508
11748	0.4370298683643341
11749	0.43706440925598145
11750	0.4370673894882202
11751	0.4371021091938019
11752	0.43722158670425415
11753	0.4372347891330719
11754	0.43724021315574646
11755	0.43726465106010437
11756	0.4372868835926056
11757	0.4372923672199249
11758	0.43732789158821106
11759	0.4373498857021332
11760	0.43735283613204956
11761	0.4374274015426636
11762	0.4374420940876007
11763	0.43746820092201233
11764	0.437486469745636
11765	0.43751397728919983
11766	0.4375998377799988
11767	0.43761900067329407
11768	0.4376206696033478
11769	0.4376241862773895
11770	0.43763190507888794
11771	0.43765175342559814
11772	0.43766942620277405
11773	0.4376761317253113
11774	0.4376964867115021
11775	0.43770498037338257
11776	0.4377109408378601
11777	0.43771520256996155
11778	0.43775084614753723
11779	0.4377535879611969
11780	0.43775835633277893
11781	0.43777796626091003
11782	0.43780753016471863
11783	0.4378508925437927
11784	0.43785688281059265
11785	0.4378792941570282
11786	0.4378826916217804
11787	0.4379517138004303
11788	0.43795832991600037
11789	0.437962144613266
11790	0.4379671514034271
11791	0.43797072768211365
11792	0.4379807710647583
11793	0.43798795342445374
11794	0.43799564242362976
11795	0.4380025565624237
11796	0.4380146861076355
11797	0.4380178153514862
11798	0.4380381107330322
11799	0.43804389238357544
11800	0.43804532289505005
11801	0.43805062770843506
11802	0.43805330991744995
11803	0.4380579888820648
11804	0.43813207745552063
11805	0.43813666701316833
11806	0.4381433129310608
11807	0.43815550208091736
11808	0.4381614923477173
11809	0.4381680190563202
11810	0.4381818473339081
11811	0.43823158740997314
11812	0.4382416009902954
11813	0.4382452666759491
11814	0.4382641613483429
11815	0.4382760524749756
11816	0.43828004598617554
11817	0.4383571147918701
11818	0.4383782744407654
11819	0.43838396668434143
11820	0.4383889436721802
11821	0.4383915960788727
11822	0.43839210271835327
11823	0.43840086460113525
11824	0.43843159079551697
11825	0.4384423494338989
11826	0.43844297528266907
11827	0.43851253390312195
11828	0.4385334551334381
11829	0.438542902469635
11830	0.438580185174942
11831	0.4385835528373718
11832	0.4386153817176819
11833	0.43867549300193787
11834	0.43867841362953186
11835	0.4387228488922119
11836	0.43874338269233704
11837	0.4387454688549042
11838	0.4387543797492981
11839	0.4387715756893158
11840	0.4387803077697754
11841	0.43878552317619324
11842	0.43879443407058716
11843	0.438807874917984
11844	0.4388201832771301
11845	0.43882137537002563
11846	0.4388304054737091
11847	0.4388408362865448
11848	0.4388411045074463
11849	0.4388505220413208
11850	0.4388624429702759
11851	0.4388680160045624
11852	0.4388689398765564
11853	0.43888214230537415
11854	0.4388941526412964
11855	0.4388996958732605
11856	0.43890589475631714
11857	0.4389072358608246
11858	0.43891093134880066
11859	0.43891897797584534
11860	0.4389403164386749
11861	0.4389441907405853
11862	0.4389849007129669
11863	0.4390174150466919
11864	0.43911194801330566
11865	0.43911948800086975
11866	0.43913257122039795
11867	0.43914422392845154
11868	0.4392127990722656
11869	0.43924927711486816
11870	0.43930238485336304
11871	0.4393271207809448
11872	0.4393470883369446
11873	0.43937185406684875
11874	0.4393925368785858
11875	0.43941837549209595
11876	0.4394393563270569
11877	0.4394609332084656
11878	0.4394627511501312
11879	0.43946605920791626
11880	0.43947988748550415
11881	0.43951112031936646
11882	0.4395628273487091
11883	0.4395829737186432
11884	0.43962347507476807
11885	0.4396285116672516
11886	0.43964001536369324
11887	0.43965333700180054
11888	0.43967339396476746
11889	0.43968746066093445
11890	0.43972650170326233
11891	0.439761221408844
11892	0.43988388776779175
11893	0.4398881793022156
11894	0.43989652395248413
11895	0.43991246819496155
11896	0.43994471430778503
11897	0.43998149037361145
11898	0.4400467872619629
11899	0.440048485994339
11900	0.4400518238544464
11901	0.4400596618652344
11902	0.4400685131549835
11903	0.4400738775730133
11904	0.44008973240852356
11905	0.44010359048843384
11906	0.44013693928718567
11907	0.440144807100296
11908	0.44014519453048706
11909	0.44014856219291687
11910	0.44015076756477356
11911	0.4401806890964508
11912	0.4401850402355194
11913	0.4401947855949402
11914	0.44020935893058777
11915	0.4402283728122711
11916	0.4403781294822693
11917	0.44037944078445435
11918	0.4403958022594452
11919	0.44041159749031067
11920	0.4404147267341614
11921	0.4404461085796356
11922	0.44050151109695435
11923	0.4405222237110138
11924	0.44055089354515076
11925	0.44072794914245605
11926	0.4407346844673157
11927	0.44080448150634766
11928	0.44081276655197144
11929	0.4409221112728119
11930	0.4409303069114685
11931	0.4409320652484894
11932	0.4409376382827759
11933	0.44097158312797546
11934	0.4409823715686798
11935	0.44099050760269165
11936	0.4410787522792816
11937	0.44109493494033813
11938	0.44109565019607544
11939	0.4411003291606903
11940	0.44114506244659424
11941	0.44117990136146545
11942	0.44118621945381165
11943	0.44118860363960266
11944	0.4412093162536621
11945	0.44124525785446167
11946	0.44124835729599
11947	0.4412553608417511
11948	0.441261887550354
11949	0.44126227498054504
11950	0.44129279255867004
11951	0.4413260221481323
11952	0.44134050607681274
11953	0.44137734174728394
11954	0.441385954618454
11955	0.44138896465301514
11956	0.44139668345451355
11957	0.44142934679985046
11958	0.4414747953414917
11959	0.44148218631744385
11960	0.44150853157043457
11961	0.4415120780467987
11962	0.4415140151977539
11963	0.4415442943572998
11964	0.44154995679855347
11965	0.44155678153038025
11966	0.44163283705711365
11967	0.44163966178894043
11968	0.4416426420211792
11969	0.44164490699768066
11970	0.44172242283821106
11971	0.4417285621166229
11972	0.4417389929294586
11973	0.4418022036552429
11974	0.44180649518966675
11975	0.4418201148509979
11976	0.4418207108974457
11977	0.44182145595550537
11978	0.4418312907218933
11979	0.44183188676834106
11980	0.44183406233787537
11981	0.4418413043022156
11982	0.4418582320213318
11983	0.441875696182251
11984	0.4419017732143402
11985	0.4419073760509491
11986	0.4419103264808655
11987	0.44192612171173096
11988	0.44193124771118164
11989	0.44193339347839355
11990	0.441967636346817
11991	0.44196954369544983
11992	0.4419761300086975
11993	0.44197821617126465
11994	0.4419907331466675
11995	0.4419972002506256
11996	0.44200626015663147
11997	0.4420400857925415
11998	0.442057728767395
11999	0.4420759379863739
12000	0.44217655062675476
12001	0.44217944145202637
12002	0.442239910364151
12003	0.4422500729560852
12004	0.4422531723976135
12005	0.44225871562957764
12006	0.4422774910926819
12007	0.4422819912433624
12008	0.44238314032554626
12009	0.442400723695755
12010	0.44240283966064453
12011	0.44245702028274536
12012	0.4425005316734314
12013	0.44250503182411194
12014	0.4425496757030487
12015	0.442550390958786
12016	0.44255465269088745
12017	0.44257500767707825
12018	0.44258150458335876
12019	0.4426475167274475
12020	0.4426608979701996
12021	0.4426633417606354
12022	0.44266438484191895
12023	0.44272345304489136
12024	0.44274210929870605
12025	0.4427426755428314
12026	0.44276395440101624
12027	0.44282498955726624
12028	0.4428519904613495
12029	0.44285649061203003
12030	0.4429301917552948
12031	0.4429505169391632
12032	0.44295915961265564
12033	0.44297781586647034
12034	0.4430677592754364
12035	0.443074494600296
12036	0.4430777430534363
12037	0.4430789053440094
12038	0.443082332611084
12039	0.4430831968784332
12040	0.4432942569255829
12041	0.44329795241355896
12042	0.4432981312274933
12043	0.44332849979400635
12044	0.44348201155662537
12045	0.44358107447624207
12046	0.4435816705226898
12047	0.4435841143131256
12048	0.4435921907424927
12049	0.4435981512069702
12050	0.4436071217060089
12051	0.4437025189399719
12052	0.443711519241333
12053	0.4437253475189209
12054	0.44372692704200745
12055	0.44372913241386414
12056	0.44374385476112366
12057	0.4437660872936249
12058	0.44377535581588745
12059	0.44378921389579773
12060	0.4438174068927765
12061	0.4438680112361908
12062	0.4439030587673187
12063	0.4439351260662079
12064	0.44394683837890625
12065	0.4439571797847748
12066	0.4439678192138672
12067	0.4439854323863983
12068	0.44398730993270874
12069	0.44399988651275635
12070	0.44402384757995605
12071	0.44403156638145447
12072	0.44403910636901855
12073	0.4440430700778961
12074	0.44404926896095276
12075	0.4440522789955139
12076	0.44405484199523926
12077	0.44409891963005066
12078	0.44410502910614014
12079	0.4441073536872864
12080	0.4441383481025696
12081	0.44414404034614563
12082	0.44419798254966736
12083	0.44419997930526733
12084	0.4443221390247345
12085	0.4443514049053192
12086	0.444357305765152
12087	0.44436222314834595
12088	0.44436776638031006
12089	0.44438111782073975
12090	0.4444192349910736
12091	0.4444412291049957
12092	0.4444444477558136
12093	0.4444485008716583
12094	0.44448405504226685
12095	0.4444841146469116
12096	0.4444919526576996
12097	0.44449278712272644
12098	0.44450756907463074
12099	0.4445153474807739
12100	0.44452062249183655
12101	0.4445384740829468
12102	0.4445573091506958
12103	0.44461768865585327
12104	0.4446432292461395
12105	0.44464951753616333
12106	0.4446509778499603
12107	0.444652795791626
12108	0.4446580708026886
12109	0.44466593861579895
12110	0.4446673095226288
12111	0.4446874260902405
12112	0.44472426176071167
12113	0.4447256922721863
12114	0.4447278678417206
12115	0.44473981857299805
12116	0.4447498917579651
12117	0.4447525143623352
12118	0.4447554647922516
12119	0.4447598159313202
12120	0.4447884261608124
12121	0.4448058605194092
12122	0.4448106288909912
12123	0.44481417536735535
12124	0.4448150396347046
12125	0.4448259174823761
12126	0.4448268711566925
12127	0.4448273479938507
12128	0.44483333826065063
12129	0.44484588503837585
12130	0.44486144185066223
12131	0.44486644864082336
12132	0.4448731243610382
12133	0.44492700695991516
12134	0.44493135809898376
12135	0.44501638412475586
12136	0.4450303614139557
12137	0.4450407326221466
12138	0.44512492418289185
12139	0.44513076543807983
12140	0.44513654708862305
12141	0.4453153610229492
12142	0.44533345103263855
12143	0.4453396499156952
12144	0.4453538656234741
12145	0.4453832805156708
12146	0.44538483023643494
12147	0.44538983702659607
12148	0.44543004035949707
12149	0.44543397426605225
12150	0.4454614818096161
12151	0.4455658793449402
12152	0.4456292390823364
12153	0.4456355571746826
12154	0.44565412402153015
12155	0.4456624686717987
12156	0.44566434621810913
12157	0.44566676020622253
12158	0.4456862807273865
12159	0.4456939697265625
12160	0.4456942677497864
12161	0.44572436809539795
12162	0.44576528668403625
12163	0.4457990229129791
12164	0.4458065330982208
12165	0.44581326842308044
12166	0.4458233118057251
12167	0.4459232985973358
12168	0.44592660665512085
12169	0.44594550132751465
12170	0.44595834612846375
12171	0.44596028327941895
12172	0.4459621012210846
12173	0.4459637403488159
12174	0.4459652602672577
12175	0.4459957778453827
12176	0.44600436091423035
12177	0.4460129141807556
12178	0.4460408091545105
12179	0.44604840874671936
12180	0.4460621178150177
12181	0.44607070088386536
12182	0.44609296321868896
12183	0.4461084008216858
12184	0.4461100399494171
12185	0.44611304998397827
12186	0.4461137354373932
12187	0.44612279534339905
12188	0.4461315870285034
12189	0.44613972306251526
12190	0.446157842874527
12191	0.44622260332107544
12192	0.4462493658065796
12193	0.4462665915489197
12194	0.44627055525779724
12195	0.4463009834289551
12196	0.4463822841644287
12197	0.4463937282562256
12198	0.4463968575000763
12199	0.4464404284954071
12200	0.4465184509754181
12201	0.44652318954467773
12202	0.4465290904045105
12203	0.44657135009765625
12204	0.4466254413127899
12205	0.4466285705566406
12206	0.44663873314857483
12207	0.44666147232055664
12208	0.4466879367828369
12209	0.44669562578201294
12210	0.44670408964157104
12211	0.44671207666397095
12212	0.4467135965824127
12213	0.4467160403728485
12214	0.4467165768146515
12215	0.44672223925590515
12216	0.44676992297172546
12217	0.44677573442459106
12218	0.4467814862728119
12219	0.44678935408592224
12220	0.44679000973701477
12221	0.4468414783477783
12222	0.4469032883644104
12223	0.4469335973262787
12224	0.44693833589553833
12225	0.4469752311706543
12226	0.44698697328567505
12227	0.44698765873908997
12228	0.4469994306564331
12229	0.44701242446899414
12230	0.44707703590393066
12231	0.4470922648906708
12232	0.4471176862716675
12233	0.4471183717250824
12234	0.4471189081668854
12235	0.4471380114555359
12236	0.44714492559432983
12237	0.447186678647995
12238	0.4472002387046814
12239	0.4472090005874634
12240	0.44721150398254395
12241	0.44721198081970215
12242	0.44722267985343933
12243	0.44726747274398804
12244	0.44726821780204773
12245	0.44727078080177307
12246	0.44727233052253723
12247	0.44729334115982056
12248	0.4472973644733429
12249	0.44730278849601746
12250	0.4473077058792114
12251	0.4473256766796112
12252	0.44733500480651855
12253	0.44733577966690063
12254	0.4473760724067688
12255	0.4473838210105896
12256	0.447384774684906
12257	0.4473961293697357
12258	0.4474584758281708
12259	0.4474695324897766
12260	0.4474703371524811
12261	0.4474995732307434
12262	0.4475019574165344
12263	0.4475123882293701
12264	0.4475245773792267
12265	0.4475484788417816
12266	0.44760599732398987
12267	0.4476197063922882
12268	0.4476294219493866
12269	0.4476313292980194
12270	0.44763699173927307
12271	0.44763705134391785
12272	0.4476710557937622
12273	0.4476846158504486
12274	0.44776907563209534
12275	0.4478044807910919
12276	0.44781047105789185
12277	0.44781818985939026
12278	0.4478532671928406
12279	0.4478597342967987
12280	0.4479156732559204
12281	0.44793209433555603
12282	0.4479407072067261
12283	0.44794923067092896
12284	0.44794973731040955
12285	0.44796234369277954
12286	0.4479626715183258
12287	0.4481973946094513
12288	0.4481981694698334
12289	0.44820159673690796
12290	0.4482194781303406
12291	0.4482230544090271
12292	0.44824010133743286
12293	0.4482489228248596
12294	0.44837048649787903
12295	0.4484509229660034
12296	0.44846904277801514
12297	0.44847163558006287
12298	0.4484894275665283
12299	0.44849154353141785
12300	0.44849514961242676
12301	0.4485093355178833
12302	0.44863972067832947
12303	0.4486680030822754
12304	0.4486753046512604
12305	0.4487375319004059
12306	0.4487488865852356
12307	0.4487559497356415
12308	0.44877806305885315
12309	0.4487782418727875
12310	0.44881218671798706
12311	0.44888436794281006
12312	0.44892406463623047
12313	0.44895628094673157
12314	0.44896355271339417
12315	0.44900232553482056
12316	0.4490320086479187
12317	0.4490407407283783
12318	0.44906526803970337
12319	0.44907113909721375
12320	0.4490761458873749
12321	0.4491971731185913
12322	0.44920194149017334
12323	0.4492027759552002
12324	0.44920870661735535
12325	0.44920918345451355
12326	0.44921332597732544
12327	0.4492168128490448
12328	0.44921907782554626
12329	0.449241042137146
12330	0.44927409291267395
12331	0.4492845833301544
12332	0.44931575655937195
12333	0.44932007789611816
12334	0.44932419061660767
12335	0.44933071732521057
12336	0.4493477940559387
12337	0.4493541419506073
12338	0.4493696391582489
12339	0.4494030475616455
12340	0.44941312074661255
12341	0.4494689106941223
12342	0.4494727551937103
12343	0.4495028853416443
12344	0.44950583577156067
12345	0.4495124816894531
12346	0.44954851269721985
12347	0.44956350326538086
12348	0.4496208429336548
12349	0.4496772289276123
12350	0.44969865679740906
12351	0.4497465491294861
12352	0.44974857568740845
12353	0.4497508108615875
12354	0.4497509002685547
12355	0.4497632682323456
12356	0.4497682750225067
12357	0.4498010277748108
12358	0.4498416781425476
12359	0.4498591721057892
12360	0.44987913966178894
12361	0.4499117434024811
12362	0.4499141275882721
12363	0.4499257206916809
12364	0.4499569833278656
12365	0.4499897360801697
12366	0.4500027000904083
12367	0.4500114619731903
12368	0.4500400424003601
12369	0.45004844665527344
12370	0.45006656646728516
12371	0.45009592175483704
12372	0.450171560049057
12373	0.4501892924308777
12374	0.4501922130584717
12375	0.45019635558128357
12376	0.450197696685791
12377	0.45021307468414307
12378	0.45025214552879333
12379	0.4502641260623932
12380	0.4502972364425659
12381	0.4502999484539032
12382	0.4503007233142853
12383	0.4503219723701477
12384	0.45033302903175354
12385	0.4503520429134369
12386	0.45036613941192627
12387	0.4503673315048218
12388	0.45037803053855896
12389	0.45038288831710815
12390	0.45040109753608704
12391	0.45040345191955566
12392	0.4504414498806
12393	0.45048004388809204
12394	0.4504830837249756
12395	0.4504866898059845
12396	0.4504978060722351
12397	0.45050790905952454
12398	0.45051315426826477
12399	0.4505907893180847
12400	0.45060431957244873
12401	0.45063409209251404
12402	0.45064079761505127
12403	0.45069029927253723
12404	0.450726181268692
12405	0.45072710514068604
12406	0.4507274329662323
12407	0.45074307918548584
12408	0.45085209608078003
12409	0.45085573196411133
12410	0.45089682936668396
12411	0.45090630650520325
12412	0.4509531259536743
12413	0.450960636138916
12414	0.45096975564956665
12415	0.4509722888469696
12416	0.45097410678863525
12417	0.45097988843917847
12418	0.4509850740432739
12419	0.4509865641593933
12420	0.4509921669960022
12421	0.45101025700569153
12422	0.45101332664489746
12423	0.45116180181503296
12424	0.45118415355682373
12425	0.45118486881256104
12426	0.4512062072753906
12427	0.4512079656124115
12428	0.451209157705307
12429	0.4512420892715454
12430	0.4512937366962433
12431	0.4513031542301178
12432	0.45136430859565735
12433	0.45136621594429016
12434	0.45138174295425415
12435	0.45142921805381775
12436	0.45143115520477295
12437	0.4514504075050354
12438	0.4514579772949219
12439	0.45146414637565613
12440	0.4515061378479004
12441	0.45154380798339844
12442	0.45155495405197144
12443	0.451569139957428
12444	0.45157521963119507
12445	0.4515778422355652
12446	0.4515872895717621
12447	0.451604962348938
12448	0.4516249895095825
12449	0.4516412615776062
12450	0.45167669653892517
12451	0.45167768001556396
12452	0.4516879916191101
12453	0.4517004191875458
12454	0.45171359181404114
12455	0.4517211318016052
12456	0.45175856351852417
12457	0.4517599046230316
12458	0.4517695903778076
12459	0.45180708169937134
12460	0.4518333077430725
12461	0.45184043049812317
12462	0.4518496096134186
12463	0.45185431838035583
12464	0.45185625553131104
12465	0.45186901092529297
12466	0.4518741965293884
12467	0.4518839418888092
12468	0.45189976692199707
12469	0.4519142508506775
12470	0.45194298028945923
12471	0.4519500136375427
12472	0.4519541561603546
12473	0.4519615173339844
12474	0.4519764482975006
12475	0.45198187232017517
12476	0.4519902169704437
12477	0.45204219222068787
12478	0.45204511284828186
12479	0.45206400752067566
12480	0.45208290219306946
12481	0.4520891308784485
12482	0.4520915448665619
12483	0.45211073756217957
12484	0.4521118998527527
12485	0.4521152079105377
12486	0.45211753249168396
12487	0.4521593451499939
12488	0.4522353708744049
12489	0.4522584080696106
12490	0.4522689878940582
12491	0.4522710144519806
12492	0.45227497816085815
12493	0.45229005813598633
12494	0.45229268074035645
12495	0.45230457186698914
12496	0.45230725407600403
12497	0.45231571793556213
12498	0.45233479142189026
12499	0.4523504674434662
12500	0.4523972272872925
12501	0.45240652561187744
12502	0.4524168074131012
12503	0.45241713523864746
12504	0.45245787501335144
12505	0.45248281955718994
12506	0.4525088667869568
12507	0.4525207579135895
12508	0.4525392949581146
12509	0.45255178213119507
12510	0.4525645971298218
12511	0.45257702469825745
12512	0.4525773823261261
12513	0.45258286595344543
12514	0.45259523391723633
12515	0.4526555836200714
12516	0.452664315700531
12517	0.4527018368244171
12518	0.4527135193347931
12519	0.4527246654033661
12520	0.4527297019958496
12521	0.45273488759994507
12522	0.4527498483657837
12523	0.4527599513530731
12524	0.45276355743408203
12525	0.4527881443500519
12526	0.45289385318756104
12527	0.45289909839630127
12528	0.45292574167251587
12529	0.4529626965522766
12530	0.4529680907726288
12531	0.452972948551178
12532	0.45298585295677185
12533	0.4529896378517151
12534	0.45299601554870605
12535	0.45300132036209106
12536	0.4530058205127716
12537	0.45303869247436523
12538	0.45305582880973816
12539	0.4530574083328247
12540	0.4531461298465729
12541	0.45316165685653687
12542	0.4531761109828949
12543	0.4531964361667633
12544	0.45320576429367065
12545	0.4532480537891388
12546	0.4532530903816223
12547	0.45326903462409973
12548	0.45327216386795044
12549	0.4532909393310547
12550	0.4533056616783142
12551	0.4533121883869171
12552	0.45331740379333496
12553	0.45332038402557373
12554	0.4533352851867676
12555	0.4533461928367615
12556	0.4533843994140625
12557	0.4533931314945221
12558	0.4535198211669922
12559	0.4535605311393738
12560	0.4535781443119049
12561	0.4535815417766571
12562	0.4536280632019043
12563	0.4536702036857605
12564	0.45367392897605896
12565	0.4536803364753723
12566	0.4537104070186615
12567	0.4537208676338196
12568	0.45373374223709106
12569	0.45380717515945435
12570	0.45380887389183044
12571	0.45381033420562744
12572	0.45385047793388367
12573	0.45386233925819397
12574	0.45391398668289185
12575	0.4539196789264679
12576	0.45394331216812134
12577	0.4539574086666107
12578	0.4539777338504791
12579	0.45398402214050293
12580	0.45399439334869385
12581	0.45400896668434143
12582	0.45401057600975037
12583	0.4540136754512787
12584	0.45402416586875916
12585	0.45403921604156494
12586	0.4540688395500183
12587	0.4541187584400177
12588	0.454152911901474
12589	0.4541703760623932
12590	0.4541977643966675
12591	0.4542103111743927
12592	0.45421361923217773
12593	0.4542342722415924
12594	0.454245001077652
12595	0.454264372587204
12596	0.4542683959007263
12597	0.45430445671081543
12598	0.4543091654777527
12599	0.45432260632514954
12600	0.4543268382549286
12601	0.4543580114841461
12602	0.45435890555381775
12603	0.4544196128845215
12604	0.4545031189918518
12605	0.45451125502586365
12606	0.4545516073703766
12607	0.45455268025398254
12608	0.4545663297176361
12609	0.4545730650424957
12610	0.4545741081237793
12611	0.45458468794822693
12612	0.45459288358688354
12613	0.45460745692253113
12614	0.4546407163143158
12615	0.45464444160461426
12616	0.45467156171798706
12617	0.4546956717967987
12618	0.45469704270362854
12619	0.45471930503845215
12620	0.45473000407218933
12621	0.45477983355522156
12622	0.45480838418006897
12623	0.45485901832580566
12624	0.4548622965812683
12625	0.4548645615577698
12626	0.4548676311969757
12627	0.45487967133522034
12628	0.45488911867141724
12629	0.4548940658569336
12630	0.45489761233329773
12631	0.4549352824687958
12632	0.4549417495727539
12633	0.4549483060836792
12634	0.45507335662841797
12635	0.45508673787117004
12636	0.4550946056842804
12637	0.4551876485347748
12638	0.455211341381073
12639	0.45528966188430786
12640	0.45530208945274353
12641	0.45535460114479065
12642	0.45535874366760254
12643	0.45536428689956665
12644	0.45539382100105286
12645	0.45539596676826477
12646	0.45540332794189453
12647	0.45541656017303467
12648	0.4554269313812256
12649	0.45542803406715393
12650	0.45543208718299866
12651	0.4554522931575775
12652	0.4554535746574402
12653	0.4554795026779175
12654	0.4554879665374756
12655	0.45553070306777954
12656	0.45553964376449585
12657	0.45554080605506897
12658	0.455550879240036
12659	0.45555880665779114
12660	0.45558997988700867
12661	0.4557473063468933
12662	0.4557497799396515
12663	0.45581766963005066
12664	0.4558344781398773
12665	0.45583823323249817
12666	0.45583993196487427
12667	0.4558497965335846
12668	0.45586228370666504
12669	0.455881804227829
12670	0.45588937401771545
12671	0.45589569211006165
12672	0.45590725541114807
12673	0.4559258222579956
12674	0.4559277296066284
12675	0.45593389868736267
12676	0.45594000816345215
12677	0.45594078302383423
12678	0.455949991941452
12679	0.45598748326301575
12680	0.45599237084388733
12681	0.45599424839019775
12682	0.4560003876686096
12683	0.45600426197052
12684	0.4560248553752899
12685	0.4560394287109375
12686	0.45604777336120605
12687	0.4560503661632538
12688	0.4560556411743164
12689	0.4560675621032715
12690	0.4560777246952057
12691	0.45608794689178467
12692	0.4562200605869293
12693	0.4562308192253113
12694	0.45624902844429016
12695	0.4562511146068573
12696	0.45625877380371094
12697	0.45626235008239746
12698	0.45626527070999146
12699	0.4562963545322418
12700	0.45632222294807434
12701	0.45633912086486816
12702	0.45635583996772766
12703	0.45636698603630066
12704	0.4564082622528076
12705	0.45646932721138
12706	0.45648494362831116
12707	0.4565102756023407
12708	0.4565184712409973
12709	0.45651882886886597
12710	0.45652374625205994
12711	0.4565529227256775
12712	0.456574410200119
12713	0.45659390091896057
12714	0.4565984308719635
12715	0.4566073715686798
12716	0.4566487669944763
12717	0.4566504955291748
12718	0.45665985345840454
12719	0.4566906988620758
12720	0.45672520995140076
12721	0.4567497968673706
12722	0.4567701518535614
12723	0.4567716717720032
12724	0.4567802846431732
12725	0.4567985236644745
12726	0.4568568468093872
12727	0.45686042308807373
12728	0.45687180757522583
12729	0.4568767547607422
12730	0.4568796455860138
12731	0.4568808078765869
12732	0.45688357949256897
12733	0.45693594217300415
12734	0.4569423496723175
12735	0.4569548964500427
12736	0.45695701241493225
12737	0.45696237683296204
12738	0.45696955919265747
12739	0.45700401067733765
12740	0.457016259431839
12741	0.45702171325683594
12742	0.4570420980453491
12743	0.4570423662662506
12744	0.45709463953971863
12745	0.45710909366607666
12746	0.457113116979599
12747	0.4571223556995392
12748	0.45713287591934204
12749	0.4571361541748047
12750	0.4571513831615448
12751	0.45718511939048767
12752	0.4572005867958069
12753	0.457209050655365
12754	0.4572362005710602
12755	0.457256019115448
12756	0.45729124546051025
12757	0.4573078751564026
12758	0.457313597202301
12759	0.4573204517364502
12760	0.45732182264328003
12761	0.45732519030570984
12762	0.45733827352523804
12763	0.45734405517578125
12764	0.4573618471622467
12765	0.45736774802207947
12766	0.4573769271373749
12767	0.45740482211112976
12768	0.45744606852531433
12769	0.45746541023254395
12770	0.45747536420822144
12771	0.457496702671051
12772	0.45751723647117615
12773	0.4575383961200714
12774	0.45753973722457886
12775	0.4575696885585785
12776	0.45757192373275757
12777	0.45767125487327576
12778	0.4576960504055023
12779	0.4577060341835022
12780	0.4577202796936035
12781	0.4577351212501526
12782	0.457735538482666
12783	0.4577696621417999
12784	0.4577709436416626
12785	0.4577975571155548
12786	0.4578515291213989
12787	0.45785650610923767
12788	0.45792433619499207
12789	0.4579293429851532
12790	0.4579299986362457
12791	0.45793357491493225
12792	0.4579543173313141
12793	0.45799165964126587
12794	0.45801326632499695
12795	0.4580315947532654
12796	0.4580681324005127
12797	0.4580775201320648
12798	0.45808476209640503
12799	0.4580995440483093
12800	0.45812129974365234
12801	0.45812761783599854
12802	0.4581325054168701
12803	0.45814210176467896
12804	0.4581514894962311
12805	0.4582098424434662
12806	0.4582187235355377
12807	0.45822951197624207
12808	0.45823293924331665
12809	0.4582398235797882
12810	0.4582761824131012
12811	0.45828914642333984
12812	0.4582911729812622
12813	0.4583011269569397
12814	0.4583085775375366
12815	0.45832595229148865
12816	0.4583628475666046
12817	0.45838358998298645
12818	0.4585045278072357
12819	0.45855456590652466
12820	0.45855769515037537
12821	0.4585675299167633
12822	0.45858654379844666
12823	0.4587269723415375
12824	0.45872873067855835
12825	0.45878979563713074
12826	0.4588184952735901
12827	0.45882731676101685
12828	0.4588312804698944
12829	0.4588368237018585
12830	0.4588398337364197
12831	0.4588549733161926
12832	0.45888200402259827
12833	0.4589545726776123
12834	0.45896199345588684
12835	0.4590158760547638
12836	0.4591115117073059
12837	0.459126740694046
12838	0.45912742614746094
12839	0.45914074778556824
12840	0.4591931104660034
12841	0.45920392870903015
12842	0.4592137038707733
12843	0.45922255516052246
12844	0.4592580795288086
12845	0.45929569005966187
12846	0.4592965543270111
12847	0.4593092203140259
12848	0.45932283997535706
12849	0.4593329131603241
12850	0.45939376950263977
12851	0.4593944549560547
12852	0.45947644114494324
12853	0.45948243141174316
12854	0.4594918489456177
12855	0.4594985246658325
12856	0.4595049321651459
12857	0.45952144265174866
12858	0.4595221281051636
12859	0.4595509171485901
12860	0.45961782336235046
12861	0.4596331715583801
12862	0.45965075492858887
12863	0.4596508741378784
12864	0.45966637134552
12865	0.45967015624046326
12866	0.459670752286911
12867	0.45967206358909607
12868	0.4596921503543854
12869	0.4597437381744385
12870	0.45979440212249756
12871	0.4598067104816437
12872	0.4598134458065033
12873	0.45982417464256287
12874	0.4598400890827179
12875	0.45986226201057434
12876	0.45987367630004883
12877	0.4598761200904846
12878	0.459892600774765
12879	0.45991018414497375
12880	0.45992371439933777
12881	0.4599243700504303
12882	0.4599328637123108
12883	0.4599520266056061
12884	0.4599689543247223
12885	0.4599718451499939
12886	0.4599829912185669
12887	0.4599892795085907
12888	0.46002352237701416
12889	0.46003398299217224
12890	0.4600582420825958
12891	0.46006274223327637
12892	0.46007952094078064
12893	0.46008536219596863
12894	0.46015381813049316
12895	0.46016088128089905
12896	0.46021535992622375
12897	0.4602188467979431
12898	0.4602465033531189
12899	0.4602642357349396
12900	0.4602944552898407
12901	0.4603032171726227
12902	0.4603056311607361
12903	0.46030980348587036
12904	0.46031180024147034
12905	0.4603218734264374
12906	0.4603320062160492
12907	0.4603399336338043
12908	0.46034693717956543
12909	0.4603857696056366
12910	0.4604015648365021
12911	0.4604034423828125
12912	0.46041902899742126
12913	0.4604536294937134
12914	0.46048179268836975
12915	0.46054843068122864
12916	0.46057289838790894
12917	0.4605874717235565
12918	0.46059125661849976
12919	0.46060723066329956
12920	0.46061086654663086
12921	0.4606172442436218
12922	0.460652619600296
12923	0.46068111062049866
12924	0.4606839418411255
12925	0.46068423986434937
12926	0.4607034921646118
12927	0.4607083797454834
12928	0.46071383357048035
12929	0.460715115070343
12930	0.4607386589050293
12931	0.46074119210243225
12932	0.4607469439506531
12933	0.4607502818107605
12934	0.46075794100761414
12935	0.4607694149017334
12936	0.46077898144721985
12937	0.4607853293418884
12938	0.46080008149147034
12939	0.4608174264431
12940	0.46081990003585815
12941	0.4608258903026581
12942	0.4608321785926819
12943	0.46083536744117737
12944	0.46085572242736816
12945	0.46087297797203064
12946	0.4608801007270813
12947	0.46088582277297974
12948	0.46089333295822144
12949	0.46091049909591675
12950	0.4609133005142212
12951	0.4609626531600952
12952	0.46096959710121155
12953	0.4610426723957062
12954	0.46105289459228516
12955	0.46105748414993286
12956	0.461067259311676
12957	0.4610884487628937
12958	0.46109774708747864
12959	0.4611096680164337
12960	0.46111446619033813
12961	0.4611363112926483
12962	0.4611392617225647
12963	0.4611745774745941
12964	0.4612107276916504
12965	0.4612242579460144
12966	0.4612383544445038
12967	0.4612482190132141
12968	0.46126025915145874
12969	0.46127980947494507
12970	0.46132227778434753
12971	0.46135833859443665
12972	0.4613606333732605
12973	0.4613630771636963
12974	0.46145373582839966
12975	0.46145474910736084
12976	0.4614560306072235
12977	0.4614691436290741
12978	0.4614703953266144
12979	0.46148282289505005
12980	0.46148502826690674
12981	0.4614880084991455
12982	0.4614940881729126
12983	0.46152263879776
12984	0.4616529941558838
12985	0.46165624260902405
12986	0.4616614580154419
12987	0.46171292662620544
12988	0.4617132544517517
12989	0.46171531081199646
12990	0.46176332235336304
12991	0.4617716073989868
12992	0.46178117394447327
12993	0.46178457140922546
12994	0.4617953598499298
12995	0.4618115723133087
12996	0.4618162512779236
12997	0.4618242084980011
12998	0.4618249535560608
12999	0.4618532955646515
13000	0.4618742763996124
13001	0.46187645196914673
13002	0.46191033720970154
13003	0.4619162678718567
13004	0.46196842193603516
13005	0.46197617053985596
13006	0.4619830250740051
13007	0.4620104432106018
13008	0.4620376229286194
13009	0.462051123380661
13010	0.46205514669418335
13011	0.4620589017868042
13012	0.4620632231235504
13013	0.46206486225128174
13014	0.4620692729949951
13015	0.46212226152420044
13016	0.4621981680393219
13017	0.4622071087360382
13018	0.4622156322002411
13019	0.46222051978111267
13020	0.46224451065063477
13021	0.4622509777545929
13022	0.46227362751960754
13023	0.46230244636535645
13024	0.4623362123966217
13025	0.4623379707336426
13026	0.46234771609306335
13027	0.46235716342926025
13028	0.4623745381832123
13029	0.46239835023880005
13030	0.4624025523662567
13031	0.4624083340167999
13032	0.46242865920066833
13033	0.46243375539779663
13034	0.46245405077934265
13035	0.4624558687210083
13036	0.4624584913253784
13037	0.46246960759162903
13038	0.4624944031238556
13039	0.46250468492507935
13040	0.4625389277935028
13041	0.4625663757324219
13042	0.4626401364803314
13043	0.46266117691993713
13044	0.4626722037792206
13045	0.4627082347869873
13046	0.46271902322769165
13047	0.4627297818660736
13048	0.46278464794158936
13049	0.4627942144870758
13050	0.4628261625766754
13051	0.46284323930740356
13052	0.46285393834114075
13053	0.4628654420375824
13054	0.4628671109676361
13055	0.46288013458251953
13056	0.4629024565219879
13057	0.4629124104976654
13058	0.4629746079444885
13059	0.46300312876701355
13060	0.463017076253891
13061	0.4630240797996521
13062	0.4630241394042969
13063	0.4630327820777893
13064	0.4630339443683624
13065	0.46305784583091736
13066	0.4630729854106903
13067	0.4631146192550659
13068	0.4631365239620209
13069	0.4631475508213043
13070	0.46316763758659363
13071	0.46318602561950684
13072	0.46318933367729187
13073	0.4631910026073456
13074	0.4631919264793396
13075	0.4631950259208679
13076	0.4632274806499481
13077	0.46323245763778687
13078	0.4632840156555176
13079	0.46328482031822205
13080	0.4632878601551056
13081	0.4632931053638458
13082	0.4633151888847351
13083	0.46334555745124817
13084	0.463386595249176
13085	0.46339935064315796
13086	0.4634069800376892
13087	0.4634210467338562
13088	0.4634231626987457
13089	0.4634256362915039
13090	0.46342733502388
13091	0.46343645453453064
13092	0.46343955397605896
13093	0.46344292163848877
13094	0.46345290541648865
13095	0.46346038579940796
13096	0.46346768736839294
13097	0.46349093317985535
13098	0.463529109954834
13099	0.46352970600128174
13100	0.46353015303611755
13101	0.4635431170463562
13102	0.46355995535850525
13103	0.4635618031024933
13104	0.46356338262557983
13105	0.4635888338088989
13106	0.4635903835296631
13107	0.4636261463165283
13108	0.46366989612579346
13109	0.46367573738098145
13110	0.46368739008903503
13111	0.4637613296508789
13112	0.46377500891685486
13113	0.4637751281261444
13114	0.4637959599494934
13115	0.46380072832107544
13116	0.4638276994228363
13117	0.46382954716682434
13118	0.46383604407310486
13119	0.46385878324508667
13120	0.4638594388961792
13121	0.4638732671737671
13122	0.46387940645217896
13123	0.4638955295085907
13124	0.46392422914505005
13125	0.46394532918930054
13126	0.4639537036418915
13127	0.4639684557914734
13128	0.46398231387138367
13129	0.46398842334747314
13130	0.46404409408569336
13131	0.46405407786369324
13132	0.46410873532295227
13133	0.46411848068237305
13134	0.4641266465187073
13135	0.46420976519584656
13136	0.46421128511428833
13137	0.46423405408859253
13138	0.46424388885498047
13139	0.46426424384117126
13140	0.4642666280269623
13141	0.4642808735370636
13142	0.4643138349056244
13143	0.4643203020095825
13144	0.46432435512542725
13145	0.46433132886886597
13146	0.46433958411216736
13147	0.4643467366695404
13148	0.4643571376800537
13149	0.4643807113170624
13150	0.46439334750175476
13151	0.4644087851047516
13152	0.46443790197372437
13153	0.4644390046596527
13154	0.46444645524024963
13155	0.464448481798172
13156	0.46444976329803467
13157	0.4644511640071869
13158	0.4644595682621002
13159	0.46457406878471375
13160	0.46458274126052856
13161	0.4646081328392029
13162	0.4646155834197998
13163	0.46462175250053406
13164	0.4646359384059906
13165	0.46463608741760254
13166	0.46465176343917847
13167	0.46466201543807983
13168	0.46467357873916626
13169	0.4646776020526886
13170	0.4647040367126465
13171	0.46470552682876587
13172	0.4647260010242462
13173	0.46473151445388794
13174	0.4647577702999115
13175	0.4647912383079529
13176	0.46479126811027527
13177	0.4647952616214752
13178	0.46479761600494385
13179	0.46480444073677063
13180	0.46481025218963623
13181	0.4648208022117615
13182	0.46482932567596436
13183	0.4649307131767273
13184	0.46493542194366455
13185	0.4649392068386078
13186	0.46494778990745544
13187	0.4649490416049957
13188	0.46496638655662537
13189	0.46496689319610596
13190	0.464971125125885
13191	0.46498703956604004
13192	0.4649893045425415
13193	0.46499958634376526
13194	0.46500155329704285
13195	0.46500489115715027
13196	0.4650251865386963
13197	0.4650256335735321
13198	0.46504315733909607
13199	0.46505364775657654
13200	0.465099960565567
13201	0.46510452032089233
13202	0.46510785818099976
13203	0.46511974930763245
13204	0.46514520049095154
13205	0.4651723802089691
13206	0.4651821553707123
13207	0.4652000367641449
13208	0.465201735496521
13209	0.4652039408683777
13210	0.4652455151081085
13211	0.4652767479419708
13212	0.4652993381023407
13213	0.46530839800834656
13214	0.46531134843826294
13215	0.4653136730194092
13216	0.46532219648361206
13217	0.46532654762268066
13218	0.46533313393592834
13219	0.4653448760509491
13220	0.4653487205505371
13221	0.46534886956214905
13222	0.4653967618942261
13223	0.46540021896362305
13224	0.46540719270706177
13225	0.46541473269462585
13226	0.46542125940322876
13227	0.4654300808906555
13228	0.4654388427734375
13229	0.46547043323516846
13230	0.46548086404800415
13231	0.46550121903419495
13232	0.4655562937259674
13233	0.46555808186531067
13234	0.46556857228279114
13235	0.46557262539863586
13236	0.4655735194683075
13237	0.46557891368865967
13238	0.46559762954711914
13239	0.46623092889785767
13240	0.46624165773391724
13241	0.46624553203582764
13242	0.46625420451164246
13243	0.4662870764732361
13244	0.4663742184638977
13245	0.46639034152030945
13246	0.46640607714653015
13247	0.4664490520954132
13248	0.46646958589553833
13249	0.466499924659729
13250	0.4665139317512512
13251	0.4665147662162781
13252	0.46651604771614075
13253	0.4665161967277527
13254	0.46652212738990784
13255	0.4665384590625763
13256	0.4665410816669464
13257	0.46657806634902954
13258	0.4665847420692444
13259	0.466590017080307
13260	0.4665963649749756
13261	0.46659958362579346
13262	0.4666104018688202
13263	0.4666147232055664
13264	0.46661484241485596
13265	0.46661660075187683
13266	0.46663975715637207
13267	0.4666575491428375
13268	0.46667781472206116
13269	0.46667832136154175
13270	0.46668338775634766
13271	0.46669018268585205
13272	0.4667036235332489
13273	0.4667053818702698
13274	0.46671047806739807
13275	0.4667876362800598
13276	0.4667990803718567
13277	0.4668058454990387
13278	0.4668113887310028
13279	0.4668142795562744
13280	0.46682143211364746
13281	0.46683380007743835
13282	0.46685945987701416
13283	0.46686482429504395
13284	0.46686869859695435
13285	0.46688079833984375
13286	0.4668905436992645
13287	0.46690833568573
13288	0.46704062819480896
13289	0.4671054482460022
13290	0.467122882604599
13291	0.46721622347831726
13292	0.4672185480594635
13293	0.4672333300113678
13294	0.46723833680152893
13295	0.4672485589981079
13296	0.46725353598594666
13297	0.46725624799728394
13298	0.4672609865665436
13299	0.4672684073448181
13300	0.467285692691803
13301	0.46729207038879395
13302	0.46729373931884766
13303	0.4673045575618744
13304	0.46730536222457886
13305	0.4673185348510742
13306	0.46733352541923523
13307	0.46738243103027344
13308	0.4674172103404999
13309	0.4674312174320221
13310	0.46747925877571106
13311	0.46749040484428406
13312	0.46751436591148376
13313	0.4675179421901703
13314	0.4675234854221344
13315	0.46753349900245667
13316	0.4675632119178772
13317	0.4675651490688324
13318	0.46759873628616333
13319	0.46759945154190063
13320	0.4676159918308258
13321	0.46762484312057495
13322	0.46763643622398376
13323	0.46764490008354187
13324	0.4676560163497925
13325	0.46771836280822754
13326	0.46772268414497375
13327	0.46777045726776123
13328	0.467777818441391
13329	0.4677889943122864
13330	0.4678146243095398
13331	0.4678156077861786
13332	0.46782106161117554
13333	0.4678323268890381
13334	0.4678354561328888
13335	0.46784934401512146
13336	0.4678533971309662
13337	0.4678715765476227
13338	0.4678798019886017
13339	0.46790289878845215
13340	0.4679326117038727
13341	0.46793797612190247
13342	0.4679412841796875
13343	0.46794840693473816
13344	0.4679591655731201
13345	0.46797722578048706
13346	0.46798399090766907
13347	0.46799010038375854
13348	0.46801164746284485
13349	0.4680720269680023
13350	0.4680933952331543
13351	0.4680944085121155
13352	0.46809983253479004
13353	0.46810591220855713
13354	0.46813610196113586
13355	0.46814054250717163
13356	0.46814993023872375
13357	0.46816205978393555
13358	0.4682004153728485
13359	0.4682028889656067
13360	0.4682098925113678
13361	0.46821537613868713
13362	0.46822136640548706
13363	0.46827536821365356
13364	0.4682900309562683
13365	0.4683009088039398
13366	0.4683345854282379
13367	0.46838584542274475
13368	0.4683951735496521
13369	0.46840062737464905
13370	0.4684213697910309
13371	0.46845102310180664
13372	0.4684576094150543
13373	0.46847331523895264
13374	0.4684801399707794
13375	0.4684840440750122
13376	0.46856915950775146
13377	0.46857312321662903
13378	0.4685764014720917
13379	0.4685870110988617
13380	0.46861687302589417
13381	0.4686736464500427
13382	0.4686758518218994
13383	0.4686873257160187
13384	0.4686920642852783
13385	0.4687735438346863
13386	0.4687754809856415
13387	0.46879830956459045
13388	0.4688352346420288
13389	0.46883636713027954
13390	0.46883824467658997
13391	0.4688534438610077
13392	0.4688568711280823
13393	0.4688606262207031
13394	0.4688637852668762
13395	0.4688901901245117
13396	0.46889451146125793
13397	0.4688975512981415
13398	0.46891477704048157
13399	0.46893104910850525
13400	0.4689318835735321
13401	0.4689403772354126
13402	0.4689408838748932
13403	0.4689534604549408
13404	0.4689539968967438
13405	0.4690026044845581
13406	0.4690089225769043
13407	0.4690241813659668
13408	0.4690544307231903
13409	0.4690670967102051
13410	0.4690774977207184
13411	0.4691128432750702
13412	0.4691276252269745
13413	0.469133585691452
13414	0.46913838386535645
13415	0.4691426455974579
13416	0.46916332840919495
13417	0.46920132637023926
13418	0.4692257344722748
13419	0.46924325823783875
13420	0.46925902366638184
13421	0.4693560302257538
13422	0.4694487154483795
13423	0.4694502651691437
13424	0.4694509208202362
13425	0.46946436166763306
13426	0.4695582687854767
13427	0.4695621430873871
13428	0.46958592534065247
13429	0.4695996046066284
13430	0.469609797000885
13431	0.46961510181427
13432	0.46963605284690857
13433	0.46969401836395264
13434	0.46970731019973755
13435	0.4697435796260834
13436	0.4697488844394684
13437	0.46974894404411316
13438	0.4697507619857788
13439	0.469759464263916
13440	0.46977198123931885
13441	0.4698003828525543
13442	0.4698011875152588
13443	0.4698098301887512
13444	0.46982142329216003
13445	0.4698302149772644
13446	0.46983250975608826
13447	0.4698513448238373
13448	0.46986111998558044
13449	0.46998265385627747
13450	0.46998846530914307
13451	0.46999791264533997
13452	0.4700045883655548
13453	0.4700735807418823
13454	0.4700741767883301
13455	0.47008293867111206
13456	0.4700886309146881
13457	0.47012385725975037
13458	0.4701809883117676
13459	0.470186710357666
13460	0.47020018100738525
13461	0.4702140986919403
13462	0.47026529908180237
13463	0.4702666997909546
13464	0.47055861353874207
13465	0.47055965662002563
13466	0.47058379650115967
13467	0.47067612409591675
13468	0.4706781804561615
13469	0.47069060802459717
13470	0.4707052409648895
13471	0.4707130193710327
13472	0.4707224369049072
13473	0.47072529792785645
13474	0.47073084115982056
13475	0.47074437141418457
13476	0.47075238823890686
13477	0.47081488370895386
13478	0.4708500802516937
13479	0.470856636762619
13480	0.47086101770401
13481	0.47086384892463684
13482	0.4709109961986542
13483	0.47092121839523315
13484	0.4709751009941101
13485	0.4710063636302948
13486	0.47101956605911255
13487	0.47102808952331543
13488	0.4710322916507721
13489	0.4710693657398224
13490	0.4710724949836731
13491	0.4710831046104431
13492	0.4711444675922394
13493	0.4711718261241913
13494	0.47117558121681213
13495	0.471176415681839
13496	0.47118160128593445
13497	0.47119078040122986
13498	0.4711960554122925
13499	0.47121208906173706
13500	0.47121867537498474
13501	0.4712298512458801
13502	0.47123369574546814
13503	0.4712357819080353
13504	0.47125160694122314
13505	0.4712543189525604
13506	0.47126320004463196
13507	0.4712875485420227
13508	0.47129058837890625
13509	0.4712969660758972
13510	0.4713061451911926
13511	0.47130751609802246
13512	0.4713079631328583
13513	0.47131094336509705
13514	0.4713204801082611
13515	0.471324622631073
13516	0.4713434875011444
13517	0.47134774923324585
13518	0.47135433554649353
13519	0.47136053442955017
13520	0.47136402130126953
13521	0.47143465280532837
13522	0.4714665710926056
13523	0.47148647904396057
13524	0.47152844071388245
13525	0.47153931856155396
13526	0.4715593159198761
13527	0.4715629518032074
13528	0.47156503796577454
13529	0.4715707302093506
13530	0.4715792238712311
13531	0.4716193377971649
13532	0.47162169218063354
13533	0.4717274010181427
13534	0.4717440903186798
13535	0.47175315022468567
13536	0.471794068813324
13537	0.47179433703422546
13538	0.4718029797077179
13539	0.471809446811676
13540	0.4718254506587982
13541	0.4718267619609833
13542	0.47184261679649353
13543	0.47191131114959717
13544	0.47191429138183594
13545	0.47194454073905945
13546	0.4719632565975189
13547	0.47196778655052185
13548	0.47203996777534485
13549	0.4720749258995056
13550	0.47207850217819214
13551	0.4720829427242279
13552	0.4721105694770813
13553	0.4721224904060364
13554	0.47214746475219727
13555	0.4721536934375763
13556	0.4721604585647583
13557	0.4721616804599762
13558	0.47217056155204773
13559	0.4721832871437073
13560	0.4721853733062744
13561	0.47218847274780273
13562	0.47219642996788025
13563	0.47221964597702026
13564	0.47222214937210083
13565	0.4722261428833008
13566	0.4722289443016052
13567	0.4722330570220947
13568	0.47224995493888855
13569	0.47225257754325867
13570	0.47225984930992126
13571	0.47227805852890015
13572	0.4722948670387268
13573	0.4723784923553467
13574	0.4723905622959137
13575	0.4723955988883972
13576	0.47244709730148315
13577	0.47244882583618164
13578	0.4724675118923187
13579	0.47258493304252625
13580	0.4725891947746277
13581	0.472591370344162
13582	0.47263485193252563
13583	0.4726410210132599
13584	0.472648024559021
13585	0.47266680002212524
13586	0.4726712703704834
13587	0.4727870225906372
13588	0.472789466381073
13589	0.47280094027519226
13590	0.4728310704231262
13591	0.4728390872478485
13592	0.47285228967666626
13593	0.4729006588459015
13594	0.4729563891887665
13595	0.4729592204093933
13596	0.4729797840118408
13597	0.47305408120155334
13598	0.4731002449989319
13599	0.4731016755104065
13600	0.47312086820602417
13601	0.4731229543685913
13602	0.47315874695777893
13603	0.4731597900390625
13604	0.4731781780719757
13605	0.47318488359451294
13606	0.4731868803501129
13607	0.47319963574409485
13608	0.47321465611457825
13609	0.4732198119163513
13610	0.47324347496032715
13611	0.47325488924980164
13612	0.4732554852962494
13613	0.4732610881328583
13614	0.47327372431755066
13615	0.4733070731163025
13616	0.47331690788269043
13617	0.473329097032547
13618	0.4733782112598419
13619	0.47338417172431946
13620	0.47338417172431946
13621	0.47344353795051575
13622	0.47344836592674255
13623	0.4734524190425873
13624	0.47355249524116516
13625	0.47358438372612
13626	0.47358787059783936
13627	0.4735890328884125
13628	0.47360959649086
13629	0.4736127555370331
13630	0.4736157953739166
13631	0.47364723682403564
13632	0.47367438673973083
13633	0.473675400018692
13634	0.4736879765987396
13635	0.47374460101127625
13636	0.4737977087497711
13637	0.47380149364471436
13638	0.47380995750427246
13639	0.47381269931793213
13640	0.47382527589797974
13641	0.4738454818725586
13642	0.4738459289073944
13643	0.47385281324386597
13644	0.47392725944519043
13645	0.4739321172237396
13646	0.47394800186157227
13647	0.47398918867111206
13648	0.47402694821357727
13649	0.4740549325942993
13650	0.47405657172203064
13651	0.4740751087665558
13652	0.47408604621887207
13653	0.4740862548351288
13654	0.4740888178348541
13655	0.4741274416446686
13656	0.47415193915367126
13657	0.4741881489753723
13658	0.47420457005500793
13659	0.47420942783355713
13660	0.4742104411125183
13661	0.474229633808136
13662	0.4742394685745239
13663	0.4742397367954254
13664	0.4742555022239685
13665	0.47427305579185486
13666	0.47430628538131714
13667	0.47431743144989014
13668	0.4744563102722168
13669	0.4744589030742645
13670	0.47448837757110596
13671	0.47449159622192383
13672	0.474510133266449
13673	0.47455471754074097
13674	0.47465455532073975
13675	0.47466742992401123
13676	0.47467708587646484
13677	0.4747132360935211
13678	0.474721223115921
13679	0.4747409224510193
13680	0.4747564494609833
13681	0.47476184368133545
13682	0.47478601336479187
13683	0.4747878611087799
13684	0.47479069232940674
13685	0.47479766607284546
13686	0.4748780131340027
13687	0.47488030791282654
13688	0.47491252422332764
13689	0.4749184250831604
13690	0.4749331772327423
13691	0.4749354124069214
13692	0.47496023774147034
13693	0.4749697744846344
13694	0.47503405809402466
13695	0.47504234313964844
13696	0.47506511211395264
13697	0.47509443759918213
13698	0.47510483860969543
13699	0.4751114845275879
13700	0.4751220941543579
13701	0.47513657808303833
13702	0.47513723373413086
13703	0.47514617443084717
13704	0.47515344619750977
13705	0.4751684367656708
13706	0.475261926651001
13707	0.4752788543701172
13708	0.47529137134552
13709	0.4752916693687439
13710	0.4752950668334961
13711	0.4753044545650482
13712	0.4753079116344452
13713	0.47531405091285706
13714	0.47532445192337036
13715	0.4753328859806061
13716	0.4753558039665222
13717	0.475368469953537
13718	0.4753698706626892
13719	0.4753742814064026
13720	0.4754165709018707
13721	0.47543779015541077
13722	0.4754629135131836
13723	0.47546640038490295
13724	0.4754677712917328
13725	0.4754963517189026
13726	0.47549882531166077
13727	0.47551894187927246
13728	0.47551900148391724
13729	0.47553303837776184
13730	0.47553756833076477
13731	0.475544810295105
13732	0.4755476117134094
13733	0.47559645771980286
13734	0.4755999743938446
13735	0.47561854124069214
13736	0.47562721371650696
13737	0.4756486415863037
13738	0.47570258378982544
13739	0.4757538139820099
13740	0.4757814407348633
13741	0.4757981598377228
13742	0.4757998585700989
13743	0.4758005142211914
13744	0.4758167564868927
13745	0.4758252203464508
13746	0.47583022713661194
13747	0.47583797574043274
13748	0.4759121835231781
13749	0.4759206175804138
13750	0.4759434759616852
13751	0.4759649634361267
13752	0.47597676515579224
13753	0.4760681688785553
13754	0.47607260942459106
13755	0.47607511281967163
13756	0.47608691453933716
13757	0.47609931230545044
13758	0.47610169649124146
13759	0.4761103093624115
13760	0.47614768147468567
13761	0.47615906596183777
13762	0.4761655032634735
13763	0.47616568207740784
13764	0.4761679172515869
13765	0.4761798083782196
13766	0.47619321942329407
13767	0.4761974513530731
13768	0.4762016236782074
13769	0.476203054189682
13770	0.4762258231639862
13771	0.4762355387210846
13772	0.4762614667415619
13773	0.47626855969429016
13774	0.47629645466804504
13775	0.476298063993454
13776	0.47629883885383606
13777	0.47630149126052856
13778	0.47631487250328064
13779	0.47631964087486267
13780	0.47633054852485657
13781	0.47637662291526794
13782	0.4763832092285156
13783	0.4763888418674469
13784	0.47639158368110657
13785	0.4763989746570587
13786	0.47640326619148254
13787	0.47642698884010315
13788	0.47643423080444336
13789	0.4764440357685089
13790	0.4764466881752014
13791	0.4764597415924072
13792	0.47646307945251465
13793	0.47656798362731934
13794	0.4765813946723938
13795	0.4766124486923218
13796	0.4766809344291687
13797	0.47669661045074463
13798	0.476697713136673
13799	0.4767053425312042
13800	0.47673022747039795
13801	0.4767376184463501
13802	0.4767390787601471
13803	0.47674107551574707
13804	0.4767615497112274
13805	0.4767630100250244
13806	0.4768054187297821
13807	0.47681090235710144
13808	0.4768330752849579
13809	0.476848304271698
13810	0.47685205936431885
13811	0.47686460614204407
13812	0.4768669307231903
13813	0.4768964648246765
13814	0.4768982231616974
13815	0.47694942355155945
13816	0.4769500494003296
13817	0.47696155309677124
13818	0.4769676923751831
13819	0.4770103394985199
13820	0.4770120084285736
13821	0.47701844573020935
13822	0.4770544469356537
13823	0.477063924074173
13824	0.47706854343414307
13825	0.47707968950271606
13826	0.4770943820476532
13827	0.4771715998649597
13828	0.47719937562942505
13829	0.4772011935710907
13830	0.47720280289649963
13831	0.47721150517463684
13832	0.4772256314754486
13833	0.4772283434867859
13834	0.4772343933582306
13835	0.47728899121284485
13836	0.4772941470146179
13837	0.47729480266571045
13838	0.4773164391517639
13839	0.47734886407852173
13840	0.47735029458999634
13841	0.47735947370529175
13842	0.47736504673957825
13843	0.4773712158203125
13844	0.47737938165664673
13845	0.4774210453033447
13846	0.4774303734302521
13847	0.4774456322193146
13848	0.4774584174156189
13849	0.47746923565864563
13850	0.4774726331233978
13851	0.47747668623924255
13852	0.4775026738643646
13853	0.4775153398513794
13854	0.4775296747684479
13855	0.47754672169685364
13856	0.47771626710891724
13857	0.4777301251888275
13858	0.47781625390052795
13859	0.47782811522483826
13860	0.477828711271286
13861	0.47785237431526184
13862	0.4778681695461273
13863	0.4778684973716736
13864	0.47787004709243774
13865	0.4779033958911896
13866	0.47793519496917725
13867	0.4780256748199463
13868	0.47803357243537903
13869	0.4780426025390625
13870	0.47808676958084106
13871	0.4781024158000946
13872	0.4781080186367035
13873	0.4781219959259033
13874	0.4781290292739868
13875	0.4781372547149658
13876	0.4781441390514374
13877	0.47815191745758057
13878	0.47819459438323975
13879	0.47820109128952026
13880	0.47820255160331726
13881	0.4782041609287262
13882	0.4782128930091858
13883	0.47821852564811707
13884	0.47823673486709595
13885	0.478238582611084
13886	0.4782581627368927
13887	0.47825875878334045
13888	0.47826534509658813
13889	0.47827014327049255
13890	0.47828420996665955
13891	0.4783274829387665
13892	0.4783473312854767
13893	0.47836440801620483
13894	0.4783664047718048
13895	0.4783693850040436
13896	0.4783940613269806
13897	0.47840559482574463
13898	0.47840937972068787
13899	0.4784110188484192
13900	0.47841542959213257
13901	0.4784271717071533
13902	0.47845879197120667
13903	0.4784713387489319
13904	0.4784776270389557
13905	0.47852686047554016
13906	0.47852832078933716
13907	0.4785303771495819
13908	0.47858020663261414
13909	0.4786033034324646
13910	0.47860902547836304
13911	0.47863173484802246
13912	0.4786366820335388
13913	0.47881409525871277
13914	0.4788253605365753
13915	0.47884073853492737
13916	0.4788742661476135
13917	0.4788818359375
13918	0.47891759872436523
13919	0.4789249300956726
13920	0.47893187403678894
13921	0.4789351224899292
13922	0.4789549708366394
13923	0.47895580530166626
13924	0.4789620339870453
13925	0.47897133231163025
13926	0.4789775311946869
13927	0.4789940118789673
13928	0.47900277376174927
13929	0.4790083169937134
13930	0.47902968525886536
13931	0.47905388474464417
13932	0.4790562689304352
13933	0.47905945777893066
13934	0.47907039523124695
13935	0.47909778356552124
13936	0.47911739349365234
13937	0.4791319966316223
13938	0.4791894853115082
13939	0.4791916012763977
13940	0.4791937470436096
13941	0.4792790710926056
13942	0.4792913794517517
13943	0.47932735085487366
13944	0.4793443977832794
13945	0.4793630540370941
13946	0.4793882369995117
13947	0.4793919622898102
13948	0.4794054925441742
13949	0.4794541001319885
13950	0.47946897149086
13951	0.4794982671737671
13952	0.4795025885105133
13953	0.47950828075408936
13954	0.47952812910079956
13955	0.4795580804347992
13956	0.4795660674571991
13957	0.47957611083984375
13958	0.4795818328857422
13959	0.4795841574668884
13960	0.47969576716423035
13961	0.47971490025520325
13962	0.4797288477420807
13963	0.47973665595054626
13964	0.47978049516677856
13965	0.4798131585121155
13966	0.4798608422279358
13967	0.47986817359924316
13968	0.47988516092300415
13969	0.47993433475494385
13970	0.4799695312976837
13971	0.47997039556503296
13972	0.4799755811691284
13973	0.47997987270355225
13974	0.479981005191803
13975	0.4799927771091461
13976	0.4800024628639221
13977	0.4800882339477539
13978	0.48009511828422546
13979	0.4801117777824402
13980	0.4801824688911438
13981	0.48018375039100647
13982	0.4801880121231079
13983	0.4801968038082123
13984	0.48020994663238525
13985	0.4802307188510895
13986	0.4802316129207611
13987	0.48023366928100586
13988	0.4802365005016327
13989	0.4802497625350952
13990	0.48025137186050415
13991	0.48025375604629517
13992	0.4802565574645996
13993	0.4802594482898712
13994	0.48030754923820496
13995	0.4803332984447479
13996	0.4803505539894104
13997	0.48036429286003113
13998	0.4803643822669983
13999	0.48037344217300415
14000	0.48038166761398315
14001	0.4803915023803711
14002	0.48040395975112915
14003	0.4804181754589081
14004	0.48042044043540955
14005	0.48043709993362427
14006	0.4804380536079407
14007	0.480476438999176
14008	0.4807356595993042
14009	0.4807634949684143
14010	0.4807787537574768
14011	0.4808253049850464
14012	0.48082539439201355
14013	0.48084911704063416
14014	0.4808495044708252
14015	0.48085686564445496
14016	0.4808720052242279
14017	0.48088502883911133
14018	0.48090240359306335
14019	0.4809107482433319
14020	0.4809296131134033
14021	0.4809335470199585
14022	0.48093894124031067
14023	0.48094287514686584
14024	0.480959951877594
14025	0.48096057772636414
14026	0.48098891973495483
14027	0.48099932074546814
14028	0.48103034496307373
14029	0.4812188744544983
14030	0.48125922679901123
14031	0.4812661409378052
14032	0.4812786877155304
14033	0.4812811613082886
14034	0.48131632804870605
14035	0.4813188910484314
14036	0.48132452368736267
14037	0.48132655024528503
14038	0.4813278317451477
14039	0.48132920265197754
14040	0.4813380241394043
14041	0.4813973605632782
14042	0.48140931129455566
14043	0.48142102360725403
14044	0.48143160343170166
14045	0.48143693804740906
14046	0.4814572334289551
14047	0.4814690053462982
14048	0.4814826250076294
14049	0.48149341344833374
14050	0.48152124881744385
14051	0.48153939843177795
14052	0.48154714703559875
14053	0.48155465722084045
14054	0.4815604090690613
14055	0.4815712869167328
14056	0.48157694935798645
14057	0.4815977215766907
14058	0.48160359263420105
14059	0.48163139820098877
14060	0.4816535711288452
14061	0.4816572964191437
14062	0.4816600978374481
14063	0.481663316488266
14064	0.4817192554473877
14065	0.48172086477279663
14066	0.4817357659339905
14067	0.48173969984054565
14068	0.48174095153808594
14069	0.48174914717674255
14070	0.48176702857017517
14071	0.4817848801612854
14072	0.4818040728569031
14073	0.4818067252635956
14074	0.48180797696113586
14075	0.4818229079246521
14076	0.48183831572532654
14077	0.4818568229675293
14078	0.48186445236206055
14079	0.48186933994293213
14080	0.4818814694881439
14081	0.48189547657966614
14082	0.481901079416275
14083	0.4819062352180481
14084	0.4819096028804779
14085	0.48191070556640625
14086	0.4819610118865967
14087	0.48199474811553955
14088	0.4820065200328827
14089	0.4820169508457184
14090	0.4821245074272156
14091	0.48213014006614685
14092	0.4821307063102722
14093	0.4821409583091736
14094	0.4821566939353943
14095	0.4821968972682953
14096	0.4822188913822174
14097	0.48222097754478455
14098	0.48222991824150085
14099	0.4822445809841156
14100	0.482248455286026
14101	0.48225268721580505
14102	0.4823252856731415
14103	0.48232775926589966
14104	0.4823301136493683
14105	0.48233112692832947
14106	0.4823372960090637
14107	0.4823872447013855
14108	0.482387512922287
14109	0.4823917746543884
14110	0.48241856694221497
14111	0.48243165016174316
14112	0.48246824741363525
14113	0.48251965641975403
14114	0.4825313091278076
14115	0.48255836963653564
14116	0.4825782775878906
14117	0.4825904369354248
14118	0.48260658979415894
14119	0.48261621594429016
14120	0.48268187046051025
14121	0.4827125072479248
14122	0.4827422499656677
14123	0.4827492833137512
14124	0.4827579855918884
14125	0.4827607274055481
14126	0.4827689528465271
14127	0.48277297616004944
14128	0.4827962815761566
14129	0.48292455077171326
14130	0.4829678535461426
14131	0.4829829931259155
14132	0.4829859733581543
14133	0.48300060629844666
14134	0.48300230503082275
14135	0.48307740688323975
14136	0.48307961225509644
14137	0.48308733105659485
14138	0.4831002652645111
14139	0.4831094741821289
14140	0.48314979672431946
14141	0.48317527770996094
14142	0.48318108916282654
14143	0.4831874370574951
14144	0.4831961393356323
14145	0.48319727182388306
14146	0.48320266604423523
14147	0.48321837186813354
14148	0.4832245409488678
14149	0.48323744535446167
14150	0.4832528531551361
14151	0.4832707941532135
14152	0.48327162861824036
14153	0.4832782447338104
14154	0.4833080470561981
14155	0.48330965638160706
14156	0.4833185374736786
14157	0.4833419620990753
14158	0.48335152864456177
14159	0.4833645820617676
14160	0.4833947420120239
14161	0.4833965003490448
14162	0.483399361371994
14163	0.48340609669685364
14164	0.4834226071834564
14165	0.4834287166595459
14166	0.48343414068222046
14167	0.48345574736595154
14168	0.483462393283844
14169	0.48347339034080505
14170	0.48347485065460205
14171	0.48348164558410645
14172	0.4834830164909363
14173	0.4835817515850067
14174	0.48361921310424805
14175	0.483663409948349
14176	0.48366937041282654
14177	0.4836817979812622
14178	0.48371627926826477
14179	0.4837304949760437
14180	0.48376092314720154
14181	0.4837615489959717
14182	0.4837731122970581
14183	0.4837781488895416
14184	0.4837924540042877
14185	0.4838089048862457
14186	0.48384326696395874
14187	0.4838525056838989
14188	0.48389142751693726
14189	0.4839019775390625
14190	0.48395803570747375
14191	0.4839581251144409
14192	0.48399972915649414
14193	0.48400160670280457
14194	0.4840167164802551
14195	0.4840516448020935
14196	0.48408111929893494
14197	0.4841703474521637
14198	0.4841744303703308
14199	0.48417529463768005
14200	0.484184205532074
14201	0.4842233657836914
14202	0.48428377509117126
14203	0.48428428173065186
14204	0.48432600498199463
14205	0.4843670129776001
14206	0.4843721389770508
14207	0.4843759834766388
14208	0.48438534140586853
14209	0.4844154715538025
14210	0.48443707823753357
14211	0.484457403421402
14212	0.4844838082790375
14213	0.4844946563243866
14214	0.4844992756843567
14215	0.4845031499862671
14216	0.484509140253067
14217	0.4845210313796997
14218	0.48456186056137085
14219	0.48458120226860046
14220	0.48458555340766907
14221	0.48459333181381226
14222	0.48463019728660583
14223	0.48465538024902344
14224	0.4846649467945099
14225	0.48466816544532776
14226	0.48468759655952454
14227	0.48472440242767334
14228	0.48472827672958374
14229	0.48473891615867615
14230	0.48475536704063416
14231	0.48475751280784607
14232	0.48476642370224
14233	0.48477703332901
14234	0.48478853702545166
14235	0.48479193449020386
14236	0.48480114340782166
14237	0.48480212688446045
14238	0.4848043918609619
14239	0.4848855137825012
14240	0.4848939776420593
14241	0.4849049746990204
14242	0.48491305112838745
14243	0.4849163293838501
14244	0.4849313199520111
14245	0.4849322736263275
14246	0.484937459230423
14247	0.4849573075771332
14248	0.4849981665611267
14249	0.48500555753707886
14250	0.485105037689209
14251	0.4851199686527252
14252	0.48514020442962646
14253	0.48517143726348877
14254	0.48519161343574524
14255	0.48521220684051514
14256	0.4852592647075653
14257	0.485267698764801
14258	0.4852909445762634
14259	0.48530831933021545
14260	0.48531216382980347
14261	0.4853350520133972
14262	0.4853445887565613
14263	0.4853610396385193
14264	0.48536983132362366
14265	0.4853718876838684
14266	0.4853776693344116
14267	0.48538652062416077
14268	0.4853995740413666
14269	0.48541805148124695
14270	0.48544958233833313
14271	0.48545774817466736
14272	0.48546120524406433
14273	0.48552483320236206
14274	0.48557984828948975
14275	0.4855843484401703
14276	0.4855860471725464
14277	0.48561087250709534
14278	0.4856151342391968
14279	0.4856565594673157
14280	0.485664427280426
14281	0.48567357659339905
14282	0.48568084836006165
14283	0.4856843054294586
14284	0.48568961024284363
14285	0.48569875955581665
14286	0.4857049882411957
14287	0.48570650815963745
14288	0.48571354150772095
14289	0.48571982979774475
14290	0.4857255220413208
14291	0.48573175072669983
14292	0.485732764005661
14293	0.4857369363307953
14294	0.4857465326786041
14295	0.4857558310031891
14296	0.48577576875686646
14297	0.48579463362693787
14298	0.4858085513114929
14299	0.4858352541923523
14300	0.48584598302841187
14301	0.48587918281555176
14302	0.4858909249305725
14303	0.4859115481376648
14304	0.4859444499015808
14305	0.48597192764282227
14306	0.4860454797744751
14307	0.48606178164482117
14308	0.4862143397331238
14309	0.48623308539390564
14310	0.4862336218357086
14311	0.48623672127723694
14312	0.4863050580024719
14313	0.4863179326057434
14314	0.48632463812828064
14315	0.4863384962081909
14316	0.4863434433937073
14317	0.4863506257534027
14318	0.4863590896129608
14319	0.4863700568675995
14320	0.4863705337047577
14321	0.48638153076171875
14322	0.4863905906677246
14323	0.4863969087600708
14324	0.486431747674942
14325	0.4864860773086548
14326	0.48649629950523376
14327	0.48649701476097107
14328	0.48653388023376465
14329	0.48654863238334656
14330	0.48655590415000916
14331	0.4865565299987793
14332	0.4865679442882538
14333	0.4865715503692627
14334	0.4865790009498596
14335	0.48661091923713684
14336	0.4866219758987427
14337	0.4866310954093933
14338	0.4866316616535187
14339	0.4866355359554291
14340	0.4866456985473633
14341	0.4867011308670044
14342	0.48670461773872375
14343	0.4867387115955353
14344	0.486748069524765
14345	0.48675137758255005
14346	0.4867599308490753
14347	0.4867601692676544
14348	0.4867636561393738
14349	0.4867648482322693
14350	0.4867742359638214
14351	0.48678305745124817
14352	0.4868057370185852
14353	0.4868146479129791
14354	0.4868163466453552
14355	0.48682811856269836
14356	0.48684072494506836
14357	0.48685047030448914
14358	0.48686522245407104
14359	0.48690295219421387
14360	0.48691844940185547
14361	0.48692843317985535
14362	0.48693087697029114
14363	0.48699072003364563
14364	0.48700791597366333
14365	0.4870106279850006
14366	0.487043559551239
14367	0.4870789051055908
14368	0.487081378698349
14369	0.48708757758140564
14370	0.4871341586112976
14371	0.48714491724967957
14372	0.48719522356987
14373	0.48719584941864014
14374	0.4871997535228729
14375	0.48722031712532043
14376	0.4872561991214752
14377	0.48726141452789307
14378	0.4872848093509674
14379	0.48728761076927185
14380	0.48730209469795227
14381	0.487302303314209
14382	0.48730596899986267
14383	0.48732978105545044
14384	0.4873766601085663
14385	0.4873906672000885
14386	0.48739126324653625
14387	0.48739221692085266
14388	0.48742085695266724
14389	0.4874240458011627
14390	0.48742642998695374
14391	0.48744329810142517
14392	0.48747822642326355
14393	0.48748818039894104
14394	0.48750704526901245
14395	0.48754212260246277
14396	0.4875435531139374
14397	0.4875563383102417
14398	0.4875616431236267
14399	0.4875805675983429
14400	0.48758262395858765
14401	0.4876214265823364
14402	0.48769688606262207
14403	0.48769766092300415
14404	0.4876996576786041
14405	0.48770028352737427
14406	0.4877243638038635
14407	0.48773670196533203
14408	0.4877610206604004
14409	0.48778241872787476
14410	0.4877828061580658
14411	0.4877852499485016
14412	0.4878007471561432
14413	0.4878230094909668
14414	0.48782944679260254
14415	0.48783671855926514
14416	0.4878421127796173
14417	0.48784884810447693
14418	0.4878546893596649
14419	0.48786255717277527
14420	0.48791375756263733
14421	0.4879162013530731
14422	0.48791974782943726
14423	0.4879603683948517
14424	0.4880349040031433
14425	0.4880606532096863
14426	0.48806774616241455
14427	0.4880724549293518
14428	0.48810267448425293
14429	0.4881698489189148
14430	0.4881915748119354
14431	0.4881969690322876
14432	0.4881991744041443
14433	0.4882013201713562
14434	0.48823028802871704
14435	0.4882339537143707
14436	0.488272488117218
14437	0.48828259110450745
14438	0.48830994963645935
14439	0.4883219003677368
14440	0.48832690715789795
14441	0.488334596157074
14442	0.4883371889591217
14443	0.48833975195884705
14444	0.4883463382720947
14445	0.48835813999176025
14446	0.48836052417755127
14447	0.4883700907230377
14448	0.48843130469322205
14449	0.48855507373809814
14450	0.48855605721473694
14451	0.48856019973754883
14452	0.48856306076049805
14453	0.4885660409927368
14454	0.4885751008987427
14455	0.4885942339897156
14456	0.48861798644065857
14457	0.4886499047279358
14458	0.488650381565094
14459	0.4886638820171356
14460	0.48867157101631165
14461	0.4887085258960724
14462	0.48872584104537964
14463	0.48872965574264526
14464	0.4887397289276123
14465	0.488752156496048
14466	0.48881959915161133
14467	0.4888322949409485
14468	0.4888531267642975
14469	0.4888743460178375
14470	0.48890960216522217
14471	0.4889194667339325
14472	0.4889316260814667
14473	0.48897796869277954
14474	0.48899924755096436
14475	0.4890025556087494
14476	0.4890209138393402
14477	0.4890230596065521
14478	0.4890500605106354
14479	0.4890538156032562
14480	0.4890855848789215
14481	0.48910456895828247
14482	0.4891192615032196
14483	0.4891343414783478
14484	0.48914262652397156
14485	0.4891580641269684
14486	0.4891589283943176
14487	0.4891722500324249
14488	0.4891805350780487
14489	0.4891839921474457
14490	0.489301860332489
14491	0.48932161927223206
14492	0.4893609285354614
14493	0.4893641471862793
14494	0.489384263753891
14495	0.4893908202648163
14496	0.48940563201904297
14497	0.48941248655319214
14498	0.48941537737846375
14499	0.48942118883132935
14500	0.4894739091396332
14501	0.4894890785217285
14502	0.48949265480041504
14503	0.48949694633483887
14504	0.4895115792751312
14505	0.4895128309726715
14506	0.4895850121974945
14507	0.4895856976509094
14508	0.48963767290115356
14509	0.489641934633255
14510	0.4896443784236908
14511	0.48965421319007874
14512	0.4896644353866577
14513	0.4896714687347412
14514	0.4896811246871948
14515	0.48970499634742737
14516	0.489706814289093
14517	0.48971250653266907
14518	0.48971667885780334
14519	0.4897328317165375
14520	0.4897446632385254
14521	0.4897719621658325
14522	0.48977458477020264
14523	0.48978427052497864
14524	0.48979148268699646
14525	0.48979854583740234
14526	0.48980608582496643
14527	0.4898342788219452
14528	0.489899605512619
14529	0.4899170696735382
14530	0.48995545506477356
14531	0.4899607002735138
14532	0.4899830222129822
14533	0.4899846017360687
14534	0.4899861514568329
14535	0.4900054931640625
14536	0.4900347590446472
14537	0.49006199836730957
14538	0.49008145928382874
14539	0.4901006817817688
14540	0.4901164770126343
14541	0.49012109637260437
14542	0.49012699723243713
14543	0.49017423391342163
14544	0.4901799261569977
14545	0.49018344283103943
14546	0.49018409848213196
14547	0.490214079618454
14548	0.49024537205696106
14549	0.490245521068573
14550	0.4902588725090027
14551	0.4902593791484833
14552	0.49028268456459045
14553	0.49028563499450684
14554	0.4903215765953064
14555	0.4903290271759033
14556	0.4903475344181061
14557	0.4903551936149597
14558	0.4903593361377716
14559	0.4903682470321655
14560	0.4903753995895386
14561	0.4903978705406189
14562	0.49040907621383667
14563	0.490439236164093
14564	0.490462988615036
14565	0.4905264377593994
14566	0.4905332922935486
14567	0.49053969979286194
14568	0.4905436933040619
14569	0.49055251479148865
14570	0.4905557632446289
14571	0.4905698895454407
14572	0.4905748665332794
14573	0.4905985891819
14574	0.49060916900634766
14575	0.490612655878067
14576	0.49063143134117126
14577	0.4906347393989563
14578	0.49063602089881897
14579	0.4907158613204956
14580	0.4907244145870209
14581	0.4907461106777191
14582	0.4907653331756592
14583	0.4908078908920288
14584	0.49083852767944336
14585	0.4908500611782074
14586	0.4908686578273773
14587	0.49086928367614746
14588	0.4909665286540985
14589	0.4909669756889343
14590	0.4911996126174927
14591	0.49120450019836426
14592	0.4912465214729309
14593	0.491251140832901
14594	0.4912656843662262
14595	0.4912737309932709
14596	0.49128684401512146
14597	0.4912903308868408
14598	0.49130651354789734
14599	0.4913223087787628
14600	0.4913463592529297
14601	0.49137479066848755
14602	0.49138569831848145
14603	0.4914166033267975
14604	0.4914194345474243
14605	0.49143946170806885
14606	0.4914592504501343
14607	0.491463303565979
14608	0.49146851897239685
14609	0.49150195717811584
14610	0.49152621626853943
14611	0.4915553331375122
14612	0.491582989692688
14613	0.4916607141494751
14614	0.4916996657848358
14615	0.49171045422554016
14616	0.4917430579662323
14617	0.491745263338089
14618	0.49178653955459595
14619	0.4917999804019928
14620	0.4918150305747986
14621	0.4918326735496521
14622	0.4918366074562073
14623	0.49183908104896545
14624	0.49185869097709656
14625	0.49187082052230835
14626	0.4918883144855499
14627	0.49188974499702454
14628	0.4919298589229584
14629	0.49196717143058777
14630	0.49203628301620483
14631	0.492048442363739
14632	0.49206387996673584
14633	0.4920700788497925
14634	0.49212491512298584
14635	0.49214714765548706
14636	0.49215763807296753
14637	0.49218231439590454
14638	0.49218302965164185
14639	0.492185115814209
14640	0.49223899841308594
14641	0.49224528670310974
14642	0.4922527074813843
14643	0.4922671914100647
14644	0.4922710955142975
14645	0.4922714829444885
14646	0.4922753572463989
14647	0.4922930896282196
14648	0.4922970235347748
14649	0.4923093318939209
14650	0.49232226610183716
14651	0.49232810735702515
14652	0.49233168363571167
14653	0.4923555254936218
14654	0.492361843585968
14655	0.49236300587654114
14656	0.49236559867858887
14657	0.49238264560699463
14658	0.49244070053100586
14659	0.4924432635307312
14660	0.49245473742485046
14661	0.49245619773864746
14662	0.49248483777046204
14663	0.4925076961517334
14664	0.49251899123191833
14665	0.4925471544265747
14666	0.4925519526004791
14667	0.492556095123291
14668	0.4925827085971832
14669	0.4926527738571167
14670	0.4926561713218689
14671	0.49266260862350464
14672	0.49267852306365967
14673	0.4926837980747223
14674	0.4926946759223938
14675	0.4927111566066742
14676	0.4927138686180115
14677	0.4927572011947632
14678	0.4927738308906555
14679	0.4927760660648346
14680	0.4927830100059509
14681	0.49285778403282166
14682	0.4928697645664215
14683	0.4929075539112091
14684	0.4929087162017822
14685	0.49290919303894043
14686	0.492930144071579
14687	0.4929315447807312
14688	0.4929545223712921
14689	0.4929724931716919
14690	0.4929928779602051
14691	0.4930345416069031
14692	0.4930819571018219
14693	0.4931810796260834
14694	0.49318727850914
14695	0.49319174885749817
14696	0.4932047426700592
14697	0.4932307302951813
14698	0.49323636293411255
14699	0.4932609796524048
14700	0.49327629804611206
14701	0.4932924807071686
14702	0.49330973625183105
14703	0.49333205819129944
14704	0.49333518743515015
14705	0.49334999918937683
14706	0.49336013197898865
14707	0.49336811900138855
14708	0.4933815002441406
14709	0.49342820048332214
14710	0.4934559166431427
14711	0.49350079894065857
14712	0.49352794885635376
14713	0.4935297966003418
14714	0.49353381991386414
14715	0.49354881048202515
14716	0.4935530722141266
14717	0.4936057925224304
14718	0.4936104416847229
14719	0.49362701177597046
14720	0.4936337471008301
14721	0.49363720417022705
14722	0.4936407804489136
14723	0.4936412274837494
14724	0.4936455190181732
14725	0.4936545491218567
14726	0.4936894476413727
14727	0.4936976134777069
14728	0.4937514662742615
14729	0.4937698245048523
14730	0.4938380718231201
14731	0.4938381612300873
14732	0.4938507378101349
14733	0.4938880205154419
14734	0.49389538168907166
14735	0.4939166009426117
14736	0.49393022060394287
14737	0.49395960569381714
14738	0.49399521946907043
14739	0.4940069317817688
14740	0.4940257966518402
14741	0.49407586455345154
14742	0.49409088492393494
14743	0.4941432774066925
14744	0.4941806495189667
14745	0.4941825568675995
14746	0.4941854178905487
14747	0.49420246481895447
14748	0.4942338466644287
14749	0.49425506591796875
14750	0.49426424503326416
14751	0.4942649006843567
14752	0.49428611993789673
14753	0.4942893981933594
14754	0.49429866671562195
14755	0.4943586587905884
14756	0.49436333775520325
14757	0.49439123272895813
14758	0.49444013833999634
14759	0.4944552481174469
14760	0.49446576833724976
14761	0.49448272585868835
14762	0.49448955059051514
14763	0.49450328946113586
14764	0.4946773946285248
14765	0.49468740820884705
14766	0.4947534203529358
14767	0.49475929141044617
14768	0.49476760625839233
14769	0.49477899074554443
14770	0.49478548765182495
14771	0.4948141574859619
14772	0.4948637783527374
14773	0.49490219354629517
14774	0.49493730068206787
14775	0.49494433403015137
14776	0.49495524168014526
14777	0.4949631690979004
14778	0.49497565627098083
14779	0.4949766993522644
14780	0.49501833319664
14781	0.4950341582298279
14782	0.49505212903022766
14783	0.4950637221336365
14784	0.4950685203075409
14785	0.4950975775718689
14786	0.495099812746048
14787	0.4951019287109375
14788	0.4951038062572479
14789	0.4951056241989136
14790	0.4951142370700836
14791	0.4951276481151581
14792	0.49512872099876404
14793	0.49514374136924744
14794	0.49516764283180237
14795	0.4951772689819336
14796	0.49525508284568787
14797	0.4952695071697235
14798	0.4952871799468994
14799	0.49530234932899475
14800	0.4953041970729828
14801	0.4953064024448395
14802	0.4953423738479614
14803	0.4953523278236389
14804	0.4953625202178955
14805	0.4953691363334656
14806	0.49539613723754883
14807	0.49539679288864136
14808	0.4954296350479126
14809	0.49545952677726746
14810	0.49546104669570923
14811	0.495474249124527
14812	0.49547892808914185
14813	0.49551889300346375
14814	0.4955275058746338
14815	0.49553099274635315
14816	0.49553409218788147
14817	0.49554720520973206
14818	0.4955887794494629
14819	0.4956045150756836
14820	0.49561890959739685
14821	0.49563756585121155
14822	0.49567586183547974
14823	0.4956813156604767
14824	0.49569082260131836
14825	0.49569448828697205
14826	0.49569642543792725
14827	0.4956977367401123
14828	0.495709627866745
14829	0.4957537055015564
14830	0.4957655668258667
14831	0.4957834780216217
14832	0.4958202838897705
14833	0.4958277642726898
14834	0.49583321809768677
14835	0.4958372712135315
14836	0.49592503905296326
14837	0.4959474503993988
14838	0.4959745705127716
14839	0.49598726630210876
14840	0.4960162043571472
14841	0.49601882696151733
14842	0.4960330128669739
14843	0.49603381752967834
14844	0.49606987833976746
14845	0.49610427021980286
14846	0.4961155354976654
14847	0.49613672494888306
14848	0.4961511790752411
14849	0.49615907669067383
14850	0.49616414308547974
14851	0.4961893558502197
14852	0.4962012767791748
14853	0.4962024390697479
14854	0.4962044656276703
14855	0.49622440338134766
14856	0.4962732195854187
14857	0.49630802869796753
14858	0.49631622433662415
14859	0.4963224232196808
14860	0.4963226914405823
14861	0.49637091159820557
14862	0.4963834583759308
14863	0.49639183282852173
14864	0.49639663100242615
14865	0.49640461802482605
14866	0.49640634655952454
14867	0.49641498923301697
14868	0.49646881222724915
14869	0.4964738190174103
14870	0.4964812994003296
14871	0.4965057373046875
14872	0.49654895067214966
14873	0.4965530037879944
14874	0.4965563118457794
14875	0.49655723571777344
14876	0.49658098816871643
14877	0.496593177318573
14878	0.49660131335258484
14879	0.49661412835121155
14880	0.49662891030311584
14881	0.4966321885585785
14882	0.4966546893119812
14883	0.4966627359390259
14884	0.4966675639152527
14885	0.49666962027549744
14886	0.496687114238739
14887	0.49669069051742554
14888	0.4967145621776581
14889	0.4967230558395386
14890	0.4967672526836395
14891	0.4967775046825409
14892	0.49679189920425415
14893	0.49682241678237915
14894	0.49682849645614624
14895	0.4968288242816925
14896	0.4968321919441223
14897	0.4969305694103241
14898	0.496939480304718
14899	0.4969440996646881
14900	0.49708741903305054
14901	0.49709370732307434
14902	0.49712470173835754
14903	0.4971378743648529
14904	0.4971460998058319
14905	0.49714720249176025
14906	0.49718326330184937
14907	0.49719420075416565
14908	0.4972250163555145
14909	0.4972507655620575
14910	0.49726343154907227
14911	0.49728018045425415
14912	0.4972996115684509
14913	0.49730709195137024
14914	0.49731406569480896
14915	0.4975045323371887
14916	0.49754804372787476
14917	0.4975518584251404
14918	0.49758797883987427
14919	0.49759170413017273
14920	0.4976329505443573
14921	0.49765053391456604
14922	0.49766451120376587
14923	0.49766841530799866
14924	0.4976712167263031
14925	0.49767938256263733
14926	0.4976978898048401
14927	0.4977231025695801
14928	0.4977375566959381
14929	0.4977596700191498
14930	0.4977623224258423
14931	0.4977627694606781
14932	0.49779194593429565
14933	0.49781325459480286
14934	0.4978374242782593
14935	0.49788910150527954
14936	0.4978923797607422
14937	0.49791276454925537
14938	0.4979434907436371
14939	0.49797680974006653
14940	0.4979778826236725
14941	0.49797892570495605
14942	0.4979836940765381
14943	0.49799981713294983
14944	0.4980011582374573
14945	0.49800220131874084
14946	0.4980233907699585
14947	0.4980263113975525
14948	0.4980549216270447
14949	0.4980616867542267
14950	0.49806350469589233
14951	0.49808138608932495
14952	0.4980943202972412
14953	0.49809518456459045
14954	0.49810919165611267
14955	0.49810996651649475
14956	0.49811142683029175
14957	0.4981144964694977
14958	0.4981561303138733
14959	0.4981584846973419
14960	0.49816590547561646
14961	0.4981748163700104
14962	0.49818155169487
14963	0.4982205629348755
14964	0.498236745595932
14965	0.498252272605896
14966	0.4982553720474243
14967	0.49825894832611084
14968	0.49826130270957947
14969	0.4982907474040985
14970	0.49829384684562683
14971	0.49830642342567444
14972	0.49840599298477173
14973	0.49843260645866394
14974	0.4984400272369385
14975	0.49844399094581604
14976	0.49846354126930237
14977	0.49847233295440674
14978	0.4985533058643341
14979	0.4985657334327698
14980	0.49861055612564087
14981	0.4986198842525482
14982	0.4986425042152405
14983	0.49865204095840454
14984	0.4986523389816284
14985	0.49865958094596863
14986	0.49866724014282227
14987	0.49869364500045776
14988	0.49872130155563354
14989	0.49873384833335876
14990	0.4987391531467438
14991	0.49876371026039124
14992	0.4987809956073761
14993	0.49879059195518494
14994	0.4988453686237335
14995	0.4988665282726288
14996	0.4988829493522644
14997	0.49891823530197144
14998	0.49893486499786377
14999	0.49893811345100403
15000	0.4989420175552368
15001	0.4989464282989502
15002	0.4989471733570099
15003	0.4989517033100128
15004	0.49895864725112915
15005	0.49897313117980957
15006	0.4990358054637909
15007	0.4990411698818207
15008	0.4990454614162445
15009	0.4990506172180176
15010	0.49909910559654236
15011	0.4991059899330139
15012	0.4991613030433655
15013	0.49916547536849976
15014	0.49917033314704895
15015	0.49918386340141296
15016	0.49922987818717957
15017	0.49925103783607483
15018	0.4992784559726715
15019	0.4992850422859192
15020	0.49929797649383545
15021	0.4993050992488861
15022	0.4994233250617981
15023	0.4994242489337921
15024	0.49944543838500977
15025	0.4994469881057739
15026	0.49944818019866943
15027	0.49947014451026917
15028	0.4994906783103943
15029	0.4995097219944
15030	0.49952787160873413
15031	0.49954506754875183
15032	0.49955469369888306
15033	0.4995620548725128
15034	0.4995802938938141
15035	0.49958381056785583
15036	0.49959006905555725
15037	0.4996510148048401
15038	0.4996640384197235
15039	0.4996681213378906
15040	0.49967753887176514
15041	0.49969032406806946
15042	0.49975717067718506
15043	0.49976658821105957
15044	0.4997742772102356
15045	0.4997846186161041
15046	0.4998205900192261
15047	0.4998214840888977
15048	0.49983465671539307
15049	0.4998406171798706
15050	0.4998418390750885
15051	0.49986374378204346
15052	0.49986758828163147
15053	0.49987590312957764
15054	0.49988219141960144
15055	0.4998858571052551
15056	0.49988698959350586
15057	0.49988970160484314
15058	0.49989527463912964
15059	0.49989840388298035
15060	0.49993887543678284
15061	0.4999457001686096
15062	0.4999609589576721
15063	0.49999943375587463
15064	0.5000259876251221
15065	0.5000270009040833
15066	0.5000476837158203
15067	0.5000724792480469
15068	0.500074565410614
15069	0.5000952482223511
15070	0.5001165866851807
15071	0.5001220107078552
15072	0.5001270771026611
15073	0.5001325011253357
15074	0.5001674890518188
15075	0.5001900792121887
15076	0.5001917481422424
15077	0.5001938939094543
15078	0.5001968741416931
15079	0.5002257823944092
15080	0.5002511739730835
15081	0.5002578496932983
15082	0.5004146695137024
15083	0.5004240274429321
15084	0.500442624092102
15085	0.5004787445068359
15086	0.5005012154579163
15087	0.5005609393119812
15088	0.5005724430084229
15089	0.5005822777748108
15090	0.5005832314491272
15091	0.5005841851234436
15092	0.5005900263786316
15093	0.500609278678894
15094	0.5006687045097351
15095	0.5006725192070007
15096	0.5006757974624634
15097	0.5006784796714783
15098	0.5006893277168274
15099	0.5006899833679199
15100	0.5006978511810303
15101	0.5007685422897339
15102	0.5007759928703308
15103	0.5007877349853516
15104	0.5007979869842529
15105	0.500802218914032
15106	0.500813364982605
15107	0.5008171796798706
15108	0.5008202791213989
15109	0.5008211135864258
15110	0.500832200050354
15111	0.5008577108383179
15112	0.5008599162101746
15113	0.5010148286819458
15114	0.5010233521461487
15115	0.5010491609573364
15116	0.5010501742362976
15117	0.5010877251625061
15118	0.5011243224143982
15119	0.5011299252510071
15120	0.5012656450271606
15121	0.5013017654418945
15122	0.5014570355415344
15123	0.5014666318893433
15124	0.5014798641204834
15125	0.5014975070953369
15126	0.5015015602111816
15127	0.5015019178390503
15128	0.5015037655830383
15129	0.5015167593955994
15130	0.5015168786048889
15131	0.5015193223953247
15132	0.5015328526496887
15133	0.5015380382537842
15134	0.5015400648117065
15135	0.5015429258346558
15136	0.5015647411346436
15137	0.5015727281570435
15138	0.5015912652015686
15139	0.5015926957130432
15140	0.5015959143638611
15141	0.5016223192214966
15142	0.5016295313835144
15143	0.5016565918922424
15144	0.5016763806343079
15145	0.501678466796875
15146	0.5016852617263794
15147	0.5016876459121704
15148	0.5017051696777344
15149	0.5017223954200745
15150	0.5017687082290649
15151	0.5018271803855896
15152	0.5018439292907715
15153	0.5018641352653503
15154	0.5019338726997375
15155	0.5019445419311523
15156	0.5019457936286926
15157	0.5019511580467224
15158	0.5019540190696716
15159	0.5019680261611938
15160	0.5019949674606323
15161	0.5019969344139099
15162	0.5020074844360352
15163	0.5020105242729187
15164	0.5020152926445007
15165	0.5020315647125244
15166	0.5020439028739929
15167	0.502110481262207
15168	0.502130925655365
15169	0.5021733045578003
15170	0.5021897554397583
15171	0.5021944046020508
15172	0.5021952986717224
15173	0.5022079944610596
15174	0.5022259950637817
15175	0.5022583603858948
15176	0.5022629499435425
15177	0.5022658705711365
15178	0.5022779107093811
15179	0.5023014545440674
15180	0.5023024678230286
15181	0.5023190379142761
15182	0.5023342967033386
15183	0.5023345351219177
15184	0.5023781657218933
15185	0.5023812055587769
15186	0.5024433732032776
15187	0.5024502277374268
15188	0.5024657249450684
15189	0.5024673342704773
15190	0.5024752616882324
15191	0.5024825930595398
15192	0.5025531649589539
15193	0.5025677680969238
15194	0.5025712847709656
15195	0.5025725960731506
15196	0.5025801062583923
15197	0.5025861263275146
15198	0.5027051568031311
15199	0.5027068257331848
15200	0.5029794573783875
15201	0.5029944777488708
15202	0.5030092000961304
15203	0.5030332207679749
15204	0.5030346512794495
15205	0.5030355453491211
15206	0.5030380487442017
15207	0.503038763999939
15208	0.5030438303947449
15209	0.5031108260154724
15210	0.5031219720840454
15211	0.5031831860542297
15212	0.5031959414482117
15213	0.5032070279121399
15214	0.503222644329071
15215	0.5032477378845215
15216	0.5032510161399841
15217	0.5032563209533691
15218	0.5032632350921631
15219	0.5032649040222168
15220	0.5032805800437927
15221	0.5032855272293091
15222	0.503302276134491
15223	0.5033079981803894
15224	0.5033310651779175
15225	0.5033888816833496
15226	0.5033968687057495
15227	0.5034262537956238
15228	0.5034281611442566
15229	0.5034374594688416
15230	0.5034462213516235
15231	0.5034545063972473
15232	0.503472626209259
15233	0.5034855008125305
15234	0.5034868717193604
15235	0.5035318732261658
15236	0.5035521984100342
15237	0.5035607814788818
15238	0.5035672187805176
15239	0.5035907030105591
15240	0.5036160945892334
15241	0.5036261081695557
15242	0.5036414861679077
15243	0.5036537051200867
15244	0.5036653876304626
15245	0.5036852359771729
15246	0.5036986470222473
15247	0.5037152171134949
15248	0.5037408471107483
15249	0.5037451386451721
15250	0.5037481784820557
15251	0.503752589225769
15252	0.5037875175476074
15253	0.5038451552391052
15254	0.5038508772850037
15255	0.5039031505584717
15256	0.5039362907409668
15257	0.5039798021316528
15258	0.5039949417114258
15259	0.5040464401245117
15260	0.5040526390075684
15261	0.5041026473045349
15262	0.5041520595550537
15263	0.5041555166244507
15264	0.5041574835777283
15265	0.5042141079902649
15266	0.5042442679405212
15267	0.5042455196380615
15268	0.5042608976364136
15269	0.5042639374732971
15270	0.5043052434921265
15271	0.504316508769989
15272	0.5043252110481262
15273	0.504325807094574
15274	0.5043312907218933
15275	0.504331648349762
15276	0.5043344497680664
15277	0.5043416023254395
15278	0.5043535828590393
15279	0.5043728351593018
15280	0.5043851137161255
15281	0.5044130086898804
15282	0.504417896270752
15283	0.5044513940811157
15284	0.5044765472412109
15285	0.5044821500778198
15286	0.5044862031936646
15287	0.5045222043991089
15288	0.5045281052589417
15289	0.5045340061187744
15290	0.5045368075370789
15291	0.5045424699783325
15292	0.5045430660247803
15293	0.504550576210022
15294	0.5045719146728516
15295	0.5045892596244812
15296	0.5045920610427856
15297	0.5045932531356812
15298	0.5046192407608032
15299	0.5046393275260925
15300	0.5046490430831909
15301	0.5046838521957397
15302	0.5047286748886108
15303	0.5047436356544495
15304	0.5047516822814941
15305	0.5047570466995239
15306	0.504767119884491
15307	0.5047980546951294
15308	0.5047992467880249
15309	0.5048277378082275
15310	0.5048524737358093
15311	0.5048803091049194
15312	0.5048804879188538
15313	0.5048930048942566
15314	0.5049324035644531
15315	0.5049457550048828
15316	0.5050230622291565
15317	0.5050397515296936
15318	0.505043625831604
15319	0.5050635933876038
15320	0.5050763487815857
15321	0.505077064037323
15322	0.5050806999206543
15323	0.5051102638244629
15324	0.505130410194397
15325	0.5051397085189819
15326	0.5051475167274475
15327	0.5051732063293457
15328	0.5051777362823486
15329	0.5051793456077576
15330	0.5051928758621216
15331	0.5052646398544312
15332	0.5052741169929504
15333	0.5053011178970337
15334	0.5053053498268127
15335	0.5053202509880066
15336	0.5053211450576782
15337	0.5053379535675049
15338	0.505344808101654
15339	0.5053481459617615
15340	0.5053510665893555
15341	0.5053740739822388
15342	0.5053773522377014
15343	0.5054256916046143
15344	0.5054311156272888
15345	0.5054420828819275
15346	0.5054494142532349
15347	0.5054706335067749
15348	0.505480170249939
15349	0.5055115222930908
15350	0.5055146217346191
15351	0.5055183172225952
15352	0.5055191516876221
15353	0.5055366158485413
15354	0.5055395364761353
15355	0.5055400133132935
15356	0.5055633783340454
15357	0.5055938363075256
15358	0.5056386590003967
15359	0.5056495666503906
15360	0.5056527256965637
15361	0.5056904554367065
15362	0.5057022571563721
15363	0.5057259202003479
15364	0.5057592391967773
15365	0.5057597756385803
15366	0.5058060884475708
15367	0.5058414340019226
15368	0.5058439373970032
15369	0.505848228931427
15370	0.5058524012565613
15371	0.5058614611625671
15372	0.5059439539909363
15373	0.5059491991996765
15374	0.5059782862663269
15375	0.5059909820556641
15376	0.5059987902641296
15377	0.5060094594955444
15378	0.5060098767280579
15379	0.5060130953788757
15380	0.5060163140296936
15381	0.5060219168663025
15382	0.5060221552848816
15383	0.5060325264930725
15384	0.5060420036315918
15385	0.5060489773750305
15386	0.5060541033744812
15387	0.5060706734657288
15388	0.5061187744140625
15389	0.5061503648757935
15390	0.5062099099159241
15391	0.5062148571014404
15392	0.5062195062637329
15393	0.5062422156333923
15394	0.5062437057495117
15395	0.5062443017959595
15396	0.5062609910964966
15397	0.5063098669052124
15398	0.5063486695289612
15399	0.5063540935516357
15400	0.5063580870628357
15401	0.5063642859458923
15402	0.5063753724098206
15403	0.5064371228218079
15404	0.506442129611969
15405	0.5064483880996704
15406	0.5064537525177002
15407	0.5064727067947388
15408	0.5064758062362671
15409	0.5064839124679565
15410	0.506489098072052
15411	0.5065115094184875
15412	0.5065506100654602
15413	0.5066235661506653
15414	0.5066283345222473
15415	0.5066423416137695
15416	0.5066493153572083
15417	0.5066658854484558
15418	0.5067382454872131
15419	0.5067688822746277
15420	0.5067854523658752
15421	0.5068007707595825
15422	0.5068041086196899
15423	0.5068064332008362
15424	0.5068122744560242
15425	0.5068758130073547
15426	0.5068840384483337
15427	0.5069043040275574
15428	0.506908118724823
15429	0.5069442391395569
15430	0.5069655179977417
15431	0.5069741606712341
15432	0.5069770812988281
15433	0.5069953203201294
15434	0.5070375204086304
15435	0.5070466995239258
15436	0.5070566534996033
15437	0.5070567727088928
15438	0.5070687532424927
15439	0.5071278810501099
15440	0.5071446895599365
15441	0.5071688890457153
15442	0.5071848034858704
15443	0.5072183609008789
15444	0.5072224736213684
15445	0.5072412490844727
15446	0.5072687864303589
15447	0.507274866104126
15448	0.5074537396430969
15449	0.5074737071990967
15450	0.5074758529663086
15451	0.5074813365936279
15452	0.5074822306632996
15453	0.5075179934501648
15454	0.507519543170929
15455	0.507537841796875
15456	0.5076322555541992
15457	0.5076473355293274
15458	0.50765460729599
15459	0.5076571106910706
15460	0.507671058177948
15461	0.5077283978462219
15462	0.5077321529388428
15463	0.5077488422393799
15464	0.5077555775642395
15465	0.5077616572380066
15466	0.5077648758888245
15467	0.5077790021896362
15468	0.507806658744812
15469	0.5078228116035461
15470	0.5078259110450745
15471	0.5078572034835815
15472	0.5079032182693481
15473	0.5079307556152344
15474	0.5079441070556641
15475	0.5079476237297058
15476	0.507958710193634
15477	0.5079591870307922
15478	0.5079665780067444
15479	0.507968008518219
15480	0.5080227255821228
15481	0.5080392360687256
15482	0.5080795884132385
15483	0.508141279220581
15484	0.5081420540809631
15485	0.50816810131073
15486	0.5081745982170105
15487	0.5081826448440552
15488	0.5082110166549683
15489	0.5082422494888306
15490	0.5082637667655945
15491	0.5082761645317078
15492	0.5082912445068359
15493	0.508293092250824
15494	0.508316159248352
15495	0.5083273649215698
15496	0.5083307027816772
15497	0.5083432793617249
15498	0.5083470940589905
15499	0.5083537101745605
15500	0.5083655714988708
15501	0.5083836913108826
15502	0.5084183216094971
15503	0.5084304213523865
15504	0.5084776282310486
15505	0.5084813237190247
15506	0.5084831118583679
15507	0.5084888935089111
15508	0.5084923505783081
15509	0.5085233449935913
15510	0.5085275769233704
15511	0.508536696434021
15512	0.5085472464561462
15513	0.5085674524307251
15514	0.5085744857788086
15515	0.5085785388946533
15516	0.5085785984992981
15517	0.5085811018943787
15518	0.5085832476615906
15519	0.5085869431495667
15520	0.508592963218689
15521	0.5086376070976257
15522	0.5086485743522644
15523	0.5086491107940674
15524	0.5086574554443359
15525	0.5086577534675598
15526	0.5086597204208374
15527	0.5086683034896851
15528	0.5086877346038818
15529	0.5086915493011475
15530	0.5086998343467712
15531	0.508704423904419
15532	0.5087103843688965
15533	0.5087108612060547
15534	0.5087135434150696
15535	0.5087178945541382
15536	0.5087645649909973
15537	0.5087668299674988
15538	0.5087931156158447
15539	0.5087997317314148
15540	0.5088220238685608
15541	0.5088270902633667
15542	0.5088722109794617
15543	0.5088738799095154
15544	0.5089162588119507
15545	0.5089331269264221
15546	0.508939266204834
15547	0.5089496374130249
15548	0.5090256929397583
15549	0.5090286731719971
15550	0.5090513229370117
15551	0.5090745687484741
15552	0.5090755820274353
15553	0.509166955947876
15554	0.5091751217842102
15555	0.5091801881790161
15556	0.5094417929649353
15557	0.5094708800315857
15558	0.5094980597496033
15559	0.5094988346099854
15560	0.5095323324203491
15561	0.5095354914665222
15562	0.5095356702804565
15563	0.5095500349998474
15564	0.5095816254615784
15565	0.5096020698547363
15566	0.5096170902252197
15567	0.5096297860145569
15568	0.5096461176872253
15569	0.5096462368965149
15570	0.509652316570282
15571	0.5096710920333862
15572	0.5096714496612549
15573	0.5096977353096008
15574	0.5096998810768127
15575	0.5097283124923706
15576	0.5097350478172302
15577	0.5097731947898865
15578	0.5098438262939453
15579	0.5098486542701721
15580	0.5098720192909241
15581	0.509887158870697
15582	0.5099034309387207
15583	0.5099117159843445
15584	0.5099167823791504
15585	0.5099320411682129
15586	0.5099449753761292
15587	0.5099571347236633
15588	0.5099596977233887
15589	0.50999516248703
15590	0.5100005269050598
15591	0.5100114345550537
15592	0.5100241899490356
15593	0.5100302696228027
15594	0.5100376605987549
15595	0.5100416541099548
15596	0.5100601315498352
15597	0.5100829005241394
15598	0.5100856423377991
15599	0.5101252198219299
15600	0.5101419687271118
15601	0.5101513266563416
15602	0.510170578956604
15603	0.5101760625839233
15604	0.5101852416992188
15605	0.5102047324180603
15606	0.5102091431617737
15607	0.5102114677429199
15608	0.5102184414863586
15609	0.5102241635322571
15610	0.5102645754814148
15611	0.5102754831314087
15612	0.5102760791778564
15613	0.5103759169578552
15614	0.5103945136070251
15615	0.5104163289070129
15616	0.5104221105575562
15617	0.510425865650177
15618	0.5104274153709412
15619	0.5104302763938904
15620	0.5104559659957886
15621	0.5104624629020691
15622	0.5105406641960144
15623	0.5106876492500305
15624	0.5109583735466003
15625	0.5109697580337524
15626	0.5110182762145996
15627	0.5110313296318054
15628	0.5110434293746948
15629	0.5110438466072083
15630	0.5110533833503723
15631	0.5110752582550049
15632	0.5110819935798645
15633	0.5111035704612732
15634	0.5111126899719238
15635	0.5111217498779297
15636	0.5111407041549683
15637	0.5111433267593384
15638	0.5111841559410095
15639	0.5112072825431824
15640	0.5112302899360657
15641	0.5112324953079224
15642	0.5112382173538208
15643	0.5112457275390625
15644	0.5112509727478027
15645	0.5112529993057251
15646	0.5112545490264893
15647	0.5112703442573547
15648	0.5112753510475159
15649	0.5112767219543457
15650	0.5112945437431335
15651	0.5113792419433594
15652	0.5113817453384399
15653	0.511395275592804
15654	0.511399507522583
15655	0.5114070773124695
15656	0.5114238858222961
15657	0.5114241242408752
15658	0.5114255547523499
15659	0.5114317536354065
15660	0.5114490985870361
15661	0.5114527344703674
15662	0.5114549398422241
15663	0.5114608407020569
15664	0.5114637613296509
15665	0.511469304561615
15666	0.5114789009094238
15667	0.5114817023277283
15668	0.5114989876747131
15669	0.5115110278129578
15670	0.5115172266960144
15671	0.511517345905304
15672	0.5115229487419128
15673	0.5115236043930054
15674	0.5115377902984619
15675	0.5116329789161682
15676	0.5116353631019592
15677	0.5116795301437378
15678	0.5117087960243225
15679	0.5117812752723694
15680	0.511793315410614
15681	0.5118440389633179
15682	0.5118451714515686
15683	0.5118504166603088
15684	0.511867880821228
15685	0.5118774771690369
15686	0.5118796825408936
15687	0.5119071006774902
15688	0.5119128227233887
15689	0.5120149254798889
15690	0.5120165348052979
15691	0.512018620967865
15692	0.5120213031768799
15693	0.5120274424552917
15694	0.5120392441749573
15695	0.5120919346809387
15696	0.5120956301689148
15697	0.512125551700592
15698	0.5121281743049622
15699	0.5121311545372009
15700	0.5121961236000061
15701	0.5122094750404358
15702	0.5122185349464417
15703	0.5122271776199341
15704	0.5122437477111816
15705	0.512257993221283
15706	0.512267529964447
15707	0.5122857689857483
15708	0.5122981071472168
15709	0.5123248100280762
15710	0.5123315453529358
15711	0.512360155582428
15712	0.5124044418334961
15713	0.5124475955963135
15714	0.512454628944397
15715	0.5125048160552979
15716	0.512528121471405
15717	0.5125327706336975
15718	0.5125725865364075
15719	0.5125927329063416
15720	0.5125952363014221
15721	0.5126155018806458
15722	0.5126217603683472
15723	0.5126454830169678
15724	0.5126560926437378
15725	0.5126699209213257
15726	0.5126727819442749
15727	0.5127202868461609
15728	0.5128144025802612
15729	0.512819230556488
15730	0.5128200650215149
15731	0.5128249526023865
15732	0.51285320520401
15733	0.5129107236862183
15734	0.5129115581512451
15735	0.5129148364067078
15736	0.5129167437553406
15737	0.5129207968711853
15738	0.5129424333572388
15739	0.5129575133323669
15740	0.5129606127738953
15741	0.5129756331443787
15742	0.5129799246788025
15743	0.512999415397644
15744	0.5130302906036377
15745	0.5131428241729736
15746	0.5131534934043884
15747	0.5131561160087585
15748	0.5131595134735107
15749	0.5131739974021912
15750	0.5131879448890686
15751	0.5132903456687927
15752	0.5133053660392761
15753	0.5133169889450073
15754	0.5133200883865356
15755	0.5133418440818787
15756	0.5133569836616516
15757	0.5133572816848755
15758	0.5133695602416992
15759	0.5134304165840149
15760	0.5134326219558716
15761	0.5134344100952148
15762	0.5134389400482178
15763	0.5134633779525757
15764	0.5134651064872742
15765	0.5134688019752502
15766	0.5135149955749512
15767	0.5135214328765869
15768	0.5135447382926941
15769	0.5135650038719177
15770	0.5135824680328369
15771	0.5135855078697205
15772	0.5135917663574219
15773	0.5135958194732666
15774	0.5136189460754395
15775	0.5136275887489319
15776	0.5136361718177795
15777	0.5136533379554749
15778	0.5136674642562866
15779	0.5136690139770508
15780	0.5136763453483582
15781	0.5136776566505432
15782	0.5136924386024475
15783	0.5136944651603699
15784	0.5136974453926086
15785	0.5137109756469727
15786	0.5137825608253479
15787	0.5137880444526672
15788	0.5138444900512695
15789	0.513850212097168
15790	0.513853907585144
15791	0.5138713717460632
15792	0.5138837695121765
15793	0.5139018893241882
15794	0.5139093995094299
15795	0.5139148235321045
15796	0.5139344930648804
15797	0.5139414668083191
15798	0.514047384262085
15799	0.5140584111213684
15800	0.5140712261199951
15801	0.5140771269798279
15802	0.5140935182571411
15803	0.514098584651947
15804	0.5141003727912903
15805	0.5141531825065613
15806	0.5142298936843872
15807	0.5142461061477661
15808	0.5142812728881836
15809	0.5142890810966492
15810	0.5142993330955505
15811	0.5143030285835266
15812	0.5143049359321594
15813	0.5143187642097473
15814	0.5143272280693054
15815	0.514335036277771
15816	0.5143365263938904
15817	0.5143409371376038
15818	0.5143753290176392
15819	0.51437908411026
15820	0.5143815875053406
15821	0.5143857598304749
15822	0.5143865942955017
15823	0.5144275426864624
15824	0.5144364833831787
15825	0.5144371390342712
15826	0.5144376158714294
15827	0.5144560933113098
15828	0.5144858956336975
15829	0.5144919157028198
15830	0.514523983001709
15831	0.5145285725593567
15832	0.5145308375358582
15833	0.5145394802093506
15834	0.5145544409751892
15835	0.5145961046218872
15836	0.5146484971046448
15837	0.5146534442901611
15838	0.5147265791893005
15839	0.5147271752357483
15840	0.5147714018821716
15841	0.5147976875305176
15842	0.5148115754127502
15843	0.5148236155509949
15844	0.5148270130157471
15845	0.514850914478302
15846	0.5148563385009766
15847	0.5148620009422302
15848	0.5148977637290955
15849	0.5149110555648804
15850	0.5149272680282593
15851	0.5149499177932739
15852	0.5149993896484375
15853	0.5150147676467896
15854	0.5150334239006042
15855	0.5150339007377625
15856	0.5150735378265381
15857	0.5150993466377258
15858	0.5151019096374512
15859	0.5151159763336182
15860	0.515117883682251
15861	0.5151387453079224
15862	0.5151423215866089
15863	0.5151435136795044
15864	0.5151589512825012
15865	0.5151606798171997
15866	0.5151863694190979
15867	0.5152620077133179
15868	0.5152657628059387
15869	0.5152657628059387
15870	0.5152744650840759
15871	0.5152794718742371
15872	0.5152806043624878
15873	0.5152893662452698
15874	0.5152953267097473
15875	0.5153181552886963
15876	0.5153322219848633
15877	0.5153593420982361
15878	0.5153672695159912
15879	0.5154464244842529
15880	0.5154474377632141
15881	0.5154491066932678
15882	0.5154517889022827
15883	0.5154551863670349
15884	0.5154659152030945
15885	0.5154703259468079
15886	0.5154755115509033
15887	0.5154895782470703
15888	0.5154922008514404
15889	0.515501856803894
15890	0.515529453754425
15891	0.5155349373817444
15892	0.5155365467071533
15893	0.5155678391456604
15894	0.5155683159828186
15895	0.5155757069587708
15896	0.5155935287475586
15897	0.5155952572822571
15898	0.515615701675415
15899	0.5156171917915344
15900	0.5156257748603821
15901	0.5156452655792236
15902	0.515690803527832
15903	0.5157082676887512
15904	0.5157315135002136
15905	0.5157356262207031
15906	0.515751838684082
15907	0.5157566070556641
15908	0.5157760381698608
15909	0.5158026814460754
15910	0.5158054828643799
15911	0.5158155560493469
15912	0.5158244371414185
15913	0.5158753991127014
15914	0.515899121761322
15915	0.51590496301651
15916	0.5159121155738831
15917	0.5159136056900024
15918	0.5159682631492615
15919	0.5159703493118286
15920	0.5159727931022644
15921	0.5160011053085327
15922	0.5160083770751953
15923	0.5160110592842102
15924	0.5160156488418579
15925	0.5160605907440186
15926	0.5160720348358154
15927	0.5160765647888184
15928	0.5160791873931885
15929	0.5160802006721497
15930	0.5161401629447937
15931	0.5161409378051758
15932	0.5162292718887329
15933	0.5162521600723267
15934	0.5163078904151917
15935	0.5163086652755737
15936	0.516327977180481
15937	0.5163301825523376
15938	0.516334593296051
15939	0.5163642764091492
15940	0.516367495059967
15941	0.5164207220077515
15942	0.516421914100647
15943	0.5164298415184021
15944	0.5164686441421509
15945	0.5164852738380432
15946	0.5165600180625916
15947	0.5165738463401794
15948	0.5165902972221375
15949	0.5166011452674866
15950	0.5166144967079163
15951	0.5166251063346863
15952	0.5166482925415039
15953	0.5166586637496948
15954	0.5166700482368469
15955	0.5166715979576111
15956	0.5167039632797241
15957	0.5167239904403687
15958	0.5167248845100403
15959	0.5167354941368103
15960	0.5167731046676636
15961	0.5167962908744812
15962	0.5168076753616333
15963	0.5168328881263733
15964	0.5168430805206299
15965	0.516863226890564
15966	0.5168666839599609
15967	0.5168696641921997
15968	0.516894519329071
15969	0.5169150829315186
15970	0.5169206261634827
15971	0.5169242024421692
15972	0.5169579386711121
15973	0.5169613361358643
15974	0.5169650316238403
15975	0.5169679522514343
15976	0.5169844031333923
15977	0.5170040726661682
15978	0.5170044898986816
15979	0.5170055031776428
15980	0.5170096755027771
15981	0.5170156955718994
15982	0.5170184969902039
15983	0.5170350670814514
15984	0.517048716545105
15985	0.5170817375183105
15986	0.5170823931694031
15987	0.5170977115631104
15988	0.5171234011650085
15989	0.5171340107917786
15990	0.5171369314193726
15991	0.51714026927948
15992	0.5171607732772827
15993	0.5171945691108704
15994	0.5171963572502136
15995	0.5171992778778076
15996	0.5172191262245178
15997	0.517230212688446
15998	0.5172491073608398
15999	0.517251193523407
16000	0.5172753930091858
16001	0.5172809362411499
16002	0.5173159241676331
16003	0.5173200964927673
16004	0.5173262357711792
16005	0.5173285007476807
16006	0.5173370242118835
16007	0.5173404216766357
16008	0.5173453688621521
16009	0.517365038394928
16010	0.5173682570457458
16011	0.5174004435539246
16012	0.5174115300178528
16013	0.5174366235733032
16014	0.517444908618927
16015	0.5174575448036194
16016	0.5174700617790222
16017	0.5174760222434998
16018	0.5174762010574341
16019	0.5174866914749146
16020	0.51751708984375
16021	0.517557680606842
16022	0.5175580978393555
16023	0.5175720453262329
16024	0.5175821781158447
16025	0.5175939798355103
16026	0.5176025629043579
16027	0.5176057815551758
16028	0.5176206231117249
16029	0.5176620483398438
16030	0.5176641941070557
16031	0.5176680088043213
16032	0.517677903175354
16033	0.5176792144775391
16034	0.517682671546936
16035	0.5176947116851807
16036	0.517708420753479
16037	0.5177165865898132
16038	0.5177205204963684
16039	0.5177238583564758
16040	0.5177335739135742
16041	0.5177549719810486
16042	0.5177666544914246
16043	0.5177742838859558
16044	0.517815351486206
16045	0.5178872346878052
16046	0.5178877711296082
16047	0.5179100036621094
16048	0.5179138779640198
16049	0.5179261565208435
16050	0.5179407000541687
16051	0.5179640650749207
16052	0.5179898142814636
16053	0.5180056095123291
16054	0.5180204510688782
16055	0.5180329084396362
16056	0.5180554986000061
16057	0.5180582404136658
16058	0.518060564994812
16059	0.5180644392967224
16060	0.5180701017379761
16061	0.5180719494819641
16062	0.5180727243423462
16063	0.5180742740631104
16064	0.5180755257606506
16065	0.5180791020393372
16066	0.5180823802947998
16067	0.518125057220459
16068	0.5181443691253662
16069	0.518151581287384
16070	0.5181592106819153
16071	0.5181636214256287
16072	0.5182114839553833
16073	0.5182247161865234
16074	0.5182264447212219
16075	0.5182332396507263
16076	0.5182687044143677
16077	0.5182717442512512
16078	0.5182730555534363
16079	0.5182794332504272
16080	0.51828932762146
16081	0.5182905793190002
16082	0.5183054208755493
16083	0.5183064341545105
16084	0.5183088183403015
16085	0.5183190107345581
16086	0.5185798406600952
16087	0.5185831189155579
16088	0.5185897350311279
16089	0.5185905694961548
16090	0.5185964703559875
16091	0.5186008810997009
16092	0.5186471939086914
16093	0.5186572670936584
16094	0.5186646580696106
16095	0.5186983346939087
16096	0.5187038779258728
16097	0.5187190771102905
16098	0.5187254548072815
16099	0.5187383890151978
16100	0.5187525749206543
16101	0.5187571048736572
16102	0.5188051462173462
16103	0.5188102126121521
16104	0.5188332200050354
16105	0.5188342332839966
16106	0.518844723701477
16107	0.5188509225845337
16108	0.5188726186752319
16109	0.5188756585121155
16110	0.5189048647880554
16111	0.5189095139503479
16112	0.5189675092697144
16113	0.5189773440361023
16114	0.5189822912216187
16115	0.5189904570579529
16116	0.5189933180809021
16117	0.5190085172653198
16118	0.5190128684043884
16119	0.519015371799469
16120	0.5190231800079346
16121	0.5190790891647339
16122	0.5190865397453308
16123	0.5191761255264282
16124	0.5191835165023804
16125	0.5191854238510132
16126	0.519202470779419
16127	0.5192059874534607
16128	0.5192187428474426
16129	0.5192347764968872
16130	0.5192379355430603
16131	0.5192556977272034
16132	0.5192672610282898
16133	0.5193143486976624
16134	0.5193153023719788
16135	0.5193173289299011
16136	0.5193224549293518
16137	0.5193432569503784
16138	0.51935875415802
16139	0.519362211227417
16140	0.5193755626678467
16141	0.5194045901298523
16142	0.5194202661514282
16143	0.5194228291511536
16144	0.51942378282547
16145	0.5194346904754639
16146	0.5194352865219116
16147	0.5194430351257324
16148	0.5194628834724426
16149	0.5194672346115112
16150	0.5194681286811829
16151	0.5194704532623291
16152	0.5194947123527527
16153	0.5195029973983765
16154	0.5195198655128479
16155	0.5195525288581848
16156	0.5195690393447876
16157	0.5196009278297424
16158	0.5196118950843811
16159	0.5196154117584229
16160	0.519620954990387
16161	0.5196494460105896
16162	0.5196576118469238
16163	0.519698441028595
16164	0.5197086334228516
16165	0.5197170972824097
16166	0.519734263420105
16167	0.5197578072547913
16168	0.5197595357894897
16169	0.5197604894638062
16170	0.5197765231132507
16171	0.5198185443878174
16172	0.5198224186897278
16173	0.5198262929916382
16174	0.5198338627815247
16175	0.5198423862457275
16176	0.5198537707328796
16177	0.5198665857315063
16178	0.5199140906333923
16179	0.5199196934700012
16180	0.5199515223503113
16181	0.5199537873268127
16182	0.5199645161628723
16183	0.5199654698371887
16184	0.5199770927429199
16185	0.5200213193893433
16186	0.520038902759552
16187	0.5200581550598145
16188	0.5200712084770203
16189	0.520093560218811
16190	0.5201013088226318
16191	0.5201330184936523
16192	0.5201362371444702
16193	0.5201480984687805
16194	0.5201789736747742
16195	0.520221471786499
16196	0.520226001739502
16197	0.5202383995056152
16198	0.5202585458755493
16199	0.5202605128288269
16200	0.5203741788864136
16201	0.5204072594642639
16202	0.5204107165336609
16203	0.5204336643218994
16204	0.5204355120658875
16205	0.5204553604125977
16206	0.5204633474349976
16207	0.5204694867134094
16208	0.5205066204071045
16209	0.5205110907554626
16210	0.5205168724060059
16211	0.5206748843193054
16212	0.5206865668296814
16213	0.5206954479217529
16214	0.5207058191299438
16215	0.5207239985466003
16216	0.5207403898239136
16217	0.5207509994506836
16218	0.5207564234733582
16219	0.5208044052124023
16220	0.5208102464675903
16221	0.5208114385604858
16222	0.5208355784416199
16223	0.5209402441978455
16224	0.5209474563598633
16225	0.5209476947784424
16226	0.5209556221961975
16227	0.5209890604019165
16228	0.5210266709327698
16229	0.521028995513916
16230	0.5210304260253906
16231	0.5210356712341309
16232	0.5210558176040649
16233	0.5210780501365662
16234	0.5210961699485779
16235	0.5211428999900818
16236	0.5211448669433594
16237	0.5211523771286011
16238	0.5211536884307861
16239	0.5211777687072754
16240	0.5212013125419617
16241	0.5212195515632629
16242	0.5212361812591553
16243	0.521256685256958
16244	0.5212717652320862
16245	0.5212724208831787
16246	0.5212759971618652
16247	0.5212787985801697
16248	0.5212908983230591
16249	0.5213178992271423
16250	0.5213200449943542
16251	0.5213341116905212
16252	0.5213569402694702
16253	0.5213696956634521
16254	0.5214349627494812
16255	0.5214636921882629
16256	0.5214729905128479
16257	0.5214871168136597
16258	0.5214899182319641
16259	0.5214917063713074
16260	0.5215110182762146
16261	0.5215269923210144
16262	0.5215284824371338
16263	0.5215336084365845
16264	0.5215427875518799
16265	0.5215486288070679
16266	0.5215582847595215
16267	0.521581768989563
16268	0.521583080291748
16269	0.5216169357299805
16270	0.5216346383094788
16271	0.5216420292854309
16272	0.5216441750526428
16273	0.5216962695121765
16274	0.5217025876045227
16275	0.5217137932777405
16276	0.5217195749282837
16277	0.5217829346656799
16278	0.5217884182929993
16279	0.5218007564544678
16280	0.5218103528022766
16281	0.5218178033828735
16282	0.5218456387519836
16283	0.5218469500541687
16284	0.5218508243560791
16285	0.5218682885169983
16286	0.5218824744224548
16287	0.5218897461891174
16288	0.5219342112541199
16289	0.5219466686248779
16290	0.5219489932060242
16291	0.5219565629959106
16292	0.5219959616661072
16293	0.5220043063163757
16294	0.5220133662223816
16295	0.5220150351524353
16296	0.5220286250114441
16297	0.5220327973365784
16298	0.5220431089401245
16299	0.5220758318901062
16300	0.5220785140991211
16301	0.522083580493927
16302	0.5220871567726135
16303	0.5220887064933777
16304	0.5220932364463806
16305	0.5221049189567566
16306	0.5221124887466431
16307	0.5221223831176758
16308	0.5221430659294128
16309	0.5221805572509766
16310	0.5221954584121704
16311	0.5221983194351196
16312	0.5221983790397644
16313	0.5222004652023315
16314	0.5222040414810181
16315	0.5222393274307251
16316	0.5222475528717041
16317	0.5222636461257935
16318	0.5222645998001099
16319	0.5223042964935303
16320	0.5223091840744019
16321	0.5223289728164673
16322	0.5223682522773743
16323	0.5223810076713562
16324	0.5224147439002991
16325	0.5224310159683228
16326	0.5224319696426392
16327	0.5224335193634033
16328	0.5224780440330505
16329	0.5224804282188416
16330	0.5225408673286438
16331	0.5225882530212402
16332	0.5226093530654907
16333	0.5226246118545532
16334	0.5226249694824219
16335	0.522635281085968
16336	0.5226404070854187
16337	0.5226461887359619
16338	0.5226635336875916
16339	0.522689700126648
16340	0.5227009057998657
16341	0.5227100253105164
16342	0.522710919380188
16343	0.5227368474006653
16344	0.5227386951446533
16345	0.5227568745613098
16346	0.5227765440940857
16347	0.5227944254875183
16348	0.5228337049484253
16349	0.5228630900382996
16350	0.5228748917579651
16351	0.522946298122406
16352	0.5229631066322327
16353	0.522966742515564
16354	0.5229709148406982
16355	0.5229714512825012
16356	0.5229752063751221
16357	0.52299565076828
16358	0.5230077505111694
16359	0.5230151414871216
16360	0.5230511426925659
16361	0.5230804085731506
16362	0.523128867149353
16363	0.5231368541717529
16364	0.5231747627258301
16365	0.5232807397842407
16366	0.5232817530632019
16367	0.5233020782470703
16368	0.5233045220375061
16369	0.5233108401298523
16370	0.5233113765716553
16371	0.5233168005943298
16372	0.5233248472213745
16373	0.5233254432678223
16374	0.5233324766159058
16375	0.5233367085456848
16376	0.5233576893806458
16377	0.5233599543571472
16378	0.5233644247055054
16379	0.5233883857727051
16380	0.523411750793457
16381	0.5234270691871643
16382	0.5234282612800598
16383	0.5234474539756775
16384	0.5234485864639282
16385	0.523449718952179
16386	0.5234640836715698
16387	0.5234853029251099
16388	0.523492157459259
16389	0.5234940052032471
16390	0.5234955549240112
16391	0.5235103368759155
16392	0.5235199928283691
16393	0.523537278175354
16394	0.5235449075698853
16395	0.5235636234283447
16396	0.5235771536827087
16397	0.5236888527870178
16398	0.5236979126930237
16399	0.5237017869949341
16400	0.5237412452697754
16401	0.5237674713134766
16402	0.5238456726074219
16403	0.5238741040229797
16404	0.5238758325576782
16405	0.523879885673523
16406	0.5238803625106812
16407	0.5238895416259766
16408	0.5238930583000183
16409	0.5238934755325317
16410	0.5238997936248779
16411	0.5239184498786926
16412	0.523920476436615
16413	0.5240007638931274
16414	0.5240091681480408
16415	0.5240218639373779
16416	0.5240597128868103
16417	0.5240607857704163
16418	0.5240617394447327
16419	0.524124264717102
16420	0.5241314172744751
16421	0.524132490158081
16422	0.5241501331329346
16423	0.5241510272026062
16424	0.5241551995277405
16425	0.5241596102714539
16426	0.5241661667823792
16427	0.5241758823394775
16428	0.5241933465003967
16429	0.5241996049880981
16430	0.5242011547088623
16431	0.5242077708244324
16432	0.5242274403572083
16433	0.5242295265197754
16434	0.5242346525192261
16435	0.5242988467216492
16436	0.5243197679519653
16437	0.5243287086486816
16438	0.5243338942527771
16439	0.5243372321128845
16440	0.5243594646453857
16441	0.524368941783905
16442	0.5243706107139587
16443	0.5245317816734314
16444	0.5245369672775269
16445	0.524543285369873
16446	0.5245767831802368
16447	0.5245850086212158
16448	0.5245879888534546
16449	0.5245935320854187
16450	0.5245986580848694
16451	0.5246000289916992
16452	0.5246821045875549
16453	0.5246832966804504
16454	0.524689793586731
16455	0.5246928930282593
16456	0.5247098803520203
16457	0.5247294306755066
16458	0.524784505367279
16459	0.5247851014137268
16460	0.5248304009437561
16461	0.5248324871063232
16462	0.5248914361000061
16463	0.5249584317207336
16464	0.5249754786491394
16465	0.5250008702278137
16466	0.5250137448310852
16467	0.5250207781791687
16468	0.5250212550163269
16469	0.5250455737113953
16470	0.5250718593597412
16471	0.5250790119171143
16472	0.5250837802886963
16473	0.5250891447067261
16474	0.5250945091247559
16475	0.5251243710517883
16476	0.5252238512039185
16477	0.525225043296814
16478	0.5252768993377686
16479	0.5253035426139832
16480	0.5253108143806458
16481	0.5253239870071411
16482	0.5253341197967529
16483	0.5253398418426514
16484	0.5253468751907349
16485	0.5253549814224243
16486	0.5253596901893616
16487	0.5253784656524658
16488	0.5253791213035583
16489	0.5253824591636658
16490	0.5253915190696716
16491	0.5253927707672119
16492	0.525405764579773
16493	0.5254075527191162
16494	0.5254163146018982
16495	0.5254333019256592
16496	0.5254661440849304
16497	0.5256443023681641
16498	0.5256447196006775
16499	0.5256548523902893
16500	0.5256590247154236
16501	0.5256617069244385
16502	0.5256714224815369
16503	0.5256821513175964
16504	0.5256845355033875
16505	0.525723934173584
16506	0.525732696056366
16507	0.525733232498169
16508	0.5257355570793152
16509	0.5257411003112793
16510	0.5257639288902283
16511	0.5257740020751953
16512	0.5257747769355774
16513	0.5257794857025146
16514	0.5257818102836609
16515	0.5258228778839111
16516	0.5258561968803406
16517	0.5258623361587524
16518	0.5259085893630981
16519	0.5259286165237427
16520	0.5259523391723633
16521	0.5259559154510498
16522	0.5259605050086975
16523	0.5259617567062378
16524	0.5259828567504883
16525	0.5259843468666077
16526	0.5259932279586792
16527	0.5260022878646851
16528	0.5260210633277893
16529	0.5260274410247803
16530	0.526030421257019
16531	0.5260683298110962
16532	0.5260823965072632
16533	0.5260826945304871
16534	0.5261077284812927
16535	0.5261083841323853
16536	0.5261614322662354
16537	0.5262039303779602
16538	0.5262151956558228
16539	0.5262194275856018
16540	0.5262313485145569
16541	0.5262410640716553
16542	0.5262486338615417
16543	0.5262711644172668
16544	0.5262793302536011
16545	0.5262874960899353
16546	0.5262922048568726
16547	0.526296079158783
16548	0.5262966156005859
16549	0.5263102054595947
16550	0.5263273119926453
16551	0.5263321399688721
16552	0.5263372659683228
16553	0.5264161229133606
16554	0.5264414548873901
16555	0.5264430642127991
16556	0.5264647603034973
16557	0.5265584588050842
16558	0.5265931487083435
16559	0.5266119241714478
16560	0.5266237258911133
16561	0.5266270041465759
16562	0.5266393423080444
16563	0.5266443490982056
16564	0.52667236328125
16565	0.5267279148101807
16566	0.5267297625541687
16567	0.5267319679260254
16568	0.5267422199249268
16569	0.5267457962036133
16570	0.5267623066902161
16571	0.5267835855484009
16572	0.5268239378929138
16573	0.5268401503562927
16574	0.5268666744232178
16575	0.5268713235855103
16576	0.5268759727478027
16577	0.5268849730491638
16578	0.5268983244895935
16579	0.5268993973731995
16580	0.5269156694412231
16581	0.5269378423690796
16582	0.5269497036933899
16583	0.5269674062728882
16584	0.5269790887832642
16585	0.5269837379455566
16586	0.527134358882904
16587	0.5271489024162292
16588	0.5271687507629395
16589	0.527191698551178
16590	0.5272123217582703
16591	0.5272244215011597
16592	0.5272545218467712
16593	0.5272861123085022
16594	0.5272865295410156
16595	0.5273049473762512
16596	0.5273147225379944
16597	0.5273436307907104
16598	0.5273489356040955
16599	0.5273654460906982
16600	0.527373194694519
16601	0.5273781418800354
16602	0.5273794531822205
16603	0.5273903012275696
16604	0.527397096157074
16605	0.5274004340171814
16606	0.5274025797843933
16607	0.527404248714447
16608	0.5274083614349365
16609	0.5274106860160828
16610	0.5274149775505066
16611	0.5274177193641663
16612	0.5274302959442139
16613	0.5274345874786377
16614	0.527436375617981
16615	0.527451753616333
16616	0.52747642993927
16617	0.52748042345047
16618	0.5274829864501953
16619	0.5274847149848938
16620	0.527506411075592
16621	0.527520477771759
16622	0.5275359749794006
16623	0.5275428295135498
16624	0.5275537967681885
16625	0.527561604976654
16626	0.5275813937187195
16627	0.5275949835777283
16628	0.5275974273681641
16629	0.5276000499725342
16630	0.5276035070419312
16631	0.5276569724082947
16632	0.5277054309844971
16633	0.5277227163314819
16634	0.5277325510978699
16635	0.5277605056762695
16636	0.5277626514434814
16637	0.527765154838562
16638	0.5277791023254395
16639	0.5277867913246155
16640	0.5278230905532837
16641	0.5278260111808777
16642	0.5278276205062866
16643	0.5278441309928894
16644	0.5278992056846619
16645	0.5279181599617004
16646	0.5279195308685303
16647	0.5279232263565063
16648	0.5279396772384644
16649	0.5279441475868225
16650	0.5279600024223328
16651	0.5279654860496521
16652	0.5279982686042786
16653	0.5280347466468811
16654	0.5280348658561707
16655	0.5280476808547974
16656	0.5281168818473816
16657	0.5281698703765869
16658	0.5281708836555481
16659	0.5281733870506287
16660	0.528234601020813
16661	0.5282456278800964
16662	0.5282630324363708
16663	0.5282715559005737
16664	0.5282821655273438
16665	0.5282857418060303
16666	0.528301477432251
16667	0.5283130407333374
16668	0.5283359289169312
16669	0.52834552526474
16670	0.5283711552619934
16671	0.5283752679824829
16672	0.5283766388893127
16673	0.5285328030586243
16674	0.5285338163375854
16675	0.528593897819519
16676	0.5285974144935608
16677	0.5286058187484741
16678	0.5286123752593994
16679	0.5286130309104919
16680	0.5286387801170349
16681	0.5286805629730225
16682	0.5287109017372131
16683	0.5287113785743713
16684	0.5287150144577026
16685	0.5287219285964966
16686	0.5287284255027771
16687	0.5287290215492249
16688	0.5287296175956726
16689	0.5287331938743591
16690	0.528741180896759
16691	0.5287595391273499
16692	0.5288422107696533
16693	0.5288609266281128
16694	0.528863251209259
16695	0.5288870334625244
16696	0.5289052724838257
16697	0.5289093255996704
16698	0.5289309024810791
16699	0.5289379954338074
16700	0.5289547443389893
16701	0.5289713144302368
16702	0.5289900898933411
16703	0.5290308594703674
16704	0.5290321111679077
16705	0.5290488004684448
16706	0.5290510058403015
16707	0.5290907025337219
16708	0.5291293859481812
16709	0.5291414260864258
16710	0.5291879773139954
16711	0.5292314291000366
16712	0.5292317271232605
16713	0.5292381644248962
16714	0.5292683839797974
16715	0.5292695164680481
16716	0.5292826294898987
16717	0.5292850732803345
16718	0.5293370485305786
16719	0.5293373465538025
16720	0.5293467044830322
16721	0.5293620228767395
16722	0.5293655395507812
16723	0.5293859839439392
16724	0.5293934941291809
16725	0.5293951034545898
16726	0.5294155478477478
16727	0.5294173955917358
16728	0.5294409990310669
16729	0.5294443964958191
16730	0.5294556617736816
16731	0.5294687151908875
16732	0.5294743776321411
16733	0.5295850038528442
16734	0.5296005010604858
16735	0.5296033620834351
16736	0.5296044945716858
16737	0.5296069979667664
16738	0.5296128988265991
16739	0.5296193361282349
16740	0.5296205282211304
16741	0.5296316742897034
16742	0.5296330451965332
16743	0.5296347141265869
16744	0.5296719670295715
16745	0.5297091007232666
16746	0.52972012758255
16747	0.5297251343727112
16748	0.5297385454177856
16749	0.5297591090202332
16750	0.5297675132751465
16751	0.5297687649726868
16752	0.5297718048095703
16753	0.5298182368278503
16754	0.5298298597335815
16755	0.5298647880554199
16756	0.5298964977264404
16757	0.5299198031425476
16758	0.529920756816864
16759	0.5299333333969116
16760	0.5299350023269653
16761	0.5299456119537354
16762	0.5299637317657471
16763	0.5299648642539978
16764	0.5299661755561829
16765	0.5299663543701172
16766	0.5299726128578186
16767	0.529977560043335
16768	0.5299797654151917
16769	0.5299843549728394
16770	0.5300073623657227
16771	0.530009388923645
16772	0.530025839805603
16773	0.5300291180610657
16774	0.530058741569519
16775	0.5300601720809937
16776	0.5301083922386169
16777	0.530120849609375
16778	0.5301273465156555
16779	0.5301557183265686
16780	0.5301969647407532
16781	0.5302023887634277
16782	0.5302045345306396
16783	0.5302160382270813
16784	0.5302263498306274
16785	0.5302339792251587
16786	0.530235230922699
16787	0.5302584767341614
16788	0.5302910208702087
16789	0.5302924513816833
16790	0.530296802520752
16791	0.5303007960319519
16792	0.5303033590316772
16793	0.5303219556808472
16794	0.5303242206573486
16795	0.5303350687026978
16796	0.530339241027832
16797	0.530354917049408
16798	0.5303611159324646
16799	0.5303714275360107
16800	0.5304551720619202
16801	0.5304675698280334
16802	0.5304720401763916
16803	0.530475914478302
16804	0.5304948687553406
16805	0.5305008888244629
16806	0.5305076241493225
16807	0.5305129289627075
16808	0.5305343866348267
16809	0.5305460095405579
16810	0.5305483341217041
16811	0.5305560827255249
16812	0.5305652022361755
16813	0.5306101441383362
16814	0.5306179523468018
16815	0.5306276082992554
16816	0.5306439995765686
16817	0.530649721622467
16818	0.5306711792945862
16819	0.5310080647468567
16820	0.5310218334197998
16821	0.5310536623001099
16822	0.5310547947883606
16823	0.531125545501709
16824	0.5311996340751648
16825	0.5312060713768005
16826	0.5312206149101257
16827	0.5312512516975403
16828	0.5312620997428894
16829	0.5312677621841431
16830	0.5312802791595459
16831	0.5313001871109009
16832	0.5313082933425903
16833	0.5313162207603455
16834	0.531319797039032
16835	0.531339168548584
16836	0.5313480496406555
16837	0.5313530564308167
16838	0.5313743948936462
16839	0.5313746333122253
16840	0.531377375125885
16841	0.5313962697982788
16842	0.5314022898674011
16843	0.5314131379127502
16844	0.5314149856567383
16845	0.5314344763755798
16846	0.5314558148384094
16847	0.5314720273017883
16848	0.5314844846725464
16849	0.5315178036689758
16850	0.5315642952919006
16851	0.5315694808959961
16852	0.5315710306167603
16853	0.5315813422203064
16854	0.5315895676612854
16855	0.5316145420074463
16856	0.5316195487976074
16857	0.5316556692123413
16858	0.5316609144210815
16859	0.5316690802574158
16860	0.5316821336746216
16861	0.5317187309265137
16862	0.5317198038101196
16863	0.5317314267158508
16864	0.53173828125
16865	0.5317444801330566
16866	0.5317575931549072
16867	0.5317696928977966
16868	0.5317717790603638
16869	0.5318358540534973
16870	0.5318484306335449
16871	0.531853973865509
16872	0.5318953394889832
16873	0.5318988561630249
16874	0.5319007635116577
16875	0.5319115519523621
16876	0.5319335460662842
16877	0.5319474935531616
16878	0.5319598317146301
16879	0.531960666179657
16880	0.5319656133651733
16881	0.5319905281066895
16882	0.5319962501525879
16883	0.5320352911949158
16884	0.5320447087287903
16885	0.5320571064949036
16886	0.5320634841918945
16887	0.5320737957954407
16888	0.5321023464202881
16889	0.5321084260940552
16890	0.5321321487426758
16891	0.5321341753005981
16892	0.5321453213691711
16893	0.5321515202522278
16894	0.5321623682975769
16895	0.5321943163871765
16896	0.5322175621986389
16897	0.5322476029396057
16898	0.5322535634040833
16899	0.5322762727737427
16900	0.5322937369346619
16901	0.5323039889335632
16902	0.5323446989059448
16903	0.5324159860610962
16904	0.53243488073349
16905	0.5324352383613586
16906	0.5324445962905884
16907	0.5324621796607971
16908	0.532490074634552
16909	0.5324939489364624
16910	0.5325204730033875
16911	0.5325353145599365
16912	0.5325389504432678
16913	0.5325427055358887
16914	0.5325435400009155
16915	0.5325565338134766
16916	0.5325596928596497
16917	0.5325606465339661
16918	0.5325608253479004
16919	0.5325737595558167
16920	0.5326015949249268
16921	0.5326147675514221
16922	0.5326159000396729
16923	0.5326302647590637
16924	0.532646656036377
16925	0.5326522588729858
16926	0.5326792597770691
16927	0.5326855778694153
16928	0.5327587723731995
16929	0.5327645540237427
16930	0.5327659249305725
16931	0.5328000783920288
16932	0.5328381657600403
16933	0.5328443646430969
16934	0.5328481197357178
16935	0.5328537225723267
16936	0.532867968082428
16937	0.532869279384613
16938	0.5328853726387024
16939	0.5328899621963501
16940	0.5328954458236694
16941	0.532898485660553
16942	0.5329007506370544
16943	0.5329161286354065
16944	0.5329169034957886
16945	0.532929539680481
16946	0.5329405665397644
16947	0.5330140590667725
16948	0.5330157279968262
16949	0.533016562461853
16950	0.5330221056938171
16951	0.5330223441123962
16952	0.5330472588539124
16953	0.5330514311790466
16954	0.5330517888069153
16955	0.5330671072006226
16956	0.5330714583396912
16957	0.5330793261528015
16958	0.5330930352210999
16959	0.5331377387046814
16960	0.5331516861915588
16961	0.5331538319587708
16962	0.5331581830978394
16963	0.5331594944000244
16964	0.5332008004188538
16965	0.5332036018371582
16966	0.5332289934158325
16967	0.5332370400428772
16968	0.5332434177398682
16969	0.5332465171813965
16970	0.5332710146903992
16971	0.533281683921814
16972	0.5333381295204163
16973	0.5333414077758789
16974	0.5333577990531921
16975	0.5333719849586487
16976	0.5333890318870544
16977	0.5333911180496216
16978	0.5334022641181946
16979	0.5334035158157349
16980	0.5334432125091553
16981	0.5334615707397461
16982	0.5334726572036743
16983	0.5334756970405579
16984	0.5334782004356384
16985	0.533480703830719
16986	0.533494234085083
16987	0.5334985852241516
16988	0.5335049033164978
16989	0.5335221290588379
16990	0.5335395932197571
16991	0.5335879325866699
16992	0.5336073637008667
16993	0.5336501598358154
16994	0.53365159034729
16995	0.5336753726005554
16996	0.5336889028549194
16997	0.5336889028549194
16998	0.5337198972702026
16999	0.5337223410606384
17000	0.5337256193161011
17001	0.5337288975715637
17002	0.5337334275245667
17003	0.5337352752685547
17004	0.5337538123130798
17005	0.5337807536125183
17006	0.5338091254234314
17007	0.5338229537010193
17008	0.5338571071624756
17009	0.5338699817657471
17010	0.5338793992996216
17011	0.5338905453681946
17012	0.5338919162750244
17013	0.5339652299880981
17014	0.5339658856391907
17015	0.5339716076850891
17016	0.5339915156364441
17017	0.5339933037757874
17018	0.5340191721916199
17019	0.534083366394043
17020	0.5340848565101624
17021	0.5340873003005981
17022	0.5340935587882996
17023	0.5340952277183533
17024	0.5340955853462219
17025	0.5340965390205383
17026	0.5341009497642517
17027	0.5341158509254456
17028	0.5341190099716187
17029	0.5341296195983887
17030	0.5341311693191528
17031	0.5341343879699707
17032	0.5341430306434631
17033	0.5341715812683105
17034	0.5341787934303284
17035	0.534188985824585
17036	0.5342397093772888
17037	0.5342565774917603
17038	0.5342848300933838
17039	0.5342951416969299
17040	0.5342978835105896
17041	0.5343002080917358
17042	0.5343118906021118
17043	0.5343179106712341
17044	0.5343418121337891
17045	0.5343526005744934
17046	0.5343581438064575
17047	0.5343590378761292
17048	0.5343915820121765
17049	0.5345491766929626
17050	0.534553050994873
17051	0.5345547795295715
17052	0.5345588326454163
17053	0.5345791578292847
17054	0.5345830917358398
17055	0.534600019454956
17056	0.5346084833145142
17057	0.5346100330352783
17058	0.5346112251281738
17059	0.5346216559410095
17060	0.5346338152885437
17061	0.5346425771713257
17062	0.5346458554267883
17063	0.5347077250480652
17064	0.5347099900245667
17065	0.5347099900245667
17066	0.5347303748130798
17067	0.5347931385040283
17068	0.5348012447357178
17069	0.5348098278045654
17070	0.5348301529884338
17071	0.5348355174064636
17072	0.5349231958389282
17073	0.5349237322807312
17074	0.5349259972572327
17075	0.5349584817886353
17076	0.5349658131599426
17077	0.5349692106246948
17078	0.5349715352058411
17079	0.5349737405776978
17080	0.5349929332733154
17081	0.5349934697151184
17082	0.534995973110199
17083	0.5350006818771362
17084	0.5350097417831421
17085	0.5350130796432495
17086	0.5350220203399658
17087	0.5350353717803955
17088	0.535037100315094
17089	0.5350484251976013
17090	0.5350732207298279
17091	0.5350776314735413
17092	0.5351139903068542
17093	0.5351158380508423
17094	0.535120964050293
17095	0.5351296067237854
17096	0.5351537466049194
17097	0.5351600050926208
17098	0.5352029204368591
17099	0.5352056622505188
17100	0.5352079272270203
17101	0.5352119207382202
17102	0.5352168679237366
17103	0.5352482795715332
17104	0.5352698564529419
17105	0.5352810025215149
17106	0.5354059338569641
17107	0.5354166626930237
17108	0.5354352593421936
17109	0.5354368686676025
17110	0.5354388952255249
17111	0.5354499220848083
17112	0.535466194152832
17113	0.5354665517807007
17114	0.5354697108268738
17115	0.5354723334312439
17116	0.535474419593811
17117	0.5354925394058228
17118	0.535531759262085
17119	0.5355458855628967
17120	0.5355472564697266
17121	0.5355564951896667
17122	0.5355604290962219
17123	0.5355638861656189
17124	0.5355672836303711
17125	0.5355800986289978
17126	0.5356015563011169
17127	0.5356118679046631
17128	0.5356203317642212
17129	0.5356349349021912
17130	0.5356422066688538
17131	0.5356469750404358
17132	0.5356486439704895
17133	0.535649836063385
17134	0.5356583595275879
17135	0.5356627702713013
17136	0.5356796979904175
17137	0.5356883406639099
17138	0.5358546376228333
17139	0.5358591079711914
17140	0.5358824729919434
17141	0.5358932018280029
17142	0.5359141826629639
17143	0.5359170436859131
17144	0.5359189510345459
17145	0.5359487533569336
17146	0.5359540581703186
17147	0.5359717607498169
17148	0.5359811186790466
17149	0.5359848737716675
17150	0.53598552942276
17151	0.5359890460968018
17152	0.5360161066055298
17153	0.536020040512085
17154	0.5360206961631775
17155	0.5360918045043945
17156	0.5360923409461975
17157	0.5361310839653015
17158	0.5361441373825073
17159	0.5361456871032715
17160	0.536163330078125
17161	0.5361658930778503
17162	0.5361740589141846
17163	0.5361770391464233
17164	0.5361810922622681
17165	0.5361863970756531
17166	0.5362011194229126
17167	0.5362178683280945
17168	0.5362198352813721
17169	0.5362358093261719
17170	0.536239743232727
17171	0.5362598896026611
17172	0.5362609028816223
17173	0.5362843871116638
17174	0.5363077521324158
17175	0.5363121628761292
17176	0.5363284945487976
17177	0.5363345146179199
17178	0.5363414287567139
17179	0.5363848805427551
17180	0.5363885760307312
17181	0.5364068746566772
17182	0.5364106297492981
17183	0.5364189147949219
17184	0.53642737865448
17185	0.5364471673965454
17186	0.5364748239517212
17187	0.5364918112754822
17188	0.5364964604377747
17189	0.5364983677864075
17190	0.5365003943443298
17191	0.5365318059921265
17192	0.5365580916404724
17193	0.5365965366363525
17194	0.5365967154502869
17195	0.53662109375
17196	0.53663170337677
17197	0.5366407036781311
17198	0.5366480350494385
17199	0.5366548299789429
17200	0.5366575717926025
17201	0.5367260575294495
17202	0.5367299318313599
17203	0.5367364287376404
17204	0.5369299054145813
17205	0.5369372963905334
17206	0.5369419455528259
17207	0.5369492173194885
17208	0.5369753241539001
17209	0.5370026230812073
17210	0.5370112061500549
17211	0.5370174050331116
17212	0.5370259284973145
17213	0.5370368361473083
17214	0.5370780825614929
17215	0.5370907187461853
17216	0.5371077656745911
17217	0.5371318459510803
17218	0.5371341109275818
17219	0.5371558666229248
17220	0.5371612310409546
17221	0.5371617078781128
17222	0.5371948480606079
17223	0.5371965765953064
17224	0.5372015237808228
17225	0.5372177362442017
17226	0.5372495651245117
17227	0.5372506976127625
17228	0.5372698307037354
17229	0.5372769236564636
17230	0.5372802019119263
17231	0.5372955203056335
17232	0.5372957587242126
17233	0.5373309254646301
17234	0.5373334288597107
17235	0.5373355746269226
17236	0.5373418927192688
17237	0.5373481512069702
17238	0.5373527407646179
17239	0.5374130010604858
17240	0.5374175310134888
17241	0.5374202132225037
17242	0.5374243855476379
17243	0.5374555587768555
17244	0.5374584794044495
17245	0.537489652633667
17246	0.5375106334686279
17247	0.5375160574913025
17248	0.5375220775604248
17249	0.5375235080718994
17250	0.5375299453735352
17251	0.5375338792800903
17252	0.5375454425811768
17253	0.5375493764877319
17254	0.5375529527664185
17255	0.537556529045105
17256	0.5375722646713257
17257	0.5376009345054626
17258	0.537611722946167
17259	0.5376285314559937
17260	0.5376289486885071
17261	0.5376912951469421
17262	0.5377056002616882
17263	0.5377070307731628
17264	0.5377114415168762
17265	0.5377271771430969
17266	0.5377761721611023
17267	0.537780225276947
17268	0.5377824902534485
17269	0.5379728078842163
17270	0.5379975438117981
17271	0.5380029678344727
17272	0.5380291938781738
17273	0.5380367040634155
17274	0.5380479097366333
17275	0.5380560159683228
17276	0.5380711555480957
17277	0.5381601452827454
17278	0.5381650328636169
17279	0.5381744503974915
17280	0.5382072329521179
17281	0.5382123589515686
17282	0.5382447242736816
17283	0.5382484793663025
17284	0.5382501482963562
17285	0.5382511615753174
17286	0.5382657647132874
17287	0.5382838845252991
17288	0.5383114218711853
17289	0.5383151769638062
17290	0.5383174419403076
17291	0.5383197069168091
17292	0.5383281707763672
17293	0.5383544564247131
17294	0.5383991003036499
17295	0.5384036302566528
17296	0.5384097099304199
17297	0.538467526435852
17298	0.5384875535964966
17299	0.5384979248046875
17300	0.5385532379150391
17301	0.5385691523551941
17302	0.5385773181915283
17303	0.53859943151474
17304	0.538602352142334
17305	0.5386599898338318
17306	0.5386734008789062
17307	0.5386883616447449
17308	0.5386918783187866
17309	0.5387060642242432
17310	0.5387125611305237
17311	0.538715124130249
17312	0.5387312173843384
17313	0.538741409778595
17314	0.538750171661377
17315	0.5387624502182007
17316	0.5387648940086365
17317	0.5387827754020691
17318	0.5387853384017944
17319	0.5388079881668091
17320	0.5388137698173523
17321	0.5388166308403015
17322	0.5388191342353821
17323	0.5388296246528625
17324	0.538841724395752
17325	0.5388609766960144
17326	0.5388759970664978
17327	0.5388785600662231
17328	0.5389992594718933
17329	0.5390004515647888
17330	0.5390751957893372
17331	0.5390790104866028
17332	0.5390895009040833
17333	0.5391151309013367
17334	0.5391402244567871
17335	0.539152204990387
17336	0.5392026901245117
17337	0.5392768979072571
17338	0.5393317341804504
17339	0.5393475890159607
17340	0.5393597483634949
17341	0.539406955242157
17342	0.5394147634506226
17343	0.5394236445426941
17344	0.539430558681488
17345	0.5394307971000671
17346	0.5394448041915894
17347	0.5394579172134399
17348	0.5394926071166992
17349	0.5395010113716125
17350	0.5395157337188721
17351	0.539631187915802
17352	0.5396446585655212
17353	0.5396482348442078
17354	0.5396540760993958
17355	0.5397229790687561
17356	0.5397329330444336
17357	0.5397754907608032
17358	0.5397770404815674
17359	0.539789080619812
17360	0.5398085713386536
17361	0.539831817150116
17362	0.5398406386375427
17363	0.5398520231246948
17364	0.539861261844635
17365	0.5398830771446228
17366	0.5398885607719421
17367	0.5399081707000732
17368	0.5399249792098999
17369	0.5399253368377686
17370	0.5399253368377686
17371	0.5399530529975891
17372	0.5399777293205261
17373	0.5399779677391052
17374	0.5399812459945679
17375	0.540040910243988
17376	0.5400568842887878
17377	0.5400620102882385
17378	0.540062665939331
17379	0.5400639772415161
17380	0.5400875210762024
17381	0.5401183366775513
17382	0.5401528477668762
17383	0.5401817560195923
17384	0.5401913523674011
17385	0.5401924252510071
17386	0.540204644203186
17387	0.5402694344520569
17388	0.5402805209159851
17389	0.5402887463569641
17390	0.5403211712837219
17391	0.5403253436088562
17392	0.5403332710266113
17393	0.5403620600700378
17394	0.5404469966888428
17395	0.5404472947120667
17396	0.5404502153396606
17397	0.5404569506645203
17398	0.5404730439186096
17399	0.5404932498931885
17400	0.5405190587043762
17401	0.5405669808387756
17402	0.540577232837677
17403	0.5406031012535095
17404	0.5406079888343811
17405	0.5406191349029541
17406	0.5406365394592285
17407	0.5406559705734253
17408	0.5406598448753357
17409	0.5406685471534729
17410	0.5406967997550964
17411	0.54071444272995
17412	0.5407190918922424
17413	0.5407468676567078
17414	0.5407485961914062
17415	0.5407697558403015
17416	0.5407738089561462
17417	0.5408291220664978
17418	0.5408538579940796
17419	0.5408575534820557
17420	0.5410122275352478
17421	0.5410177111625671
17422	0.5410546660423279
17423	0.5410820841789246
17424	0.5410903096199036
17425	0.541137158870697
17426	0.541144847869873
17427	0.5411506295204163
17428	0.5411572456359863
17429	0.5411698818206787
17430	0.5411897897720337
17431	0.5412531495094299
17432	0.5412735342979431
17433	0.5412986874580383
17434	0.5413044691085815
17435	0.5413044691085815
17436	0.5413228273391724
17437	0.5413329005241394
17438	0.541337788105011
17439	0.5413525700569153
17440	0.5413679480552673
17441	0.5413686633110046
17442	0.541395366191864
17443	0.5414103269577026
17444	0.5414137244224548
17445	0.5414245128631592
17446	0.541467547416687
17447	0.5414841175079346
17448	0.5414888858795166
17449	0.5414981842041016
17450	0.54156094789505
17451	0.541599690914154
17452	0.541608989238739
17453	0.5416113138198853
17454	0.5416354537010193
17455	0.5416390299797058
17456	0.5416423082351685
17457	0.5416573882102966
17458	0.541665256023407
17459	0.541671097278595
17460	0.541671872138977
17461	0.541675329208374
17462	0.5416869521141052
17463	0.5417420268058777
17464	0.5417773723602295
17465	0.5418007969856262
17466	0.5418202877044678
17467	0.5418545603752136
17468	0.5418670177459717
17469	0.5418768525123596
17470	0.5418943762779236
17471	0.5418978333473206
17472	0.5419009923934937
17473	0.5419030785560608
17474	0.5419064164161682
17475	0.5419174432754517
17476	0.5419406294822693
17477	0.5419500470161438
17478	0.5419518351554871
17479	0.5419988632202148
17480	0.5420029163360596
17481	0.5420123934745789
17482	0.5420153141021729
17483	0.5420154333114624
17484	0.542022705078125
17485	0.5420249104499817
17486	0.5420270562171936
17487	0.5421055555343628
17488	0.5421151518821716
17489	0.5421223640441895
17490	0.5421497821807861
17491	0.5421557426452637
17492	0.5421590805053711
17493	0.5421596169471741
17494	0.5422345995903015
17495	0.5422483682632446
17496	0.5422595143318176
17497	0.5422762036323547
17498	0.5422806739807129
17499	0.5422886610031128
17500	0.5422908663749695
17501	0.5423184633255005
17502	0.5423917174339294
17503	0.542393147945404
17504	0.5424431562423706
17505	0.5424658060073853
17506	0.542466402053833
17507	0.5425008535385132
17508	0.5425763726234436
17509	0.5425939559936523
17510	0.5425966382026672
17511	0.5426305532455444
17512	0.5426694750785828
17513	0.5426697731018066
17514	0.542671799659729
17515	0.5426746606826782
17516	0.5426816344261169
17517	0.5426967740058899
17518	0.5427393317222595
17519	0.5427493453025818
17520	0.5427584648132324
17521	0.5428541302680969
17522	0.542861819267273
17523	0.5428745746612549
17524	0.5428799390792847
17525	0.542881965637207
17526	0.5428951978683472
17527	0.542901873588562
17528	0.5429128408432007
17529	0.5429205894470215
17530	0.5430067181587219
17531	0.5430442690849304
17532	0.5430470108985901
17533	0.5430747270584106
17534	0.5431104302406311
17535	0.5431125164031982
17536	0.5431148409843445
17537	0.5431183576583862
17538	0.5431312322616577
17539	0.5431354641914368
17540	0.5432026386260986
17541	0.5432183146476746
17542	0.5432261824607849
17543	0.5432697534561157
17544	0.5432725548744202
17545	0.5432800054550171
17546	0.5432852506637573
17547	0.5432983040809631
17548	0.5432990193367004
17549	0.5433003902435303
17550	0.5433017015457153
17551	0.5433021783828735
17552	0.5433037877082825
17553	0.5433517694473267
17554	0.5433663725852966
17555	0.5433688759803772
17556	0.5433804392814636
17557	0.5434210300445557
17558	0.5434267520904541
17559	0.5434360504150391
17560	0.5434402823448181
17561	0.5434422492980957
17562	0.5434443950653076
17563	0.5434660315513611
17564	0.5434694290161133
17565	0.5434774160385132
17566	0.5434897541999817
17567	0.5434994697570801
17568	0.5435123443603516
17569	0.5435510277748108
17570	0.5435531139373779
17571	0.5435538291931152
17572	0.543616771697998
17573	0.5436177253723145
17574	0.5436309576034546
17575	0.5436313152313232
17576	0.5436323285102844
17577	0.5436344146728516
17578	0.5436660051345825
17579	0.5437400937080383
17580	0.5437442660331726
17581	0.5437559485435486
17582	0.5438598394393921
17583	0.543863832950592
17584	0.5438666939735413
17585	0.5440190434455872
17586	0.544029176235199
17587	0.5440467596054077
17588	0.5440530180931091
17589	0.5440546870231628
17590	0.544057309627533
17591	0.5440868735313416
17592	0.544090986251831
17593	0.5441113114356995
17594	0.5441201329231262
17595	0.5442091822624207
17596	0.5442137122154236
17597	0.5442280769348145
17598	0.5442454218864441
17599	0.544248104095459
17600	0.5442497134208679
17601	0.5442531704902649
17602	0.5442559719085693
17603	0.5442628264427185
17604	0.5442798137664795
17605	0.5442866683006287
17606	0.5443040132522583
17607	0.5443276762962341
17608	0.544335663318634
17609	0.5443376302719116
17610	0.5443442463874817
17611	0.5443736910820007
17612	0.5444246530532837
17613	0.5444356799125671
17614	0.5444361567497253
17615	0.5444365739822388
17616	0.5444390177726746
17617	0.544457733631134
17618	0.5444672107696533
17619	0.5444844365119934
17620	0.5444899201393127
17621	0.5444903373718262
17622	0.5445017218589783
17623	0.5445035099983215
17624	0.5445070266723633
17625	0.5445078015327454
17626	0.5445088148117065
17627	0.5445348024368286
17628	0.5445384979248047
17629	0.5445396304130554
17630	0.5445805788040161
17631	0.5446410775184631
17632	0.544688880443573
17633	0.5447207689285278
17634	0.5447278618812561
17635	0.5447306632995605
17636	0.5447509288787842
17637	0.5447540879249573
17638	0.5447545647621155
17639	0.5447645783424377
17640	0.5447670221328735
17641	0.544767439365387
17642	0.5447683334350586
17643	0.5447722673416138
17644	0.5447813868522644
17645	0.544804573059082
17646	0.5448150038719177
17647	0.5448415279388428
17648	0.5448508858680725
17649	0.5449382066726685
17650	0.5449541211128235
17651	0.544975221157074
17652	0.54498291015625
17653	0.5450081825256348
17654	0.5450313091278076
17655	0.5450369119644165
17656	0.5450782179832458
17657	0.545096218585968
17658	0.5451076626777649
17659	0.5451101660728455
17660	0.5451135039329529
17661	0.5451224446296692
17662	0.5451257228851318
17663	0.545128583908081
17664	0.545143723487854
17665	0.5451689958572388
17666	0.5451986193656921
17667	0.5452055335044861
17668	0.5452112555503845
17669	0.5452139377593994
17670	0.5452147722244263
17671	0.545276403427124
17672	0.5453046560287476
17673	0.5453099608421326
17674	0.54533851146698
17675	0.5453606247901917
17676	0.5453730225563049
17677	0.5453807711601257
17678	0.5454704761505127
17679	0.5454716682434082
17680	0.5455145835876465
17681	0.5455175042152405
17682	0.5455419421195984
17683	0.5455471873283386
17684	0.5455542802810669
17685	0.5455756783485413
17686	0.5455849170684814
17687	0.5456061363220215
17688	0.5456255674362183
17689	0.5456361174583435
17690	0.545640230178833
17691	0.5456476211547852
17692	0.545670211315155
17693	0.5457045435905457
17694	0.5457068085670471
17695	0.5457101464271545
17696	0.5457251667976379
17697	0.5457563400268555
17698	0.5457587838172913
17699	0.5457752346992493
17700	0.5457767844200134
17701	0.5457801222801208
17702	0.5457988381385803
17703	0.5458403825759888
17704	0.5458553433418274
17705	0.5458628535270691
17706	0.5458678603172302
17707	0.5458754301071167
17708	0.5458764433860779
17709	0.5458917021751404
17710	0.545894980430603
17711	0.5459016561508179
17712	0.5459021925926208
17713	0.5459309816360474
17714	0.5459387898445129
17715	0.545954704284668
17716	0.5459562540054321
17717	0.5459747314453125
17718	0.5459775328636169
17719	0.5459936857223511
17720	0.5460045337677002
17721	0.5460886359214783
17722	0.5461397171020508
17723	0.5461457967758179
17724	0.5461763143539429
17725	0.5461976528167725
17726	0.5462426543235779
17727	0.5462545156478882
17728	0.5462577939033508
17729	0.5462648868560791
17730	0.546272873878479
17731	0.5462756156921387
17732	0.5462770462036133
17733	0.5462903380393982
17734	0.5462939739227295
17735	0.546295166015625
17736	0.5462988615036011
17737	0.5463004112243652
17738	0.5463160872459412
17739	0.5463752150535583
17740	0.5463898777961731
17741	0.5464057326316833
17742	0.5464183688163757
17743	0.5464219450950623
17744	0.5465167760848999
17745	0.5465185642242432
17746	0.5465201735496521
17747	0.5465279221534729
17748	0.5465786457061768
17749	0.5465788245201111
17750	0.5465865731239319
17751	0.546592652797699
17752	0.546608030796051
17753	0.5466318726539612
17754	0.5466337203979492
17755	0.5466700792312622
17756	0.5466911196708679
17757	0.5467168092727661
17758	0.5467290878295898
17759	0.5467425584793091
17760	0.5467761754989624
17761	0.5467795729637146
17762	0.5468463897705078
17763	0.5468668937683105
17764	0.5468913912773132
17765	0.5468946099281311
17766	0.5469191670417786
17767	0.5469276905059814
17768	0.5469605922698975
17769	0.5469964146614075
17770	0.5470083355903625
17771	0.547016978263855
17772	0.5470694899559021
17773	0.5470724701881409
17774	0.5470911860466003
17775	0.5470948219299316
17776	0.5471248030662537
17777	0.5471410155296326
17778	0.547199547290802
17779	0.5472111701965332
17780	0.547218918800354
17781	0.5472659468650818
17782	0.5472708940505981
17783	0.5473117828369141
17784	0.5473412871360779
17785	0.5473469495773315
17786	0.5473759174346924
17787	0.5473771691322327
17788	0.5473806858062744
17789	0.5473875403404236
17790	0.5473971962928772
17791	0.5473974943161011
17792	0.5474058389663696
17793	0.547417402267456
17794	0.5474222898483276
17795	0.5474234223365784
17796	0.5474280118942261
17797	0.5474699139595032
17798	0.5474943518638611
17799	0.5475603342056274
17800	0.5475615859031677
17801	0.5475908517837524
17802	0.5475977659225464
17803	0.5476092100143433
17804	0.5476258993148804
17805	0.5476384162902832
17806	0.5476899147033691
17807	0.547690212726593
17808	0.5476956963539124
17809	0.5477006435394287
17810	0.5477055311203003
17811	0.5477153658866882
17812	0.5477375984191895
17813	0.5477564334869385
17814	0.547871470451355
17815	0.5478762984275818
17816	0.5478772521018982
17817	0.5478821992874146
17818	0.5478864908218384
17819	0.5479114651679993
17820	0.5479188561439514
17821	0.5479466319084167
17822	0.5479469895362854
17823	0.5479493141174316
17824	0.547950029373169
17825	0.547960638999939
17826	0.5479618310928345
17827	0.5479628443717957
17828	0.5479644536972046
17829	0.5479664206504822
17830	0.5479713082313538
17831	0.5479896664619446
17832	0.5479964017868042
17833	0.5479973554611206
17834	0.5480202436447144
17835	0.5480231046676636
17836	0.5480620265007019
17837	0.5480754971504211
17838	0.5480811595916748
17839	0.5480816960334778
17840	0.5480862855911255
17841	0.5480976700782776
17842	0.548099160194397
17843	0.5481221675872803
17844	0.5481399893760681
17845	0.5481510162353516
17846	0.5481553077697754
17847	0.5483152866363525
17848	0.5483279824256897
17849	0.5483409762382507
17850	0.5483483672142029
17851	0.5483642220497131
17852	0.5483720302581787
17853	0.5483911633491516
17854	0.548393726348877
17855	0.548451840877533
17856	0.548466145992279
17857	0.5484787225723267
17858	0.5484816431999207
17859	0.5485194325447083
17860	0.5485438108444214
17861	0.548545777797699
17862	0.5485668182373047
17863	0.5486041307449341
17864	0.5486131310462952
17865	0.5486598610877991
17866	0.5486643314361572
17867	0.5486820936203003
17868	0.5486827492713928
17869	0.5486892461776733
17870	0.5486945509910583
17871	0.5487486720085144
17872	0.5487803816795349
17873	0.5487830638885498
17874	0.5487833619117737
17875	0.5487852096557617
17876	0.5487940311431885
17877	0.5487974882125854
17878	0.5488022565841675
17879	0.5488030314445496
17880	0.5488362312316895
17881	0.5488385558128357
17882	0.5488395690917969
17883	0.5488671660423279
17884	0.5488918423652649
17885	0.5488943457603455
17886	0.548897922039032
17887	0.5489262342453003
17888	0.5489276051521301
17889	0.5489336252212524
17890	0.5489379167556763
17891	0.5489394664764404
17892	0.5489596128463745
17893	0.5490050911903381
17894	0.5490167140960693
17895	0.5490259528160095
17896	0.5490354895591736
17897	0.5490418672561646
17898	0.5490565896034241
17899	0.5490623116493225
17900	0.5490672588348389
17901	0.5490702986717224
17902	0.5490706562995911
17903	0.5490751266479492
17904	0.5490811467170715
17905	0.5490812063217163
17906	0.5491311550140381
17907	0.5491405725479126
17908	0.5491710305213928
17909	0.5491716861724854
17910	0.5491954684257507
17911	0.5492185354232788
17912	0.5492196679115295
17913	0.5492296814918518
17914	0.5492297410964966
17915	0.5492357015609741
17916	0.5492558479309082
17917	0.5492696762084961
17918	0.5492792129516602
17919	0.5492962002754211
17920	0.549296498298645
17921	0.54932701587677
17922	0.5493583083152771
17923	0.54937744140625
17924	0.5493775606155396
17925	0.5493859052658081
17926	0.5493870377540588
17927	0.5494074821472168
17928	0.5494126677513123
17929	0.5494536757469177
17930	0.5495192408561707
17931	0.549523115158081
17932	0.5495797395706177
17933	0.5495840311050415
17934	0.5495917201042175
17935	0.5495971441268921
17936	0.5495975613594055
17937	0.549612283706665
17938	0.5496454834938049
17939	0.5497618913650513
17940	0.5497916340827942
17941	0.5498102903366089
17942	0.5498207211494446
17943	0.5498273968696594
17944	0.5498336553573608
17945	0.5498470067977905
17946	0.5498602390289307
17947	0.549895703792572
17948	0.5498974323272705
17949	0.5499078631401062
17950	0.5499311089515686
17951	0.5499318242073059
17952	0.5499331951141357
17953	0.5499348640441895
17954	0.5499515533447266
17955	0.5499681830406189
17956	0.5499691963195801
17957	0.5499758720397949
17958	0.5499864816665649
17959	0.5500780940055847
17960	0.5500941872596741
17961	0.5500954985618591
17962	0.5501145124435425
17963	0.550135612487793
17964	0.5501559972763062
17965	0.5501601696014404
17966	0.5501779317855835
17967	0.5501914024353027
17968	0.5502146482467651
17969	0.5502178072929382
17970	0.5502211451530457
17971	0.5502315163612366
17972	0.5502342581748962
17973	0.5502679944038391
17974	0.55031818151474
17975	0.5503332614898682
17976	0.5503372550010681
17977	0.5503391027450562
17978	0.550342321395874
17979	0.5503474473953247
17980	0.5503714084625244
17981	0.5503748059272766
17982	0.5503839254379272
17983	0.5503876209259033
17984	0.5504182577133179
17985	0.5504220128059387
17986	0.5504236817359924
17987	0.5504289865493774
17988	0.5504323840141296
17989	0.5504903197288513
17990	0.5504986643791199
17991	0.5505270957946777
17992	0.5505397319793701
17993	0.5505420565605164
17994	0.550562858581543
17995	0.5505973696708679
17996	0.5505996346473694
17997	0.550603449344635
17998	0.5506225824356079
17999	0.5506613254547119
18000	0.5506724715232849
18001	0.5506751537322998
18002	0.5506868362426758
18003	0.5506962537765503
18004	0.5507002472877502
18005	0.5507056713104248
18006	0.550713837146759
18007	0.5507416725158691
18008	0.5507633686065674
18009	0.5507829785346985
18010	0.5507915019989014
18011	0.5507934093475342
18012	0.5507941246032715
18013	0.5508244633674622
18014	0.5508373975753784
18015	0.550846517086029
18016	0.5508520007133484
18017	0.5508615970611572
18018	0.5509443879127502
18019	0.5509592294692993
18020	0.5509747862815857
18021	0.5510149002075195
18022	0.5510187149047852
18023	0.5510314106941223
18024	0.5510435700416565
18025	0.5510514378547668
18026	0.55109041929245
18027	0.5511639714241028
18028	0.5511757135391235
18029	0.5511786341667175
18030	0.5511804819107056
18031	0.5511924624443054
18032	0.5511981248855591
18033	0.5512039661407471
18034	0.5512107014656067
18035	0.5512216687202454
18036	0.5512250065803528
18037	0.5512284636497498
18038	0.5512332916259766
18039	0.5512406229972839
18040	0.5512486696243286
18041	0.5512955188751221
18042	0.5513080358505249
18043	0.5513221025466919
18044	0.551325798034668
18045	0.5513489842414856
18046	0.5513526201248169
18047	0.5513777732849121
18048	0.5513790249824524
18049	0.5513902902603149
18050	0.5513947606086731
18051	0.5513961315155029
18052	0.5513972640037537
18053	0.5514121055603027
18054	0.5514292120933533
18055	0.5514330267906189
18056	0.5514389276504517
18057	0.551446795463562
18058	0.5514521598815918
18059	0.5514575242996216
18060	0.5514600276947021
18061	0.5514686107635498
18062	0.5514928698539734
18063	0.5514944791793823
18064	0.5515097975730896
18065	0.5515236258506775
18066	0.5515368580818176
18067	0.5515393614768982
18068	0.5515631437301636
18069	0.5515782237052917
18070	0.5515958666801453
18071	0.5516076683998108
18072	0.5516150593757629
18073	0.5516248941421509
18074	0.5516310334205627
18075	0.5516360402107239
18076	0.5516429543495178
18077	0.5516517758369446
18078	0.5516549944877625
18079	0.5516878962516785
18080	0.5516924858093262
18081	0.5517047643661499
18082	0.5517098903656006
18083	0.5517116189002991
18084	0.551714301109314
18085	0.5517204403877258
18086	0.5517418384552002
18087	0.5517526268959045
18088	0.5517596006393433
18089	0.5517977476119995
18090	0.5518019795417786
18091	0.5518108010292053
18092	0.5518151521682739
18093	0.5518259406089783
18094	0.5518542528152466
18095	0.5518617033958435
18096	0.5518630743026733
18097	0.5518826246261597
18098	0.5518996715545654
18099	0.5519355535507202
18100	0.5519492030143738
18101	0.5519630312919617
18102	0.5519701242446899
18103	0.552030622959137
18104	0.552035927772522
18105	0.5520396828651428
18106	0.5520589351654053
18107	0.552076518535614
18108	0.5521262288093567
18109	0.5521446466445923
18110	0.5521590113639832
18111	0.5521745681762695
18112	0.5522382855415344
18113	0.5522447228431702
18114	0.552245557308197
18115	0.5522749423980713
18116	0.5522790551185608
18117	0.5522797107696533
18118	0.5522940158843994
18119	0.5522994995117188
18120	0.5523123741149902
18121	0.5523256063461304
18122	0.552325963973999
18123	0.552423894405365
18124	0.5524243712425232
18125	0.5524464249610901
18126	0.552466094493866
18127	0.5524783134460449
18128	0.552482545375824
18129	0.5524861812591553
18130	0.5524925589561462
18131	0.5525044202804565
18132	0.5525062084197998
18133	0.5525280237197876
18134	0.5525667667388916
18135	0.5525704026222229
18136	0.5525839328765869
18137	0.5526496767997742
18138	0.5526503324508667
18139	0.5526710748672485
18140	0.552683413028717
18141	0.5530397891998291
18142	0.5530703663825989
18143	0.5530715584754944
18144	0.5530871152877808
18145	0.5530921220779419
18146	0.5530951023101807
18147	0.5531076788902283
18148	0.5531094670295715
18149	0.5531132817268372
18150	0.5531265735626221
18151	0.5531460046768188
18152	0.5531702041625977
18153	0.5531955361366272
18154	0.5532242059707642
18155	0.553242564201355
18156	0.5532455444335938
18157	0.5532506704330444
18158	0.55327308177948
18159	0.5532751083374023
18160	0.5532785058021545
18161	0.5533749461174011
18162	0.5533807277679443
18163	0.55340975522995
18164	0.5534113645553589
18165	0.5534179210662842
18166	0.5534201264381409
18167	0.5534487366676331
18168	0.5534564852714539
18169	0.5534650087356567
18170	0.5534670948982239
18171	0.5534718036651611
18172	0.5534788966178894
18173	0.5535180568695068
18174	0.5535290837287903
18175	0.553540825843811
18176	0.5535454750061035
18177	0.5535653233528137
18178	0.5535696744918823
18179	0.5535998940467834
18180	0.5536018013954163
18181	0.5536113977432251
18182	0.5536261796951294
18183	0.5536330938339233
18184	0.5536340475082397
18185	0.5536572337150574
18186	0.553659200668335
18187	0.5536618828773499
18188	0.5536743998527527
18189	0.5536772012710571
18190	0.5536775588989258
18191	0.553687572479248
18192	0.5537156462669373
18193	0.5537174940109253
18194	0.5537245869636536
18195	0.5537621974945068
18196	0.5537667870521545
18197	0.553782045841217
18198	0.5537825226783752
18199	0.5537928938865662
18200	0.5538177490234375
18201	0.5538280606269836
18202	0.5538310408592224
18203	0.5538334250450134
18204	0.5538589358329773
18205	0.5538690686225891
18206	0.5538713335990906
18207	0.5539005994796753
18208	0.5539196133613586
18209	0.5539283752441406
18210	0.5539288520812988
18211	0.553933322429657
18212	0.5539355278015137
18213	0.5539622902870178
18214	0.5539737939834595
18215	0.5539807081222534
18216	0.5539900064468384
18217	0.5539963245391846
18218	0.5539990067481995
18219	0.5540050864219666
18220	0.5540177226066589
18221	0.5540226697921753
18222	0.5540362596511841
18223	0.5540555119514465
18224	0.5540562868118286
18225	0.5540977120399475
18226	0.5540997385978699
18227	0.5541024804115295
18228	0.5541267991065979
18229	0.5541437864303589
18230	0.5541781187057495
18231	0.5541896224021912
18232	0.5542013645172119
18233	0.5542328357696533
18234	0.5542445778846741
18235	0.5542476773262024
18236	0.5542519688606262
18237	0.5542635321617126
18238	0.5542744398117065
18239	0.5542764067649841
18240	0.5542873740196228
18241	0.554288387298584
18242	0.5542892217636108
18243	0.5543273687362671
18244	0.5543736815452576
18245	0.5544178485870361
18246	0.5545365810394287
18247	0.5545535087585449
18248	0.5545798540115356
18249	0.5546128749847412
18250	0.5546330809593201
18251	0.5546519756317139
18252	0.5546576976776123
18253	0.5546634197235107
18254	0.5546776652336121
18255	0.5546808838844299
18256	0.5546817779541016
18257	0.5547084212303162
18258	0.5547565221786499
18259	0.5547690987586975
18260	0.5547890067100525
18261	0.554804265499115
18262	0.5548204183578491
18263	0.5548263788223267
18264	0.5548841953277588
18265	0.55488520860672
18266	0.5549078583717346
18267	0.5549091100692749
18268	0.5549190640449524
18269	0.5549546480178833
18270	0.5549668669700623
18271	0.55496746301651
18272	0.5549677014350891
18273	0.5549752116203308
18274	0.5549905300140381
18275	0.5549967885017395
18276	0.5550026297569275
18277	0.5550124645233154
18278	0.5550149083137512
18279	0.5550205707550049
18280	0.5550299286842346
18281	0.555047333240509
18282	0.5550709962844849
18283	0.5550873279571533
18284	0.5550962090492249
18285	0.5551450848579407
18286	0.5551469326019287
18287	0.5551514625549316
18288	0.5551518201828003
18289	0.5551807880401611
18290	0.5551820993423462
18291	0.5552495718002319
18292	0.5552530884742737
18293	0.5552602410316467
18294	0.5552619099617004
18295	0.5552697777748108
18296	0.5552756786346436
18297	0.5552867650985718
18298	0.5553192496299744
18299	0.5553209781646729
18300	0.5553325414657593
18301	0.5553357005119324
18302	0.5554749965667725
18303	0.5554780960083008
18304	0.5554968118667603
18305	0.5555229187011719
18306	0.555525004863739
18307	0.5555430054664612
18308	0.555556058883667
18309	0.5555700063705444
18310	0.5555737614631653
18311	0.5555804967880249
18312	0.5555884838104248
18313	0.555591881275177
18314	0.5555946826934814
18315	0.5555999279022217
18316	0.5556023716926575
18317	0.5556260943412781
18318	0.5556274652481079
18319	0.5556320548057556
18320	0.5556336641311646
18321	0.5556399822235107
18322	0.555641770362854
18323	0.5556667447090149
18324	0.5557551980018616
18325	0.5557756423950195
18326	0.5558083057403564
18327	0.5558284521102905
18328	0.5558315515518188
18329	0.555846631526947
18330	0.5558504462242126
18331	0.5558546781539917
18332	0.5558549165725708
18333	0.5558885335922241
18334	0.5558964014053345
18335	0.5559090971946716
18336	0.5559105277061462
18337	0.5559259653091431
18338	0.5559263825416565
18339	0.5559352040290833
18340	0.5559359192848206
18341	0.5559467673301697
18342	0.5559499859809875
18343	0.5559563040733337
18344	0.5559662580490112
18345	0.5559832453727722
18346	0.5559883713722229
18347	0.5560076236724854
18348	0.5560169219970703
18349	0.556019127368927
18350	0.5560274124145508
18351	0.5560299158096313
18352	0.5560346245765686
18353	0.5560354590415955
18354	0.5560370683670044
18355	0.5560445785522461
18356	0.5560610294342041
18357	0.55607008934021
18358	0.556079626083374
18359	0.5560936331748962
18360	0.5560967326164246
18361	0.5561051368713379
18362	0.5561378002166748
18363	0.5561464428901672
18364	0.5561511516571045
18365	0.5561573505401611
18366	0.5561892986297607
18367	0.5561944246292114
18368	0.5561994314193726
18369	0.5562018156051636
18370	0.5562253594398499
18371	0.5562373995780945
18372	0.5563072562217712
18373	0.5563077330589294
18374	0.5563600063323975
18375	0.5563639998435974
18376	0.5563757419586182
18377	0.5563951134681702
18378	0.556396484375
18379	0.5564172267913818
18380	0.5564352869987488
18381	0.5564600229263306
18382	0.5564626455307007
18383	0.5565119385719299
18384	0.5565185546875
18385	0.5565217137336731
18386	0.5565926432609558
18387	0.5566158294677734
18388	0.5566730499267578
18389	0.5566879510879517
18390	0.5566937923431396
18391	0.556709885597229
18392	0.5567458271980286
18393	0.55678790807724
18394	0.5568094849586487
18395	0.5568141937255859
18396	0.5568181276321411
18397	0.5568566918373108
18398	0.5568735003471375
18399	0.5568797588348389
18400	0.5568863749504089
18401	0.5569019913673401
18402	0.5569031834602356
18403	0.5569058656692505
18404	0.5569190382957458
18405	0.5569397211074829
18406	0.5569860935211182
18407	0.5569934248924255
18408	0.5570148825645447
18409	0.5570152401924133
18410	0.5570198893547058
18411	0.5570389032363892
18412	0.5570394396781921
18413	0.5570663213729858
18414	0.5570669770240784
18415	0.5570800304412842
18416	0.5570853352546692
18417	0.557098925113678
18418	0.5571244955062866
18419	0.5571690201759338
18420	0.5572737455368042
18421	0.5572967529296875
18422	0.5572977066040039
18423	0.5573036670684814
18424	0.557319700717926
18425	0.5573205351829529
18426	0.5573272109031677
18427	0.5573651790618896
18428	0.557377815246582
18429	0.5573827624320984
18430	0.5573842525482178
18431	0.5573880672454834
18432	0.5573917627334595
18433	0.5574074387550354
18434	0.5574086904525757
18435	0.5574138760566711
18436	0.5574240684509277
18437	0.5574272274971008
18438	0.5574291348457336
18439	0.5574397444725037
18440	0.5574401617050171
18441	0.5574548840522766
18442	0.5574560761451721
18443	0.5574649572372437
18444	0.5574703812599182
18445	0.5574857592582703
18446	0.557510256767273
18447	0.5575211644172668
18448	0.5575269460678101
18449	0.5575289726257324
18450	0.5575296878814697
18451	0.5575560927391052
18452	0.5575737953186035
18453	0.557576060295105
18454	0.5575793981552124
18455	0.5575896501541138
18456	0.5576171875
18457	0.5576527118682861
18458	0.5576742887496948
18459	0.5576748847961426
18460	0.5576913952827454
18461	0.5576920509338379
18462	0.5576983690261841
18463	0.5577012896537781
18464	0.5577672719955444
18465	0.5577684044837952
18466	0.5577867031097412
18467	0.5577869415283203
18468	0.557790994644165
18469	0.5578086376190186
18470	0.5578089356422424
18471	0.557820200920105
18472	0.557823657989502
18473	0.5578638315200806
18474	0.5578650236129761
18475	0.5578687787055969
18476	0.5578778386116028
18477	0.5578782558441162
18478	0.5578991174697876
18479	0.5579350590705872
18480	0.5579385161399841
18481	0.5579409599304199
18482	0.5579420328140259
18483	0.5579466223716736
18484	0.5579483509063721
18485	0.5579550266265869
18486	0.5580129027366638
18487	0.5580235719680786
18488	0.5580287575721741
18489	0.5580359101295471
18490	0.5580375790596008
18491	0.5580410361289978
18492	0.558043360710144
18493	0.558063268661499
18494	0.5581010580062866
18495	0.5581032633781433
18496	0.5581314563751221
18497	0.5581610202789307
18498	0.5581649541854858
18499	0.5581650733947754
18500	0.5581896305084229
18501	0.5582141876220703
18502	0.5582185983657837
18503	0.5582242608070374
18504	0.5582306981086731
18505	0.558235228061676
18506	0.5582445859909058
18507	0.5582496523857117
18508	0.5582666993141174
18509	0.5582912564277649
18510	0.55833500623703
18511	0.5583499670028687
18512	0.5583612322807312
18513	0.5583786964416504
18514	0.5584447979927063
18515	0.5584543347358704
18516	0.5584673285484314
18517	0.5584682822227478
18518	0.5584834814071655
18519	0.558526337146759
18520	0.558536946773529
18521	0.5585474371910095
18522	0.5585518479347229
18523	0.5585529804229736
18524	0.5585556030273438
18525	0.5585600733757019
18526	0.5585639476776123
18527	0.5585659146308899
18528	0.5585772395133972
18529	0.558585524559021
18530	0.5585965514183044
18531	0.5586094856262207
18532	0.5586140751838684
18533	0.5586372017860413
18534	0.5586655139923096
18535	0.5586915612220764
18536	0.5586932897567749
18537	0.5587233304977417
18538	0.5587294697761536
18539	0.5587334036827087
18540	0.558734655380249
18541	0.5587355494499207
18542	0.5587462782859802
18543	0.5587484836578369
18544	0.5588145852088928
18545	0.5588255524635315
18546	0.5588361620903015
18547	0.558878481388092
18548	0.5589014887809753
18549	0.5589025020599365
18550	0.5589046478271484
18551	0.5589218735694885
18552	0.5589324831962585
18553	0.5589383244514465
18554	0.5589466094970703
18555	0.5589511394500732
18556	0.5589709877967834
18557	0.5589731931686401
18558	0.5589743256568909
18559	0.5589765906333923
18560	0.5589779019355774
18561	0.5589865446090698
18562	0.5590089559555054
18563	0.559020459651947
18564	0.5590305328369141
18565	0.5590496063232422
18566	0.5590589046478271
18567	0.5590634942054749
18568	0.5591303110122681
18569	0.5591380000114441
18570	0.5591435432434082
18571	0.5592058300971985
18572	0.5592159628868103
18573	0.5592397451400757
18574	0.5592507719993591
18575	0.5592616200447083
18576	0.5592658519744873
18577	0.5592982172966003
18578	0.5593145489692688
18579	0.5593174695968628
18580	0.559335470199585
18581	0.5593581795692444
18582	0.5593635439872742
18583	0.5593728423118591
18584	0.5593737363815308
18585	0.5594412088394165
18586	0.559445321559906
18587	0.5595096945762634
18588	0.5595114231109619
18589	0.5595776438713074
18590	0.5595827698707581
18591	0.5595850348472595
18592	0.5595934391021729
18593	0.5596234202384949
18594	0.5596652626991272
18595	0.5596654415130615
18596	0.5596684813499451
18597	0.5597062110900879
18598	0.5597082376480103
18599	0.5598092675209045
18600	0.5598129034042358
18601	0.5598159432411194
18602	0.5598211288452148
18603	0.5598250031471252
18604	0.5598310232162476
18605	0.559834361076355
18606	0.5598382949829102
18607	0.5598413348197937
18608	0.5598437190055847
18609	0.5598533153533936
18610	0.5598651170730591
18611	0.55987548828125
18612	0.5598781108856201
18613	0.5598810315132141
18614	0.5598873496055603
18615	0.5598901510238647
18616	0.5598971247673035
18617	0.5599151253700256
18618	0.5599365830421448
18619	0.5599387288093567
18620	0.559947669506073
18621	0.5599563717842102
18622	0.5599678754806519
18623	0.5599700212478638
18624	0.5599755048751831
18625	0.5600120425224304
18626	0.5600442886352539
18627	0.5600548982620239
18628	0.5600617527961731
18629	0.5601738691329956
18630	0.5601974725723267
18631	0.5602061152458191
18632	0.5602397322654724
18633	0.5602482557296753
18634	0.5602706074714661
18635	0.5602743029594421
18636	0.5602765679359436
18637	0.5602915287017822
18638	0.5603040456771851
18639	0.5603055357933044
18640	0.5603097081184387
18641	0.5603100657463074
18642	0.5603144764900208
18643	0.5603291392326355
18644	0.5603309273719788
18645	0.5603824257850647
18646	0.5604267716407776
18647	0.5604392290115356
18648	0.5604649186134338
18649	0.5604876279830933
18650	0.5604895949363708
18651	0.5604994893074036
18652	0.5605165958404541
18653	0.560530424118042
18654	0.5605446696281433
18655	0.560553789138794
18656	0.5605790615081787
18657	0.5606083869934082
18658	0.5606457591056824
18659	0.5606540441513062
18660	0.5606867074966431
18661	0.5606884360313416
18662	0.56069415807724
18663	0.56070876121521
18664	0.5607209205627441
18665	0.560733437538147
18666	0.5607782006263733
18667	0.5607966780662537
18668	0.5608213543891907
18669	0.5608273148536682
18670	0.5608363151550293
18671	0.5608581304550171
18672	0.5608592629432678
18673	0.5608747601509094
18674	0.5608766674995422
18675	0.560900866985321
18676	0.5609082579612732
18677	0.5609108805656433
18678	0.5609150528907776
18679	0.5609192848205566
18680	0.5609207153320312
18681	0.5609214901924133
18682	0.5609257817268372
18683	0.5609285831451416
18684	0.5609462261199951
18685	0.5609676241874695
18686	0.5609702467918396
18687	0.5610138177871704
18688	0.5610184073448181
18689	0.5610211491584778
18690	0.5610266327857971
18691	0.5610706806182861
18692	0.5610975623130798
18693	0.56110018491745
18694	0.5611028671264648
18695	0.5611177682876587
18696	0.5611202716827393
18697	0.5611253976821899
18698	0.5611318945884705
18699	0.561140239238739
18700	0.5611408948898315
18701	0.5611481666564941
18702	0.5611556172370911
18703	0.5612310171127319
18704	0.5612571239471436
18705	0.561262845993042
18706	0.561314582824707
18707	0.5613219738006592
18708	0.5613325238227844
18709	0.5613359212875366
18710	0.5613461136817932
18711	0.561346709728241
18712	0.5613947510719299
18713	0.5614097118377686
18714	0.5614266991615295
18715	0.5614293813705444
18716	0.5614580512046814
18717	0.5614586472511292
18718	0.5614878535270691
18719	0.5615081191062927
18720	0.5615142583847046
18721	0.5615577101707458
18722	0.5615745782852173
18723	0.5615803599357605
18724	0.5615894198417664
18725	0.5615907311439514
18726	0.5616245269775391
18727	0.5616515874862671
18728	0.5616739392280579
18729	0.5617137551307678
18730	0.56172776222229
18731	0.5617315769195557
18732	0.5617367625236511
18733	0.5617409348487854
18734	0.5617464184761047
18735	0.5617607235908508
18736	0.5617965459823608
18737	0.5617985129356384
18738	0.5618337392807007
18739	0.5618619322776794
18740	0.5618627071380615
18741	0.5618725419044495
18742	0.5618726015090942
18743	0.5618733167648315
18744	0.5619032979011536
18745	0.561906099319458
18746	0.561919629573822
18747	0.5619308948516846
18748	0.5619359016418457
18749	0.5619447827339172
18750	0.5619711875915527
18751	0.5619751214981079
18752	0.5619897246360779
18753	0.5619924664497375
18754	0.5620006322860718
18755	0.562007486820221
18756	0.562009334564209
18757	0.562018632888794
18758	0.5620782375335693
18759	0.5620817542076111
18760	0.5620899200439453
18761	0.5620948076248169
18762	0.5621320605278015
18763	0.562146782875061
18764	0.5621487498283386
18765	0.5621507167816162
18766	0.5621510744094849
18767	0.5621520280838013
18768	0.5621559023857117
18769	0.5621715188026428
18770	0.5621756911277771
18771	0.5621834397315979
18772	0.5621910095214844
18773	0.5622014999389648
18774	0.5622023344039917
18775	0.5622187256813049
18776	0.5622201561927795
18777	0.5622341632843018
18778	0.562235951423645
18779	0.5622369050979614
18780	0.5622461438179016
18781	0.5622852444648743
18782	0.5622875094413757
18783	0.5623603463172913
18784	0.562360942363739
18785	0.5623890161514282
18786	0.5623908042907715
18787	0.5623926520347595
18788	0.5624315738677979
18789	0.5624327659606934
18790	0.5624638199806213
18791	0.5624663829803467
18792	0.5624974966049194
18793	0.5624988675117493
18794	0.5625375509262085
18795	0.5625377297401428
18796	0.5625410079956055
18797	0.5625457167625427
18798	0.5625559687614441
18799	0.5625700354576111
18800	0.5625811219215393
18801	0.5626071095466614
18802	0.562609851360321
18803	0.5626300573348999
18804	0.5626436471939087
18805	0.5626553297042847
18806	0.56265789270401
18807	0.5626595616340637
18808	0.5626628994941711
18809	0.5626692771911621
18810	0.5626749992370605
18811	0.5626775026321411
18812	0.562717616558075
18813	0.5627586245536804
18814	0.5627747774124146
18815	0.5627896189689636
18816	0.5627959370613098
18817	0.5627963542938232
18818	0.5627976059913635
18819	0.5628159046173096
18820	0.5628229975700378
18821	0.5628246665000916
18822	0.5628257393836975
18823	0.5628288388252258
18824	0.5629151463508606
18825	0.5629183053970337
18826	0.5629575848579407
18827	0.5629653930664062
18828	0.5629770755767822
18829	0.5630348920822144
18830	0.5630358457565308
18831	0.5630500912666321
18832	0.5630549788475037
18833	0.5630641579627991
18834	0.563077449798584
18835	0.5630815625190735
18836	0.5630925297737122
18837	0.5630961060523987
18838	0.5630995631217957
18839	0.5631086230278015
18840	0.5631121397018433
18841	0.5631571412086487
18842	0.5631944537162781
18843	0.5631945729255676
18844	0.5632011294364929
18845	0.56322181224823
18846	0.5632261037826538
18847	0.5632331371307373
18848	0.5632457137107849
18849	0.5633196830749512
18850	0.5633421540260315
18851	0.5633453130722046
18852	0.5633594393730164
18853	0.5633799433708191
18854	0.5633916854858398
18855	0.5633966326713562
18856	0.5634081959724426
18857	0.5634096264839172
18858	0.56341153383255
18859	0.5634240508079529
18860	0.563445508480072
18861	0.5634610652923584
18862	0.5634678602218628
18863	0.5634721517562866
18864	0.5634803175926208
18865	0.563481330871582
18866	0.5634844899177551
18867	0.5634925961494446
18868	0.5635066628456116
18869	0.5635074377059937
18870	0.5635088086128235
18871	0.5635140538215637
18872	0.5635166168212891
18873	0.5635550618171692
18874	0.5635749697685242
18875	0.5635784268379211
18876	0.5635953545570374
18877	0.5636060833930969
18878	0.5636152029037476
18879	0.5636427998542786
18880	0.5636447072029114
18881	0.5636690855026245
18882	0.5636842846870422
18883	0.5636951923370361
18884	0.5637025833129883
18885	0.5637107491493225
18886	0.5637125372886658
18887	0.5637277364730835
18888	0.5637356638908386
18889	0.5638343095779419
18890	0.5638578534126282
18891	0.5638590455055237
18892	0.5638628005981445
18893	0.5638681054115295
18894	0.5638996362686157
18895	0.56390380859375
18896	0.5639081001281738
18897	0.5639102458953857
18898	0.5639133453369141
18899	0.5639164447784424
18900	0.5639167428016663
18901	0.5639218688011169
18902	0.5639390349388123
18903	0.5639501214027405
18904	0.5639514327049255
18905	0.5639547109603882
18906	0.5639843344688416
18907	0.563987135887146
18908	0.5639899373054504
18909	0.5639919638633728
18910	0.56400066614151
18911	0.5640044212341309
18912	0.5640211701393127
18913	0.5640434622764587
18914	0.5640486478805542
18915	0.5640552043914795
18916	0.5640609264373779
18917	0.5641050338745117
18918	0.5641635656356812
18919	0.5641770362854004
18920	0.5642318725585938
18921	0.5642529129981995
18922	0.5642633438110352
18923	0.5643280744552612
18924	0.564335286617279
18925	0.564339816570282
18926	0.5643458366394043
18927	0.5643565058708191
18928	0.5643622279167175
18929	0.5644250512123108
18930	0.5644324421882629
18931	0.5644443035125732
18932	0.5644647479057312
18933	0.5644717216491699
18934	0.564485490322113
18935	0.5644975304603577
18936	0.5644991397857666
18937	0.5645606517791748
18938	0.5645727515220642
18939	0.5645836591720581
18940	0.5645866990089417
18941	0.564607560634613
18942	0.5646103024482727
18943	0.5646224021911621
18944	0.5646698474884033
18945	0.5646752119064331
18946	0.5646781325340271
18947	0.5646902918815613
18948	0.5646945238113403
18949	0.56473708152771
18950	0.5647410154342651
18951	0.5647544860839844
18952	0.5647552013397217
18953	0.5647596120834351
18954	0.5647697448730469
18955	0.5648152232170105
18956	0.5648190975189209
18957	0.5648353099822998
18958	0.5648638010025024
18959	0.5648684501647949
18960	0.5648796558380127
18961	0.5648988485336304
18962	0.5649094581604004
18963	0.5649397373199463
18964	0.5649626851081848
18965	0.564980149269104
18966	0.5650049448013306
18967	0.5650097131729126
18968	0.5650210380554199
18969	0.5650289058685303
18970	0.5650419592857361
18971	0.5650558471679688
18972	0.5650606155395508
18973	0.5650736093521118
18974	0.565082848072052
18975	0.5651295185089111
18976	0.5651717185974121
18977	0.5651862025260925
18978	0.5652085542678833
18979	0.5652263760566711
18980	0.5652587413787842
18981	0.5652655363082886
18982	0.5652681589126587
18983	0.5652692914009094
18984	0.5652761459350586
18985	0.5653051733970642
18986	0.5653062462806702
18987	0.565308690071106
18988	0.5653316974639893
18989	0.5654053688049316
18990	0.5654066205024719
18991	0.5654096007347107
18992	0.5654134750366211
18993	0.5654143691062927
18994	0.5654367804527283
18995	0.565438449382782
18996	0.5654576420783997
18997	0.5654604434967041
18998	0.5654760003089905
18999	0.5654807686805725
19000	0.5655046701431274
19001	0.5655288100242615
19002	0.5655341744422913
19003	0.5655452609062195
19004	0.5655739307403564
19005	0.5655748844146729
19006	0.56561279296875
19007	0.5656468868255615
19008	0.5656472444534302
19009	0.5656499862670898
19010	0.5656633377075195
19011	0.5656652450561523
19012	0.5656750798225403
19013	0.5656977295875549
19014	0.5657121539115906
19015	0.565722644329071
19016	0.5657289624214172
19017	0.5657399892807007
19018	0.5657479166984558
19019	0.5657610893249512
19020	0.565801739692688
19021	0.5658037662506104
19022	0.5658287405967712
19023	0.5658362507820129
19024	0.5658478140830994
19025	0.5659049153327942
19026	0.5660973787307739
19027	0.5661106109619141
19028	0.5661135315895081
19029	0.5661354064941406
19030	0.5661402344703674
19031	0.5661420226097107
19032	0.5661455392837524
19033	0.5661715865135193
19034	0.5661747455596924
19035	0.5662484765052795
19036	0.5662727355957031
19037	0.5662941932678223
19038	0.5663063526153564
19039	0.5663257241249084
19040	0.5663671493530273
19041	0.5663793087005615
19042	0.5663906931877136
19043	0.5664154291152954
19044	0.5664292573928833
19045	0.5664336085319519
19046	0.5664352774620056
19047	0.5664545893669128
19048	0.5664800405502319
19049	0.5664983987808228
19050	0.5665122270584106
19051	0.5665139555931091
19052	0.5665284395217896
19053	0.5665307641029358
19054	0.5665416121482849
19055	0.5665611624717712
19056	0.5665797591209412
19057	0.5665857791900635
19058	0.5665873885154724
19059	0.5666086077690125
19060	0.5666105151176453
19061	0.5666292309761047
19062	0.5666414499282837
19063	0.5666437745094299
19064	0.5666505098342896
19065	0.566655695438385
19066	0.5666787624359131
19067	0.5666839480400085
19068	0.566689670085907
19069	0.5667168498039246
19070	0.5667197704315186
19071	0.5667406320571899
19072	0.5667460560798645
19073	0.566748321056366
19074	0.5667533874511719
19075	0.5668074488639832
19076	0.5668138265609741
19077	0.5668191313743591
19078	0.5668211579322815
19079	0.566875159740448
19080	0.566897988319397
19081	0.5669511556625366
19082	0.5669540166854858
19083	0.5669757127761841
19084	0.5669828057289124
19085	0.566986083984375
19086	0.5670033693313599
19087	0.5670143365859985
19088	0.567052960395813
19089	0.5670533180236816
19090	0.5670651197433472
19091	0.5670691728591919
19092	0.5670732259750366
19093	0.5670763850212097
19094	0.5671047568321228
19095	0.5671082139015198
19096	0.5671101212501526
19097	0.5671171545982361
19098	0.5671198964118958
19099	0.5671307444572449
19100	0.5671484470367432
19101	0.5671682953834534
19102	0.567183792591095
19103	0.5672078132629395
19104	0.567221999168396
19105	0.5672268271446228
19106	0.5672339200973511
19107	0.5672343373298645
19108	0.5672446489334106
19109	0.5672490000724792
19110	0.5672534704208374
19111	0.5672638416290283
19112	0.5672728419303894
19113	0.5672892332077026
19114	0.5672970414161682
19115	0.5673100352287292
19116	0.5673131942749023
19117	0.5673151612281799
19118	0.5673323273658752
19119	0.567335844039917
19120	0.5673410892486572
19121	0.5673441290855408
19122	0.5673860311508179
19123	0.5673896074295044
19124	0.567392885684967
19125	0.5673938393592834
19126	0.5674121379852295
19127	0.5674131512641907
19128	0.5674266219139099
19129	0.567428469657898
19130	0.5674483180046082
19131	0.5674508810043335
19132	0.5674516558647156
19133	0.5674527883529663
19134	0.5674595832824707
19135	0.5674933791160583
19136	0.5675163865089417
19137	0.5675402879714966
19138	0.5675870776176453
19139	0.5676100850105286
19140	0.567653477191925
19141	0.5676653981208801
19142	0.56766676902771
19143	0.5676946640014648
19144	0.5677317976951599
19145	0.5677334666252136
19146	0.5677644610404968
19147	0.5677653551101685
19148	0.567777693271637
19149	0.5677850842475891
19150	0.5677923560142517
19151	0.5678398013114929
19152	0.5679925680160522
19153	0.5680288672447205
19154	0.5680551528930664
19155	0.5680598020553589
19156	0.568142831325531
19157	0.5681437849998474
19158	0.5681586265563965
19159	0.568166971206665
19160	0.5681692361831665
19161	0.56818026304245
19162	0.568183422088623
19163	0.5681871175765991
19164	0.5681964159011841
19165	0.5682193040847778
19166	0.568253755569458
19167	0.5682579874992371
19168	0.5682664513587952
19169	0.5682929754257202
19170	0.5683040022850037
19171	0.5683044195175171
19172	0.5683149099349976
19173	0.5683174133300781
19174	0.5683184266090393
19175	0.5683428049087524
19176	0.5683493614196777
19177	0.5683517456054688
19178	0.5683640837669373
19179	0.5683778524398804
19180	0.568389356136322
19181	0.5684137940406799
19182	0.5684214234352112
19183	0.5684347152709961
19184	0.5684828758239746
19185	0.5685082674026489
19186	0.5685086846351624
19187	0.5685094594955444
19188	0.5685157179832458
19189	0.5685330033302307
19190	0.568534791469574
19191	0.5685369968414307
19192	0.5685476660728455
19193	0.5685611367225647
19194	0.5685709118843079
19195	0.568584144115448
19196	0.5685920715332031
19197	0.5685927867889404
19198	0.5685939788818359
19199	0.5686056613922119
19200	0.5686224699020386
19201	0.5686491131782532
19202	0.5686531662940979
19203	0.5686536431312561
19204	0.5686561465263367
19205	0.5686596035957336
19206	0.5686711072921753
19207	0.5686746835708618
19208	0.5686772465705872
19209	0.568678081035614
19210	0.5686834454536438
19211	0.5687168836593628
19212	0.5687179565429688
19213	0.5687350630760193
19214	0.5687581300735474
19215	0.5687618851661682
19216	0.5687889456748962
19217	0.5687980055809021
19218	0.5688139200210571
19219	0.5688282251358032
19220	0.5688396096229553
19221	0.568856418132782
19222	0.5688667297363281
19223	0.5688914656639099
19224	0.5689890384674072
19225	0.5689976215362549
19226	0.5690000653266907
19227	0.5690141916275024
19228	0.5690210461616516
19229	0.5690218210220337
19230	0.5690352320671082
19231	0.5690363049507141
19232	0.5690473914146423
19233	0.5690517425537109
19234	0.5690671801567078
19235	0.5690701007843018
19236	0.569074809551239
19237	0.5690791606903076
19238	0.5690876245498657
19239	0.5690915584564209
19240	0.569119393825531
19241	0.5691269636154175
19242	0.5692161321640015
19243	0.5692328214645386
19244	0.5692340135574341
19245	0.5692368745803833
19246	0.5692480206489563
19247	0.5692508220672607
19248	0.5692555904388428
19249	0.5692639946937561
19250	0.5693047046661377
19251	0.5693264603614807
19252	0.5693711042404175
19253	0.5693832039833069
19254	0.5694158673286438
19255	0.5694217681884766
19256	0.5694266557693481
19257	0.5694349408149719
19258	0.5694472789764404
19259	0.5694480538368225
19260	0.5694512724876404
19261	0.569465160369873
19262	0.5694862008094788
19263	0.569488525390625
19264	0.5694945454597473
19265	0.5694953799247742
19266	0.5695019960403442
19267	0.5695081353187561
19268	0.569523811340332
19269	0.56953364610672
19270	0.5695472359657288
19271	0.5695479512214661
19272	0.5695748925209045
19273	0.5695862174034119
19274	0.5695910453796387
19275	0.5695995092391968
19276	0.5696048736572266
19277	0.5696233510971069
19278	0.5696362257003784
19279	0.5696412920951843
19280	0.5696431398391724
19281	0.569644033908844
19282	0.5696738958358765
19283	0.5696743130683899
19284	0.5696869492530823
19285	0.5696920156478882
19286	0.5697047114372253
19287	0.5697144269943237
19288	0.5697155594825745
19289	0.5697588920593262
19290	0.5697739124298096
19291	0.5697793364524841
19292	0.5698129534721375
19293	0.5698173642158508
19294	0.5698176026344299
19295	0.5698779225349426
19296	0.5698858499526978
19297	0.5699033737182617
19298	0.5699179172515869
19299	0.5699192881584167
19300	0.5699370503425598
19301	0.5699902772903442
19302	0.5700228214263916
19303	0.5700324177742004
19304	0.5700423717498779
19305	0.5700459480285645
19306	0.5700594782829285
19307	0.5700733661651611
19308	0.5701048970222473
19309	0.5701088309288025
19310	0.5701457262039185
19311	0.5701532959938049
19312	0.5701539516448975
19313	0.5701596736907959
19314	0.5701645612716675
19315	0.5701709389686584
19316	0.5701814889907837
19317	0.5701830387115479
19318	0.5701877474784851
19319	0.5702037215232849
19320	0.5702071785926819
19321	0.5702094435691833
19322	0.5702106356620789
19323	0.5702271461486816
19324	0.5702289342880249
19325	0.5702328085899353
19326	0.5702335238456726
19327	0.5702382326126099
19328	0.5702435970306396
19329	0.5703310370445251
19330	0.5703604817390442
19331	0.570389449596405
19332	0.5703945755958557
19333	0.5704057812690735
19334	0.5704224109649658
19335	0.5704275965690613
19336	0.5704343914985657
19337	0.5704402327537537
19338	0.5704416632652283
19339	0.5704718828201294
19340	0.5704824328422546
19341	0.5704827308654785
19342	0.5704983472824097
19343	0.5705186724662781
19344	0.5705237984657288
19345	0.5705300569534302
19346	0.5705466270446777
19347	0.5705810785293579
19348	0.5705844759941101
19349	0.5706174969673157
19350	0.570619523525238
19351	0.5706261396408081
19352	0.570629358291626
19353	0.5706595182418823
19354	0.5706959962844849
19355	0.5706962943077087
19356	0.5707018375396729
19357	0.5707361102104187
19358	0.5707393884658813
19359	0.5707621574401855
19360	0.5707724690437317
19361	0.5707916021347046
19362	0.5708032250404358
19363	0.5708085298538208
19364	0.5708158612251282
19365	0.5708172917366028
19366	0.5708761215209961
19367	0.5708926916122437
19368	0.5709004402160645
19369	0.5709019899368286
19370	0.5709071755409241
19371	0.5709101557731628
19372	0.5709349513053894
19373	0.5709351301193237
19374	0.570941686630249
19375	0.5709481835365295
19376	0.5709612369537354
19377	0.5709706544876099
19378	0.5711098313331604
19379	0.5711252689361572
19380	0.5711387395858765
19381	0.57114177942276
19382	0.5712653994560242
19383	0.5712711811065674
19384	0.5712890625
19385	0.5712975859642029
19386	0.571302592754364
19387	0.5713159441947937
19388	0.5713256001472473
19389	0.5713340044021606
19390	0.5713601112365723
19391	0.5714545845985413
19392	0.5714616179466248
19393	0.5714803338050842
19394	0.5714817047119141
19395	0.5715076923370361
19396	0.5715190172195435
19397	0.5715216994285583
19398	0.5715234279632568
19399	0.5715315937995911
19400	0.5715650320053101
19401	0.571577250957489
19402	0.5715953707695007
19403	0.571597158908844
19404	0.5716053247451782
19405	0.5716076493263245
19406	0.5716263055801392
19407	0.5716391205787659
19408	0.5716419219970703
19409	0.5716487765312195
19410	0.5716631412506104
19411	0.5716879963874817
19412	0.5716947913169861
19413	0.571707010269165
19414	0.5717149972915649
19415	0.5717217326164246
19416	0.5717445015907288
19417	0.5717683434486389
19418	0.5717765092849731
19419	0.5717921853065491
19420	0.5718031525611877
19421	0.5718070864677429
19422	0.57181316614151
19423	0.5718194842338562
19424	0.5718353390693665
19425	0.5718362927436829
19426	0.571843683719635
19427	0.5718440413475037
19428	0.5718450546264648
19429	0.5718494057655334
19430	0.5718504786491394
19431	0.5718604922294617
19432	0.5718671679496765
19433	0.5718894600868225
19434	0.5719243288040161
19435	0.5719295144081116
19436	0.5719402432441711
19437	0.5719608664512634
19438	0.5720769166946411
19439	0.5720963478088379
19440	0.5721479654312134
19441	0.5721679925918579
19442	0.5721816420555115
19443	0.5721855759620667
19444	0.5722605586051941
19445	0.5722641348838806
19446	0.5722724199295044
19447	0.5722772479057312
19448	0.5722936391830444
19449	0.5723185539245605
19450	0.5723309516906738
19451	0.5723328590393066
19452	0.5723528861999512
19453	0.5723565220832825
19454	0.5723862648010254
19455	0.5723932981491089
19456	0.5723934769630432
19457	0.5723941326141357
19458	0.5724007487297058
19459	0.5724095702171326
19460	0.572425365447998
19461	0.5724268555641174
19462	0.5724298357963562
19463	0.5724304914474487
19464	0.5724368691444397
19465	0.572475790977478
19466	0.572477400302887
19467	0.5724866390228271
19468	0.5725257992744446
19469	0.5725306868553162
19470	0.5725316405296326
19471	0.5725361108779907
19472	0.5725457072257996
19473	0.5725507736206055
19474	0.5725517272949219
19475	0.5725656151771545
19476	0.5725741386413574
19477	0.5725971460342407
19478	0.5726324915885925
19479	0.5726461410522461
19480	0.57265704870224
19481	0.5726874470710754
19482	0.572688639163971
19483	0.5726897120475769
19484	0.5727013349533081
19485	0.5727217793464661
19486	0.5727382302284241
19487	0.5727407336235046
19488	0.5727439522743225
19489	0.5727627277374268
19490	0.5727694034576416
19491	0.5728158950805664
19492	0.5728204250335693
19493	0.5728296637535095
19494	0.572848916053772
19495	0.5728506445884705
19496	0.5728825926780701
19497	0.5728989839553833
19498	0.5729004144668579
19499	0.5729262828826904
19500	0.5729286670684814
19501	0.5729520320892334
19502	0.5729615688323975
19503	0.5729758143424988
19504	0.5729773044586182
19505	0.5729855298995972
19506	0.573002815246582
19507	0.5730300545692444
19508	0.5730475783348083
19509	0.5730592608451843
19510	0.5730624198913574
19511	0.5730693340301514
19512	0.5730735659599304
19513	0.5730934739112854
19514	0.5730945467948914
19515	0.5730983018875122
19516	0.5731267929077148
19517	0.5731321573257446
19518	0.5731598138809204
19519	0.5731651186943054
19520	0.5731659531593323
19521	0.5731719732284546
19522	0.5732555985450745
19523	0.5732619762420654
19524	0.5732775330543518
19525	0.5732783675193787
19526	0.5732918381690979
19527	0.5732972621917725
19528	0.5733217000961304
19529	0.5733274817466736
19530	0.5733392834663391
19531	0.5733523964881897
19532	0.5733720660209656
19533	0.5734008550643921
19534	0.5734062790870667
19535	0.5734083652496338
19536	0.5734314918518066
19537	0.5734323263168335
19538	0.5734488368034363
19539	0.5734493136405945
19540	0.5734512805938721
19541	0.5734550356864929
19542	0.5734626054763794
19543	0.5734835863113403
19544	0.5735282301902771
19545	0.5735317468643188
19546	0.5735360980033875
19547	0.5735418796539307
19548	0.5735523700714111
19549	0.573560357093811
19550	0.5735991597175598
19551	0.5736083984375
19552	0.5736278891563416
19553	0.5736404061317444
19554	0.5736458897590637
19555	0.5736472010612488
19556	0.5736523270606995
19557	0.5736578702926636
19558	0.5736719965934753
19559	0.5736752152442932
19560	0.5736812353134155
19561	0.5737133026123047
19562	0.5737190842628479
19563	0.5737343430519104
19564	0.5737453699111938
19565	0.5737631916999817
19566	0.5737658739089966
19567	0.5737936496734619
19568	0.5738053321838379
19569	0.5738148093223572
19570	0.5738570094108582
19571	0.5738730430603027
19572	0.5738748908042908
19573	0.5739040970802307
19574	0.5739112496376038
19575	0.5739205479621887
19576	0.573982834815979
19577	0.5739839673042297
19578	0.5740076899528503
19579	0.5740282535552979
19580	0.5740304589271545
19581	0.5740363001823425
19582	0.5740546584129333
19583	0.5740561485290527
19584	0.5740638971328735
19585	0.5740740895271301
19586	0.5741080045700073
19587	0.5741211771965027
19588	0.5741223096847534
19589	0.5741254687309265
19590	0.5741861462593079
19591	0.5742258429527283
19592	0.5742313861846924
19593	0.5743440389633179
19594	0.5743610858917236
19595	0.574369490146637
19596	0.5743710398674011
19597	0.574374258518219
19598	0.5743811130523682
19599	0.5743836164474487
19600	0.5743873119354248
19601	0.574394702911377
19602	0.5744231343269348
19603	0.5744878649711609
19604	0.5745037198066711
19605	0.5745267271995544
19606	0.5745365619659424
19607	0.5745395421981812
19608	0.5745434165000916
19609	0.5746151804924011
19610	0.5746153593063354
19611	0.5746158957481384
19612	0.5746260285377502
19613	0.5746346712112427
19614	0.574665904045105
19615	0.5746899247169495
19616	0.574705958366394
19617	0.5747100114822388
19618	0.5747172236442566
19619	0.5747231841087341
19620	0.5748076438903809
19621	0.5748132467269897
19622	0.5748251080513
19623	0.5748261213302612
19624	0.5748578906059265
19625	0.5748664140701294
19626	0.5748729705810547
19627	0.5748832821846008
19628	0.5748962163925171
19629	0.5749075412750244
19630	0.5749092102050781
19631	0.5749108791351318
19632	0.5749145150184631
19633	0.5749228000640869
19634	0.574925422668457
19635	0.5749291181564331
19636	0.5749315023422241
19637	0.5749490857124329
19638	0.5749583840370178
19639	0.5749959945678711
19640	0.5750020742416382
19641	0.5750062465667725
19642	0.575006902217865
19643	0.5750311017036438
19644	0.5750384330749512
19645	0.5750430226325989
19646	0.5750468969345093
19647	0.5750561356544495
19648	0.5750786066055298
19649	0.5750787854194641
19650	0.5750949382781982
19651	0.5751115083694458
19652	0.5751266479492188
19653	0.5751268863677979
19654	0.5751360654830933
19655	0.5751400589942932
19656	0.5751564502716064
19657	0.5751568675041199
19658	0.5751749873161316
19659	0.575205385684967
19660	0.5752124786376953
19661	0.5752158164978027
19662	0.5752183198928833
19663	0.5752255916595459
19664	0.5752406716346741
19665	0.5752559304237366
19666	0.575264036655426
19667	0.5752652287483215
19668	0.5752789378166199
19669	0.5752838850021362
19670	0.5752846002578735
19671	0.5752959251403809
19672	0.5752995014190674
19673	0.575313925743103
19674	0.5753424167633057
19675	0.57535719871521
19676	0.5753608345985413
19677	0.5753781795501709
19678	0.5753970146179199
19679	0.5754599571228027
19680	0.5755018591880798
19681	0.5755207538604736
19682	0.5755260586738586
19683	0.5755680203437805
19684	0.5755710601806641
19685	0.5755792260169983
19686	0.5756007432937622
19687	0.5756072402000427
19688	0.5756083726882935
19689	0.5756142735481262
19690	0.5756176114082336
19691	0.5756179094314575
19692	0.5756196975708008
19693	0.5756500959396362
19694	0.5756559371948242
19695	0.5756639242172241
19696	0.5756801962852478
19697	0.5756824016571045
19698	0.5757015347480774
19699	0.5757108330726624
19700	0.5757545828819275
19701	0.5757619142532349
19702	0.5757765173912048
19703	0.5757817029953003
19704	0.5757916569709778
19705	0.5757933259010315
19706	0.5757982134819031
19707	0.5758434534072876
19708	0.5758547782897949
19709	0.5758565664291382
19710	0.5758723616600037
19711	0.575878918170929
19712	0.5759134888648987
19713	0.5759263038635254
19714	0.5759343504905701
19715	0.575952410697937
19716	0.5759544968605042
19717	0.575973629951477
19718	0.5760704874992371
19719	0.5760790705680847
19720	0.5760908722877502
19721	0.5760960578918457
19722	0.5761065483093262
19723	0.5761136412620544
19724	0.5761158466339111
19725	0.5761228203773499
19726	0.5761260986328125
19727	0.5761423707008362
19728	0.5761436820030212
19729	0.5761587023735046
19730	0.5761625170707703
19731	0.5761655569076538
19732	0.5761736631393433
19733	0.5761741995811462
19734	0.5761783123016357
19735	0.5761839151382446
19736	0.5762139558792114
19737	0.5762166976928711
19738	0.5762355327606201
19739	0.5762363076210022
19740	0.5762378573417664
19741	0.5762609243392944
19742	0.576265275478363
19743	0.5762749314308167
19744	0.5762919783592224
19745	0.5763011574745178
19746	0.5763052701950073
19747	0.5764133930206299
19748	0.5764204859733582
19749	0.5764458775520325
19750	0.5764634609222412
19751	0.5764656662940979
19752	0.5764744877815247
19753	0.5764762163162231
19754	0.5764851570129395
19755	0.5765038132667542
19756	0.5765259265899658
19757	0.5765335559844971
19758	0.5765405893325806
19759	0.5765442848205566
19760	0.5765476822853088
19761	0.5765622854232788
19762	0.5765758752822876
19763	0.576582133769989
19764	0.5765828490257263
19765	0.5765958428382874
19766	0.5766116380691528
19767	0.5766185522079468
19768	0.5766206979751587
19769	0.5766268968582153
19770	0.5766326785087585
19771	0.5766454935073853
19772	0.5766503214836121
19773	0.5766568183898926
19774	0.576670229434967
19775	0.5767236351966858
19776	0.5767310261726379
19777	0.5767450332641602
19778	0.5767499804496765
19779	0.5767589211463928
19780	0.5767801403999329
19781	0.5767886638641357
19782	0.5768004059791565
19783	0.5768016576766968
19784	0.5768155455589294
19785	0.5768178105354309
19786	0.5768200755119324
19787	0.5768219232559204
19788	0.5768234729766846
19789	0.5768377780914307
19790	0.5769144892692566
19791	0.5769264101982117
19792	0.5769343972206116
19793	0.5769354104995728
19794	0.5769399404525757
19795	0.5769515633583069
19796	0.5769544243812561
19797	0.5769554972648621
19798	0.5769636631011963
19799	0.5769659280776978
19800	0.5770072340965271
19801	0.577060878276825
19802	0.5770635008811951
19803	0.5770668387413025
19804	0.577070951461792
19805	0.5770725011825562
19806	0.5770754218101501
19807	0.5770817399024963
19808	0.5770973563194275
19809	0.5771044492721558
19810	0.5771059989929199
19811	0.577113926410675
19812	0.5771164298057556
19813	0.577116847038269
19814	0.5771177411079407
19815	0.5771195292472839
19816	0.5771481990814209
19817	0.5771597623825073
19818	0.5771600604057312
19819	0.5771604180335999
19820	0.5772299766540527
19821	0.5772408843040466
19822	0.5772476196289062
19823	0.577284038066864
19824	0.5773195028305054
19825	0.5773577690124512
19826	0.5773596167564392
19827	0.5773798823356628
19828	0.577387273311615
19829	0.5773981213569641
19830	0.5774028301239014
19831	0.5774106979370117
19832	0.5774142146110535
19833	0.5774186253547668
19834	0.5774329304695129
19835	0.5774349570274353
19836	0.5774363279342651
19837	0.5774503946304321
19838	0.5774608254432678
19839	0.5774677991867065
19840	0.5774813890457153
19841	0.5775299072265625
19842	0.5775304436683655
19843	0.5775741934776306
19844	0.577576220035553
19845	0.5776451826095581
19846	0.5776757001876831
19847	0.5776766538619995
19848	0.57768315076828
19849	0.5776844024658203
19850	0.5776902437210083
19851	0.5777388215065002
19852	0.5777485370635986
19853	0.5777639150619507
19854	0.5777695775032043
19855	0.5777722001075745
19856	0.57777339220047
19857	0.5777768492698669
19858	0.5778195261955261
19859	0.5778309106826782
19860	0.5778411030769348
19861	0.577844500541687
19862	0.577875554561615
19863	0.5778814554214478
19864	0.5778862833976746
19865	0.5778878927230835
19866	0.5779497027397156
19867	0.5779688954353333
19868	0.5779730677604675
19869	0.5779750347137451
19870	0.5779780745506287
19871	0.5779925584793091
19872	0.5780028104782104
19873	0.5780159831047058
19874	0.578016459941864
19875	0.5780243873596191
19876	0.5780282616615295
19877	0.5780512690544128
19878	0.5780572295188904
19879	0.5780918002128601
19880	0.5781031847000122
19881	0.5781052112579346
19882	0.5781291127204895
19883	0.5781516432762146
19884	0.5781565308570862
19885	0.5781646370887756
19886	0.578185498714447
19887	0.5782135128974915
19888	0.5782145857810974
19889	0.5782149434089661
19890	0.5782195329666138
19891	0.578230619430542
19892	0.578286349773407
19893	0.578310489654541
19894	0.5783160924911499
19895	0.5783390402793884
19896	0.5783405900001526
19897	0.5783582925796509
19898	0.5783696174621582
19899	0.5783806443214417
19900	0.5783973932266235
19901	0.5784040093421936
19902	0.5784231424331665
19903	0.5784431099891663
19904	0.5784556269645691
19905	0.578461766242981
19906	0.5784688591957092
19907	0.5784727334976196
19908	0.5784780979156494
19909	0.5784820318222046
19910	0.5784868001937866
19911	0.5784915685653687
19912	0.5784977674484253
19913	0.578504204750061
19914	0.5785070657730103
19915	0.5785260200500488
19916	0.5785272717475891
19917	0.5785412192344666
19918	0.5785483717918396
19919	0.5785602331161499
19920	0.5785651803016663
19921	0.5785718560218811
19922	0.5785728096961975
19923	0.578610897064209
19924	0.5786213874816895
19925	0.5786329507827759
19926	0.5786452293395996
19927	0.5786615014076233
19928	0.5786710977554321
19929	0.5786926746368408
19930	0.578694224357605
19931	0.5787257552146912
19932	0.5787725448608398
19933	0.5787739753723145
19934	0.5788089036941528
19935	0.5788339376449585
19936	0.5788367390632629
19937	0.5788405537605286
19938	0.5788764357566833
19939	0.5788779258728027
19940	0.5788809657096863
19941	0.5788902640342712
19942	0.5789092779159546
19943	0.5789101719856262
19944	0.5789118409156799
19945	0.5789363384246826
19946	0.5789391994476318
19947	0.5789427161216736
19948	0.5789470672607422
19949	0.5789474844932556
19950	0.5789515376091003
19951	0.578956663608551
19952	0.5789624452590942
19953	0.5789849162101746
19954	0.5790101885795593
19955	0.5791574120521545
19956	0.5791686773300171
19957	0.5791717767715454
19958	0.5791754126548767
19959	0.5791803598403931
19960	0.5792060494422913
19961	0.5792060494422913
19962	0.5792096853256226
19963	0.5792208909988403
19964	0.5792393088340759
19965	0.5792612433433533
19966	0.579277753829956
19967	0.579292893409729
19968	0.5792967677116394
19969	0.5793043375015259
19970	0.5793433785438538
19971	0.5794200301170349
19972	0.5794371366500854
19973	0.5794419646263123
19974	0.5794550776481628
19975	0.5794605016708374
19976	0.5794926881790161
19977	0.5795013904571533
19978	0.5795451998710632
19979	0.579547643661499
19980	0.5795482993125916
19981	0.579552948474884
19982	0.5795531272888184
19983	0.5795872211456299
19984	0.5795993804931641
19985	0.579599916934967
19986	0.5796219706535339
19987	0.5796303749084473
19988	0.5796327590942383
19989	0.5797092914581299
19990	0.5797370672225952
19991	0.5797394514083862
19992	0.5797462463378906
19993	0.5797706842422485
19994	0.5797818899154663
19995	0.5797932744026184
19996	0.5798304080963135
19997	0.5798385739326477
19998	0.5798400640487671
19999	0.5798661708831787
20000	0.5798667669296265
