1	1811.5332126617432
1	1811.5332126617432
2	1385.2317333221436
2	1385.2317333221436
3	1398.4074592590332
3	1398.4074592590332
4	1533.7481498718262
4	1533.7481498718262
5	1238.584280014038
5	1238.584280014038
6	1394.7148323059082
6	1394.7148323059082
7	1320.3434944152832
7	1320.3434944152832
8	1355.586051940918
8	1355.586051940918
9	1203.3123970031738
9	1203.3123970031738
10	1742.4862384796143
10	1742.4862384796143
11	1386.2504959106445
11	1386.2504959106445
12	1294.576644897461
12	1294.576644897461
13	1374.4399547576904
13	1374.4399547576904
14	1372.4207878112793
14	1372.4207878112793
15	1420.2933311462402
15	1420.2933311462402
16	1378.2479763031006
16	1378.2479763031006
17	1355.708360671997
17	1355.708360671997
18	1433.7496757507324
18	1433.7496757507324
19	1387.4599933624268
19	1387.4599933624268
20	1771.108627319336
20	1771.108627319336
21	1243.0684566497803
21	1243.0684566497803
22	1130.3489208221436
22	1130.3489208221436
23	1016.0374641418457
23	1016.0374641418457
24	1051.6252517700195
24	1051.6252517700195
25	1170.7723140716553
25	1170.7723140716553
26	1033.5760116577148
26	1033.5760116577148
27	1207.9799175262451
27	1207.9799175262451
28	1075.4637718200684
28	1075.4637718200684
29	1182.0709705352783
29	1182.0709705352783
30	1536.2870693206787
30	1536.2870693206787
31	1179.97145652771
31	1179.97145652771
32	1433.420181274414
32	1433.420181274414
33	1777.7190208435059
33	1777.7190208435059
34	1234.9340915679932
34	1234.9340915679932
35	1381.6194534301758
35	1381.6194534301758
36	1342.5264358520508
36	1342.5264358520508
37	1366.736888885498
37	1366.736888885498
38	1768.3842182159424
38	1768.3842182159424
39	1312.3500347137451
39	1312.3500347137451
40	1810.755968093872
40	1810.755968093872
41	1284.9304676055908
41	1284.9304676055908
42	1495.1651096343994
42	1495.1651096343994
43	2186.0997676849365
43	2186.0997676849365
44	1181.654691696167
44	1181.654691696167
45	1441.9610500335693
45	1441.9610500335693
46	1380.6486129760742
46	1380.6486129760742
47	1273.4301090240479
47	1273.4301090240479
48	1397.1009254455566
48	1397.1009254455566
49	1507.903814315796
49	1507.903814315796
50	1847.7556705474854
50	1847.7556705474854
51	1433.4642887115479
51	1433.4642887115479
52	1319.5743560791016
52	1319.5743560791016
53	1420.0172424316406
53	1420.0172424316406
54	1330.7855129241943
54	1330.7855129241943
55	1926.140546798706
55	1926.140546798706
56	2296.7047691345215
56	2296.7047691345215
57	1898.3075618743896
57	1898.3075618743896
58	2322.1592903137207
58	2322.1592903137207
59	2097.1999168395996
59	2097.1999168395996
60	2612.128496170044
60	2612.128496170044
61	2369.050979614258
61	2369.050979614258
62	2404.0040969848633
62	2404.0040969848633
63	2089.1928672790527
63	2089.1928672790527
64	2274.1057872772217
64	2274.1057872772217
65	2242.542028427124
65	2242.542028427124
66	2438.936948776245
66	2438.936948776245
67	2483.1042289733887
67	2483.1042289733887
68	2563.7290477752686
68	2563.7290477752686
69	2338.2954597473145
69	2338.2954597473145
70	2741.5246963500977
70	2741.5246963500977
71	2521.20304107666
71	2521.20304107666
72	2306.4846992492676
72	2306.4846992492676
73	2630.3210258483887
73	2630.3210258483887
74	2490.602731704712
74	2490.602731704712
75	2588.0415439605713
75	2588.0415439605713
76	2523.5533714294434
76	2523.5533714294434
77	2476.841449737549
77	2476.841449737549
78	2169.9368953704834
78	2169.9368953704834
79	2152.559995651245
79	2152.559995651245
80	2425.00638961792
80	2425.00638961792
81	2438.2994174957275
81	2438.2994174957275
82	2433.1114292144775
82	2433.1114292144775
83	2382.7521800994873
83	2382.7521800994873
84	2373.223304748535
84	2373.223304748535
85	2474.1315841674805
85	2474.1315841674805
86	2375.6861686706543
86	2375.6861686706543
87	2461.0354900360107
87	2461.0354900360107
88	2258.413314819336
88	2258.413314819336
89	2699.673891067505
89	2699.673891067505
90	2914.956569671631
90	2914.956569671631
91	2554.326295852661
91	2554.326295852661
92	2503.211736679077
92	2503.211736679077
93	2606.663227081299
93	2606.663227081299
94	2549.0798950195312
94	2549.0798950195312
95	2448.176622390747
95	2448.176622390747
96	2434.985399246216
96	2434.985399246216
97	2535.120725631714
97	2535.120725631714
98	2542.897939682007
98	2542.897939682007
99	2610.8343601226807
99	2610.8343601226807
100	2773.7348079681396
100	2773.7348079681396
101	2083.6148262023926
101	2083.6148262023926
102	2103.557586669922
102	2103.557586669922
103	2138.0789279937744
103	2138.0789279937744
104	2146.0978984832764
104	2146.0978984832764
105	2341.251850128174
105	2341.251850128174
106	2430.9606552124023
106	2430.9606552124023
107	2737.4753952026367
107	2737.4753952026367
108	2441.9500827789307
108	2441.9500827789307
109	2454.2086124420166
109	2454.2086124420166
110	2872.958183288574
110	2872.958183288574
111	2378.413677215576
111	2378.413677215576
112	2476.2678146362305
112	2476.2678146362305
113	2519.4034576416016
113	2519.4034576416016
114	2488.0402088165283
114	2488.0402088165283
115	2295.855760574341
115	2295.855760574341
116	2496.166229248047
116	2496.166229248047
117	2519.6852684020996
117	2519.6852684020996
118	2480.3576469421387
118	2480.3576469421387
119	2334.2208862304688
119	2334.2208862304688
120	3030.1239490509033
120	3030.1239490509033
121	2660.892963409424
121	2660.892963409424
122	1797.0759868621826
122	1797.0759868621826
123	2087.717294692993
123	2087.717294692993
124	2205.7511806488037
124	2205.7511806488037
125	2076.0509967803955
125	2076.0509967803955
126	2118.9093589782715
126	2118.9093589782715
127	2157.761335372925
127	2157.761335372925
128	2366.3580417633057
128	2366.3580417633057
129	2383.5608959198
129	2383.5608959198
130	2898.310661315918
130	2898.310661315918
131	2230.4887771606445
131	2230.4887771606445
132	2582.7596187591553
132	2582.7596187591553
133	2469.1755771636963
133	2469.1755771636963
134	2541.2354469299316
134	2541.2354469299316
135	2435.610771179199
135	2435.610771179199
136	2793.910264968872
136	2793.910264968872
137	2600.1501083374023
137	2600.1501083374023
138	2540.761709213257
138	2540.761709213257
139	2562.795877456665
139	2562.795877456665
140	2974.971294403076
140	2974.971294403076
141	2587.369203567505
141	2587.369203567505
142	2495.962619781494
142	2495.962619781494
143	2564.258098602295
143	2564.258098602295
144	1894.005537033081
144	1894.005537033081
145	2188.077211380005
145	2188.077211380005
146	2166.9962406158447
146	2166.9962406158447
147	2137.9454135894775
147	2137.9454135894775
148	2476.766347885132
148	2476.766347885132
149	2398.897886276245
149	2398.897886276245
150	2899.4760513305664
150	2899.4760513305664
151	2518.65291595459
151	2518.65291595459
152	2307.3315620422363
152	2307.3315620422363
153	2505.3422451019287
153	2505.3422451019287
154	2495.941400527954
154	2495.941400527954
155	2521.1827754974365
155	2521.1827754974365
156	2479.3193340301514
156	2479.3193340301514
157	2816.7269229888916
157	2816.7269229888916
158	2406.639575958252
158	2406.639575958252
159	2337.9006385803223
159	2337.9006385803223
160	2806.9868087768555
160	2806.9868087768555
161	2571.1238384246826
161	2571.1238384246826
162	2446.216583251953
162	2446.216583251953
163	2487.0734214782715
163	2487.0734214782715
164	2563.0784034729004
164	2563.0784034729004
165	2549.70645904541
165	2549.70645904541
166	2539.2634868621826
166	2539.2634868621826
167	2626.1377334594727
167	2626.1377334594727
168	1903.6762714385986
168	1903.6762714385986
169	2229.405641555786
169	2229.405641555786
170	2756.960153579712
170	2756.960153579712
171	2339.693307876587
171	2339.693307876587
172	2400.949478149414
172	2400.949478149414
173	2424.64017868042
173	2424.64017868042
174	2216.993570327759
174	2216.993570327759
175	2474.58553314209
175	2474.58553314209
176	2456.366777420044
176	2456.366777420044
177	2359.9743843078613
177	2359.9743843078613
178	2331.110715866089
178	2331.110715866089
179	2585.602283477783
179	2585.602283477783
180	2936.835527420044
180	2936.835527420044
181	2547.5358963012695
181	2547.5358963012695
182	2412.8379821777344
182	2412.8379821777344
183	2454.4708728790283
183	2454.4708728790283
184	2331.286907196045
184	2331.286907196045
185	2507.0605278015137
185	2507.0605278015137
186	2558.088541030884
186	2558.088541030884
187	2342.280626296997
187	2342.280626296997
188	2550.872325897217
188	2550.872325897217
189	2530.9808254241943
189	2530.9808254241943
190	2495.039939880371
190	2495.039939880371
191	2235.194206237793
191	2235.194206237793
192	2011.8463039398193
192	2011.8463039398193
193	2174.0353107452393
193	2174.0353107452393
194	2326.3704776763916
194	2326.3704776763916
195	2219.3353176116943
195	2219.3353176116943
196	2398.00763130188
196	2398.00763130188
197	2459.235668182373
197	2459.235668182373
198	2485.043525695801
198	2485.043525695801
199	2681.0903549194336
199	2681.0903549194336
200	2733.135461807251
200	2733.135461807251
201	2580.03830909729
201	2580.03830909729
202	2489.7656440734863
202	2489.7656440734863
203	2515.1517391204834
203	2515.1517391204834
204	2489.922285079956
204	2489.922285079956
205	2497.690200805664
205	2497.690200805664
206	2593.402147293091
206	2593.402147293091
207	2229.9416065216064
207	2229.9416065216064
208	2518.3017253875732
208	2518.3017253875732
209	2379.927396774292
209	2379.927396774292
210	3270.754098892212
210	3270.754098892212
211	2413.524866104126
211	2413.524866104126
212	1961.5719318389893
212	1961.5719318389893
213	2105.8192253112793
213	2105.8192253112793
214	1955.8053016662598
214	1955.8053016662598
215	2347.2466468811035
215	2347.2466468811035
216	2363.5294437408447
216	2363.5294437408447
217	2595.8125591278076
217	2595.8125591278076
218	2411.9577407836914
218	2411.9577407836914
219	2192.5137042999268
219	2192.5137042999268
220	2695.4097747802734
220	2695.4097747802734
221	2360.212564468384
221	2360.212564468384
222	2476.710796356201
222	2476.710796356201
223	2461.963653564453
223	2461.963653564453
224	2689.1872882843018
224	2689.1872882843018
225	2511.3401412963867
225	2511.3401412963867
226	2586.015224456787
226	2586.015224456787
227	2290.235757827759
227	2290.235757827759
228	2604.235887527466
228	2604.235887527466
229	2716.343402862549
229	2716.343402862549
230	3096.3354110717773
230	3096.3354110717773
231	2602.839469909668
231	2602.839469909668
232	2693.636417388916
232	2693.636417388916
233	2472.881317138672
233	2472.881317138672
234	2725.719451904297
234	2725.719451904297
235	2196.600914001465
235	2196.600914001465
236	2352.105140686035
236	2352.105140686035
237	2325.173854827881
237	2325.173854827881
238	2701.434850692749
238	2701.434850692749
239	2429.1036128997803
239	2429.1036128997803
240	2952.8188705444336
240	2952.8188705444336
241	2723.212242126465
241	2723.212242126465
242	2199.268341064453
242	2199.268341064453
243	1975.9502410888672
243	1975.9502410888672
244	1972.1510410308838
244	1972.1510410308838
245	2511.2531185150146
245	2511.2531185150146
246	2410.5746746063232
246	2410.5746746063232
247	2570.377826690674
247	2570.377826690674
248	2499.1676807403564
248	2499.1676807403564
249	2346.877336502075
249	2346.877336502075
250	2956.725597381592
250	2956.725597381592
251	2742.985725402832
251	2742.985725402832
252	2253.5345554351807
252	2253.5345554351807
253	2506.413221359253
253	2506.413221359253
254	2961.6787433624268
254	2961.6787433624268
255	2574.5930671691895
255	2574.5930671691895
256	2549.487829208374
256	2549.487829208374
257	2131.4430236816406
257	2131.4430236816406
258	2053.0011653900146
258	2053.0011653900146
259	2084.4473838806152
259	2084.4473838806152
260	2653.735876083374
260	2653.735876083374
261	2298.816204071045
261	2298.816204071045
262	2400.191307067871
262	2400.191307067871
263	2396.5113162994385
263	2396.5113162994385
264	2519.5205211639404
264	2519.5205211639404
265	2509.857416152954
265	2509.857416152954
266	2451.012372970581
266	2451.012372970581
267	2464.643716812134
267	2464.643716812134
268	2122.1232414245605
268	2122.1232414245605
269	2522.1073627471924
269	2522.1073627471924
270	3161.404848098755
270	3161.404848098755
271	2088.5727405548096
271	2088.5727405548096
272	2171.804666519165
272	2171.804666519165
273	1998.5275268554688
273	1998.5275268554688
274	2070.6286430358887
274	2070.6286430358887
275	2351.7024517059326
275	2351.7024517059326
276	2426.652193069458
276	2426.652193069458
277	2414.1321182250977
277	2414.1321182250977
278	2429.741621017456
278	2429.741621017456
279	2473.613739013672
279	2473.613739013672
280	2691.8516159057617
280	2691.8516159057617
281	2444.528818130493
281	2444.528818130493
282	2492.0411109924316
282	2492.0411109924316
283	2591.8478965759277
283	2591.8478965759277
284	2245.452404022217
284	2245.452404022217
285	2525.6803035736084
285	2525.6803035736084
286	1777.970790863037
286	1777.970790863037
287	2046.3802814483643
287	2046.3802814483643
288	2133.4481239318848
288	2133.4481239318848
289	2349.7629165649414
289	2349.7629165649414
290	2842.203140258789
290	2842.203140258789
291	2292.1550273895264
291	2292.1550273895264
292	2480.8642864227295
292	2480.8642864227295
293	2368.135929107666
293	2368.135929107666
294	2472.5100994110107
294	2472.5100994110107
295	2477.6127338409424
295	2477.6127338409424
296	2515.739679336548
296	2515.739679336548
297	2335.3278636932373
297	2335.3278636932373
298	2522.03369140625
298	2522.03369140625
299	2477.721691131592
299	2477.721691131592
300	2753.5181045532227
300	2753.5181045532227
301	2511.913776397705
301	2511.913776397705
302	2318.391799926758
302	2318.391799926758
303	2563.403606414795
303	2563.403606414795
304	2525.9814262390137
304	2525.9814262390137
305	2348.5074043273926
305	2348.5074043273926
306	2417.902946472168
306	2417.902946472168
307	2513.028621673584
307	2513.028621673584
308	2365.3769493103027
308	2365.3769493103027
309	2086.4720344543457
309	2086.4720344543457
310	2593.461275100708
310	2593.461275100708
311	2162.402868270874
311	2162.402868270874
312	1995.8016872406006
312	1995.8016872406006
313	2081.5048217773438
313	2081.5048217773438
314	2415.4748916625977
314	2415.4748916625977
315	2031.4176082611084
315	2031.4176082611084
316	2138.7555599212646
316	2138.7555599212646
317	2479.4459342956543
317	2479.4459342956543
318	2554.961681365967
318	2554.961681365967
319	2315.8390522003174
319	2315.8390522003174
320	2884.819507598877
320	2884.819507598877
321	2372.771739959717
321	2372.771739959717
322	2489.2115592956543
322	2489.2115592956543
323	2509.5715522766113
323	2509.5715522766113
324	2510.176181793213
324	2510.176181793213
325	2478.9419174194336
325	2478.9419174194336
326	2533.3707332611084
326	2533.3707332611084
327	2501.0292530059814
327	2501.0292530059814
328	1398.3392715454102
328	1398.3392715454102
329	1193.0086612701416
329	1193.0086612701416
330	1770.3373432159424
330	1770.3373432159424
331	1371.3080883026123
331	1371.3080883026123
332	1209.019422531128
332	1209.019422531128
333	1372.84255027771
333	1372.84255027771
334	1309.8137378692627
334	1309.8137378692627
335	1315.0532245635986
335	1315.0532245635986
336	1293.2565212249756
336	1293.2565212249756
337	1142.3983573913574
337	1142.3983573913574
338	1457.937479019165
338	1457.937479019165
339	1347.6841449737549
339	1347.6841449737549
340	1934.7491264343262
340	1934.7491264343262
341	1353.1129360198975
341	1353.1129360198975
342	1348.06489944458
342	1348.06489944458
343	1389.596700668335
343	1389.596700668335
344	1257.7877044677734
344	1257.7877044677734
345	1339.853286743164
345	1339.853286743164
346	1418.0338382720947
346	1418.0338382720947
347	1463.9573097229004
347	1463.9573097229004
348	1305.6614398956299
348	1305.6614398956299
349	1330.859899520874
349	1330.859899520874
350	1816.7402744293213
350	1816.7402744293213
351	1208.8103294372559
351	1208.8103294372559
352	1359.8005771636963
352	1359.8005771636963
353	1402.4581909179688
353	1402.4581909179688
354	1340.4805660247803
354	1340.4805660247803
355	1400.1736640930176
355	1400.1736640930176
356	1425.7471561431885
356	1425.7471561431885
357	1210.9835147857666
357	1210.9835147857666
358	1422.2688674926758
358	1422.2688674926758
359	1401.4480113983154
359	1401.4480113983154
360	1841.6833877563477
360	1841.6833877563477
361	1367.7899837493896
361	1367.7899837493896
362	1417.9327487945557
362	1417.9327487945557
363	1392.040491104126
363	1392.040491104126
364	1383.366346359253
364	1383.366346359253
365	1425.1606464385986
365	1425.1606464385986
366	1364.6233081817627
366	1364.6233081817627
367	1412.67728805542
367	1412.67728805542
368	1342.7903652191162
368	1342.7903652191162
369	1414.0172004699707
369	1414.0172004699707
370	1810.0800514221191
370	1810.0800514221191
371	1328.9356231689453
371	1328.9356231689453
372	1457.7980041503906
372	1457.7980041503906
373	1258.124589920044
373	1258.124589920044
374	1193.009853363037
374	1193.009853363037
375	1424.5672225952148
375	1424.5672225952148
376	1350.6677150726318
376	1350.6677150726318
377	1415.3940677642822
377	1415.3940677642822
378	1185.8441829681396
378	1185.8441829681396
379	1328.8676738739014
379	1328.8676738739014
380	1699.920654296875
380	1699.920654296875
381	1362.994909286499
381	1362.994909286499
382	1362.7996444702148
382	1362.7996444702148
383	1576.2784481048584
383	1576.2784481048584
384	1285.7921123504639
384	1285.7921123504639
385	1415.719985961914
385	1415.719985961914
386	1322.5328922271729
386	1322.5328922271729
387	1264.0235424041748
387	1264.0235424041748
388	1201.8444538116455
388	1201.8444538116455
389	1407.515048980713
389	1407.515048980713
390	1863.5315895080566
390	1863.5315895080566
391	1290.7383441925049
391	1290.7383441925049
392	1183.1960678100586
392	1183.1960678100586
393	1177.6678562164307
393	1177.6678562164307
394	1316.298007965088
394	1316.298007965088
395	1210.0210189819336
395	1210.0210189819336
396	1073.331594467163
396	1073.331594467163
397	1188.664436340332
397	1188.664436340332
398	1181.8385124206543
398	1181.8385124206543
399	1211.1775875091553
399	1211.1775875091553
400	1666.734218597412
400	1666.734218597412
401	1209.8708152770996
401	1209.8708152770996
402	1488.7340068817139
402	1488.7340068817139
403	1248.4989166259766
403	1248.4989166259766
404	1408.1437587738037
404	1408.1437587738037
405	1358.109712600708
405	1358.109712600708
406	1427.7667999267578
406	1427.7667999267578
407	1401.22389793396
407	1401.22389793396
408	1250.8928775787354
408	1250.8928775787354
409	1412.5022888183594
409	1412.5022888183594
410	1865.8556938171387
410	1865.8556938171387
411	1176.4822006225586
411	1176.4822006225586
412	1331.1622142791748
412	1331.1622142791748
413	1231.76908493042
413	1231.76908493042
414	1303.3084869384766
414	1303.3084869384766
415	1262.7050876617432
415	1262.7050876617432
416	1298.9857196807861
416	1298.9857196807861
417	1314.582109451294
417	1314.582109451294
418	1276.749849319458
418	1276.749849319458
419	1407.0603847503662
419	1407.0603847503662
420	1728.4626960754395
420	1728.4626960754395
421	1364.8278713226318
421	1364.8278713226318
422	1186.2196922302246
422	1186.2196922302246
423	1300.649642944336
423	1300.649642944336
424	1285.417079925537
424	1285.417079925537
425	1328.6094665527344
425	1328.6094665527344
426	1373.1846809387207
426	1373.1846809387207
427	1352.7507781982422
427	1352.7507781982422
428	1331.5455913543701
428	1331.5455913543701
429	1244.1141605377197
429	1244.1141605377197
430	1769.8633670806885
430	1769.8633670806885
431	1257.5433254241943
431	1257.5433254241943
432	1342.982292175293
432	1342.982292175293
433	1301.4564514160156
433	1301.4564514160156
434	1170.7179546356201
434	1170.7179546356201
435	1291.2096977233887
435	1291.2096977233887
436	1198.8978385925293
436	1198.8978385925293
437	1348.9208221435547
437	1348.9208221435547
438	1464.6451473236084
438	1464.6451473236084
439	1339.111089706421
439	1339.111089706421
440	1805.1352500915527
440	1805.1352500915527
441	1205.4076194763184
441	1205.4076194763184
442	1392.3723697662354
442	1392.3723697662354
443	1382.5395107269287
443	1382.5395107269287
444	1313.0333423614502
444	1313.0333423614502
445	1366.8956756591797
445	1366.8956756591797
446	1319.0932273864746
446	1319.0932273864746
447	1325.7451057434082
447	1325.7451057434082
448	1291.609525680542
448	1291.609525680542
449	1286.5147590637207
449	1286.5147590637207
450	1891.6473388671875
450	1891.6473388671875
451	1196.718454360962
451	1196.718454360962
452	1353.7440299987793
452	1353.7440299987793
453	1337.4614715576172
453	1337.4614715576172
454	1409.4042778015137
454	1409.4042778015137
455	1361.5715503692627
455	1361.5715503692627
456	1317.8684711456299
456	1317.8684711456299
457	1364.6647930145264
457	1364.6647930145264
458	1288.57421875
458	1288.57421875
459	1542.0761108398438
459	1542.0761108398438
460	1640.1183605194092
460	1640.1183605194092
461	1333.2865238189697
461	1333.2865238189697
462	1376.5463829040527
462	1376.5463829040527
463	1477.4620532989502
463	1477.4620532989502
464	1299.959659576416
464	1299.959659576416
465	1311.0482692718506
465	1311.0482692718506
466	1244.6062564849854
466	1244.6062564849854
467	1276.26371383667
467	1276.26371383667
468	1286.5076065063477
468	1286.5076065063477
469	1459.852695465088
469	1459.852695465088
470	1814.7385120391846
470	1814.7385120391846
471	1155.3456783294678
471	1155.3456783294678
472	1412.4853610992432
472	1412.4853610992432
473	1422.6129055023193
473	1422.6129055023193
474	1307.9917430877686
474	1307.9917430877686
475	1321.4833736419678
475	1321.4833736419678
476	1310.2750778198242
476	1310.2750778198242
477	1350.221872329712
477	1350.221872329712
478	1387.7594470977783
478	1387.7594470977783
479	1222.625970840454
479	1222.625970840454
480	1796.0445880889893
480	1796.0445880889893
481	1411.8530750274658
481	1411.8530750274658
482	1314.9995803833008
482	1314.9995803833008
483	1358.311414718628
483	1358.311414718628
484	1327.1894454956055
484	1327.1894454956055
485	1207.0953845977783
485	1207.0953845977783
486	1348.489761352539
486	1348.489761352539
487	1336.6994857788086
487	1336.6994857788086
488	1386.5957260131836
488	1386.5957260131836
489	1391.6022777557373
489	1391.6022777557373
490	1796.8807220458984
490	1796.8807220458984
491	1387.5677585601807
491	1387.5677585601807
492	1398.2279300689697
492	1398.2279300689697
493	1362.2190952301025
493	1362.2190952301025
494	1330.1591873168945
494	1330.1591873168945
495	1364.241600036621
495	1364.241600036621
496	1329.0257453918457
496	1329.0257453918457
497	1371.2852001190186
497	1371.2852001190186
498	1260.8332633972168
498	1260.8332633972168
499	1398.5168933868408
499	1398.5168933868408
500	5937.912702560425
500	5937.912702560425
501	1168.8692569732666
501	1168.8692569732666
502	1181.5941333770752
502	1181.5941333770752
503	1172.5680828094482
503	1172.5680828094482
504	1032.1376323699951
504	1032.1376323699951
505	1038.2485389709473
505	1038.2485389709473
506	1481.5967082977295
506	1481.5967082977295
507	850.5470752716064
507	850.5470752716064
508	917.5114631652832
508	917.5114631652832
509	921.3559627532959
509	921.3559627532959
510	1675.2235889434814
510	1675.2235889434814
511	1393.0487632751465
511	1393.0487632751465
512	1174.422264099121
512	1174.422264099121
513	1380.7709217071533
513	1380.7709217071533
514	1353.4574508666992
514	1353.4574508666992
515	1691.2243366241455
515	1691.2243366241455
516	1471.346139907837
516	1471.346139907837
517	1211.5631103515625
517	1211.5631103515625
518	1403.1732082366943
518	1403.1732082366943
519	1214.5335674285889
519	1214.5335674285889
520	2539.6974086761475
520	2539.6974086761475
521	1915.369987487793
521	1915.369987487793
522	1982.4435710906982
522	1982.4435710906982
523	2308.570623397827
523	2308.570623397827
524	2344.069480895996
524	2344.069480895996
525	2247.9960918426514
525	2247.9960918426514
526	2432.187080383301
526	2432.187080383301
527	2372.145414352417
527	2372.145414352417
528	2420.7065105438232
528	2420.7065105438232
529	2464.5655155181885
529	2464.5655155181885
530	2907.7184200286865
530	2907.7184200286865
531	2484.0240478515625
531	2484.0240478515625
532	2450.349807739258
532	2450.349807739258
533	2304.621934890747
533	2304.621934890747
534	1650.9013175964355
534	1650.9013175964355
535	2381.5877437591553
535	2381.5877437591553
536	2316.798448562622
536	2316.798448562622
537	2575.4005908966064
537	2575.4005908966064
538	2592.6592350006104
538	2592.6592350006104
539	2305.817127227783
539	2305.817127227783
540	2992.091655731201
540	2992.091655731201
541	2361.2523078918457
541	2361.2523078918457
542	2563.4076595306396
542	2563.4076595306396
543	2075.0350952148438
543	2075.0350952148438
544	2121.8154430389404
544	2121.8154430389404
545	2160.785675048828
545	2160.785675048828
546	2296.255350112915
546	2296.255350112915
547	2370.6040382385254
547	2370.6040382385254
548	2417.0448780059814
548	2417.0448780059814
549	2386.648178100586
549	2386.648178100586
550	2701.890707015991
550	2701.890707015991
551	2343.3899879455566
551	2343.3899879455566
552	2312.2425079345703
552	2312.2425079345703
553	2464.0769958496094
553	2464.0769958496094
554	2436.7616176605225
554	2436.7616176605225
555	2505.7315826416016
555	2505.7315826416016
556	2444.835901260376
556	2444.835901260376
557	2528.714895248413
557	2528.714895248413
558	2535.2981090545654
558	2535.2981090545654
559	2507.9805850982666
559	2507.9805850982666
560	2789.015531539917
560	2789.015531539917
561	2307.1277141571045
561	2307.1277141571045
562	2104.8905849456787
562	2104.8905849456787
563	2219.9442386627197
563	2219.9442386627197
564	2396.20304107666
564	2396.20304107666
565	2400.1715183258057
565	2400.1715183258057
566	2071.380853652954
566	2071.380853652954
567	2477.403163909912
567	2477.403163909912
568	2380.2499771118164
568	2380.2499771118164
569	2465.9321308135986
569	2465.9321308135986
570	2667.0358180999756
570	2667.0358180999756
571	2229.7303676605225
571	2229.7303676605225
572	2448.3962059020996
572	2448.3962059020996
573	2526.1361598968506
573	2526.1361598968506
574	2591.067314147949
574	2591.067314147949
575	2548.682689666748
575	2548.682689666748
576	2540.231704711914
576	2540.231704711914
577	2331.2394618988037
577	2331.2394618988037
578	2267.3470973968506
578	2267.3470973968506
579	2597.3329544067383
579	2597.3329544067383
580	2955.9733867645264
580	2955.9733867645264
581	2595.308542251587
581	2595.308542251587
582	2578.7501335144043
582	2578.7501335144043
583	2607.7828407287598
583	2607.7828407287598
584	2065.9592151641846
584	2065.9592151641846
585	2060.168504714966
585	2060.168504714966
586	2200.2828121185303
586	2200.2828121185303
587	2163.0918979644775
587	2163.0918979644775
588	2158.9996814727783
588	2158.9996814727783
589	2184.2856407165527
589	2184.2856407165527
590	2829.1172981262207
590	2829.1172981262207
591	2486.7990016937256
591	2486.7990016937256
592	2541.0048961639404
592	2541.0048961639404
593	2460.935354232788
593	2460.935354232788
594	2281.531810760498
594	2281.531810760498
595	2473.231315612793
595	2473.231315612793
596	2542.3126220703125
596	2542.3126220703125
597	2821.4519023895264
597	2821.4519023895264
598	2797.116756439209
598	2797.116756439209
599	2506.3629150390625
599	2506.3629150390625
600	2744.58384513855
600	2744.58384513855
601	2474.379777908325
601	2474.379777908325
602	2774.597644805908
602	2774.597644805908
603	2671.447277069092
603	2671.447277069092
604	2634.1185569763184
604	2634.1185569763184
605	2589.7397994995117
605	2589.7397994995117
606	2524.315595626831
606	2524.315595626831
607	2014.5974159240723
607	2014.5974159240723
608	2520.339250564575
608	2520.339250564575
609	2338.7441635131836
609	2338.7441635131836
610	2819.6818828582764
610	2819.6818828582764
611	2435.356378555298
611	2435.356378555298
612	2353.96409034729
612	2353.96409034729
613	2402.660131454468
613	2402.660131454468
614	2725.15606880188
614	2725.15606880188
615	2575.1142501831055
615	2575.1142501831055
616	2551.9843101501465
616	2551.9843101501465
617	2497.382640838623
617	2497.382640838623
618	2539.592981338501
618	2539.592981338501
619	2375.459909439087
619	2375.459909439087
620	3044.1319942474365
620	3044.1319942474365
621	2565.3743743896484
621	2565.3743743896484
622	2670.032739639282
622	2670.032739639282
623	2612.022876739502
623	2612.022876739502
624	2435.405731201172
624	2435.405731201172
625	2500.3743171691895
625	2500.3743171691895
626	2777.5368690490723
626	2777.5368690490723
627	2599.120616912842
627	2599.120616912842
628	2359.935760498047
628	2359.935760498047
629	2683.1371784210205
629	2683.1371784210205
630	2336.566209793091
630	2336.566209793091
631	2168.864965438843
631	2168.864965438843
632	2208.746910095215
632	2208.746910095215
633	2309.093713760376
633	2309.093713760376
634	2170.7777976989746
634	2170.7777976989746
635	2405.651330947876
635	2405.651330947876
636	2405.902147293091
636	2405.902147293091
637	2264.5421028137207
637	2264.5421028137207
638	2309.6423149108887
638	2309.6423149108887
639	2261.3582611083984
639	2261.3582611083984
640	2984.6925735473633
640	2984.6925735473633
641	2462.7957344055176
641	2462.7957344055176
642	2554.051160812378
642	2554.051160812378
643	2589.9808406829834
643	2589.9808406829834
644	2524.549961090088
644	2524.549961090088
645	2626.7623901367188
645	2626.7623901367188
646	2516.637086868286
646	2516.637086868286
647	2616.8720722198486
647	2616.8720722198486
648	2480.513334274292
648	2480.513334274292
649	2540.1976108551025
649	2540.1976108551025
650	2829.2412757873535
650	2829.2412757873535
651	2025.4065990447998
651	2025.4065990447998
652	2229.865789413452
652	2229.865789413452
653	2159.9459648132324
653	2159.9459648132324
654	2381.4289569854736
654	2381.4289569854736
655	2392.2979831695557
655	2392.2979831695557
656	2386.7452144622803
656	2386.7452144622803
657	2489.0475273132324
657	2489.0475273132324
658	2460.538387298584
658	2460.538387298584
659	2272.841691970825
659	2272.841691970825
660	2727.999448776245
660	2727.999448776245
661	2403.1944274902344
661	2403.1944274902344
662	2835.642099380493
662	2835.642099380493
663	2557.546854019165
663	2557.546854019165
664	2649.1832733154297
664	2649.1832733154297
665	2514.723300933838
665	2514.723300933838
666	2515.5129432678223
666	2515.5129432678223
667	2572.335720062256
667	2572.335720062256
668	2776.6261100769043
668	2776.6261100769043
669	2349.553346633911
669	2349.553346633911
670	2831.7742347717285
670	2831.7742347717285
671	2605.116367340088
671	2605.116367340088
672	2132.77006149292
672	2132.77006149292
673	1919.1060066223145
673	1919.1060066223145
674	2189.699411392212
674	2189.699411392212
675	2262.946367263794
675	2262.946367263794
676	2107.959032058716
676	2107.959032058716
677	2394.3285942077637
677	2394.3285942077637
678	2440.1047229766846
678	2440.1047229766846
679	2619.8294162750244
679	2619.8294162750244
680	2966.0580158233643
680	2966.0580158233643
681	2327.1491527557373
681	2327.1491527557373
682	2397.3941802978516
682	2397.3941802978516
683	2447.2498893737793
683	2447.2498893737793
684	2621.6578483581543
684	2621.6578483581543
685	2209.6245288848877
685	2209.6245288848877
686	2176.645040512085
686	2176.645040512085
687	1996.6771602630615
687	1996.6771602630615
688	2313.65704536438
688	2313.65704536438
689	2349.3356704711914
689	2349.3356704711914
690	2660.9952449798584
690	2660.9952449798584
691	2513.237237930298
691	2513.237237930298
692	2239.849090576172
692	2239.849090576172
693	2258.7151527404785
693	2258.7151527404785
694	2462.5422954559326
694	2462.5422954559326
695	2585.0844383239746
695	2585.0844383239746
696	2371.340036392212
696	2371.340036392212
697	2484.8098754882812
697	2484.8098754882812
698	2310.3251457214355
698	2310.3251457214355
699	2529.1264057159424
699	2529.1264057159424
700	3054.255485534668
700	3054.255485534668
701	2429.5082092285156
701	2429.5082092285156
702	2449.1324424743652
702	2449.1324424743652
703	2400.97975730896
703	2400.97975730896
704	2585.6266021728516
704	2585.6266021728516
705	2388.894557952881
705	2388.894557952881
706	2408.086061477661
706	2408.086061477661
707	2187.778949737549
707	2187.778949737549
708	2069.3185329437256
708	2069.3185329437256
709	2112.175226211548
709	2112.175226211548
710	2544.987916946411
710	2544.987916946411
711	2309.5176219940186
711	2309.5176219940186
712	2339.7605419158936
712	2339.7605419158936
713	2376.875638961792
713	2376.875638961792
714	2425.7471561431885
714	2425.7471561431885
715	2364.9983406066895
715	2364.9983406066895
716	2503.54266166687
716	2503.54266166687
717	2609.6158027648926
717	2609.6158027648926
718	2638.6847496032715
718	2638.6847496032715
719	2424.511671066284
719	2424.511671066284
720	3155.2538871765137
720	3155.2538871765137
721	2588.789939880371
721	2588.789939880371
722	2767.517566680908
722	2767.517566680908
723	2498.347520828247
723	2498.347520828247
724	2845.8478450775146
724	2845.8478450775146
725	2519.026517868042
725	2519.026517868042
726	2793.696403503418
726	2793.696403503418
727	2752.9048919677734
727	2752.9048919677734
728	2723.888635635376
728	2723.888635635376
729	2809.9241256713867
729	2809.9241256713867
730	2696.0289478302
730	2696.0289478302
731	2958.0390453338623
731	2958.0390453338623
732	2194.1466331481934
732	2194.1466331481934
733	2469.7015285491943
733	2469.7015285491943
734	2404.639720916748
734	2404.639720916748
735	2387.557029724121
735	2387.557029724121
736	2559.4866275787354
736	2559.4866275787354
737	2479.6407222747803
737	2479.6407222747803
738	2528.019428253174
738	2528.019428253174
739	2484.9960803985596
739	2484.9960803985596
740	3002.838134765625
740	3002.838134765625
741	2538.942813873291
741	2538.942813873291
742	2622.753143310547
742	2622.753143310547
743	2566.635847091675
743	2566.635847091675
744	2620.291233062744
744	2620.291233062744
745	2609.531879425049
745	2609.531879425049
746	2548.2265949249268
746	2548.2265949249268
747	2550.971746444702
747	2550.971746444702
748	2579.106569290161
748	2579.106569290161
749	2641.876220703125
749	2641.876220703125
750	3066.8554306030273
750	3066.8554306030273
751	2613.328456878662
751	2613.328456878662
752	2056.539297103882
752	2056.539297103882
753	2025.6633758544922
753	2025.6633758544922
754	2182.5575828552246
754	2182.5575828552246
755	2283.0588817596436
755	2283.0588817596436
756	2205.260992050171
756	2205.260992050171
757	2394.7970867156982
757	2394.7970867156982
758	2496.0415363311768
758	2496.0415363311768
759	2552.4449348449707
759	2552.4449348449707
760	2972.1519947052
760	2972.1519947052
761	2617.6064014434814
761	2617.6064014434814
762	2501.1513233184814
762	2501.1513233184814
763	2551.8250465393066
763	2551.8250465393066
764	2504.76336479187
764	2504.76336479187
765	2650.752305984497
765	2650.752305984497
766	2509.9918842315674
766	2509.9918842315674
767	2636.2106800079346
767	2636.2106800079346
768	2790.3192043304443
768	2790.3192043304443
769	2434.911012649536
769	2434.911012649536
770	3086.07816696167
770	3086.07816696167
771	2388.0839347839355
771	2388.0839347839355
772	2559.102773666382
772	2559.102773666382
773	2193.183422088623
773	2193.183422088623
774	2102.6384830474854
774	2102.6384830474854
775	2106.111764907837
775	2106.111764907837
776	2130.29408454895
776	2130.29408454895
777	2195.5175399780273
777	2195.5175399780273
778	2538.9740467071533
778	2538.9740467071533
779	2379.3113231658936
779	2379.3113231658936
780	2891.946792602539
780	2891.946792602539
781	2450.247287750244
781	2450.247287750244
782	2438.507556915283
782	2438.507556915283
783	2480.642795562744
783	2480.642795562744
784	2299.8926639556885
784	2299.8926639556885
785	2506.147623062134
785	2506.147623062134
786	2485.614776611328
786	2485.614776611328
787	2722.226142883301
787	2722.226142883301
788	2099.876642227173
788	2099.876642227173
789	1477.1676063537598
789	1477.1676063537598
790	1889.0409469604492
790	1889.0409469604492
791	1283.5719585418701
791	1283.5719585418701
792	1569.3821907043457
792	1569.3821907043457
793	1254.8580169677734
793	1254.8580169677734
794	1405.2846431732178
794	1405.2846431732178
795	1382.4896812438965
795	1382.4896812438965
796	1398.1082439422607
796	1398.1082439422607
797	1338.2182121276855
797	1338.2182121276855
798	1321.1419582366943
798	1321.1419582366943
799	1416.2187576293945
799	1416.2187576293945
800	1834.714412689209
800	1834.714412689209
801	1284.4429016113281
801	1284.4429016113281
802	1365.879774093628
802	1365.879774093628
803	1421.6783046722412
803	1421.6783046722412
804	1273.031234741211
804	1273.031234741211
805	1288.9256477355957
805	1288.9256477355957
806	1375.1001358032227
806	1375.1001358032227
807	1460.8914852142334
807	1460.8914852142334
808	1432.7402114868164
808	1432.7402114868164
809	1358.3440780639648
809	1358.3440780639648
810	1803.1597137451172
810	1803.1597137451172
811	1370.4118728637695
811	1370.4118728637695
812	1330.7173252105713
812	1330.7173252105713
813	1334.6996307373047
813	1334.6996307373047
814	1302.9649257659912
814	1302.9649257659912
815	1250.2846717834473
815	1250.2846717834473
816	1424.2804050445557
816	1424.2804050445557
817	1201.1454105377197
817	1201.1454105377197
818	1344.4108963012695
818	1344.4108963012695
819	1215.6431674957275
819	1215.6431674957275
820	1870.3029155731201
820	1870.3029155731201
821	1270.6868648529053
821	1270.6868648529053
822	1313.8880729675293
822	1313.8880729675293
823	1543.3921813964844
823	1543.3921813964844
824	1168.1029796600342
824	1168.1029796600342
825	1300.0218868255615
825	1300.0218868255615
826	1384.2990398406982
826	1384.2990398406982
827	1335.5796337127686
827	1335.5796337127686
828	1399.7910022735596
828	1399.7910022735596
829	1302.6182651519775
829	1302.6182651519775
830	1772.3252773284912
830	1772.3252773284912
831	1326.021671295166
831	1326.021671295166
832	1417.9396629333496
832	1417.9396629333496
833	1287.426233291626
833	1287.426233291626
834	1359.3053817749023
834	1359.3053817749023
835	1401.5114307403564
835	1401.5114307403564
836	1357.607364654541
836	1357.607364654541
837	1309.784173965454
837	1309.784173965454
838	1405.7886600494385
838	1405.7886600494385
839	1392.1830654144287
839	1392.1830654144287
840	1744.532585144043
840	1744.532585144043
841	1266.028881072998
841	1266.028881072998
842	1459.6052169799805
842	1459.6052169799805
843	1371.5007305145264
843	1371.5007305145264
844	1333.5938453674316
844	1333.5938453674316
845	1251.9874572753906
845	1251.9874572753906
846	1330.6472301483154
846	1330.6472301483154
847	1365.4613494873047
847	1365.4613494873047
848	1309.0853691101074
848	1309.0853691101074
849	1487.4353408813477
849	1487.4353408813477
850	1735.1102828979492
850	1735.1102828979492
851	1318.9830780029297
851	1318.9830780029297
852	1383.0184936523438
852	1383.0184936523438
853	1333.10866355896
853	1333.10866355896
854	1442.164659500122
854	1442.164659500122
855	1338.7351036071777
855	1338.7351036071777
856	1387.8967761993408
856	1387.8967761993408
857	1369.5316314697266
857	1369.5316314697266
858	1310.7891082763672
858	1310.7891082763672
859	1430.7022094726562
859	1430.7022094726562
860	1775.6998538970947
860	1775.6998538970947
861	1305.6280612945557
861	1305.6280612945557
862	1294.0113544464111
862	1294.0113544464111
863	1510.0653171539307
863	1510.0653171539307
864	1461.8706703186035
864	1461.8706703186035
865	1556.8735599517822
865	1556.8735599517822
866	1034.3618392944336
866	1034.3618392944336
867	1187.330961227417
867	1187.330961227417
868	1181.746244430542
868	1181.746244430542
869	1071.9213485717773
869	1071.9213485717773
870	1605.0047874450684
870	1605.0047874450684
871	1072.9820728302002
871	1072.9820728302002
872	1175.5402088165283
872	1175.5402088165283
873	1162.5821590423584
873	1162.5821590423584
874	1434.4944953918457
874	1434.4944953918457
875	857.7651977539062
875	857.7651977539062
876	929.2850494384766
876	929.2850494384766
877	949.2344856262207
877	949.2344856262207
878	1202.573299407959
878	1202.573299407959
879	1431.0417175292969
879	1431.0417175292969
880	1818.0694580078125
880	1818.0694580078125
881	1334.855079650879
881	1334.855079650879
882	1097.5494384765625
882	1097.5494384765625
883	1387.0480060577393
883	1387.0480060577393
884	1447.4318027496338
884	1447.4318027496338
885	1307.969093322754
885	1307.969093322754
886	1397.9403972625732
886	1397.9403972625732
887	1244.6882724761963
887	1244.6882724761963
888	1398.867130279541
888	1398.867130279541
889	1403.4442901611328
889	1403.4442901611328
890	1889.8472785949707
890	1889.8472785949707
891	1366.86372756958
891	1366.86372756958
892	1199.1007328033447
892	1199.1007328033447
893	1382.0950984954834
893	1382.0950984954834
894	1380.9428215026855
894	1380.9428215026855
895	1325.7396221160889
895	1325.7396221160889
896	1380.105972290039
896	1380.105972290039
897	1192.8715705871582
897	1192.8715705871582
898	1210.871934890747
898	1210.871934890747
899	1365.7643795013428
899	1365.7643795013428
900	1777.4477005004883
900	1777.4477005004883
901	1400.2957344055176
901	1400.2957344055176
902	1441.7917728424072
902	1441.7917728424072
903	1193.1560039520264
903	1193.1560039520264
904	1404.6545028686523
904	1404.6545028686523
905	1342.6215648651123
905	1342.6215648651123
906	1319.481372833252
906	1319.481372833252
907	1312.591791152954
907	1312.591791152954
908	1160.0430011749268
908	1160.0430011749268
909	1365.1108741760254
909	1365.1108741760254
910	1784.4750881195068
910	1784.4750881195068
911	1318.162441253662
911	1318.162441253662
912	1472.745418548584
912	1472.745418548584
913	1460.2420330047607
913	1460.2420330047607
914	1296.1499691009521
914	1296.1499691009521
915	1372.6942539215088
915	1372.6942539215088
916	1353.0511856079102
916	1353.0511856079102
917	1350.6369590759277
917	1350.6369590759277
918	1224.5967388153076
918	1224.5967388153076
919	1412.4641418457031
919	1412.4641418457031
920	1630.7005882263184
920	1630.7005882263184
921	1202.2795677185059
921	1202.2795677185059
922	1233.0920696258545
922	1233.0920696258545
923	1333.6780071258545
923	1333.6780071258545
924	1362.8218173980713
924	1362.8218173980713
925	1639.024019241333
925	1639.024019241333
926	1344.93088722229
926	1344.93088722229
927	1376.424789428711
927	1376.424789428711
928	1335.3955745697021
928	1335.3955745697021
929	1433.0196380615234
929	1433.0196380615234
930	1759.9828243255615
930	1759.9828243255615
931	1301.023244857788
931	1301.023244857788
932	1385.8981132507324
932	1385.8981132507324
933	1361.8919849395752
933	1361.8919849395752
934	1384.9096298217773
934	1384.9096298217773
935	1350.039005279541
935	1350.039005279541
936	1361.5567684173584
936	1361.5567684173584
937	1302.769660949707
937	1302.769660949707
938	1630.59663772583
938	1630.59663772583
939	1369.9865341186523
939	1369.9865341186523
940	1852.1862030029297
940	1852.1862030029297
941	1320.2576637268066
941	1320.2576637268066
942	1317.8050518035889
942	1317.8050518035889
943	1398.2481956481934
943	1398.2481956481934
944	1603.6546230316162
944	1603.6546230316162
945	1286.4441871643066
945	1286.4441871643066
946	1177.2406101226807
946	1177.2406101226807
947	1387.831687927246
947	1387.831687927246
948	1403.8598537445068
948	1403.8598537445068
949	1192.4996376037598
949	1192.4996376037598
950	2094.3119525909424
950	2094.3119525909424
951	1344.6900844573975
951	1344.6900844573975
952	1346.6901779174805
952	1346.6901779174805
953	1379.9808025360107
953	1379.9808025360107
954	1373.3546733856201
954	1373.3546733856201
955	1360.2783679962158
955	1360.2783679962158
956	1386.0936164855957
956	1386.0936164855957
957	1404.961109161377
957	1404.961109161377
958	1291.0182476043701
958	1291.0182476043701
959	1330.7993412017822
959	1330.7993412017822
960	1921.6668605804443
960	1921.6668605804443
961	1667.4072742462158
961	1667.4072742462158
962	1323.141098022461
962	1323.141098022461
963	1436.1350536346436
963	1436.1350536346436
964	1281.4280986785889
964	1281.4280986785889
965	1450.3819942474365
965	1450.3819942474365
966	1355.189323425293
966	1355.189323425293
967	1204.8664093017578
967	1204.8664093017578
968	1376.638650894165
968	1376.638650894165
969	1429.5775890350342
969	1429.5775890350342
970	1800.4529476165771
970	1800.4529476165771
971	1440.3278827667236
971	1440.3278827667236
972	1644.3307399749756
972	1644.3307399749756
973	1308.884859085083
973	1308.884859085083
974	1438.5077953338623
974	1438.5077953338623
975	1333.1668376922607
975	1333.1668376922607
976	1411.1926555633545
976	1411.1926555633545
977	1337.876796722412
977	1337.876796722412
978	1381.8354606628418
978	1381.8354606628418
979	1418.7564849853516
979	1418.7564849853516
980	1782.853364944458
980	1782.853364944458
981	1251.7950534820557
981	1251.7950534820557
982	1119.852066040039
982	1119.852066040039
983	1169.4588661193848
983	1169.4588661193848
984	1038.090705871582
984	1038.090705871582
985	1053.1854629516602
985	1053.1854629516602
986	1186.8557929992676
986	1186.8557929992676
987	1180.638074874878
987	1180.638074874878
988	1072.4780559539795
988	1072.4780559539795
989	1684.6027374267578
989	1684.6027374267578
990	1563.7061595916748
990	1563.7061595916748
991	1091.2628173828125
991	1091.2628173828125
992	1239.1407489776611
992	1239.1407489776611
993	1378.8580894470215
993	1378.8580894470215
994	2378.891706466675
994	2378.891706466675
995	2245.6490993499756
995	2245.6490993499756
996	2258.397102355957
996	2258.397102355957
997	2392.8210735321045
997	2392.8210735321045
998	2339.357614517212
998	2339.357614517212
999	2423.130989074707
999	2423.130989074707
1000	16044.502019882202
1000	16044.502019882202
1001	2072.390079498291
1001	2072.390079498291
1002	2096.379280090332
1002	2096.379280090332
1003	2233.638048171997
1003	2233.638048171997
1004	2108.4365844726562
1004	2108.4365844726562
1005	2380.1193237304688
1005	2380.1193237304688
1006	2310.447931289673
1006	2310.447931289673
1007	2529.4203758239746
1007	2529.4203758239746
1008	2253.9799213409424
1008	2253.9799213409424
1009	2552.1328449249268
1009	2552.1328449249268
1010	3155.851125717163
1010	3155.851125717163
1011	2547.9819774627686
1011	2547.9819774627686
1012	2656.501054763794
1012	2656.501054763794
1013	2586.0817432403564
1013	2586.0817432403564
1014	2637.3238563537598
1014	2637.3238563537598
1015	2543.9093112945557
1015	2543.9093112945557
1016	2460.0353240966797
1016	2460.0353240966797
1017	2047.9717254638672
1017	2047.9717254638672
1018	1965.4438495635986
1018	1965.4438495635986
1019	2019.441843032837
1019	2019.441843032837
1020	2718.4317111968994
1020	2718.4317111968994
1021	2357.445001602173
1021	2357.445001602173
1022	2421.076774597168
1022	2421.076774597168
1023	2243.220806121826
1023	2243.220806121826
1024	2239.4912242889404
1024	2239.4912242889404
1025	2264.3227577209473
1025	2264.3227577209473
1026	2490.752935409546
1026	2490.752935409546
1027	2350.482225418091
1027	2350.482225418091
1028	2439.443826675415
1028	2439.443826675415
1029	2420.8450317382812
1029	2420.8450317382812
1030	3009.3448162078857
1030	3009.3448162078857
1031	2586.9510173797607
1031	2586.9510173797607
1032	2497.715473175049
1032	2497.715473175049
1033	2470.745325088501
1033	2470.745325088501
1034	2181.446313858032
1034	2181.446313858032
1035	2321.43235206604
1035	2321.43235206604
1036	2141.1256790161133
1036	2141.1256790161133
1037	2608.027935028076
1037	2608.027935028076
1038	2902.6143550872803
1038	2902.6143550872803
1039	2673.8109588623047
1039	2673.8109588623047
1040	2917.813777923584
1040	2917.813777923584
1041	2388.329029083252
1041	2388.329029083252
1042	2365.7495975494385
1042	2365.7495975494385
1043	2726.8810272216797
1043	2726.8810272216797
1044	2328.3753395080566
1044	2328.3753395080566
1045	2528.778553009033
1045	2528.778553009033
1046	2583.8143825531006
1046	2583.8143825531006
1047	2382.423162460327
1047	2382.423162460327
1048	2430.6328296661377
1048	2430.6328296661377
1049	2520.549535751343
1049	2520.549535751343
1050	3029.407262802124
1050	3029.407262802124
1051	2627.8297901153564
1051	2627.8297901153564
1052	2574.6421813964844
1052	2574.6421813964844
1053	2029.3099880218506
1053	2029.3099880218506
1054	2077.834129333496
1054	2077.834129333496
1055	2356.18257522583
1055	2356.18257522583
1056	2355.156183242798
1056	2355.156183242798
1057	2401.036024093628
1057	2401.036024093628
1058	2463.5331630706787
1058	2463.5331630706787
1059	2397.597074508667
1059	2397.597074508667
1060	2789.2303466796875
1060	2789.2303466796875
1061	2500.811815261841
1061	2500.811815261841
1062	2617.6862716674805
1062	2617.6862716674805
1063	2593.0275917053223
1063	2593.0275917053223
1064	2512.9737854003906
1064	2512.9737854003906
1065	2330.0204277038574
1065	2330.0204277038574
1066	2578.566551208496
1066	2578.566551208496
1067	2544.5003509521484
1067	2544.5003509521484
1068	2422.3978519439697
1068	2422.3978519439697
1069	2591.5045738220215
1069	2591.5045738220215
1070	2997.4799156188965
1070	2997.4799156188965
1071	2276.2045860290527
1071	2276.2045860290527
1072	2621.211290359497
1072	2621.211290359497
1073	2602.719783782959
1073	2602.719783782959
1074	2413.2611751556396
1074	2413.2611751556396
1075	2585.7181549072266
1075	2585.7181549072266
1076	2294.067859649658
1076	2294.067859649658
1077	1816.4770603179932
1077	1816.4770603179932
1078	2234.611988067627
1078	2234.611988067627
1079	2014.746904373169
1079	2014.746904373169
1080	2845.6473350524902
1080	2845.6473350524902
1081	2401.150703430176
1081	2401.150703430176
1082	2417.9718494415283
1082	2417.9718494415283
1083	2545.8860397338867
1083	2545.8860397338867
1084	2275.907516479492
1084	2275.907516479492
1085	2271.817684173584
1085	2271.817684173584
1086	2511.122226715088
1086	2511.122226715088
1087	2459.3324661254883
1087	2459.3324661254883
1088	2543.1954860687256
1088	2543.1954860687256
1089	2609.8849773406982
1089	2609.8849773406982
1090	2793.726921081543
1090	2793.726921081543
1091	2557.3670864105225
1091	2557.3670864105225
1092	2368.894338607788
1092	2368.894338607788
1093	2672.344446182251
1093	2672.344446182251
1094	1901.1704921722412
1094	1901.1704921722412
1095	2162.6157760620117
1095	2162.6157760620117
1096	2158.933162689209
1096	2158.933162689209
1097	2391.7787075042725
1097	2391.7787075042725
1098	2328.1924724578857
1098	2328.1924724578857
1099	2482.956647872925
1099	2482.956647872925
1100	2773.104667663574
1100	2773.104667663574
1101	2238.1856441497803
1101	2238.1856441497803
1102	2510.1568698883057
1102	2510.1568698883057
1103	2200.655221939087
1103	2200.655221939087
1104	2546.3883876800537
1104	2546.3883876800537
1105	2582.099437713623
1105	2582.099437713623
1106	2328.95827293396
1106	2328.95827293396
1107	2303.7571907043457
1107	2303.7571907043457
1108	2412.834405899048
1108	2412.834405899048
1109	2753.427743911743
1109	2753.427743911743
1110	2759.6662044525146
1110	2759.6662044525146
1111	2313.2553100585938
1111	2313.2553100585938
1112	2655.4718017578125
1112	2655.4718017578125
1113	2620.0273036956787
1113	2620.0273036956787
1114	2629.243850708008
1114	2629.243850708008
1115	2531.4555168151855
1115	2531.4555168151855
1116	2471.703290939331
1116	2471.703290939331
1117	2078.338146209717
1117	2078.338146209717
1118	1967.6413536071777
1118	1967.6413536071777
1119	2083.120107650757
1119	2083.120107650757
1120	2554.6393394470215
1120	2554.6393394470215
1121	2219.3117141723633
1121	2219.3117141723633
1122	2376.652717590332
1122	2376.652717590332
1123	2485.6700897216797
1123	2485.6700897216797
1124	2554.9845695495605
1124	2554.9845695495605
1125	2513.7851238250732
1125	2513.7851238250732
1126	2464.1547203063965
1126	2464.1547203063965
1127	2587.3749256134033
1127	2587.3749256134033
1128	2560.5969429016113
1128	2560.5969429016113
1129	2419.389486312866
1129	2419.389486312866
1130	2769.0961360931396
1130	2769.0961360931396
1131	2263.2381916046143
1131	2263.2381916046143
1132	1947.9684829711914
1132	1947.9684829711914
1133	2185.347318649292
1133	2185.347318649292
1134	1892.7628993988037
1134	1892.7628993988037
1135	2241.0802841186523
1135	2241.0802841186523
1136	2489.872932434082
1136	2489.872932434082
1137	2448.0981826782227
1137	2448.0981826782227
1138	2407.3309898376465
1138	2407.3309898376465
1139	2466.0472869873047
1139	2466.0472869873047
1140	2925.53448677063
1140	2925.53448677063
1141	2705.7602405548096
1141	2705.7602405548096
1142	2508.5983276367188
1142	2508.5983276367188
1143	2553.138017654419
1143	2553.138017654419
1144	2611.483573913574
1144	2611.483573913574
1145	2552.0339012145996
1145	2552.0339012145996
1146	2347.722291946411
1146	2347.722291946411
1147	2079.599142074585
1147	2079.599142074585
1148	2214.6503925323486
1148	2214.6503925323486
1149	2337.0230197906494
1149	2337.0230197906494
1150	2800.384759902954
1150	2800.384759902954
1151	2071.441173553467
1151	2071.441173553467
1152	2329.8301696777344
1152	2329.8301696777344
1153	2498.2290267944336
1153	2498.2290267944336
1154	2315.434455871582
1154	2315.434455871582
1155	2549.6063232421875
1155	2549.6063232421875
1156	2609.2913150787354
1156	2609.2913150787354
1157	2533.1082344055176
1157	2533.1082344055176
1158	2557.548999786377
1158	2557.548999786377
1159	2572.8812217712402
1159	2572.8812217712402
1160	3005.6469440460205
1160	3005.6469440460205
1161	2556.4310550689697
1161	2556.4310550689697
1162	2416.6603088378906
1162	2416.6603088378906
1163	2072.6304054260254
1163	2072.6304054260254
1164	2150.245428085327
1164	2150.245428085327
1165	2154.580593109131
1165	2154.580593109131
1166	2359.884262084961
1166	2359.884262084961
1167	2398.470640182495
1167	2398.470640182495
1168	2442.81268119812
1168	2442.81268119812
1169	2514.437437057495
1169	2514.437437057495
1170	2971.6410636901855
1170	2971.6410636901855
1171	2529.80637550354
1171	2529.80637550354
1172	2395.854949951172
1172	2395.854949951172
1173	2580.7809829711914
1173	2580.7809829711914
1174	2538.250684738159
1174	2538.250684738159
1175	2336.629867553711
1175	2336.629867553711
1176	2561.624526977539
1176	2561.624526977539
1177	2596.3003635406494
1177	2596.3003635406494
1178	2785.4363918304443
1178	2785.4363918304443
1179	2568.6047077178955
1179	2568.6047077178955
1180	3137.751579284668
1180	3137.751579284668
1181	2483.9982986450195
1181	2483.9982986450195
1182	2609.7476482391357
1182	2609.7476482391357
1183	2578.066349029541
1183	2578.066349029541
1184	2325.2058029174805
1184	2325.2058029174805
1185	1830.9516906738281
1185	1830.9516906738281
1186	2206.7220211029053
1186	2206.7220211029053
1187	2251.1119842529297
1187	2251.1119842529297
1188	2339.1904830932617
1188	2339.1904830932617
1189	2388.4739875793457
1189	2388.4739875793457
1190	2849.6756553649902
1190	2849.6756553649902
1191	2473.7555980682373
1191	2473.7555980682373
1192	2517.8301334381104
1192	2517.8301334381104
1193	2823.782444000244
1193	2823.782444000244
1194	2621.1202144622803
1194	2621.1202144622803
1195	2428.485870361328
1195	2428.485870361328
1196	2623.812437057495
1196	2623.812437057495
1197	2441.720724105835
1197	2441.720724105835
1198	2693.6213970184326
1198	2693.6213970184326
1199	2849.5991230010986
1199	2849.5991230010986
1200	3147.3522186279297
1200	3147.3522186279297
1201	2817.859649658203
1201	2817.859649658203
1202	2551.259756088257
1202	2551.259756088257
1203	2800.0686168670654
1203	2800.0686168670654
1204	2797.1086502075195
1204	2797.1086502075195
1205	2726.361036300659
1205	2726.361036300659
1206	3073.003053665161
1206	3073.003053665161
1207	1424.8356819152832
1207	1424.8356819152832
1208	1563.929796218872
1208	1563.929796218872
1209	1654.8855304718018
1209	1654.8855304718018
1210	2585.618734359741
1210	2585.618734359741
1211	2304.567813873291
1211	2304.567813873291
1212	2136.1005306243896
1212	2136.1005306243896
1213	2431.0386180877686
1213	2431.0386180877686
1214	2241.8110370635986
1214	2241.8110370635986
1215	2340.649366378784
1215	2340.649366378784
1216	2246.807813644409
1216	2246.807813644409
1217	2471.2979793548584
1217	2471.2979793548584
1218	2501.133918762207
1218	2501.133918762207
1219	2297.527313232422
1219	2297.527313232422
1220	3540.1597023010254
1220	3540.1597023010254
1221	2554.5480251312256
1221	2554.5480251312256
1222	2592.3473834991455
1222	2592.3473834991455
1223	2516.78204536438
1223	2516.78204536438
1224	2641.8638229370117
1224	2641.8638229370117
1225	2271.972417831421
1225	2271.972417831421
1226	1454.4196128845215
1226	1454.4196128845215
1227	1295.889139175415
1227	1295.889139175415
1228	1402.122974395752
1228	1402.122974395752
1229	1323.2929706573486
1229	1323.2929706573486
1230	1897.660493850708
1230	1897.660493850708
1231	1399.4476795196533
1231	1399.4476795196533
1232	1444.8156356811523
1232	1444.8156356811523
1233	1451.7672061920166
1233	1451.7672061920166
1234	1421.7021465301514
1234	1421.7021465301514
1235	1376.3840198516846
1235	1376.3840198516846
1236	1366.1167621612549
1236	1366.1167621612549
1237	1225.940465927124
1237	1225.940465927124
1238	1424.8242378234863
1238	1424.8242378234863
1239	1534.527063369751
1239	1534.527063369751
1240	1724.2727279663086
1240	1724.2727279663086
1241	1406.1181545257568
1241	1406.1181545257568
1242	1326.3449668884277
1242	1326.3449668884277
1243	1604.097604751587
1243	1604.097604751587
1244	1333.0090045928955
1244	1333.0090045928955
1245	1437.2234344482422
1245	1437.2234344482422
1246	1378.021478652954
1246	1378.021478652954
1247	1415.088415145874
1247	1415.088415145874
1248	1413.146734237671
1248	1413.146734237671
1249	1411.3647937774658
1249	1411.3647937774658
1250	1805.318832397461
1250	1805.318832397461
1251	1468.0955410003662
1251	1468.0955410003662
1252	1240.4820919036865
1252	1240.4820919036865
1253	1271.7924118041992
1253	1271.7924118041992
1254	1425.0257015228271
1254	1425.0257015228271
1255	1425.4088401794434
1255	1425.4088401794434
1256	1433.960199356079
1256	1433.960199356079
1257	1442.8610801696777
1257	1442.8610801696777
1258	1275.721788406372
1258	1275.721788406372
1259	1430.6654930114746
1259	1430.6654930114746
1260	1681.5855503082275
1260	1681.5855503082275
1261	1239.1293048858643
1261	1239.1293048858643
1262	1436.1038208007812
1262	1436.1038208007812
1263	1343.4033393859863
1263	1343.4033393859863
1264	1427.3700714111328
1264	1427.3700714111328
1265	1227.9119491577148
1265	1227.9119491577148
1266	1363.694667816162
1266	1363.694667816162
1267	1454.174518585205
1267	1454.174518585205
1268	1664.351463317871
1268	1664.351463317871
1269	1464.533805847168
1269	1464.533805847168
1270	1812.6869201660156
1270	1812.6869201660156
1271	1378.0841827392578
1271	1378.0841827392578
1272	1369.6961402893066
1272	1369.6961402893066
1273	1409.56449508667
1273	1409.56449508667
1274	1371.4630603790283
1274	1371.4630603790283
1275	1242.3295974731445
1275	1242.3295974731445
1276	1394.0064907073975
1276	1394.0064907073975
1277	1326.301097869873
1277	1326.301097869873
1278	1740.9546375274658
1278	1740.9546375274658
1279	1401.2970924377441
1279	1401.2970924377441
1280	1793.3049201965332
1280	1793.3049201965332
1281	1237.086296081543
1281	1237.086296081543
1282	1418.257713317871
1282	1418.257713317871
1283	1733.435869216919
1283	1733.435869216919
1284	1241.6515350341797
1284	1241.6515350341797
1285	1414.4480228424072
1285	1414.4480228424072
1286	1248.1062412261963
1286	1248.1062412261963
1287	1470.984935760498
1287	1470.984935760498
1288	1351.1989116668701
1288	1351.1989116668701
1289	1501.3902187347412
1289	1501.3902187347412
1290	1773.2086181640625
1290	1773.2086181640625
1291	1416.8415069580078
1291	1416.8415069580078
1292	1421.548843383789
1292	1421.548843383789
1293	1400.2494812011719
1293	1400.2494812011719
1294	1363.8498783111572
1294	1363.8498783111572
1295	1426.7077445983887
1295	1426.7077445983887
1296	1451.0438442230225
1296	1451.0438442230225
1297	1194.8964595794678
1297	1194.8964595794678
1298	1403.3432006835938
1298	1403.3432006835938
1299	1453.490972518921
1299	1453.490972518921
1300	1864.6650314331055
1300	1864.6650314331055
1301	1434.7567558288574
1301	1434.7567558288574
1302	1235.384225845337
1302	1235.384225845337
1303	1459.3284130096436
1303	1459.3284130096436
1304	1628.0481815338135
1304	1628.0481815338135
1305	1218.5280323028564
1305	1218.5280323028564
1306	1322.0677375793457
1306	1322.0677375793457
1307	1354.8946380615234
1307	1354.8946380615234
1308	1255.0089359283447
1308	1255.0089359283447
1309	1308.5479736328125
1309	1308.5479736328125
1310	1882.8043937683105
1310	1882.8043937683105
1311	1453.0396461486816
1311	1453.0396461486816
1312	1376.607894897461
1312	1376.607894897461
1313	1430.6437969207764
1313	1430.6437969207764
1314	1373.1796741485596
1314	1373.1796741485596
1315	1384.793758392334
1315	1384.793758392334
1316	1407.5076580047607
1316	1407.5076580047607
1317	1412.4648571014404
1317	1412.4648571014404
1318	1073.467493057251
1318	1073.467493057251
1319	1179.2001724243164
1319	1179.2001724243164
1320	1838.3128643035889
1320	1838.3128643035889
1321	1182.049036026001
1321	1182.049036026001
1322	1202.408790588379
1322	1202.408790588379
1323	1002.220630645752
1323	1002.220630645752
1324	1191.633701324463
1324	1191.633701324463
1325	1255.4619312286377
1325	1255.4619312286377
1326	1089.3752574920654
1326	1089.3752574920654
1327	1244.8797225952148
1327	1244.8797225952148
1328	1562.2971057891846
1328	1562.2971057891846
1329	1485.3553771972656
1329	1485.3553771972656
1330	1737.2288703918457
1330	1737.2288703918457
1331	1445.0232982635498
1331	1445.0232982635498
1332	1204.3724060058594
1332	1204.3724060058594
1333	1372.7550506591797
1333	1372.7550506591797
1334	1353.395938873291
1334	1353.395938873291
1335	1419.9347496032715
1335	1419.9347496032715
1336	1397.4621295928955
1336	1397.4621295928955
1337	1461.8284702301025
1337	1461.8284702301025
1338	1325.6607055664062
1338	1325.6607055664062
1339	1379.5967102050781
1339	1379.5967102050781
1340	1736.1085414886475
1340	1736.1085414886475
1341	1302.8666973114014
1341	1302.8666973114014
1342	1391.502857208252
1342	1391.502857208252
1343	1334.5422744750977
1343	1334.5422744750977
1344	1250.6229877471924
1344	1250.6229877471924
1345	1254.4212341308594
1345	1254.4212341308594
1346	1471.2004661560059
1346	1471.2004661560059
1347	1474.6553897857666
1347	1474.6553897857666
1348	1459.7249031066895
1348	1459.7249031066895
1349	1431.0886859893799
1349	1431.0886859893799
1350	1854.8402786254883
1350	1854.8402786254883
1351	1306.9593906402588
1351	1306.9593906402588
1352	1426.2492656707764
1352	1426.2492656707764
1353	1424.0143299102783
1353	1424.0143299102783
1354	1412.0078086853027
1354	1412.0078086853027
1355	1375.5743503570557
1355	1375.5743503570557
1356	1324.4118690490723
1356	1324.4118690490723
1357	1442.6121711730957
1357	1442.6121711730957
1358	1441.7271614074707
1358	1441.7271614074707
1359	1434.4615936279297
1359	1434.4615936279297
1360	1845.0946807861328
1360	1845.0946807861328
1361	1485.3954315185547
1361	1485.3954315185547
1362	1373.5394477844238
1362	1373.5394477844238
1363	1442.1849250793457
1363	1442.1849250793457
1364	1355.311393737793
1364	1355.311393737793
1365	1413.7389659881592
1365	1413.7389659881592
1366	1433.8514804840088
1366	1433.8514804840088
1367	1443.737506866455
1367	1443.737506866455
1368	1356.8339347839355
1368	1356.8339347839355
1369	1342.848539352417
1369	1342.848539352417
1370	1746.1130619049072
1370	1746.1130619049072
1371	1380.3634643554688
1371	1380.3634643554688
1372	1426.2874126434326
1372	1426.2874126434326
1373	1238.3618354797363
1373	1238.3618354797363
1374	1463.0515575408936
1374	1463.0515575408936
1375	1405.2789211273193
1375	1405.2789211273193
1376	1303.7266731262207
1376	1303.7266731262207
1377	1440.936803817749
1377	1440.936803817749
1378	1221.2762832641602
1378	1221.2762832641602
1379	1439.0559196472168
1379	1439.0559196472168
1380	1840.3019905090332
1380	1840.3019905090332
1381	1472.6691246032715
1381	1472.6691246032715
1382	1302.6320934295654
1382	1302.6320934295654
1383	1361.0401153564453
1383	1361.0401153564453
1384	1458.324909210205
1384	1458.324909210205
1385	1275.8657932281494
1385	1275.8657932281494
1386	1219.3448543548584
1386	1219.3448543548584
1387	1367.1026229858398
1387	1367.1026229858398
1388	1232.2242259979248
1388	1232.2242259979248
1389	1446.1736679077148
1389	1446.1736679077148
1390	1932.206392288208
1390	1932.206392288208
1391	1464.1046524047852
1391	1464.1046524047852
1392	1242.5780296325684
1392	1242.5780296325684
1393	1221.1103439331055
1393	1221.1103439331055
1394	1359.2448234558105
1394	1359.2448234558105
1395	1417.5660610198975
1395	1417.5660610198975
1396	1459.0673446655273
1396	1459.0673446655273
1397	1428.5047054290771
1397	1428.5047054290771
1398	1316.6608810424805
1398	1316.6608810424805
1399	1369.9920177459717
1399	1369.9920177459717
1400	1832.3066234588623
1400	1832.3066234588623
1401	1383.6815357208252
1401	1383.6815357208252
1402	1399.980068206787
1402	1399.980068206787
1403	1421.0288524627686
1403	1421.0288524627686
1404	1446.4695453643799
1404	1446.4695453643799
1405	1362.5767230987549
1405	1362.5767230987549
1406	1255.202054977417
1406	1255.202054977417
1407	1499.8347759246826
1407	1499.8347759246826
1408	1464.5636081695557
1408	1464.5636081695557
1409	1456.3078880310059
1409	1456.3078880310059
1410	1986.4833354949951
1410	1986.4833354949951
1411	1305.0603866577148
1411	1305.0603866577148
1412	1331.4704895019531
1412	1331.4704895019531
1413	1370.3014850616455
1413	1370.3014850616455
1414	1436.692237854004
1414	1436.692237854004
1415	1456.5563201904297
1415	1456.5563201904297
1416	1663.0542278289795
1416	1663.0542278289795
1417	1670.7115173339844
1417	1670.7115173339844
1418	1474.945306777954
1418	1474.945306777954
1419	1375.1451969146729
1419	1375.1451969146729
1420	1754.9595832824707
1420	1754.9595832824707
1421	2058.8014125823975
1421	2058.8014125823975
1422	2169.848680496216
1422	2169.848680496216
1423	2085.7911109924316
1423	2085.7911109924316
1424	2281.2464237213135
1424	2281.2464237213135
1425	2442.983865737915
1425	2442.983865737915
1426	2416.7158603668213
1426	2416.7158603668213
1427	2523.071765899658
1427	2523.071765899658
1428	2381.830930709839
1428	2381.830930709839
1429	2492.5715923309326
1429	2492.5715923309326
1430	2902.5893211364746
1430	2902.5893211364746
1431	2314.159154891968
1431	2314.159154891968
1432	2598.724365234375
1432	2598.724365234375
1433	2625.6306171417236
1433	2625.6306171417236
1434	2598.8614559173584
1434	2598.8614559173584
1435	2682.5668811798096
1435	2682.5668811798096
1436	2679.7847747802734
1436	2679.7847747802734
1437	2701.9944190979004
1437	2701.9944190979004
1438	2755.6939125061035
1438	2755.6939125061035
1439	2758.1946849823
1439	2758.1946849823
1440	3227.278232574463
1440	3227.278232574463
1441	2765.3181552886963
1441	2765.3181552886963
1442	2593.6713218688965
1442	2593.6713218688965
1443	2137.3651027679443
1443	2137.3651027679443
1444	2493.645668029785
1444	2493.645668029785
1445	2768.939971923828
1445	2768.939971923828
1446	2325.0060081481934
1446	2325.0060081481934
1447	2314.9619102478027
1447	2314.9619102478027
1448	2963.0730152130127
1448	2963.0730152130127
1449	1717.2620296478271
1449	1717.2620296478271
1450	2631.2732696533203
1450	2631.2732696533203
1451	2505.2521228790283
1451	2505.2521228790283
1452	2568.666458129883
1452	2568.666458129883
1453	2566.9949054718018
1453	2566.9949054718018
1454	2630.1047801971436
1454	2630.1047801971436
1455	2621.2799549102783
1455	2621.2799549102783
1456	2597.482919692993
1456	2597.482919692993
1457	2506.6468715667725
1457	2506.6468715667725
1458	1989.8560047149658
1458	1989.8560047149658
1459	2049.4511127471924
1459	2049.4511127471924
1460	2386.6615295410156
1460	2386.6615295410156
1461	2316.941499710083
1461	2316.941499710083
1462	2162.2965335845947
1462	2162.2965335845947
1463	2439.6274089813232
1463	2439.6274089813232
1464	2455.6729793548584
1464	2455.6729793548584
1465	2555.312156677246
1465	2555.312156677246
1466	2543.651580810547
1466	2543.651580810547
1467	2298.065185546875
1467	2298.065185546875
1468	2569.01478767395
1468	2569.01478767395
1469	2516.9284343719482
1469	2516.9284343719482
1470	3123.014450073242
1470	3123.014450073242
1471	2542.966365814209
1471	2542.966365814209
1472	2570.0325965881348
1472	2570.0325965881348
1473	2349.9858379364014
1473	2349.9858379364014
1474	2620.2120780944824
1474	2620.2120780944824
1475	2624.8724460601807
1475	2624.8724460601807
1476	2444.758176803589
1476	2444.758176803589
1477	2675.5969524383545
1477	2675.5969524383545
1478	2662.5680923461914
1478	2662.5680923461914
1479	2652.1949768066406
1479	2652.1949768066406
1480	2530.109405517578
1480	2530.109405517578
1481	1621.173620223999
1481	1621.173620223999
1482	2208.280324935913
1482	2208.280324935913
1483	2068.5787200927734
1483	2068.5787200927734
1484	2292.7801609039307
1484	2292.7801609039307
1485	2186.2335205078125
1485	2186.2335205078125
1486	2455.388307571411
1486	2455.388307571411
1487	2491.7471408843994
1487	2491.7471408843994
1488	2341.0117626190186
1488	2341.0117626190186
1489	2264.6353244781494
1489	2264.6353244781494
1490	2950.5362510681152
1490	2950.5362510681152
1491	2419.410228729248
1491	2419.410228729248
1492	2434.418201446533
1492	2434.418201446533
1493	2537.9302501678467
1493	2537.9302501678467
1494	2582.568645477295
1494	2582.568645477295
1495	2572.4868774414062
1495	2572.4868774414062
1496	2380.145788192749
1496	2380.145788192749
1497	2562.3555183410645
1497	2562.3555183410645
1498	2362.534523010254
1498	2362.534523010254
1499	2602.727174758911
1499	2602.727174758911
1500	10344.696044921875
1500	10344.696044921875
1501	2456.7623138427734
1501	2456.7623138427734
1502	2333.258867263794
1502	2333.258867263794
1503	2383.8021755218506
1503	2383.8021755218506
1504	2612.2398376464844
1504	2612.2398376464844
1505	2565.6330585479736
1505	2565.6330585479736
1506	2472.151517868042
1506	2472.151517868042
1507	2606.879949569702
1507	2606.879949569702
1508	2619.0710067749023
1508	2619.0710067749023
1509	2547.0499992370605
1509	2547.0499992370605
1510	2999.0217685699463
1510	2999.0217685699463
1511	2544.999837875366
1511	2544.999837875366
1512	1756.6494941711426
1512	1756.6494941711426
1513	2290.8289432525635
1513	2290.8289432525635
1514	2352.8711795806885
1514	2352.8711795806885
1515	2142.29416847229
1515	2142.29416847229
1516	2465.1846885681152
1516	2465.1846885681152
1517	2573.976993560791
1517	2573.976993560791
1518	2477.7607917785645
1518	2477.7607917785645
1519	2608.2663536071777
1519	2608.2663536071777
1520	3000.6682872772217
1520	3000.6682872772217
1521	2348.8638401031494
1521	2348.8638401031494
1522	2533.2958698272705
1522	2533.2958698272705
1523	2585.6988430023193
1523	2585.6988430023193
1524	2593.5518741607666
1524	2593.5518741607666
1525	2545.410633087158
1525	2545.410633087158
1526	2581.833839416504
1526	2581.833839416504
1527	2267.2019004821777
1527	2267.2019004821777
1528	2049.7753620147705
1528	2049.7753620147705
1529	2303.9939403533936
1529	2303.9939403533936
1530	2805.6657314300537
1530	2805.6657314300537
1531	2658.0610275268555
1531	2658.0610275268555
1532	2610.029458999634
1532	2610.029458999634
1533	2658.935070037842
1533	2658.935070037842
1534	2396.973133087158
1534	2396.973133087158
1535	2374.5925426483154
1535	2374.5925426483154
1536	2494.515895843506
1536	2494.515895843506
1537	2535.719156265259
1537	2535.719156265259
1538	2477.96630859375
1538	2477.96630859375
1539	2371.7362880706787
1539	2371.7362880706787
1540	2833.385705947876
1540	2833.385705947876
1541	2587.489366531372
1541	2587.489366531372
1542	2601.738691329956
1542	2601.738691329956
1543	2631.4857006073
1543	2631.4857006073
1544	2533.5421562194824
1544	2533.5421562194824
1545	2610.095977783203
1545	2610.095977783203
1546	2631.122350692749
1546	2631.122350692749
1547	2577.782154083252
1547	2577.782154083252
1548	2713.228702545166
1548	2713.228702545166
1549	2086.3966941833496
1549	2086.3966941833496
1550	2786.632299423218
1550	2786.632299423218
1551	2211.801767349243
1551	2211.801767349243
1552	2465.0604724884033
1552	2465.0604724884033
1553	2223.8783836364746
1553	2223.8783836364746
1554	2624.6302127838135
1554	2624.6302127838135
1555	2516.528606414795
1555	2516.528606414795
1556	2298.3694076538086
1556	2298.3694076538086
1557	2297.3783016204834
1557	2297.3783016204834
1558	2540.8897399902344
1558	2540.8897399902344
1559	2566.439151763916
1559	2566.439151763916
1560	3076.589584350586
1560	3076.589584350586
1561	2654.2739868164062
1561	2654.2739868164062
1562	2353.405237197876
1562	2353.405237197876
1563	2321.695566177368
1563	2321.695566177368
1564	1831.390619277954
1564	1831.390619277954
1565	2107.13529586792
1565	2107.13529586792
1566	2159.677743911743
1566	2159.677743911743
1567	2573.007583618164
1567	2573.007583618164
1568	2373.3654022216797
1568	2373.3654022216797
1569	2445.357322692871
1569	2445.357322692871
1570	2987.8029823303223
1570	2987.8029823303223
1571	2481.804847717285
1571	2481.804847717285
1572	2311.329126358032
1572	2311.329126358032
1573	2571.1450576782227
1573	2571.1450576782227
1574	2608.5965633392334
1574	2608.5965633392334
1575	2359.1673374176025
1575	2359.1673374176025
1576	2591.4669036865234
1576	2591.4669036865234
1577	2525.686025619507
1577	2525.686025619507
1578	2641.4787769317627
1578	2641.4787769317627
1579	2440.136194229126
1579	2440.136194229126
1580	3071.505546569824
1580	3071.505546569824
1581	2578.8159370422363
1581	2578.8159370422363
1582	2639.9171352386475
1582	2639.9171352386475
1583	2166.900396347046
1583	2166.900396347046
1584	1975.5337238311768
1584	1975.5337238311768
1585	2205.420732498169
1585	2205.420732498169
1586	2355.8547496795654
1586	2355.8547496795654
1587	2189.5344257354736
1587	2189.5344257354736
1588	2340.357542037964
1588	2340.357542037964
1589	2553.427219390869
1589	2553.427219390869
1590	3003.2753944396973
1590	3003.2753944396973
1591	2294.015645980835
1591	2294.015645980835
1592	2713.4132385253906
1592	2713.4132385253906
1593	2473.468065261841
1593	2473.468065261841
1594	2338.463068008423
1594	2338.463068008423
1595	2372.5390434265137
1595	2372.5390434265137
1596	2596.6126918792725
1596	2596.6126918792725
1597	2469.305992126465
1597	2469.305992126465
1598	2592.942714691162
1598	2592.942714691162
1599	2216.7844772338867
1599	2216.7844772338867
1600	2623.8327026367188
1600	2623.8327026367188
1601	2317.967176437378
1601	2317.967176437378
1602	2442.384958267212
1602	2442.384958267212
1603	2286.2961292266846
1603	2286.2961292266846
1604	2219.114065170288
1604	2219.114065170288
1605	2637.5367641448975
1605	2637.5367641448975
1606	2483.135938644409
1606	2483.135938644409
1607	2537.140130996704
1607	2537.140130996704
1608	2467.3609733581543
1608	2467.3609733581543
1609	2579.0066719055176
1609	2579.0066719055176
1610	2930.1483631134033
1610	2930.1483631134033
1611	2667.3760414123535
1611	2667.3760414123535
1612	2564.987897872925
1612	2564.987897872925
1613	2385.8306407928467
1613	2385.8306407928467
1614	2565.0670528411865
1614	2565.0670528411865
1615	2632.6184272766113
1615	2632.6184272766113
1616	2576.1146545410156
1616	2576.1146545410156
1617	2391.124725341797
1617	2391.124725341797
1618	2583.1546783447266
1618	2583.1546783447266
1619	2616.9681549072266
1619	2616.9681549072266
1620	2541.86749458313
1620	2541.86749458313
1621	2202.672243118286
1621	2202.672243118286
1622	2223.0324745178223
1622	2223.0324745178223
1623	2252.2988319396973
1623	2252.2988319396973
1624	2370.515823364258
1624	2370.515823364258
1625	2423.9490032196045
1625	2423.9490032196045
1626	2541.1155223846436
1626	2541.1155223846436
1627	2232.090950012207
1627	2232.090950012207
1628	2497.6911544799805
1628	2497.6911544799805
1629	2486.7911338806152
1629	2486.7911338806152
1630	2868.067741394043
1630	2868.067741394043
1631	2494.0948486328125
1631	2494.0948486328125
1632	2528.3586978912354
1632	2528.3586978912354
1633	2558.2902431488037
1633	2558.2902431488037
1634	2379.424571990967
1634	2379.424571990967
1635	2556.318521499634
1635	2556.318521499634
1636	2561.427116394043
1636	2561.427116394043
1637	2552.757740020752
1637	2552.757740020752
1638	2335.4268074035645
1638	2335.4268074035645
1639	2446.2761878967285
1639	2446.2761878967285
1640	2877.100944519043
1640	2877.100944519043
1641	2570.610523223877
1641	2570.610523223877
1642	2067.556381225586
1642	2067.556381225586
1643	2003.873586654663
1643	2003.873586654663
1644	2159.912109375
1644	2159.912109375
1645	2033.5042476654053
1645	2033.5042476654053
1646	2537.173271179199
1646	2537.173271179199
1647	2247.1940517425537
1647	2247.1940517425537
1648	2247.6234436035156
1648	2247.6234436035156
1649	2482.37681388855
1649	2482.37681388855
1650	3111.3381385803223
1650	3111.3381385803223
1651	2557.7900409698486
1651	2557.7900409698486
1652	2589.435815811157
1652	2589.435815811157
1653	2574.4307041168213
1653	2574.4307041168213
1654	2418.2472229003906
1654	2418.2472229003906
1655	1458.8279724121094
1655	1458.8279724121094
1656	1305.2451610565186
1656	1305.2451610565186
1657	1232.6042652130127
1657	1232.6042652130127
1658	1181.7727088928223
1658	1181.7727088928223
1659	1391.284465789795
1659	1391.284465789795
1660	1945.86181640625
1660	1945.86181640625
1661	1296.435832977295
1661	1296.435832977295
1662	1315.7923221588135
1662	1315.7923221588135
1663	1455.2011489868164
1663	1455.2011489868164
1664	1348.7865924835205
1664	1348.7865924835205
1665	1373.7461566925049
1665	1373.7461566925049
1666	1209.7315788269043
1666	1209.7315788269043
1667	1428.4851551055908
1667	1428.4851551055908
1668	1308.2072734832764
1668	1308.2072734832764
1669	1328.439712524414
1669	1328.439712524414
1670	2007.9200267791748
1670	2007.9200267791748
1671	1374.3541240692139
1671	1374.3541240692139
1672	1241.7018413543701
1672	1241.7018413543701
1673	1404.552698135376
1673	1404.552698135376
1674	1266.7934894561768
1674	1266.7934894561768
1675	1402.4999141693115
1675	1402.4999141693115
1676	1408.6802005767822
1676	1408.6802005767822
1677	1411.529541015625
1677	1411.529541015625
1678	1424.1504669189453
1678	1424.1504669189453
1679	1294.349193572998
1679	1294.349193572998
1680	1852.9231548309326
1680	1852.9231548309326
1681	1481.1813831329346
1681	1481.1813831329346
1682	1375.3352165222168
1682	1375.3352165222168
1683	1411.2989902496338
1683	1411.2989902496338
1684	1476.783275604248
1684	1476.783275604248
1685	1414.0357971191406
1685	1414.0357971191406
1686	1355.2205562591553
1686	1355.2205562591553
1687	1220.228910446167
1687	1220.228910446167
1688	1398.2250690460205
1688	1398.2250690460205
1689	1348.0772972106934
1689	1348.0772972106934
1690	1846.9252586364746
1690	1846.9252586364746
1691	1449.380874633789
1691	1449.380874633789
1692	1302.5696277618408
1692	1302.5696277618408
1693	1443.4406757354736
1693	1443.4406757354736
1694	1235.5878353118896
1694	1235.5878353118896
1695	1328.0813694000244
1695	1328.0813694000244
1696	1419.4798469543457
1696	1419.4798469543457
1697	1329.892635345459
1697	1329.892635345459
1698	1347.393274307251
1698	1347.393274307251
1699	1471.5237617492676
1699	1471.5237617492676
1700	1691.6866302490234
1700	1691.6866302490234
1701	1425.898790359497
1701	1425.898790359497
1702	1410.2673530578613
1702	1410.2673530578613
1703	1424.3288040161133
1703	1424.3288040161133
1704	1246.1564540863037
1704	1246.1564540863037
1705	1200.0789642333984
1705	1200.0789642333984
1706	1401.9956588745117
1706	1401.9956588745117
1707	1354.299545288086
1707	1354.299545288086
1708	1391.087532043457
1708	1391.087532043457
1709	1217.4568176269531
1709	1217.4568176269531
1710	2034.8575115203857
1710	2034.8575115203857
1711	1325.8612155914307
1711	1325.8612155914307
1712	1463.7722969055176
1712	1463.7722969055176
1713	1363.9373779296875
1713	1363.9373779296875
1714	1343.6739444732666
1714	1343.6739444732666
1715	1461.4698886871338
1715	1461.4698886871338
1716	1270.7304954528809
1716	1270.7304954528809
1717	1594.6242809295654
1717	1594.6242809295654
1718	1209.7673416137695
1718	1209.7673416137695
1719	1287.1496677398682
1719	1287.1496677398682
1720	1873.0638027191162
1720	1873.0638027191162
1721	1384.087085723877
1721	1384.087085723877
1722	1348.2067584991455
1722	1348.2067584991455
1723	1410.4106426239014
1723	1410.4106426239014
1724	1437.1309280395508
1724	1437.1309280395508
1725	1302.788496017456
1725	1302.788496017456
1726	1356.877088546753
1726	1356.877088546753
1727	1418.778419494629
1727	1418.778419494629
1728	1290.9507751464844
1728	1290.9507751464844
1729	1419.5959568023682
1729	1419.5959568023682
1730	1924.3395328521729
1730	1924.3395328521729
1731	1333.6751461029053
1731	1333.6751461029053
1732	1410.0048542022705
1732	1410.0048542022705
1733	1452.9023170471191
1733	1452.9023170471191
1734	1191.6110515594482
1734	1191.6110515594482
1735	1454.0588855743408
1735	1454.0588855743408
1736	1288.8767719268799
1736	1288.8767719268799
1737	1429.6228885650635
1737	1429.6228885650635
1738	1419.9857711791992
1738	1419.9857711791992
1739	1377.2482872009277
1739	1377.2482872009277
1740	1859.0021133422852
1740	1859.0021133422852
1741	1427.0823001861572
1741	1427.0823001861572
1742	1397.991418838501
1742	1397.991418838501
1743	1494.6746826171875
1743	1494.6746826171875
1744	1249.5696544647217
1744	1249.5696544647217
1745	1484.4903945922852
1745	1484.4903945922852
1746	1475.7909774780273
1746	1475.7909774780273
1747	1335.8733654022217
1747	1335.8733654022217
1748	1327.6982307434082
1748	1327.6982307434082
1749	1213.9766216278076
1749	1213.9766216278076
1750	1847.8929996490479
1750	1847.8929996490479
1751	1372.8928565979004
1751	1372.8928565979004
1752	1399.9543190002441
1752	1399.9543190002441
1753	1214.9972915649414
1753	1214.9972915649414
1754	1403.857707977295
1754	1403.857707977295
1755	1343.7778949737549
1755	1343.7778949737549
1756	1341.3150310516357
1756	1341.3150310516357
1757	1338.8314247131348
1757	1338.8314247131348
1758	1352.5750637054443
1758	1352.5750637054443
1759	1320.812702178955
1759	1320.812702178955
1760	1542.349100112915
1760	1542.349100112915
1761	1183.8781833648682
1761	1183.8781833648682
1762	1169.973611831665
1762	1169.973611831665
1763	1247.7874755859375
1763	1247.7874755859375
1764	1062.9088878631592
1764	1062.9088878631592
1765	1239.0038967132568
1765	1239.0038967132568
1766	1113.7607097625732
1766	1113.7607097625732
1767	1196.8884468078613
1767	1196.8884468078613
1768	1193.4518814086914
1768	1193.4518814086914
1769	1197.2341537475586
1769	1197.2341537475586
1770	2188.6143684387207
1770	2188.6143684387207
1771	951.1590003967285
1771	951.1590003967285
1772	879.8630237579346
1772	879.8630237579346
1773	1449.0509033203125
1773	1449.0509033203125
1774	1342.808723449707
1774	1342.808723449707
1775	1347.519874572754
1775	1347.519874572754
1776	1431.9682121276855
1776	1431.9682121276855
1777	1413.6016368865967
1777	1413.6016368865967
1778	1463.3169174194336
1778	1463.3169174194336
1779	1400.8839130401611
1779	1400.8839130401611
1780	1831.350326538086
1780	1831.350326538086
1781	1313.5437965393066
1781	1313.5437965393066
1782	1406.888484954834
1782	1406.888484954834
1783	1419.1455841064453
1783	1419.1455841064453
1784	1416.5740013122559
1784	1416.5740013122559
1785	1426.621913909912
1785	1426.621913909912
1786	1394.8025703430176
1786	1394.8025703430176
1787	1362.9465103149414
1787	1362.9465103149414
1788	1247.6952075958252
1788	1247.6952075958252
1789	1452.1582126617432
1789	1452.1582126617432
1790	1870.3522682189941
1790	1870.3522682189941
1791	1421.4191436767578
1791	1421.4191436767578
1792	1443.005084991455
1792	1443.005084991455
1793	1202.9571533203125
1793	1202.9571533203125
1794	1378.490686416626
1794	1378.490686416626
1795	1365.598440170288
1795	1365.598440170288
1796	1264.9664878845215
1796	1264.9664878845215
1797	1363.5809421539307
1797	1363.5809421539307
1798	1370.6107139587402
1798	1370.6107139587402
1799	1333.7130546569824
1799	1333.7130546569824
1800	1809.4022274017334
1800	1809.4022274017334
1801	1654.282808303833
1801	1654.282808303833
1802	1371.35910987854
1802	1371.35910987854
1803	1304.6135902404785
1803	1304.6135902404785
1804	1453.7301063537598
1804	1453.7301063537598
1805	1461.374282836914
1805	1461.374282836914
1806	1459.9716663360596
1806	1459.9716663360596
1807	1428.0757904052734
1807	1428.0757904052734
1808	1373.3553886413574
1808	1373.3553886413574
1809	1380.4352283477783
1809	1380.4352283477783
1810	1907.644510269165
1810	1907.644510269165
1811	1362.0150089263916
1811	1362.0150089263916
1812	1304.8419952392578
1812	1304.8419952392578
1813	1418.6155796051025
1813	1418.6155796051025
1814	1581.46333694458
1814	1581.46333694458
1815	1225.8355617523193
1815	1225.8355617523193
1816	1228.386640548706
1816	1228.386640548706
1817	1420.816421508789
1817	1420.816421508789
1818	1391.1776542663574
1818	1391.1776542663574
1819	1388.3864879608154
1819	1388.3864879608154
1820	1773.5192775726318
1820	1773.5192775726318
1821	1413.771152496338
1821	1413.771152496338
1822	1405.9498310089111
1822	1405.9498310089111
1823	1409.5780849456787
1823	1409.5780849456787
1824	1431.1442375183105
1824	1431.1442375183105
1825	1343.6622619628906
1825	1343.6622619628906
1826	1492.3009872436523
1826	1492.3009872436523
1827	1376.2774467468262
1827	1376.2774467468262
1828	1401.953935623169
1828	1401.953935623169
1829	1448.5247135162354
1829	1448.5247135162354
1830	1765.9881114959717
1830	1765.9881114959717
1831	1323.3811855316162
1831	1323.3811855316162
1832	1340.5399322509766
1832	1340.5399322509766
1833	1398.9078998565674
1833	1398.9078998565674
1834	1431.588888168335
1834	1431.588888168335
1835	1472.4433422088623
1835	1472.4433422088623
1836	1366.926670074463
1836	1366.926670074463
1837	1323.8296508789062
1837	1323.8296508789062
1838	1431.7693710327148
1838	1431.7693710327148
1839	1372.0529079437256
1839	1372.0529079437256
1840	1695.8832740783691
1840	1695.8832740783691
1841	1423.2072830200195
1841	1423.2072830200195
1842	1349.7562408447266
1842	1349.7562408447266
1843	1413.3729934692383
1843	1413.3729934692383
1844	1861.159086227417
1844	1861.159086227417
1845	1866.919755935669
1845	1866.919755935669
1846	1381.1569213867188
1846	1381.1569213867188
1847	1447.7524757385254
1847	1447.7524757385254
1848	1324.5434761047363
1848	1324.5434761047363
1849	1434.9300861358643
1849	1434.9300861358643
1850	3056.4019680023193
1850	3056.4019680023193
1851	1457.357406616211
1851	1457.357406616211
1852	1399.3504047393799
1852	1399.3504047393799
1853	2119.1205978393555
1853	2119.1205978393555
1854	2216.1734104156494
1854	2216.1734104156494
1855	2003.5607814788818
1855	2003.5607814788818
1856	2268.947124481201
1856	2268.947124481201
1857	2255.953311920166
1857	2255.953311920166
1858	1968.085765838623
1858	1968.085765838623
1859	2493.2942390441895
1859	2493.2942390441895
1860	2671.128511428833
1860	2671.128511428833
1861	2445.9280967712402
1861	2445.9280967712402
1862	2513.2617950439453
1862	2513.2617950439453
1863	2388.4737491607666
1863	2388.4737491607666
1864	2267.209768295288
1864	2267.209768295288
1865	2322.3164081573486
1865	2322.3164081573486
1866	2516.1290168762207
1866	2516.1290168762207
1867	2326.884984970093
1867	2326.884984970093
1868	2019.6073055267334
1868	2019.6073055267334
1869	2322.6876258850098
1869	2322.6876258850098
1870	3131.5245628356934
1870	3131.5245628356934
1871	2690.3316974639893
1871	2690.3316974639893
1872	2598.381757736206
1872	2598.381757736206
1873	2420.5336570739746
1873	2420.5336570739746
1874	2595.5593585968018
1874	2595.5593585968018
1875	2209.803342819214
1875	2209.803342819214
1876	2166.140556335449
1876	2166.140556335449
1877	2153.707265853882
1877	2153.707265853882
1878	2222.115993499756
1878	2222.115993499756
1879	2168.788194656372
1879	2168.788194656372
1880	3131.01863861084
1880	3131.01863861084
1881	2471.693277359009
1881	2471.693277359009
1882	2503.804922103882
1882	2503.804922103882
1883	2309.6330165863037
1883	2309.6330165863037
1884	2603.7163734436035
1884	2603.7163734436035
1885	2534.3120098114014
1885	2534.3120098114014
1886	2305.2239418029785
1886	2305.2239418029785
1887	2576.5438079833984
1887	2576.5438079833984
1888	2625.4990100860596
1888	2625.4990100860596
1889	2567.432641983032
1889	2567.432641983032
1890	2840.6002521514893
1890	2840.6002521514893
1891	2697.9992389678955
1891	2697.9992389678955
1892	2707.1099281311035
1892	2707.1099281311035
1893	2698.803663253784
1893	2698.803663253784
1894	2569.359302520752
1894	2569.359302520752
1895	2796.5750694274902
1895	2796.5750694274902
1896	2328.441858291626
1896	2328.441858291626
1897	2317.6729679107666
1897	2317.6729679107666
1898	2485.5072498321533
1898	2485.5072498321533
1899	2519.0024375915527
1899	2519.0024375915527
1900	3029.2484760284424
1900	3029.2484760284424
1901	2304.2871952056885
1901	2304.2871952056885
1902	2510.986804962158
1902	2510.986804962158
1903	2896.4338302612305
1903	2896.4338302612305
1904	2529.790163040161
1904	2529.790163040161
1905	2567.248582839966
1905	2567.248582839966
1906	2527.38356590271
1906	2527.38356590271
1907	2512.705087661743
1907	2512.705087661743
1908	2579.5810222625732
1908	2579.5810222625732
1909	2368.7353134155273
1909	2368.7353134155273
1910	3049.3698120117188
1910	3049.3698120117188
1911	2574.711799621582
1911	2574.711799621582
1912	2601.0091304779053
1912	2601.0091304779053
1913	2585.141897201538
1913	2585.141897201538
1914	2589.5893573760986
1914	2589.5893573760986
1915	2602.067470550537
1915	2602.067470550537
1916	2448.328971862793
1916	2448.328971862793
1917	2545.1066493988037
1917	2545.1066493988037
1918	2093.9669609069824
1918	2093.9669609069824
1919	2125.9028911590576
1919	2125.9028911590576
1920	2965.08526802063
1920	2965.08526802063
1921	2041.5301322937012
1921	2041.5301322937012
1922	2424.391269683838
1922	2424.391269683838
1923	2365.144968032837
1923	2365.144968032837
1924	2481.9748401641846
1924	2481.9748401641846
1925	2264.392375946045
1925	2264.392375946045
1926	2569.6239471435547
1926	2569.6239471435547
1927	2536.3516807556152
1927	2536.3516807556152
1928	2288.1033420562744
1928	2288.1033420562744
1929	2551.657199859619
1929	2551.657199859619
1930	3004.0647983551025
1930	3004.0647983551025
1931	2315.548896789551
1931	2315.548896789551
1932	2507.951021194458
1932	2507.951021194458
1933	2358.1137657165527
1933	2358.1137657165527
1934	2650.4178047180176
1934	2650.4178047180176
1935	2534.705638885498
1935	2534.705638885498
1936	2605.1669120788574
1936	2605.1669120788574
1937	2584.9685668945312
1937	2584.9685668945312
1938	2615.11492729187
1938	2615.11492729187
1939	2588.9289379119873
1939	2588.9289379119873
1940	2500.652551651001
1940	2500.652551651001
1941	2259.9189281463623
1941	2259.9189281463623
1942	2501.9805431365967
1942	2501.9805431365967
1943	2170.830011367798
1943	2170.830011367798
1944	2362.764358520508
1944	2362.764358520508
1945	2430.000066757202
1945	2430.000066757202
1946	2540.7955646514893
1946	2540.7955646514893
1947	2773.879051208496
1947	2773.879051208496
1948	2545.9377765655518
1948	2545.9377765655518
1949	2634.281635284424
1949	2634.281635284424
1950	3104.052782058716
1950	3104.052782058716
1951	2382.213592529297
1951	2382.213592529297
1952	2605.7064533233643
1952	2605.7064533233643
1953	2419.7781085968018
1953	2419.7781085968018
1954	2624.7901916503906
1954	2624.7901916503906
1955	2422.945261001587
1955	2422.945261001587
1956	2361.6716861724854
1956	2361.6716861724854
1957	2444.4658756256104
1957	2444.4658756256104
1958	2615.9110069274902
1958	2615.9110069274902
1959	2829.507350921631
1959	2829.507350921631
1960	3129.798650741577
1960	3129.798650741577
1961	2594.856023788452
1961	2594.856023788452
1962	2022.0317840576172
1962	2022.0317840576172
1963	2310.0507259368896
1963	2310.0507259368896
1964	2257.441759109497
1964	2257.441759109497
1965	2338.7978076934814
1965	2338.7978076934814
1966	2211.754322052002
1966	2211.754322052002
1967	2440.950632095337
1967	2440.950632095337
1968	2484.9586486816406
1968	2484.9586486816406
1969	2489.1836643218994
1969	2489.1836643218994
1970	2984.7323894500732
1970	2984.7323894500732
1971	2552.0102977752686
1971	2552.0102977752686
1972	2548.2699871063232
1972	2548.2699871063232
1973	2587.22186088562
1973	2587.22186088562
1974	2545.835256576538
1974	2545.835256576538
1975	2717.741012573242
1975	2717.741012573242
1976	2565.915584564209
1976	2565.915584564209
1977	2606.03666305542
1977	2606.03666305542
1978	2608.936071395874
1978	2608.936071395874
1979	2660.287618637085
1979	2660.287618637085
1980	2486.86146736145
1980	2486.86146736145
1981	2176.943302154541
1981	2176.943302154541
1982	2152.1201133728027
1982	2152.1201133728027
1983	2352.6856899261475
1983	2352.6856899261475
1984	2226.956605911255
1984	2226.956605911255
1985	2083.2765102386475
1985	2083.2765102386475
1986	2523.669958114624
1986	2523.669958114624
1987	2507.4639320373535
1987	2507.4639320373535
1988	2479.2447090148926
1988	2479.2447090148926
1989	2510.4901790618896
1989	2510.4901790618896
1990	3068.6352252960205
1990	3068.6352252960205
1991	2337.801218032837
1991	2337.801218032837
1992	2572.993278503418
1992	2572.993278503418
1993	2664.478540420532
1993	2664.478540420532
1994	2625.5555152893066
1994	2625.5555152893066
1995	2519.697904586792
1995	2519.697904586792
1996	2669.288158416748
1996	2669.288158416748
1997	2574.7408866882324
1997	2574.7408866882324
1998	2433.190107345581
1998	2433.190107345581
1999	2585.6118202209473
1999	2585.6118202209473
2000	16625.242948532104
2000	16625.242948532104
2001	2637.4082565307617
2001	2637.4082565307617
2002	1828.6809921264648
2002	1828.6809921264648
2003	2127.534866333008
2003	2127.534866333008
2004	2227.325201034546
2004	2227.325201034546
2005	2089.2186164855957
2005	2089.2186164855957
2006	2443.6707496643066
2006	2443.6707496643066
2007	2488.7537956237793
2007	2488.7537956237793
2008	2639.644145965576
2008	2639.644145965576
2009	2286.5986824035645
2009	2286.5986824035645
2010	3011.2640857696533
2010	3011.2640857696533
2011	2537.2962951660156
2011	2537.2962951660156
2012	2311.816453933716
2012	2311.816453933716
2013	2539.4444465637207
2013	2539.4444465637207
2014	2585.6049060821533
2014	2585.6049060821533
2015	2589.838981628418
2015	2589.838981628418
2016	1925.2057075500488
2016	1925.2057075500488
2017	2553.428888320923
2017	2553.428888320923
2018	2166.5122509002686
2018	2166.5122509002686
2019	2108.7803840637207
2019	2108.7803840637207
2020	2657.9039096832275
2020	2657.9039096832275
2021	2386.4688873291016
2021	2386.4688873291016
2022	2467.1616554260254
2022	2467.1616554260254
2023	2216.1865234375
2023	2216.1865234375
2024	2511.0368728637695
2024	2511.0368728637695
2025	2502.795457839966
2025	2502.795457839966
2026	2424.1676330566406
2026	2424.1676330566406
2027	2296.0755825042725
2027	2296.0755825042725
2028	2554.023504257202
2028	2554.023504257202
2029	2615.8831119537354
2029	2615.8831119537354
2030	3073.338747024536
2030	3073.338747024536
2031	2511.7080211639404
2031	2511.7080211639404
2032	2507.3413848876953
2032	2507.3413848876953
2033	2569.6775913238525
2033	2569.6775913238525
2034	2607.3877811431885
2034	2607.3877811431885
2035	2636.9411945343018
2035	2636.9411945343018
2036	2616.1906719207764
2036	2616.1906719207764
2037	2491.0833835601807
2037	2491.0833835601807
2038	2675.0552654266357
2038	2675.0552654266357
2039	2433.6984157562256
2039	2433.6984157562256
2040	2676.7590045928955
2040	2676.7590045928955
2041	1990.3216361999512
2041	1990.3216361999512
2042	2363.142490386963
2042	2363.142490386963
2043	2367.8836822509766
2043	2367.8836822509766
2044	2200.6289958953857
2044	2200.6289958953857
2045	2400.9320735931396
2045	2400.9320735931396
2046	2474.4794368743896
2046	2474.4794368743896
2047	2318.1049823760986
2047	2318.1049823760986
2048	2363.2631301879883
2048	2363.2631301879883
2049	2308.610200881958
2049	2308.610200881958
2050	2977.281332015991
2050	2977.281332015991
2051	2557.5480461120605
2051	2557.5480461120605
2052	2720.9739685058594
2052	2720.9739685058594
2053	2560.973882675171
2053	2560.973882675171
2054	2518.1756019592285
2054	2518.1756019592285
2055	2539.4883155822754
2055	2539.4883155822754
2056	2563.5414123535156
2056	2563.5414123535156
2057	2635.7853412628174
2057	2635.7853412628174
2058	2582.7536582946777
2058	2582.7536582946777
2059	2574.028491973877
2059	2574.028491973877
2060	2968.6968326568604
2060	2968.6968326568604
2061	2420.2699661254883
2061	2420.2699661254883
2062	2079.935312271118
2062	2079.935312271118
2063	2044.7266101837158
2063	2044.7266101837158
2064	2222.2917079925537
2064	2222.2917079925537
2065	2338.6013507843018
2065	2338.6013507843018
2066	2423.106908798218
2066	2423.106908798218
2067	2496.7596530914307
2067	2496.7596530914307
2068	2466.7985439300537
2068	2466.7985439300537
2069	2444.145679473877
2069	2444.145679473877
2070	2612.431764602661
2070	2612.431764602661
2071	2558.4518909454346
2071	2558.4518909454346
2072	2514.5277976989746
2072	2514.5277976989746
2073	2576.648473739624
2073	2576.648473739624
2074	2780.076503753662
2074	2780.076503753662
2075	2579.023599624634
2075	2579.023599624634
2076	2544.1601276397705
2076	2544.1601276397705
2077	2350.989580154419
2077	2350.989580154419
2078	2551.697015762329
2078	2551.697015762329
2079	2125.9379386901855
2079	2125.9379386901855
2080	3041.3684844970703
2080	3041.3684844970703
2081	2605.313539505005
2081	2605.313539505005
2082	2503.607988357544
2082	2503.607988357544
2083	1969.6052074432373
2083	1969.6052074432373
2084	2062.9279613494873
2084	2062.9279613494873
2085	2109.931468963623
2085	2109.931468963623
2086	2180.206060409546
2086	2180.206060409546
2087	2260.601043701172
2087	2260.601043701172
2088	2384.422540664673
2088	2384.422540664673
2089	2250.8063316345215
2089	2250.8063316345215
2090	2934.6251487731934
2090	2934.6251487731934
2091	2439.7737979888916
2091	2439.7737979888916
2092	2552.2544384002686
2092	2552.2544384002686
2093	2441.476821899414
2093	2441.476821899414
2094	2533.6623191833496
2094	2533.6623191833496
2095	2727.7421951293945
2095	2727.7421951293945
2096	2490.4348850250244
2096	2490.4348850250244
2097	1436.9988441467285
2097	1436.9988441467285
2098	1191.3013458251953
2098	1191.3013458251953
2099	1056.5366744995117
2099	1056.5366744995117
2100	1715.4889106750488
2100	1715.4889106750488
2101	1096.860408782959
2101	1096.860408782959
2102	1202.176809310913
2102	1202.176809310913
2103	1209.8112106323242
2103	1209.8112106323242
2104	1183.0062866210938
2104	1183.0062866210938
2105	1182.6179027557373
2105	1182.6179027557373
2106	1183.678388595581
2106	1183.678388595581
2107	1170.865535736084
2107	1170.865535736084
2108	1277.7397632598877
2108	1277.7397632598877
2109	1170.1626777648926
2109	1170.1626777648926
2110	1429.961919784546
2110	1429.961919784546
2111	955.78932762146
2111	955.78932762146
2112	1239.7856712341309
2112	1239.7856712341309
2113	1308.3717823028564
2113	1308.3717823028564
2114	1369.7049617767334
2114	1369.7049617767334
2115	1382.6963901519775
2115	1382.6963901519775
2116	1407.7298641204834
2116	1407.7298641204834
2117	1330.927848815918
2117	1330.927848815918
2118	1200.6471157073975
2118	1200.6471157073975
2119	1370.5697059631348
2119	1370.5697059631348
2120	1868.1695461273193
2120	1868.1695461273193
2121	1369.0721988677979
2121	1369.0721988677979
2122	1322.727918624878
2122	1322.727918624878
2123	1340.1226997375488
2123	1340.1226997375488
2124	1670.7985401153564
2124	1670.7985401153564
2125	1325.1070976257324
2125	1325.1070976257324
2126	1368.1838512420654
2126	1368.1838512420654
2127	1223.7303256988525
2127	1223.7303256988525
2128	1204.7958374023438
2128	1204.7958374023438
2129	1655.5125713348389
2129	1655.5125713348389
2130	1793.4966087341309
2130	1793.4966087341309
2131	1459.1143131256104
2131	1459.1143131256104
2132	1428.9677143096924
2132	1428.9677143096924
2133	1447.4074840545654
2133	1447.4074840545654
2134	1402.9133319854736
2134	1402.9133319854736
2135	1382.9808235168457
2135	1382.9808235168457
2136	1237.1337413787842
2136	1237.1337413787842
2137	1432.8300952911377
2137	1432.8300952911377
2138	1317.3327445983887
2138	1317.3327445983887
2139	1399.1272449493408
2139	1399.1272449493408
2140	1852.7193069458008
2140	1852.7193069458008
2141	1402.6188850402832
2141	1402.6188850402832
2142	1117.4163818359375
2142	1117.4163818359375
2143	1453.5117149353027
2143	1453.5117149353027
2144	1396.1546421051025
2144	1396.1546421051025
2145	1370.8758354187012
2145	1370.8758354187012
2146	1344.6133136749268
2146	1344.6133136749268
2147	1394.526720046997
2147	1394.526720046997
2148	1376.6248226165771
2148	1376.6248226165771
2149	1363.4154796600342
2149	1363.4154796600342
2150	1701.4753818511963
2150	1701.4753818511963
2151	1288.9084815979004
2151	1288.9084815979004
2152	1385.1208686828613
2152	1385.1208686828613
2153	1320.8725452423096
2153	1320.8725452423096
2154	1416.1508083343506
2154	1416.1508083343506
2155	1424.6749877929688
2155	1424.6749877929688
2156	1567.8191184997559
2156	1567.8191184997559
2157	1380.7835578918457
2157	1380.7835578918457
2158	1512.4759674072266
2158	1512.4759674072266
2159	1349.6503829956055
2159	1349.6503829956055
2160	1645.4989910125732
2160	1645.4989910125732
2161	1332.153558731079
2161	1332.153558731079
2162	1426.0189533233643
2162	1426.0189533233643
2163	1399.7704982757568
2163	1399.7704982757568
2164	1325.9236812591553
2164	1325.9236812591553
2165	1306.7293167114258
2165	1306.7293167114258
2166	1461.1341953277588
2166	1461.1341953277588
2167	1364.4626140594482
2167	1364.4626140594482
2168	1479.7792434692383
2168	1479.7792434692383
2169	1195.620059967041
2169	1195.620059967041
2170	1851.8829345703125
2170	1851.8829345703125
2171	1461.13920211792
2171	1461.13920211792
2172	1421.0612773895264
2172	1421.0612773895264
2173	1316.44868850708
2173	1316.44868850708
2174	1385.7355117797852
2174	1385.7355117797852
2175	1378.485918045044
2175	1378.485918045044
2176	1405.2138328552246
2176	1405.2138328552246
2177	1300.7144927978516
2177	1300.7144927978516
2178	1341.073989868164
2178	1341.073989868164
2179	1238.194465637207
2179	1238.194465637207
2180	1877.0627975463867
2180	1877.0627975463867
2181	1459.1257572174072
2181	1459.1257572174072
2182	1487.2384071350098
2182	1487.2384071350098
2183	1399.9547958374023
2183	1399.9547958374023
2184	1406.8279266357422
2184	1406.8279266357422
2185	1473.5438823699951
2185	1473.5438823699951
2186	1227.241039276123
2186	1227.241039276123
2187	1352.5748252868652
2187	1352.5748252868652
2188	1386.6820335388184
2188	1386.6820335388184
2189	1440.5882358551025
2189	1440.5882358551025
2190	1913.0887985229492
2190	1913.0887985229492
2191	1434.2570304870605
2191	1434.2570304870605
2192	1437.3114109039307
2192	1437.3114109039307
2193	1510.0071430206299
2193	1510.0071430206299
2194	1412.7357006072998
2194	1412.7357006072998
2195	1422.7278232574463
2195	1422.7278232574463
2196	1235.9516620635986
2196	1235.9516620635986
2197	1375.166654586792
2197	1375.166654586792
2198	1380.6993961334229
2198	1380.6993961334229
2199	1296.9849109649658
2199	1296.9849109649658
2200	1713.8135433197021
2200	1713.8135433197021
2201	1276.7739295959473
2201	1276.7739295959473
2202	1377.772331237793
2202	1377.772331237793
2203	1529.871940612793
2203	1529.871940612793
2204	1235.771656036377
2204	1235.771656036377
2205	1180.7420253753662
2205	1180.7420253753662
2206	1438.8017654418945
2206	1438.8017654418945
2207	1364.5966053009033
2207	1364.5966053009033
2208	1497.0450401306152
2208	1497.0450401306152
2209	1394.0043449401855
2209	1394.0043449401855
2210	1889.512538909912
2210	1889.512538909912
2211	1414.6053791046143
2211	1414.6053791046143
2212	1362.6012802124023
2212	1362.6012802124023
2213	1062.4487400054932
2213	1062.4487400054932
2214	1162.8704071044922
2214	1162.8704071044922
2215	1182.7263832092285
2215	1182.7263832092285
2216	1154.951572418213
2216	1154.951572418213
2217	1182.743787765503
2217	1182.743787765503
2218	1194.0865516662598
2218	1194.0865516662598
2219	1254.1687488555908
2219	1254.1687488555908
2220	1660.0720882415771
2220	1660.0720882415771
2221	1183.5863590240479
2221	1183.5863590240479
2222	1196.5172290802002
2222	1196.5172290802002
2223	1196.7906951904297
2223	1196.7906951904297
2224	1548.2800006866455
2224	1548.2800006866455
2225	1279.0863513946533
2225	1279.0863513946533
2226	1408.1699848175049
2226	1408.1699848175049
2227	1346.0657596588135
2227	1346.0657596588135
2228	1322.6752281188965
2228	1322.6752281188965
2229	1224.7686386108398
2229	1224.7686386108398
2230	1835.4480266571045
2230	1835.4480266571045
2231	1410.435438156128
2231	1410.435438156128
2232	1344.5804119110107
2232	1344.5804119110107
2233	1398.712158203125
2233	1398.712158203125
2234	1299.673318862915
2234	1299.673318862915
2235	1340.1546478271484
2235	1340.1546478271484
2236	1219.7837829589844
2236	1219.7837829589844
2237	1348.3316898345947
2237	1348.3316898345947
2238	1380.0976276397705
2238	1380.0976276397705
2239	1411.3736152648926
2239	1411.3736152648926
2240	1833.2390785217285
2240	1833.2390785217285
2241	1324.4171142578125
2241	1324.4171142578125
2242	1397.6824283599854
2242	1397.6824283599854
2243	1340.8253192901611
2243	1340.8253192901611
2244	1352.8974056243896
2244	1352.8974056243896
2245	1344.4254398345947
2245	1344.4254398345947
2246	1250.8070468902588
2246	1250.8070468902588
2247	1396.836280822754
2247	1396.836280822754
2248	1307.628870010376
2248	1307.628870010376
2249	1407.412052154541
2249	1407.412052154541
2250	1800.2984523773193
2250	1800.2984523773193
2251	1373.5764026641846
2251	1373.5764026641846
2252	1352.2388935089111
2252	1352.2388935089111
2253	1374.337911605835
2253	1374.337911605835
2254	1334.1026306152344
2254	1334.1026306152344
2255	1345.8468914031982
2255	1345.8468914031982
2256	1273.1611728668213
2256	1273.1611728668213
2257	1342.9946899414062
2257	1342.9946899414062
2258	1328.265905380249
2258	1328.265905380249
2259	1469.9199199676514
2259	1469.9199199676514
2260	1822.803020477295
2260	1822.803020477295
2261	1207.6430320739746
2261	1207.6430320739746
2262	1358.3743572235107
2262	1358.3743572235107
2263	1220.8690643310547
2263	1220.8690643310547
2264	1322.052240371704
2264	1322.052240371704
2265	1387.7670764923096
2265	1387.7670764923096
2266	1372.0526695251465
2266	1372.0526695251465
2267	1434.9868297576904
2267	1434.9868297576904
2268	1259.8440647125244
2268	1259.8440647125244
2269	1269.7219848632812
2269	1269.7219848632812
2270	1788.6362075805664
2270	1788.6362075805664
2271	1351.564884185791
2271	1351.564884185791
2272	1409.9860191345215
2272	1409.9860191345215
2273	1348.5312461853027
2273	1348.5312461853027
2274	1338.3803367614746
2274	1338.3803367614746
2275	1326.9119262695312
2275	1326.9119262695312
2276	1323.6265182495117
2276	1323.6265182495117
2277	1356.2309741973877
2277	1356.2309741973877
2278	1369.253158569336
2278	1369.253158569336
2279	1295.8567142486572
2279	1295.8567142486572
2280	1842.146873474121
2280	1842.146873474121
2281	1297.3346710205078
2281	1297.3346710205078
2282	1352.9071807861328
2282	1352.9071807861328
2283	1457.6570987701416
2283	1457.6570987701416
2284	1311.110019683838
2284	1311.110019683838
2285	1365.9794330596924
2285	1365.9794330596924
2286	1444.6511268615723
2286	1444.6511268615723
2287	1353.2204627990723
2287	1353.2204627990723
2288	1575.1373767852783
2288	1575.1373767852783
2289	1346.5206623077393
2289	1346.5206623077393
2290	1722.177267074585
2290	1722.177267074585
2291	1405.0650596618652
2291	1405.0650596618652
2292	1454.6570777893066
2292	1454.6570777893066
2293	1477.7591228485107
2293	1477.7591228485107
2294	1317.2779083251953
2294	1317.2779083251953
2295	1223.3948707580566
2295	1223.3948707580566
2296	1490.2348518371582
2296	1490.2348518371582
2297	1666.9418811798096
2297	1666.9418811798096
2298	2129.117250442505
2298	2129.117250442505
2299	2090.2481079101562
2299	2090.2481079101562
2300	2579.561948776245
2300	2579.561948776245
2301	2176.7380237579346
2301	2176.7380237579346
2302	2395.7228660583496
2302	2395.7228660583496
2303	2148.577928543091
2303	2148.577928543091
2304	2438.096761703491
2304	2438.096761703491
2305	2474.5419025421143
2305	2474.5419025421143
2306	2562.796115875244
2306	2562.796115875244
2307	2551.4652729034424
2307	2551.4652729034424
2308	2516.6096687316895
2308	2516.6096687316895
2309	2195.817708969116
2309	2195.817708969116
2310	3047.7914810180664
2310	3047.7914810180664
2311	2400.0165462493896
2311	2400.0165462493896
2312	2496.839761734009
2312	2496.839761734009
2313	2390.681505203247
2313	2390.681505203247
2314	2231.2369346618652
2314	2231.2369346618652
2315	2553.483247756958
2315	2553.483247756958
2316	2554.9731254577637
2316	2554.9731254577637
2317	2403.120756149292
2317	2403.120756149292
2318	2623.6538887023926
2318	2623.6538887023926
2319	2596.2088108062744
2319	2596.2088108062744
2320	3035.9959602355957
2320	3035.9959602355957
2321	2235.166311264038
2321	2235.166311264038
2322	2196.8181133270264
2322	2196.8181133270264
2323	2278.9416313171387
2323	2278.9416313171387
2324	2320.1217651367188
2324	2320.1217651367188
2325	2186.5782737731934
2325	2186.5782737731934
2326	2495.560884475708
2326	2495.560884475708
2327	2481.8460941314697
2327	2481.8460941314697
2328	2384.6421241760254
2328	2384.6421241760254
2329	2471.1077213287354
2329	2471.1077213287354
2330	2979.4726371765137
2330	2979.4726371765137
2331	2452.8186321258545
2331	2452.8186321258545
2332	2538.990020751953
2332	2538.990020751953
2333	2601.360321044922
2333	2601.360321044922
2334	2504.974603652954
2334	2504.974603652954
2335	2351.708173751831
2335	2351.708173751831
2336	2584.927558898926
2336	2584.927558898926
2337	2571.73752784729
2337	2571.73752784729
2338	2483.428716659546
2338	2483.428716659546
2339	2341.355323791504
2339	2341.355323791504
2340	3014.5461559295654
2340	3014.5461559295654
2341	2567.7878856658936
2341	2567.7878856658936
2342	1992.2480583190918
2342	1992.2480583190918
2343	1871.591329574585
2343	1871.591329574585
2344	1897.2382545471191
2344	1897.2382545471191
2345	2222.2578525543213
2345	2222.2578525543213
2346	2344.299793243408
2346	2344.299793243408
2347	2348.5984802246094
2347	2348.5984802246094
2348	2312.1514320373535
2348	2312.1514320373535
2349	2428.788900375366
2349	2428.788900375366
2350	2961.0977172851562
2350	2961.0977172851562
2351	2489.5522594451904
2351	2489.5522594451904
2352	2426.474094390869
2352	2426.474094390869
2353	2658.442497253418
2353	2658.442497253418
2354	2541.877269744873
2354	2541.877269744873
2355	2521.273136138916
2355	2521.273136138916
2356	2648.8871574401855
2356	2648.8871574401855
2357	2651.7632007598877
2357	2651.7632007598877
2358	2631.1721801757812
2358	2631.1721801757812
2359	2714.6036624908447
2359	2714.6036624908447
2360	3080.728054046631
2360	3080.728054046631
2361	2707.690477371216
2361	2707.690477371216
2362	2633.478879928589
2362	2633.478879928589
2363	2555.9768676757812
2363	2555.9768676757812
2364	2738.8534545898438
2364	2738.8534545898438
2365	2221.9531536102295
2365	2221.9531536102295
2366	2348.8237857818604
2366	2348.8237857818604
2367	2525.061845779419
2367	2525.061845779419
2368	2360.178232192993
2368	2360.178232192993
2369	2873.4054565429688
2369	2873.4054565429688
2370	2308.77423286438
2370	2308.77423286438
2371	1934.2515468597412
2371	1934.2515468597412
2372	1983.7348461151123
2372	1983.7348461151123
2373	2432.1892261505127
2373	2432.1892261505127
2374	2297.3289489746094
2374	2297.3289489746094
2375	2728.8033962249756
2375	2728.8033962249756
2376	2424.6251583099365
2376	2424.6251583099365
2377	2384.5417499542236
2377	2384.5417499542236
2378	2622.537612915039
2378	2622.537612915039
2379	2855.0472259521484
2379	2855.0472259521484
2380	2939.8322105407715
2380	2939.8322105407715
2381	2353.71994972229
2381	2353.71994972229
2382	2538.655996322632
2382	2538.655996322632
2383	2641.855478286743
2383	2641.855478286743
2384	2573.6677646636963
2384	2573.6677646636963
2385	2689.6402835845947
2385	2689.6402835845947
2386	2555.447578430176
2386	2555.447578430176
2387	2430.5520057678223
2387	2430.5520057678223
2388	2357.977867126465
2388	2357.977867126465
2389	2095.5026149749756
2389	2095.5026149749756
2390	2834.027051925659
2390	2834.027051925659
2391	2594.512462615967
2391	2594.512462615967
2392	2534.391164779663
2392	2534.391164779663
2393	2481.553316116333
2393	2481.553316116333
2394	2139.606237411499
2394	2139.606237411499
2395	2326.3919353485107
2395	2326.3919353485107
2396	2383.8953971862793
2396	2383.8953971862793
2397	2612.147808074951
2397	2612.147808074951
2398	2608.835458755493
2398	2608.835458755493
2399	2779.048204421997
2399	2779.048204421997
2400	2985.316276550293
2400	2985.316276550293
2401	2673.30265045166
2401	2673.30265045166
2402	2588.277578353882
2402	2588.277578353882
2403	2855.238914489746
2403	2855.238914489746
2404	2540.3642654418945
2404	2540.3642654418945
2405	2663.5141372680664
2405	2663.5141372680664
2406	2560.3904724121094
2406	2560.3904724121094
2407	2615.922451019287
2407	2615.922451019287
2408	2343.897581100464
2408	2343.897581100464
2409	2040.3447151184082
2409	2040.3447151184082
2410	2600.4533767700195
2410	2600.4533767700195
2411	2355.088472366333
2411	2355.088472366333
2412	2209.707736968994
2412	2209.707736968994
2413	2346.468687057495
2413	2346.468687057495
2414	2697.2179412841797
2414	2697.2179412841797
2415	3091.7673110961914
2415	3091.7673110961914
2416	2426.5921115875244
2416	2426.5921115875244
2417	2377.7222633361816
2417	2377.7222633361816
2418	2429.2123317718506
2418	2429.2123317718506
2419	2550.4531860351562
2419	2550.4531860351562
2420	2791.5701866149902
2420	2791.5701866149902
2421	2509.4122886657715
2421	2509.4122886657715
2422	2569.5416927337646
2422	2569.5416927337646
2423	2577.1849155426025
2423	2577.1849155426025
2424	2389.9669647216797
2424	2389.9669647216797
2425	2639.7130489349365
2425	2639.7130489349365
2426	2575.535297393799
2426	2575.535297393799
2427	2563.1659030914307
2427	2563.1659030914307
2428	2537.8973484039307
2428	2537.8973484039307
2429	2566.2097930908203
2429	2566.2097930908203
2430	2856.482744216919
2430	2856.482744216919
2431	2007.3599815368652
2431	2007.3599815368652
2432	2183.077812194824
2432	2183.077812194824
2433	2249.533176422119
2433	2249.533176422119
2434	2283.883810043335
2434	2283.883810043335
2435	2352.5586128234863
2435	2352.5586128234863
2436	2247.480869293213
2436	2247.480869293213
2437	2301.584243774414
2437	2301.584243774414
2438	2474.4746685028076
2438	2474.4746685028076
2439	2338.7746810913086
2439	2338.7746810913086
2440	2850.8920669555664
2440	2850.8920669555664
2441	2585.3488445281982
2441	2585.3488445281982
2442	2560.9254837036133
2442	2560.9254837036133
2443	2511.5835666656494
2443	2511.5835666656494
2444	2294.863224029541
2444	2294.863224029541
2445	2576.7791271209717
2445	2576.7791271209717
2446	2599.7445583343506
2446	2599.7445583343506
2447	2577.9759883880615
2447	2577.9759883880615
2448	2607.5494289398193
2448	2607.5494289398193
2449	2597.135066986084
2449	2597.135066986084
2450	3020.6587314605713
2450	3020.6587314605713
2451	2602.3590564727783
2451	2602.3590564727783
2452	2428.391456604004
2452	2428.391456604004
2453	2003.2846927642822
2453	2003.2846927642822
2454	2229.0921211242676
2454	2229.0921211242676
2455	2536.263942718506
2455	2536.263942718506
2456	2417.0475006103516
2456	2417.0475006103516
2457	2118.014097213745
2457	2118.014097213745
2458	2486.7231845855713
2458	2486.7231845855713
2459	2421.1037158966064
2459	2421.1037158966064
2460	2720.9603786468506
2460	2720.9603786468506
2461	2358.1998348236084
2461	2358.1998348236084
2462	2247.055768966675
2462	2247.055768966675
2463	2487.269401550293
2463	2487.269401550293
2464	2509.7055435180664
2464	2509.7055435180664
2465	2416.469097137451
2465	2416.469097137451
2466	2621.101140975952
2466	2621.101140975952
2467	2334.3253135681152
2467	2334.3253135681152
2468	2311.7830753326416
2468	2311.7830753326416
2469	2035.4373455047607
2469	2035.4373455047607
2470	2814.4190311431885
2470	2814.4190311431885
2471	2242.7642345428467
2471	2242.7642345428467
2472	2331.3448429107666
2472	2331.3448429107666
2473	2371.3769912719727
2473	2371.3769912719727
2474	2187.175750732422
2474	2187.175750732422
2475	2453.186273574829
2475	2453.186273574829
2476	2546.340227127075
2476	2546.340227127075
2477	2301.928758621216
2477	2301.928758621216
2478	2579.766273498535
2478	2579.766273498535
2479	2283.418893814087
2479	2283.418893814087
2480	2459.2220783233643
2480	2459.2220783233643
2481	2158.562660217285
2481	2158.562660217285
2482	2022.6795673370361
2482	2022.6795673370361
2483	2406.920909881592
2483	2406.920909881592
2484	2382.3726177215576
2484	2382.3726177215576
2485	2356.900930404663
2485	2356.900930404663
2486	2412.9114151000977
2486	2412.9114151000977
2487	2453.2382488250732
2487	2453.2382488250732
2488	2972.4597930908203
2488	2972.4597930908203
2489	2296.1621284484863
2489	2296.1621284484863
2490	2765.0110721588135
2490	2765.0110721588135
2491	2599.42626953125
2491	2599.42626953125
2492	2588.19842338562
2492	2588.19842338562
2493	2561.331272125244
2493	2561.331272125244
2494	2442.5179958343506
2494	2442.5179958343506
2495	2524.3349075317383
2495	2524.3349075317383
2496	2550.9390830993652
2496	2550.9390830993652
2497	2582.0467472076416
2497	2582.0467472076416
2498	2589.768648147583
2498	2589.768648147583
2499	2646.289587020874
2499	2646.289587020874
2500	10437.052488327026
2500	10437.052488327026
2501	2336.435556411743
2501	2336.435556411743
2502	2541.7327880859375
2502	2541.7327880859375
2503	2504.817485809326
2503	2504.817485809326
2504	2472.186803817749
2504	2472.186803817749
2505	2543.5709953308105
2505	2543.5709953308105
2506	2370.861768722534
2506	2370.861768722534
2507	2653.7885665893555
2507	2653.7885665893555
2508	2654.4172763824463
2508	2654.4172763824463
2509	2012.3696327209473
2509	2012.3696327209473
2510	2676.948070526123
2510	2676.948070526123
2511	2009.220838546753
2511	2009.220838546753
2512	2433.9687824249268
2512	2433.9687824249268
2513	2264.657497406006
2513	2264.657497406006
2514	2456.7840099334717
2514	2456.7840099334717
2515	2354.1386127471924
2515	2354.1386127471924
2516	2643.0633068084717
2516	2643.0633068084717
2517	2598.004102706909
2517	2598.004102706909
2518	2544.6178913116455
2518	2544.6178913116455
2519	2525.8591175079346
2519	2525.8591175079346
2520	2941.7057037353516
2520	2941.7057037353516
2521	2593.874931335449
2521	2593.874931335449
2522	2557.6207637786865
2522	2557.6207637786865
2523	2371.1719512939453
2523	2371.1719512939453
2524	1760.8869075775146
2524	1760.8869075775146
2525	2004.4357776641846
2525	2004.4357776641846
2526	2081.787347793579
2526	2081.787347793579
2527	1989.6233081817627
2527	1989.6233081817627
2528	2027.872085571289
2528	2027.872085571289
2529	2230.2639484405518
2529	2230.2639484405518
2530	2741.455554962158
2530	2741.455554962158
2531	2469.409942626953
2531	2469.409942626953
2532	2988.4016513824463
2532	2988.4016513824463
2533	2458.549737930298
2533	2458.549737930298
2534	2355.4937839508057
2534	2355.4937839508057
2535	2220.9837436676025
2535	2220.9837436676025
2536	2597.2626209259033
2536	2597.2626209259033
2537	2489.304780960083
2537	2489.304780960083
2538	2357.511281967163
2538	2357.511281967163
2539	2525.9485244750977
2539	2525.9485244750977
2540	3001.6942024230957
2540	3001.6942024230957
2541	2608.5197925567627
2541	2608.5197925567627
2542	2560.0926876068115
2542	2560.0926876068115
2543	1415.9951210021973
2543	1415.9951210021973
2544	1367.3338890075684
2544	1367.3338890075684
2545	1431.7405223846436
2545	1431.7405223846436
2546	1443.2804584503174
2546	1443.2804584503174
2547	1456.1200141906738
2547	1456.1200141906738
2548	1484.0302467346191
2548	1484.0302467346191
2549	1237.7333641052246
2549	1237.7333641052246
2550	1865.5805587768555
2550	1865.5805587768555
2551	1287.2083187103271
2551	1287.2083187103271
2552	1422.6105213165283
2552	1422.6105213165283
2553	1359.3597412109375
2553	1359.3597412109375
2554	1417.464256286621
2554	1417.464256286621
2555	1053.1244277954102
2555	1053.1244277954102
2556	1160.6802940368652
2556	1160.6802940368652
2557	1189.755916595459
2557	1189.755916595459
2558	1218.5053825378418
2558	1218.5053825378418
2559	1228.6877632141113
2559	1228.6877632141113
2560	1681.6236972808838
2560	1681.6236972808838
2561	1183.457851409912
2561	1183.457851409912
2562	1198.0082988739014
2562	1198.0082988739014
2563	1067.0204162597656
2563	1067.0204162597656
2564	1208.299160003662
2564	1208.299160003662
2565	1373.7108707427979
2565	1373.7108707427979
2566	1369.6563243865967
2566	1369.6563243865967
2567	1376.9681453704834
2567	1376.9681453704834
2568	1420.0117588043213
2568	1420.0117588043213
2569	1353.3082008361816
2569	1353.3082008361816
2570	1826.8463611602783
2570	1826.8463611602783
2571	1198.564052581787
2571	1198.564052581787
2572	1313.4739398956299
2572	1313.4739398956299
2573	1351.3894081115723
2573	1351.3894081115723
2574	1159.4898700714111
2574	1159.4898700714111
2575	1428.7283420562744
2575	1428.7283420562744
2576	1387.394666671753
2576	1387.394666671753
2577	1247.084617614746
2577	1247.084617614746
2578	1345.7269668579102
2578	1345.7269668579102
2579	1329.7014236450195
2579	1329.7014236450195
2580	1724.205493927002
2580	1724.205493927002
2581	1272.9883193969727
2581	1272.9883193969727
2582	1338.852882385254
2582	1338.852882385254
2583	1230.6098937988281
2583	1230.6098937988281
2584	1391.3788795471191
2584	1391.3788795471191
2585	1296.198844909668
2585	1296.198844909668
2586	1381.8285465240479
2586	1381.8285465240479
2587	1294.2547798156738
2587	1294.2547798156738
2588	1355.4019927978516
2588	1355.4019927978516
2589	1382.1227550506592
2589	1382.1227550506592
2590	1849.367618560791
2590	1849.367618560791
2591	1336.850643157959
2591	1336.850643157959
2592	1404.634714126587
2592	1404.634714126587
2593	1405.9033393859863
2593	1405.9033393859863
2594	1324.5899677276611
2594	1324.5899677276611
2595	1188.5395050048828
2595	1188.5395050048828
2596	1317.1570301055908
2596	1317.1570301055908
2597	1256.8306922912598
2597	1256.8306922912598
2598	1329.4401168823242
2598	1329.4401168823242
2599	1364.9346828460693
2599	1364.9346828460693
2600	1828.6857604980469
2600	1828.6857604980469
2601	1330.0442695617676
2601	1330.0442695617676
2602	1279.1213989257812
2602	1279.1213989257812
2603	1328.4857273101807
2603	1328.4857273101807
2604	1243.6332702636719
2604	1243.6332702636719
2605	1317.7566528320312
2605	1317.7566528320312
2606	1392.7905559539795
2606	1392.7905559539795
2607	1373.7282752990723
2607	1373.7282752990723
2608	1391.434907913208
2608	1391.434907913208
2609	1345.2479839324951
2609	1345.2479839324951
2610	1809.8211288452148
2610	1809.8211288452148
2611	1284.806728363037
2611	1284.806728363037
2612	1351.9632816314697
2612	1351.9632816314697
2613	1343.1730270385742
2613	1343.1730270385742
2614	1368.065357208252
2614	1368.065357208252
2615	1368.772029876709
2615	1368.772029876709
2616	1416.8782234191895
2616	1416.8782234191895
2617	1414.726734161377
2617	1414.726734161377
2618	1361.2887859344482
2618	1361.2887859344482
2619	1689.6617412567139
2619	1689.6617412567139
2620	1829.9884796142578
2620	1829.9884796142578
2621	1397.749423980713
2621	1397.749423980713
2622	1297.5585460662842
2622	1297.5585460662842
2623	1332.8828811645508
2623	1332.8828811645508
2624	1406.3408374786377
2624	1406.3408374786377
2625	1336.5020751953125
2625	1336.5020751953125
2626	1215.8875465393066
2626	1215.8875465393066
2627	1546.372890472412
2627	1546.372890472412
2628	1336.2421989440918
2628	1336.2421989440918
2629	1433.2835674285889
2629	1433.2835674285889
2630	1861.4590167999268
2630	1861.4590167999268
2631	1511.3327503204346
2631	1511.3327503204346
2632	1337.6681804656982
2632	1337.6681804656982
2633	1339.6916389465332
2633	1339.6916389465332
2634	1205.5385112762451
2634	1205.5385112762451
2635	1490.6940460205078
2635	1490.6940460205078
2636	1438.1258487701416
2636	1438.1258487701416
2637	1378.190040588379
2637	1378.190040588379
2638	1364.4068241119385
2638	1364.4068241119385
2639	1395.5888748168945
2639	1395.5888748168945
2640	1830.1410675048828
2640	1830.1410675048828
2641	1372.129201889038
2641	1372.129201889038
2642	1185.3013038635254
2642	1185.3013038635254
2643	1310.1308345794678
2643	1310.1308345794678
2644	1327.4009227752686
2644	1327.4009227752686
2645	1391.4432525634766
2645	1391.4432525634766
2646	1278.5825729370117
2646	1278.5825729370117
2647	1472.3217487335205
2647	1472.3217487335205
2648	1380.0146579742432
2648	1380.0146579742432
2649	1188.1153583526611
2649	1188.1153583526611
2650	1809.7405433654785
2650	1809.7405433654785
2651	1241.2621974945068
2651	1241.2621974945068
2652	1406.0661792755127
2652	1406.0661792755127
2653	1337.0811939239502
2653	1337.0811939239502
2654	1438.155174255371
2654	1438.155174255371
2655	1410.8717441558838
2655	1410.8717441558838
2656	1380.4481029510498
2656	1380.4481029510498
2657	1395.4904079437256
2657	1395.4904079437256
2658	1361.4544868469238
2658	1361.4544868469238
2659	1218.7271118164062
2659	1218.7271118164062
2660	1769.4320678710938
2660	1769.4320678710938
2661	1295.4299449920654
2661	1295.4299449920654
2662	1597.1310138702393
2662	1597.1310138702393
2663	1303.4026622772217
2663	1303.4026622772217
2664	1279.7482013702393
2664	1279.7482013702393
2665	1393.265724182129
2665	1393.265724182129
2666	1418.7860488891602
2666	1418.7860488891602
2667	1136.5466117858887
2667	1136.5466117858887
2668	1034.494400024414
2668	1034.494400024414
2669	1045.647382736206
2669	1045.647382736206
2670	1813.1651878356934
2670	1813.1651878356934
2671	1165.4350757598877
2671	1165.4350757598877
2672	1174.818992614746
2672	1174.818992614746
2673	1175.3218173980713
2673	1175.3218173980713
2674	1164.722204208374
2674	1164.722204208374
2675	1169.8253154754639
2675	1169.8253154754639
2676	1174.9067306518555
2676	1174.9067306518555
2677	1170.69411277771
2677	1170.69411277771
2678	1535.658597946167
2678	1535.658597946167
2679	973.1934070587158
2679	973.1934070587158
2680	1366.1623001098633
2680	1366.1623001098633
2681	927.3681640625
2681	927.3681640625
2682	927.1159172058105
2682	927.1159172058105
2683	1058.5525035858154
2683	1058.5525035858154
2684	1158.3106517791748
2684	1158.3106517791748
2685	1223.5045433044434
2685	1223.5045433044434
2686	1183.6357116699219
2686	1183.6357116699219
2687	1059.882640838623
2687	1059.882640838623
2688	1178.0674457550049
2688	1178.0674457550049
2689	1170.668125152588
2689	1170.668125152588
2690	1599.022388458252
2690	1599.022388458252
2691	1058.2027435302734
2691	1058.2027435302734
2692	1155.4529666900635
2692	1155.4529666900635
2693	1121.2098598480225
2693	1121.2098598480225
2694	934.6094131469727
2694	934.6094131469727
2695	939.9170875549316
2695	939.9170875549316
2696	934.1623783111572
2696	934.1623783111572
2697	933.873176574707
2697	933.873176574707
2698	863.5468482971191
2698	863.5468482971191
2699	890.9196853637695
2699	890.9196853637695
2700	1375.7152557373047
2700	1375.7152557373047
2701	861.6697788238525
2701	861.6697788238525
2702	971.2038040161133
2702	971.2038040161133
2703	950.1364231109619
2703	950.1364231109619
2704	951.5557289123535
2704	951.5557289123535
2705	1112.2119426727295
2705	1112.2119426727295
2706	1406.010627746582
2706	1406.010627746582
2707	1109.734296798706
2707	1109.734296798706
2708	1420.699119567871
2708	1420.699119567871
2709	1268.5041427612305
2709	1268.5041427612305
2710	1849.5354652404785
2710	1849.5354652404785
2711	1374.5965957641602
2711	1374.5965957641602
2712	1393.8932418823242
2712	1393.8932418823242
2713	1289.5832061767578
2713	1289.5832061767578
2714	1352.5211811065674
2714	1352.5211811065674
2715	1401.9813537597656
2715	1401.9813537597656
2716	1295.5472469329834
2716	1295.5472469329834
2717	1230.1836013793945
2717	1230.1836013793945
2718	1357.682228088379
2718	1357.682228088379
2719	1467.2112464904785
2719	1467.2112464904785
2720	1778.6228656768799
2720	1778.6228656768799
2721	1388.0107402801514
2721	1388.0107402801514
2722	1267.841100692749
2722	1267.841100692749
2723	1342.2608375549316
2723	1342.2608375549316
2724	1192.6958560943604
2724	1192.6958560943604
2725	1382.453441619873
2725	1382.453441619873
2726	1402.0566940307617
2726	1402.0566940307617
2727	1373.2719421386719
2727	1373.2719421386719
2728	1408.6124897003174
2728	1408.6124897003174
2729	1409.0042114257812
2729	1409.0042114257812
2730	1719.6402549743652
2730	1719.6402549743652
2731	1375.4520416259766
2731	1375.4520416259766
2732	1467.0674800872803
2732	1467.0674800872803
2733	1403.5439491271973
2733	1403.5439491271973
2734	1406.376600265503
2734	1406.376600265503
2735	1506.983995437622
2735	1506.983995437622
2736	1203.4213542938232
2736	1203.4213542938232
2737	1330.8980464935303
2737	1330.8980464935303
2738	1288.909912109375
2738	1288.909912109375
2739	1593.4183597564697
2739	1593.4183597564697
2740	1982.9716682434082
2740	1982.9716682434082
2741	1417.773962020874
2741	1417.773962020874
2742	1400.5277156829834
2742	1400.5277156829834
2743	1328.6867141723633
2743	1328.6867141723633
2744	1382.2405338287354
2744	1382.2405338287354
2745	1992.3417568206787
2745	1992.3417568206787
2746	2055.379867553711
2746	2055.379867553711
2747	2191.751003265381
2747	2191.751003265381
2748	1998.201608657837
2748	1998.201608657837
2749	1885.6747150421143
2749	1885.6747150421143
2750	2886.3470554351807
2750	2886.3470554351807
2751	2108.5102558135986
2751	2108.5102558135986
2752	2500.438690185547
2752	2500.438690185547
2753	2398.181200027466
2753	2398.181200027466
2754	2516.0932540893555
2754	2516.0932540893555
2755	2582.144260406494
2755	2582.144260406494
2756	2476.9630432128906
2756	2476.9630432128906
2757	2416.205406188965
2757	2416.205406188965
2758	2548.7537384033203
2758	2548.7537384033203
2759	2792.766809463501
2759	2792.766809463501
2760	3389.3728256225586
2760	3389.3728256225586
2761	2463.6058807373047
2761	2463.6058807373047
2762	2365.304708480835
2762	2365.304708480835
2763	2516.101121902466
2763	2516.101121902466
2764	2331.409215927124
2764	2331.409215927124
2765	2536.133050918579
2765	2536.133050918579
2766	2331.4976692199707
2766	2331.4976692199707
2767	2564.067840576172
2767	2564.067840576172
2768	2199.1729736328125
2768	2199.1729736328125
2769	1935.530662536621
2769	1935.530662536621
2770	2385.1468563079834
2770	2385.1468563079834
2771	2395.1961994171143
2771	2395.1961994171143
2772	2111.9415760040283
2772	2111.9415760040283
2773	2205.1262855529785
2773	2205.1262855529785
2774	2530.383586883545
2774	2530.383586883545
2775	2434.50927734375
2775	2434.50927734375
2776	2329.9479484558105
2776	2329.9479484558105
2777	2531.904697418213
2777	2531.904697418213
2778	2289.780616760254
2778	2289.780616760254
2779	2589.1408920288086
2779	2589.1408920288086
2780	2873.2359409332275
2780	2873.2359409332275
2781	2520.2064514160156
2781	2520.2064514160156
2782	2574.3024349212646
2782	2574.3024349212646
2783	2549.659490585327
2783	2549.659490585327
2784	2600.8903980255127
2784	2600.8903980255127
2785	2756.402015686035
2785	2756.402015686035
2786	2590.5284881591797
2786	2590.5284881591797
2787	2547.3990440368652
2787	2547.3990440368652
2788	2577.5146484375
2788	2577.5146484375
2789	2402.059555053711
2789	2402.059555053711
2790	2488.32368850708
2790	2488.32368850708
2791	1938.2846355438232
2791	1938.2846355438232
2792	2232.9795360565186
2792	2232.9795360565186
2793	2344.7301387786865
2793	2344.7301387786865
2794	2438.3068084716797
2794	2438.3068084716797
2795	2378.8442611694336
2795	2378.8442611694336
2796	2425.4627227783203
2796	2425.4627227783203
2797	2478.745222091675
2797	2478.745222091675
2798	2485.6114387512207
2798	2485.6114387512207
2799	2299.654245376587
2799	2299.654245376587
2800	3160.1998805999756
2800	3160.1998805999756
2801	2361.8006706237793
2801	2361.8006706237793
2802	2455.385208129883
2802	2455.385208129883
2803	2513.592004776001
2803	2513.592004776001
2804	2418.9515113830566
2804	2418.9515113830566
2805	1741.544485092163
2805	1741.544485092163
2806	2005.3439140319824
2806	2005.3439140319824
2807	2176.73921585083
2807	2176.73921585083
2808	2283.573865890503
2808	2283.573865890503
2809	2273.6687660217285
2809	2273.6687660217285
2810	2872.2281455993652
2810	2872.2281455993652
2811	2437.737226486206
2811	2437.737226486206
2812	2425.6856441497803
2812	2425.6856441497803
2813	2288.846731185913
2813	2288.846731185913
2814	2266.460180282593
2814	2266.460180282593
2815	2683.7284564971924
2815	2683.7284564971924
2816	2511.3768577575684
2816	2511.3768577575684
2817	2548.2828617095947
2817	2548.2828617095947
2818	2523.7886905670166
2818	2523.7886905670166
2819	2751.560688018799
2819	2751.560688018799
2820	3096.9574451446533
2820	3096.9574451446533
2821	2354.463577270508
2821	2354.463577270508
2822	2555.737257003784
2822	2555.737257003784
2823	2547.2917556762695
2823	2547.2917556762695
2824	2399.143934249878
2824	2399.143934249878
2825	2338.9251232147217
2825	2338.9251232147217
2826	2355.696201324463
2826	2355.696201324463
2827	2165.5523777008057
2827	2165.5523777008057
2828	2188.1659030914307
2828	2188.1659030914307
2829	2379.0760040283203
2829	2379.0760040283203
2830	2876.046657562256
2830	2876.046657562256
2831	2452.7809619903564
2831	2452.7809619903564
2832	2335.2553844451904
2832	2335.2553844451904
2833	2465.8122062683105
2833	2465.8122062683105
2834	2560.0976943969727
2834	2560.0976943969727
2835	2253.535032272339
2835	2253.535032272339
2836	2565.338134765625
2836	2565.338134765625
2837	2377.805709838867
2837	2377.805709838867
2838	2525.0558853149414
2838	2525.0558853149414
2839	2286.8707180023193
2839	2286.8707180023193
2840	3124.0227222442627
2840	3124.0227222442627
2841	2558.800458908081
2841	2558.800458908081
2842	2548.6226081848145
2842	2548.6226081848145
2843	2565.3929710388184
2843	2565.3929710388184
2844	2467.430353164673
2844	2467.430353164673
2845	2575.404167175293
2845	2575.404167175293
2846	2619.983911514282
2846	2619.983911514282
2847	2660.8803272247314
2847	2660.8803272247314
2848	2662.357807159424
2848	2662.357807159424
2849	2575.5646228790283
2849	2575.5646228790283
2850	2383.286237716675
2850	2383.286237716675
2851	2125.2267360687256
2851	2125.2267360687256
2852	1938.7457370758057
2852	1938.7457370758057
2853	2369.727373123169
2853	2369.727373123169
2854	2319.2148208618164
2854	2319.2148208618164
2855	2351.3731956481934
2855	2351.3731956481934
2856	2307.1072101593018
2856	2307.1072101593018
2857	2239.565372467041
2857	2239.565372467041
2858	2253.434181213379
2858	2253.434181213379
2859	2558.3174228668213
2859	2558.3174228668213
2860	2760.2152824401855
2860	2760.2152824401855
2861	2458.129644393921
2861	2458.129644393921
2862	2572.3822116851807
2862	2572.3822116851807
2863	2286.3411903381348
2863	2286.3411903381348
2864	2571.810483932495
2864	2571.810483932495
2865	2533.782720565796
2865	2533.782720565796
2866	2586.641311645508
2866	2586.641311645508
2867	2434.2474937438965
2867	2434.2474937438965
2868	2553.0858039855957
2868	2553.0858039855957
2869	2455.3215503692627
2869	2455.3215503692627
2870	2657.181978225708
2870	2657.181978225708
2871	2313.4522438049316
2871	2313.4522438049316
2872	2385.9753608703613
2872	2385.9753608703613
2873	2229.841470718384
2873	2229.841470718384
2874	2537.724256515503
2874	2537.724256515503
2875	2536.378860473633
2875	2536.378860473633
2876	2596.8716144561768
2876	2596.8716144561768
2877	2562.258720397949
2877	2562.258720397949
2878	2566.7331218719482
2878	2566.7331218719482
2879	2431.8935871124268
2879	2431.8935871124268
2880	2975.581169128418
2880	2975.581169128418
2881	2707.386016845703
2881	2707.386016845703
2882	2872.9183673858643
2882	2872.9183673858643
2883	3043.484926223755
2883	3043.484926223755
2884	2555.62686920166
2884	2555.62686920166
2885	2463.555335998535
2885	2463.555335998535
2886	2576.596260070801
2886	2576.596260070801
2887	2356.290340423584
2887	2356.290340423584
2888	2567.1041011810303
2888	2567.1041011810303
2889	2457.8750133514404
2889	2457.8750133514404
2890	2988.630771636963
2890	2988.630771636963
2891	2554.0924072265625
2891	2554.0924072265625
2892	2083.5671424865723
2892	2083.5671424865723
2893	2194.4947242736816
2893	2194.4947242736816
2894	2183.328151702881
2894	2183.328151702881
2895	2263.7557983398438
2895	2263.7557983398438
2896	2389.2714977264404
2896	2389.2714977264404
2897	2409.0754985809326
2897	2409.0754985809326
2898	2318.507194519043
2898	2318.507194519043
2899	2814.628839492798
2899	2814.628839492798
2900	3090.3406143188477
2900	3090.3406143188477
2901	2495.990514755249
2901	2495.990514755249
2902	2292.288303375244
2902	2292.288303375244
2903	2465.5587673187256
2903	2465.5587673187256
2904	2533.2999229431152
2904	2533.2999229431152
2905	2532.0136547088623
2905	2532.0136547088623
2906	2355.3876876831055
2906	2355.3876876831055
2907	2534.696102142334
2907	2534.696102142334
2908	2531.773567199707
2908	2531.773567199707
2909	2438.0452632904053
2909	2438.0452632904053
2910	3273.2441425323486
2910	3273.2441425323486
2911	2634.3789100646973
2911	2634.3789100646973
2912	2490.80491065979
2912	2490.80491065979
2913	2278.2809734344482
2913	2278.2809734344482
2914	2156.0733318328857
2914	2156.0733318328857
2915	2146.27742767334
2915	2146.27742767334
2916	2326.5936374664307
2916	2326.5936374664307
2917	2321.2010860443115
2917	2321.2010860443115
2918	2489.4516468048096
2918	2489.4516468048096
2919	2429.216146469116
2919	2429.216146469116
2920	2935.3225231170654
2920	2935.3225231170654
2921	2485.57710647583
2921	2485.57710647583
2922	2494.5502281188965
2922	2494.5502281188965
2923	2377.9871463775635
2923	2377.9871463775635
2924	2275.850296020508
2924	2275.850296020508
2925	2537.519931793213
2925	2537.519931793213
2926	2529.162645339966
2926	2529.162645339966
2927	2595.4084396362305
2927	2595.4084396362305
2928	2770.9269523620605
2928	2770.9269523620605
2929	2563.542604446411
2929	2563.542604446411
2930	3072.896718978882
2930	3072.896718978882
2931	2601.50146484375
2931	2601.50146484375
2932	2569.2312717437744
2932	2569.2312717437744
2933	2552.2429943084717
2933	2552.2429943084717
2934	2599.1721153259277
2934	2599.1721153259277
2935	2099.9977588653564
2935	2099.9977588653564
2936	2093.817949295044
2936	2093.817949295044
2937	1915.8594608306885
2937	1915.8594608306885
2938	2090.458869934082
2938	2090.458869934082
2939	2336.719512939453
2939	2336.719512939453
2940	2652.7156829833984
2940	2652.7156829833984
2941	2257.09867477417
2941	2257.09867477417
2942	2244.1070079803467
2942	2244.1070079803467
2943	2514.5843029022217
2943	2514.5843029022217
2944	2522.106885910034
2944	2522.106885910034
2945	2374.8252391815186
2945	2374.8252391815186
2946	2522.7115154266357
2946	2522.7115154266357
2947	2566.30802154541
2947	2566.30802154541
2948	2562.782049179077
2948	2562.782049179077
2949	1805.8719635009766
2949	1805.8719635009766
2950	2561.1441135406494
2950	2561.1441135406494
2951	1945.523977279663
2951	1945.523977279663
2952	2334.2294692993164
2952	2334.2294692993164
2953	2301.2826442718506
2953	2301.2826442718506
2954	2442.776918411255
2954	2442.776918411255
2955	2439.2378330230713
2955	2439.2378330230713
2956	2532.1052074432373
2956	2532.1052074432373
2957	2484.879732131958
2957	2484.879732131958
2958	2445.7085132598877
2958	2445.7085132598877
2959	2749.5808601379395
2959	2749.5808601379395
2960	3095.9677696228027
2960	3095.9677696228027
2961	2365.8487796783447
2961	2365.8487796783447
2962	2318.718194961548
2962	2318.718194961548
2963	2343.8363075256348
2963	2343.8363075256348
2964	2468.2164192199707
2964	2468.2164192199707
2965	2605.9300899505615
2965	2605.9300899505615
2966	2558.8879585266113
2966	2558.8879585266113
2967	2515.255928039551
2967	2515.255928039551
2968	2470.292329788208
2968	2470.292329788208
2969	2552.0265102386475
2969	2552.0265102386475
2970	2979.1507720947266
2970	2979.1507720947266
2971	2044.2681312561035
2971	2044.2681312561035
2972	2245.0637817382812
2972	2245.0637817382812
2973	2335.3569507598877
2973	2335.3569507598877
2974	2370.7332611083984
2974	2370.7332611083984
2975	2518.9173221588135
2975	2518.9173221588135
2976	2322.8228092193604
2976	2322.8228092193604
2977	2453.205108642578
2977	2453.205108642578
2978	2611.39178276062
2978	2611.39178276062
2979	2493.978977203369
2979	2493.978977203369
2980	2890.7902240753174
2980	2890.7902240753174
2981	2553.1628131866455
2981	2553.1628131866455
2982	2616.985082626343
2982	2616.985082626343
2983	2626.6872882843018
2983	2626.6872882843018
2984	2552.2353649139404
2984	2552.2353649139404
2985	2346.0824489593506
2985	2346.0824489593506
2986	2489.389657974243
2986	2489.389657974243
2987	2509.9427700042725
2987	2509.9427700042725
2988	2565.9523010253906
2988	2565.9523010253906
2989	2434.622049331665
2989	2434.622049331665
2990	2651.8051624298096
2990	2651.8051624298096
2991	2145.4691886901855
2991	2145.4691886901855
2992	2251.589298248291
2992	2251.589298248291
2993	2120.9070682525635
2993	2120.9070682525635
2994	2208.674430847168
2994	2208.674430847168
2995	2469.581365585327
2995	2469.581365585327
2996	2956.479549407959
2996	2956.479549407959
2997	2306.51593208313
2997	2306.51593208313
2998	2225.609064102173
2998	2225.609064102173
2999	2449.7063159942627
2999	2449.7063159942627
3000	12609.94291305542
3000	12609.94291305542
3001	1313.2238388061523
3001	1313.2238388061523
3002	1427.0992279052734
3002	1427.0992279052734
3003	1405.4961204528809
3003	1405.4961204528809
3004	1367.4633502960205
3004	1367.4633502960205
3005	1220.7434177398682
3005	1220.7434177398682
3006	1472.6855754852295
3006	1472.6855754852295
3007	1384.0172290802002
3007	1384.0172290802002
3008	1416.1450862884521
3008	1416.1450862884521
3009	1425.6713390350342
3009	1425.6713390350342
3010	2097.705125808716
3010	2097.705125808716
3011	1303.5593032836914
3011	1303.5593032836914
3012	1283.9515209197998
3012	1283.9515209197998
3013	1447.8418827056885
3013	1447.8418827056885
3014	1388.4906768798828
3014	1388.4906768798828
3015	1235.0246906280518
3015	1235.0246906280518
3016	1357.3079109191895
3016	1357.3079109191895
3017	1564.5687580108643
3017	1564.5687580108643
3018	1361.0541820526123
3018	1361.0541820526123
3019	1369.0106868743896
3019	1369.0106868743896
3020	1902.5743007659912
3020	1902.5743007659912
3021	1407.515525817871
3021	1407.515525817871
3022	1406.6739082336426
3022	1406.6739082336426
3023	1211.77077293396
3023	1211.77077293396
3024	1202.41379737854
3024	1202.41379737854
3025	1194.1895484924316
3025	1194.1895484924316
3026	1395.883560180664
3026	1395.883560180664
3027	1424.480676651001
3027	1424.480676651001
3028	1442.3222541809082
3028	1442.3222541809082
3029	1288.4652614593506
3029	1288.4652614593506
3030	1887.3157501220703
3030	1887.3157501220703
3031	1175.1625537872314
3031	1175.1625537872314
3032	1177.2754192352295
3032	1177.2754192352295
3033	1178.9131164550781
3033	1178.9131164550781
3034	1168.1618690490723
3034	1168.1618690490723
3035	1198.0106830596924
3035	1198.0106830596924
3036	1207.3192596435547
3036	1207.3192596435547
3037	1204.4410705566406
3037	1204.4410705566406
3038	1209.773063659668
3038	1209.773063659668
3039	1247.3759651184082
3039	1247.3759651184082
3040	1540.5609607696533
3040	1540.5609607696533
3041	1534.6572399139404
3041	1534.6572399139404
3042	912.4858379364014
3042	912.4858379364014
3043	952.5225162506104
3043	952.5225162506104
3044	1391.1566734313965
3044	1391.1566734313965
3045	1433.0105781555176
3045	1433.0105781555176
3046	1220.6776142120361
3046	1220.6776142120361
3047	1450.7288932800293
3047	1450.7288932800293
3048	1396.3854312896729
3048	1396.3854312896729
3049	1401.015281677246
3049	1401.015281677246
3050	1912.9748344421387
3050	1912.9748344421387
3051	1463.5276794433594
3051	1463.5276794433594
3052	1349.2352962493896
3052	1349.2352962493896
3053	1216.846227645874
3053	1216.846227645874
3054	1347.7330207824707
3054	1347.7330207824707
3055	1323.7240314483643
3055	1323.7240314483643
3056	1379.281997680664
3056	1379.281997680664
3057	1377.8948783874512
3057	1377.8948783874512
3058	1207.0863246917725
3058	1207.0863246917725
3059	1416.1176681518555
3059	1416.1176681518555
3060	1659.50345993042
3060	1659.50345993042
3061	1333.956241607666
3061	1333.956241607666
3062	1254.197359085083
3062	1254.197359085083
3063	1471.351146697998
3063	1471.351146697998
3064	1443.6683654785156
3064	1443.6683654785156
3065	1393.5356140136719
3065	1393.5356140136719
3066	1415.8434867858887
3066	1415.8434867858887
3067	1360.0542545318604
3067	1360.0542545318604
3068	1395.2157497406006
3068	1395.2157497406006
3069	1299.6525764465332
3069	1299.6525764465332
3070	1730.3731441497803
3070	1730.3731441497803
3071	1283.42866897583
3071	1283.42866897583
3072	1435.5878829956055
3072	1435.5878829956055
3073	1213.6142253875732
3073	1213.6142253875732
3074	1447.61323928833
3074	1447.61323928833
3075	1371.3514804840088
3075	1371.3514804840088
3076	1379.9192905426025
3076	1379.9192905426025
3077	1347.515344619751
3077	1347.515344619751
3078	1362.293004989624
3078	1362.293004989624
3079	1393.2075500488281
3079	1393.2075500488281
3080	1731.8720817565918
3080	1731.8720817565918
3081	1276.540994644165
3081	1276.540994644165
3082	1350.5313396453857
3082	1350.5313396453857
3083	1633.194923400879
3083	1633.194923400879
3084	1354.6597957611084
3084	1354.6597957611084
3085	1357.520580291748
3085	1357.520580291748
3086	1204.8351764678955
3086	1204.8351764678955
3087	1098.9007949829102
3087	1098.9007949829102
3088	1417.891502380371
3088	1417.891502380371
3089	1457.524299621582
3089	1457.524299621582
3090	1866.6906356811523
3090	1866.6906356811523
3091	1355.6268215179443
3091	1355.6268215179443
3092	1432.5685501098633
3092	1432.5685501098633
3093	1406.1777591705322
3093	1406.1777591705322
3094	1284.9316596984863
3094	1284.9316596984863
3095	1367.1317100524902
3095	1367.1317100524902
3096	1568.6659812927246
3096	1568.6659812927246
3097	1357.9199314117432
3097	1357.9199314117432
3098	1370.467185974121
3098	1370.467185974121
3099	1387.2294425964355
3099	1387.2294425964355
3100	1946.6123580932617
3100	1946.6123580932617
3101	1351.4752388000488
3101	1351.4752388000488
3102	1373.9879131317139
3102	1373.9879131317139
3103	1409.083366394043
3103	1409.083366394043
3104	1333.6849212646484
3104	1333.6849212646484
3105	1324.8732089996338
3105	1324.8732089996338
3106	1309.9796772003174
3106	1309.9796772003174
3107	1387.2289657592773
3107	1387.2289657592773
3108	1342.9412841796875
3108	1342.9412841796875
3109	1332.7062129974365
3109	1332.7062129974365
3110	1695.8811283111572
3110	1695.8811283111572
3111	1328.1681537628174
3111	1328.1681537628174
3112	1366.3663864135742
3112	1366.3663864135742
3113	1348.1824398040771
3113	1348.1824398040771
3114	1398.3089923858643
3114	1398.3089923858643
3115	1493.5157299041748
3115	1493.5157299041748
3116	1422.7097034454346
3116	1422.7097034454346
3117	1322.554588317871
3117	1322.554588317871
3118	1424.156665802002
3118	1424.156665802002
3119	1211.1458778381348
3119	1211.1458778381348
3120	1875.3361701965332
3120	1875.3361701965332
3121	1420.612096786499
3121	1420.612096786499
3122	1195.1532363891602
3122	1195.1532363891602
3123	1328.9790153503418
3123	1328.9790153503418
3124	1359.304666519165
3124	1359.304666519165
3125	1386.5764141082764
3125	1386.5764141082764
3126	1362.7219200134277
3126	1362.7219200134277
3127	1360.0633144378662
3127	1360.0633144378662
3128	1410.796880722046
3128	1410.796880722046
3129	1416.4204597473145
3129	1416.4204597473145
3130	1825.148582458496
3130	1825.148582458496
3131	1346.8363285064697
3131	1346.8363285064697
3132	1375.2236366271973
3132	1375.2236366271973
3133	1209.7456455230713
3133	1209.7456455230713
3134	1408.5650444030762
3134	1408.5650444030762
3135	1215.2202129364014
3135	1215.2202129364014
3136	1419.1179275512695
3136	1419.1179275512695
3137	1405.17258644104
3137	1405.17258644104
3138	1416.2452220916748
3138	1416.2452220916748
3139	1542.2661304473877
3139	1542.2661304473877
3140	1750.4072189331055
3140	1750.4072189331055
3141	1186.7337226867676
3141	1186.7337226867676
3142	1894.1946029663086
3142	1894.1946029663086
3143	1360.356330871582
3143	1360.356330871582
3144	1089.3628597259521
3144	1089.3628597259521
3145	1115.3554916381836
3145	1115.3554916381836
3146	2408.1521034240723
3146	2408.1521034240723
3147	2565.178871154785
3147	2565.178871154785
3148	2650.6946086883545
3148	2650.6946086883545
3149	2453.994035720825
3149	2453.994035720825
3150	2841.8145179748535
3150	2841.8145179748535
3151	2633.857011795044
3151	2633.857011795044
3152	2533.0281257629395
3152	2533.0281257629395
3153	3080.204725265503
3153	3080.204725265503
3154	2525.920629501343
3154	2525.920629501343
3155	2534.2416763305664
3155	2534.2416763305664
3156	2460.958242416382
3156	2460.958242416382
3157	2343.5330390930176
3157	2343.5330390930176
3158	2575.0041007995605
3158	2575.0041007995605
3159	2272.8545665740967
3159	2272.8545665740967
3160	3099.1764068603516
3160	3099.1764068603516
3161	2444.2617893218994
3161	2444.2617893218994
3162	2584.1331481933594
3162	2584.1331481933594
3163	2549.684762954712
3163	2549.684762954712
3164	2580.738306045532
3164	2580.738306045532
3165	2751.697778701782
3165	2751.697778701782
3166	2597.454071044922
3166	2597.454071044922
3167	2575.4895210266113
3167	2575.4895210266113
3168	2525.8679389953613
3168	2525.8679389953613
3169	2121.9613552093506
3169	2121.9613552093506
3170	2969.6433544158936
3170	2969.6433544158936
3171	2254.612922668457
3171	2254.612922668457
3172	2964.707136154175
3172	2964.707136154175
3173	3622.0126152038574
3173	3622.0126152038574
3174	3724.862813949585
3174	3724.862813949585
3175	3433.4053993225098
3175	3433.4053993225098
3176	3671.710252761841
3176	3671.710252761841
3177	3761.0206604003906
3177	3761.0206604003906
3178	4060.0974559783936
3178	4060.0974559783936
3179	3794.3456172943115
3179	3794.3456172943115
3180	3953.430414199829
3180	3953.430414199829
3181	3958.702564239502
3181	3958.702564239502
3182	3903.3138751983643
3182	3903.3138751983643
3183	3576.6820907592773
3183	3576.6820907592773
3184	4137.230634689331
3184	4137.230634689331
3185	3831.613063812256
3185	3831.613063812256
3186	3605.0355434417725
3186	3605.0355434417725
3187	3759.98854637146
3187	3759.98854637146
3188	3852.558135986328
3188	3852.558135986328
3189	3831.6054344177246
3189	3831.6054344177246
3190	4080.874443054199
3190	4080.874443054199
3191	4156.652927398682
3191	4156.652927398682
3192	4020.275592803955
3192	4020.275592803955
3193	3858.966588973999
3193	3858.966588973999
3194	3596.251964569092
3194	3596.251964569092
3195	3879.3253898620605
3195	3879.3253898620605
3196	3845.5169200897217
3196	3845.5169200897217
3197	3886.7831230163574
3197	3886.7831230163574
3198	3630.37109375
3198	3630.37109375
3199	3651.5395641326904
3199	3651.5395641326904
3200	4145.191669464111
3200	4145.191669464111
3201	3473.088502883911
3201	3473.088502883911
3202	3501.108169555664
3202	3501.108169555664
3203	3793.376922607422
3203	3793.376922607422
3204	3743.8533306121826
3204	3743.8533306121826
3205	3735.610246658325
3205	3735.610246658325
3206	3442.920923233032
3206	3442.920923233032
3207	3851.4065742492676
3207	3851.4065742492676
3208	3852.11181640625
3208	3852.11181640625
3209	3841.158151626587
3209	3841.158151626587
3210	4311.014890670776
3210	4311.014890670776
3211	3551.8112182617188
3211	3551.8112182617188
3212	3885.699987411499
3212	3885.699987411499
3213	3561.305284500122
3213	3561.305284500122
3214	3981.340169906616
3214	3981.340169906616
3215	3846.9724655151367
3215	3846.9724655151367
3216	3872.297525405884
3216	3872.297525405884
3217	3566.890239715576
3217	3566.890239715576
3218	3700.7625102996826
3218	3700.7625102996826
3219	3472.3896980285645
3219	3472.3896980285645
3220	4366.680860519409
3220	4366.680860519409
3221	3415.491819381714
3221	3415.491819381714
3222	3539.3810272216797
3222	3539.3810272216797
3223	3450.3836631774902
3223	3450.3836631774902
3224	3818.4139728546143
3224	3818.4139728546143
3225	3842.602014541626
3225	3842.602014541626
3226	3831.073760986328
3226	3831.073760986328
3227	3494.8713779449463
3227	3494.8713779449463
3228	3611.560821533203
3228	3611.560821533203
3229	4297.696113586426
3229	4297.696113586426
3230	4680.692195892334
3230	4680.692195892334
3231	3648.8659381866455
3231	3648.8659381866455
3232	3534.872055053711
3232	3534.872055053711
3233	3662.6315116882324
3233	3662.6315116882324
3234	3631.54673576355
3234	3631.54673576355
3235	3786.450147628784
3235	3786.450147628784
3236	3839.8942947387695
3236	3839.8942947387695
3237	3811.4066123962402
3237	3811.4066123962402
3238	3872.365951538086
3238	3872.365951538086
3239	3994.6210384368896
3239	3994.6210384368896
3240	4590.494871139526
3240	4590.494871139526
3241	3876.4729499816895
3241	3876.4729499816895
3242	3909.435272216797
3242	3909.435272216797
3243	3375.9686946868896
3243	3375.9686946868896
3244	3571.392059326172
3244	3571.392059326172
3245	3639.5227909088135
3245	3639.5227909088135
3246	3503.359794616699
3246	3503.359794616699
3247	3685.563325881958
3247	3685.563325881958
3248	3751.8203258514404
3248	3751.8203258514404
3249	3552.152156829834
3249	3552.152156829834
3250	4107.192516326904
3250	4107.192516326904
3251	3778.6664962768555
3251	3778.6664962768555
3252	3789.8340225219727
3252	3789.8340225219727
3253	3580.6920528411865
3253	3580.6920528411865
3254	3827.7740478515625
3254	3827.7740478515625
3255	3742.0763969421387
3255	3742.0763969421387
3256	3771.421194076538
3256	3771.421194076538
3257	3921.921968460083
3257	3921.921968460083
3258	3608.9730262756348
3258	3608.9730262756348
3259	3972.8691577911377
3259	3972.8691577911377
3260	4295.483589172363
3260	4295.483589172363
3261	3991.694688796997
3261	3991.694688796997
3262	3591.068744659424
3262	3591.068744659424
3263	3652.458906173706
3263	3652.458906173706
3264	3695.6653594970703
3264	3695.6653594970703
3265	3760.43963432312
3265	3760.43963432312
3266	3517.662763595581
3266	3517.662763595581
3267	3729.495048522949
3267	3729.495048522949
3268	3685.2169036865234
3268	3685.2169036865234
3269	3533.9608192443848
3269	3533.9608192443848
3270	3896.40736579895
3270	3896.40736579895
3271	3405.2393436431885
3271	3405.2393436431885
3272	3695.1096057891846
3272	3695.1096057891846
3273	3855.95965385437
3273	3855.95965385437
3274	3523.456335067749
3274	3523.456335067749
3275	3592.2207832336426
3275	3592.2207832336426
3276	3313.579559326172
3276	3313.579559326172
3277	3944.7314739227295
3277	3944.7314739227295
3278	3720.0968265533447
3278	3720.0968265533447
3279	3809.535503387451
3279	3809.535503387451
3280	4000.960350036621
3280	4000.960350036621
3281	3785.4859828948975
3281	3785.4859828948975
3282	3840.0778770446777
3282	3840.0778770446777
3283	3827.5556564331055
3283	3827.5556564331055
3284	3636.187791824341
3284	3636.187791824341
3285	3945.6498622894287
3285	3945.6498622894287
3286	3569.9453353881836
3286	3569.9453353881836
3287	3668.025493621826
3287	3668.025493621826
3288	3919.816732406616
3288	3919.816732406616
3289	3798.299789428711
3289	3798.299789428711
3290	4373.946666717529
3290	4373.946666717529
3291	3869.995594024658
3291	3869.995594024658
3292	3580.092668533325
3292	3580.092668533325
3293	3906.2983989715576
3293	3906.2983989715576
3294	3636.9574069976807
3294	3636.9574069976807
3295	3815.7567977905273
3295	3815.7567977905273
3296	3574.699640274048
3296	3574.699640274048
3297	3600.0354290008545
3297	3600.0354290008545
3298	3503.406286239624
3298	3503.406286239624
3299	3531.4807891845703
3299	3531.4807891845703
3300	4171.933889389038
3300	4171.933889389038
3301	3563.753128051758
3301	3563.753128051758
3302	4299.212694168091
3302	4299.212694168091
3303	3786.7889404296875
3303	3786.7889404296875
3304	4027.468681335449
3304	4027.468681335449
3305	3824.6610164642334
3305	3824.6610164642334
3306	3563.5757446289062
3306	3563.5757446289062
3307	4067.689895629883
3307	4067.689895629883
3308	3852.956533432007
3308	3852.956533432007
3309	3784.853935241699
3309	3784.853935241699
3310	4654.38175201416
3310	4654.38175201416
3311	3831.174850463867
3311	3831.174850463867
3312	3959.0182304382324
3312	3959.0182304382324
3313	3939.446210861206
3313	3939.446210861206
3314	3937.443494796753
3314	3937.443494796753
3315	3870.5406188964844
3315	3870.5406188964844
3316	4113.216161727905
3316	4113.216161727905
3317	3885.2100372314453
3317	3885.2100372314453
3318	3659.4529151916504
3318	3659.4529151916504
3319	3637.3796463012695
3319	3637.3796463012695
3320	4371.814489364624
3320	4371.814489364624
3321	3941.2271976470947
3321	3941.2271976470947
3322	3834.028959274292
3322	3834.028959274292
3323	3622.3623752593994
3323	3622.3623752593994
3324	3763.813257217407
3324	3763.813257217407
3325	3599.590063095093
3325	3599.590063095093
3326	3725.745439529419
3326	3725.745439529419
3327	3753.6158561706543
3327	3753.6158561706543
3328	3822.4427700042725
3328	3822.4427700042725
3329	3832.8287601470947
3329	3832.8287601470947
3330	4203.146696090698
3330	4203.146696090698
3331	3962.27765083313
3331	3962.27765083313
3332	3825.502395629883
3332	3825.502395629883
3333	3790.1694774627686
3333	3790.1694774627686
3334	3834.7277641296387
3334	3834.7277641296387
3335	3613.430976867676
3335	3613.430976867676
3336	3812.7949237823486
3336	3812.7949237823486
3337	3552.3345470428467
3337	3552.3345470428467
3338	3894.249677658081
3338	3894.249677658081
3339	3567.725658416748
3339	3567.725658416748
3340	4630.944728851318
3340	4630.944728851318
3341	3884.9856853485107
3341	3884.9856853485107
3342	3937.7307891845703
3342	3937.7307891845703
3343	3999.1614818573
3343	3999.1614818573
3344	3914.3877029418945
3344	3914.3877029418945
3345	3907.9935550689697
3345	3907.9935550689697
3346	3870.054006576538
3346	3870.054006576538
3347	3921.8523502349854
3347	3921.8523502349854
3348	3950.108766555786
3348	3950.108766555786
3349	3441.643238067627
3349	3441.643238067627
3350	4188.766956329346
3350	4188.766956329346
3351	3720.0162410736084
3351	3720.0162410736084
3352	3415.0712490081787
3352	3415.0712490081787
3353	3789.4318103790283
3353	3789.4318103790283
3354	3429.4815063476562
3354	3429.4815063476562
3355	3891.8027877807617
3355	3891.8027877807617
3356	3695.249557495117
3356	3695.249557495117
3357	3815.4354095458984
3357	3815.4354095458984
3358	3307.074785232544
3358	3307.074785232544
3359	3703.0715942382812
3359	3703.0715942382812
3360	4278.711795806885
3360	4278.711795806885
3361	3698.9541053771973
3361	3698.9541053771973
3362	3587.6379013061523
3362	3587.6379013061523
3363	3872.377395629883
3363	3872.377395629883
3364	3881.645917892456
3364	3881.645917892456
3365	3603.3544540405273
3365	3603.3544540405273
3366	3884.634494781494
3366	3884.634494781494
3367	3925.8127212524414
3367	3925.8127212524414
3368	3919.0919399261475
3368	3919.0919399261475
3369	3821.35009765625
3369	3821.35009765625
3370	4648.661136627197
3370	4648.661136627197
3371	3603.7445068359375
3371	3603.7445068359375
3372	3896.4922428131104
3372	3896.4922428131104
3373	4005.185604095459
3373	4005.185604095459
3374	3745.3935146331787
3374	3745.3935146331787
3375	3638.056516647339
3375	3638.056516647339
3376	3465.653657913208
3376	3465.653657913208
3377	3472.728729248047
3377	3472.728729248047
3378	3693.268299102783
3378	3693.268299102783
3379	3779.1736125946045
3379	3779.1736125946045
3380	4267.3680782318115
3380	4267.3680782318115
3381	3539.654493331909
3381	3539.654493331909
3382	4029.3827056884766
3382	4029.3827056884766
3383	3853.9414405822754
3383	3853.9414405822754
3384	3546.6859340667725
3384	3546.6859340667725
3385	3812.9985332489014
3385	3812.9985332489014
3386	3831.2530517578125
3386	3831.2530517578125
3387	3858.7849140167236
3387	3858.7849140167236
3388	3868.687152862549
3388	3868.687152862549
3389	3668.626308441162
3389	3668.626308441162
3390	4295.706748962402
3390	4295.706748962402
3391	3631.4022541046143
3391	3631.4022541046143
3392	3844.7864055633545
3392	3844.7864055633545
3393	3578.47261428833
3393	3578.47261428833
3394	3661.858081817627
3394	3661.858081817627
3395	3413.973331451416
3395	3413.973331451416
3396	3738.8713359832764
3396	3738.8713359832764
3397	3431.6930770874023
3397	3431.6930770874023
3398	3792.5782203674316
3398	3792.5782203674316
3399	3466.4502143859863
3399	3466.4502143859863
3400	4332.654714584351
3400	4332.654714584351
3401	3788.7353897094727
3401	3788.7353897094727
3402	3668.6952114105225
3402	3668.6952114105225
3403	3784.862518310547
3403	3784.862518310547
3404	3617.581605911255
3404	3617.581605911255
3405	3743.2045936584473
3405	3743.2045936584473
3406	3577.9869556427
3406	3577.9869556427
3407	3769.862174987793
3407	3769.862174987793
3408	3913.1155014038086
3408	3913.1155014038086
3409	3907.641649246216
3409	3907.641649246216
3410	4334.988832473755
3410	4334.988832473755
3411	4184.969186782837
3411	4184.969186782837
3412	3659.4746112823486
3412	3659.4746112823486
3413	3889.3041610717773
3413	3889.3041610717773
3414	3928.345203399658
3414	3928.345203399658
3415	4048.4628677368164
3415	4048.4628677368164
3416	3879.79793548584
3416	3879.79793548584
3417	3904.322862625122
3417	3904.322862625122
3418	3999.479293823242
3418	3999.479293823242
3419	3618.9959049224854
3419	3618.9959049224854
3420	4052.88028717041
3420	4052.88028717041
3421	3661.4179611206055
3421	3661.4179611206055
3422	3422.1553802490234
3422	3422.1553802490234
3423	3464.979410171509
3423	3464.979410171509
3424	3444.957494735718
3424	3444.957494735718
3425	4373.612642288208
3425	4373.612642288208
3426	3484.7402572631836
3426	3484.7402572631836
3427	3871.5803623199463
3427	3871.5803623199463
3428	3805.936813354492
3428	3805.936813354492
3429	3641.27779006958
3429	3641.27779006958
3430	4348.682641983032
3430	4348.682641983032
3431	3895.033359527588
3431	3895.033359527588
3432	3605.398178100586
3432	3605.398178100586
3433	3951.2782096862793
3433	3951.2782096862793
3434	3354.6383380889893
3434	3354.6383380889893
3435	3634.0091228485107
3435	3634.0091228485107
3436	3847.294569015503
3436	3847.294569015503
3437	4123.713970184326
3437	4123.713970184326
3438	3931.5595626831055
3438	3931.5595626831055
3439	4004.4596195220947
3439	4004.4596195220947
3440	4715.77000617981
3440	4715.77000617981
3441	4047.415256500244
3441	4047.415256500244
3442	4046.147584915161
3442	4046.147584915161
3443	4072.3979473114014
3443	4072.3979473114014
3444	3800.49991607666
3444	3800.49991607666
3445	4098.734378814697
3445	4098.734378814697
3446	3818.011522293091
3446	3818.011522293091
3447	3866.225481033325
3447	3866.225481033325
3448	4144.077301025391
3448	4144.077301025391
3449	4088.160753250122
3449	4088.160753250122
3450	4438.990831375122
3450	4438.990831375122
3451	4161.673307418823
3451	4161.673307418823
3452	3124.220132827759
3452	3124.220132827759
3453	3736.0212802886963
3453	3736.0212802886963
3454	3848.8566875457764
3454	3848.8566875457764
3455	3564.2499923706055
3455	3564.2499923706055
3456	3780.9956073760986
3456	3780.9956073760986
3457	3904.325485229492
3457	3904.325485229492
3458	3419.4040298461914
3458	3419.4040298461914
3459	3712.8803730010986
3459	3712.8803730010986
3460	4329.642534255981
3460	4329.642534255981
3461	3707.123041152954
3461	3707.123041152954
3462	3638.8320922851562
3462	3638.8320922851562
3463	3761.626958847046
3463	3761.626958847046
3464	3900.174856185913
3464	3900.174856185913
3465	3424.5352745056152
3465	3424.5352745056152
3466	3845.1905250549316
3466	3845.1905250549316
3467	3806.018114089966
3467	3806.018114089966
3468	3920.546531677246
3468	3920.546531677246
3469	3847.022294998169
3469	3847.022294998169
3470	4089.679718017578
3470	4089.679718017578
3471	3498.3792304992676
3471	3498.3792304992676
3472	3945.3868865966797
3472	3945.3868865966797
3473	3855.5314540863037
3473	3855.5314540863037
3474	3863.325357437134
3474	3863.325357437134
3475	3851.8173694610596
3475	3851.8173694610596
3476	3804.072618484497
3476	3804.072618484497
3477	3945.4638957977295
3477	3945.4638957977295
3478	2539.2773151397705
3478	2539.2773151397705
3479	2563.7781620025635
3479	2563.7781620025635
3480	2885.5717182159424
3480	2885.5717182159424
3481	2355.8452129364014
3481	2355.8452129364014
3482	2300.584316253662
3482	2300.584316253662
3483	2438.804864883423
3483	2438.804864883423
3484	2340.1784896850586
3484	2340.1784896850586
3485	2320.2273845672607
3485	2320.2273845672607
3486	2784.167766571045
3486	2784.167766571045
3487	2507.445812225342
3487	2507.445812225342
3488	2606.5032482147217
3488	2606.5032482147217
3489	2646.881103515625
3489	2646.881103515625
3490	2967.7062034606934
3490	2967.7062034606934
3491	2556.4815998077393
3491	2556.4815998077393
3492	2419.5852279663086
3492	2419.5852279663086
3493	2696.5739727020264
3493	2696.5739727020264
3494	2340.257406234741
3494	2340.257406234741
3495	2606.2285900115967
3495	2606.2285900115967
3496	2573.6048221588135
3496	2573.6048221588135
3497	2654.59942817688
3497	2654.59942817688
3498	2197.575807571411
3498	2197.575807571411
3499	2609.8709106445312
3499	2609.8709106445312
3500	10267.423391342163
3500	10267.423391342163
3501	2494.988441467285
3501	2494.988441467285
3502	2841.4814472198486
3502	2841.4814472198486
3503	2551.131248474121
3503	2551.131248474121
3504	2606.3051223754883
3504	2606.3051223754883
3505	2768.950939178467
3505	2768.950939178467
3506	2568.978786468506
3506	2568.978786468506
3507	2563.5900497436523
3507	2563.5900497436523
3508	2666.7075157165527
3508	2666.7075157165527
3509	2687.8480911254883
3509	2687.8480911254883
3510	3115.8218383789062
3510	3115.8218383789062
3511	2480.005979537964
3511	2480.005979537964
3512	2595.7868099212646
3512	2595.7868099212646
3513	2410.860776901245
3513	2410.860776901245
3514	2640.209913253784
3514	2640.209913253784
3515	2350.4607677459717
3515	2350.4607677459717
3516	2644.3114280700684
3516	2644.3114280700684
3517	2628.63826751709
3517	2628.63826751709
3518	2509.150266647339
3518	2509.150266647339
3519	2605.6296825408936
3519	2605.6296825408936
3520	2921.7612743377686
3520	2921.7612743377686
3521	2487.5686168670654
3521	2487.5686168670654
3522	2513.0488872528076
3522	2513.0488872528076
3523	2582.1638107299805
3523	2582.1638107299805
3524	2564.038038253784
3524	2564.038038253784
3525	2615.3812408447266
3525	2615.3812408447266
3526	2524.892807006836
3526	2524.892807006836
3527	2440.4940605163574
3527	2440.4940605163574
3528	2211.9476795196533
3528	2211.9476795196533
3529	2631.3459873199463
3529	2631.3459873199463
3530	3129.786491394043
3530	3129.786491394043
3531	2405.841588973999
3531	2405.841588973999
3532	2258.6493492126465
3532	2258.6493492126465
3533	2516.7369842529297
3533	2516.7369842529297
3534	2570.7790851593018
3534	2570.7790851593018
3535	2386.732339859009
3535	2386.732339859009
3536	2602.3974418640137
3536	2602.3974418640137
3537	2597.421407699585
3537	2597.421407699585
3538	2395.1218128204346
3538	2395.1218128204346
3539	2358.7353229522705
3539	2358.7353229522705
3540	3028.1808376312256
3540	3028.1808376312256
3541	2604.4082641601562
3541	2604.4082641601562
3542	2390.1076316833496
3542	2390.1076316833496
3543	2689.5976066589355
3543	2689.5976066589355
3544	2602.4868488311768
3544	2602.4868488311768
3545	2297.9040145874023
3545	2297.9040145874023
3546	2378.859281539917
3546	2378.859281539917
3547	2339.4229412078857
3547	2339.4229412078857
3548	2515.066146850586
3548	2515.066146850586
3549	2468.406915664673
3549	2468.406915664673
3550	3100.383758544922
3550	3100.383758544922
3551	2550.4403114318848
3551	2550.4403114318848
3552	1881.831407546997
3552	1881.831407546997
3553	2579.5974731445312
3553	2579.5974731445312
3554	2263.272762298584
3554	2263.272762298584
3555	2462.3279571533203
3555	2462.3279571533203
3556	2707.385540008545
3556	2707.385540008545
3557	2435.9679222106934
3557	2435.9679222106934
3558	2548.527717590332
3558	2548.527717590332
3559	2544.482946395874
3559	2544.482946395874
3560	3261.5818977355957
3560	3261.5818977355957
3561	2600.0187397003174
3561	2600.0187397003174
3562	2514.082908630371
3562	2514.082908630371
3563	2513.71169090271
3563	2513.71169090271
3564	2665.846109390259
3564	2665.846109390259
3565	2270.2033519744873
3565	2270.2033519744873
3566	2477.696418762207
3566	2477.696418762207
3567	2586.6470336914062
3567	2586.6470336914062
3568	2859.065294265747
3568	2859.065294265747
3569	2591.5346145629883
3569	2591.5346145629883
3570	3028.6223888397217
3570	3028.6223888397217
3571	2660.4230403900146
3571	2660.4230403900146
3572	2562.1466636657715
3572	2562.1466636657715
3573	2885.2789402008057
3573	2885.2789402008057
3574	2476.4420986175537
3574	2476.4420986175537
3575	2512.136936187744
3575	2512.136936187744
3576	2498.664140701294
3576	2498.664140701294
3577	2582.925796508789
3577	2582.925796508789
3578	2486.011743545532
3578	2486.011743545532
3579	2659.4936847686768
3579	2659.4936847686768
3580	3151.726007461548
3580	3151.726007461548
3581	2630.075454711914
3581	2630.075454711914
3582	2543.6055660247803
3582	2543.6055660247803
3583	2594.722270965576
3583	2594.722270965576
3584	2562.450885772705
3584	2562.450885772705
3585	2518.347978591919
3585	2518.347978591919
3586	2360.531806945801
3586	2360.531806945801
3587	2650.827407836914
3587	2650.827407836914
3588	2682.4116706848145
3588	2682.4116706848145
3589	2228.1675338745117
3589	2228.1675338745117
3590	2950.439453125
3590	2950.439453125
3591	2387.2432708740234
3591	2387.2432708740234
3592	2721.890449523926
3592	2721.890449523926
3593	2523.1997966766357
3593	2523.1997966766357
3594	2695.768117904663
3594	2695.768117904663
3595	2500.3669261932373
3595	2500.3669261932373
3596	2717.7224159240723
3596	2717.7224159240723
3597	3588.919162750244
3597	3588.919162750244
3598	3627.354860305786
3598	3627.354860305786
3599	3737.7853393554688
3599	3737.7853393554688
3600	4299.363374710083
3600	4299.363374710083
3601	3795.7565784454346
3601	3795.7565784454346
3602	3724.428653717041
3602	3724.428653717041
3603	3771.305799484253
3603	3771.305799484253
3604	3566.0970211029053
3604	3566.0970211029053
3605	3544.3878173828125
3605	3544.3878173828125
3606	3798.6669540405273
3606	3798.6669540405273
3607	3765.7864093780518
3607	3765.7864093780518
3608	3522.72891998291
3608	3522.72891998291
3609	4018.2058811187744
3609	4018.2058811187744
3610	4311.209201812744
3610	4311.209201812744
3611	3574.328899383545
3611	3574.328899383545
3612	3832.2675228118896
3612	3832.2675228118896
3613	3673.002004623413
3613	3673.002004623413
3614	3582.6947689056396
3614	3582.6947689056396
3615	3911.2377166748047
3615	3911.2377166748047
3616	3845.722436904907
3616	3845.722436904907
3617	4008.111000061035
3617	4008.111000061035
3618	3902.1155834198
3618	3902.1155834198
3619	3912.419319152832
3619	3912.419319152832
3620	4629.2994022369385
3620	4629.2994022369385
3621	3923.6819744110107
3621	3923.6819744110107
3622	3514.8327350616455
3622	3514.8327350616455
3623	3587.1946811676025
3623	3587.1946811676025
3624	3701.1659145355225
3624	3701.1659145355225
3625	3711.955785751343
3625	3711.955785751343
3626	3696.775436401367
3626	3696.775436401367
3627	3742.151975631714
3627	3742.151975631714
3628	3756.094455718994
3628	3756.094455718994
3629	3499.5245933532715
3629	3499.5245933532715
3630	4391.681432723999
3630	4391.681432723999
3631	3805.196762084961
3631	3805.196762084961
3632	3834.9874019622803
3632	3834.9874019622803
3633	3860.3715896606445
3633	3860.3715896606445
3634	3872.5569248199463
3634	3872.5569248199463
3635	3866.825819015503
3635	3866.825819015503
3636	3890.2194499969482
3636	3890.2194499969482
3637	3652.090311050415
3637	3652.090311050415
3638	3708.3189487457275
3638	3708.3189487457275
3639	3558.452844619751
3639	3558.452844619751
3640	3926.5575408935547
3640	3926.5575408935547
3641	3643.265724182129
3641	3643.265724182129
3642	3302.8697967529297
3642	3302.8697967529297
3643	3706.8607807159424
3643	3706.8607807159424
3644	3794.698715209961
3644	3794.698715209961
3645	3572.4716186523438
3645	3572.4716186523438
3646	3547.774076461792
3646	3547.774076461792
3647	4027.5769233703613
3647	4027.5769233703613
3648	3963.521718978882
3648	3963.521718978882
3649	3799.3855476379395
3649	3799.3855476379395
3650	4074.016571044922
3650	4074.016571044922
3651	4007.3401927948
3651	4007.3401927948
3652	4179.072618484497
3652	4179.072618484497
3653	3895.404815673828
3653	3895.404815673828
3654	3803.138494491577
3654	3803.138494491577
3655	4094.3171977996826
3655	4094.3171977996826
3656	4213.654279708862
3656	4213.654279708862
3657	4220.565319061279
3657	4220.565319061279
3658	4057.0802688598633
3658	4057.0802688598633
3659	4155.350923538208
3659	4155.350923538208
3660	4632.368564605713
3660	4632.368564605713
3661	3904.8092365264893
3661	3904.8092365264893
3662	4232.164144515991
3662	4232.164144515991
3663	3884.777545928955
3663	3884.777545928955
3664	3891.4132118225098
3664	3891.4132118225098
3665	4083.3795070648193
3665	4083.3795070648193
3666	3964.2550945281982
3666	3964.2550945281982
3667	4199.018239974976
3667	4199.018239974976
3668	3476.4750003814697
3668	3476.4750003814697
3669	3561.8386268615723
3669	3561.8386268615723
3670	3975.7704734802246
3670	3975.7704734802246
3671	3298.579454421997
3671	3298.579454421997
3672	3785.3715419769287
3672	3785.3715419769287
3673	3419.6293354034424
3673	3419.6293354034424
3674	3783.794164657593
3674	3783.794164657593
3675	3794.776439666748
3675	3794.776439666748
3676	3579.753637313843
3676	3579.753637313843
3677	3876.164436340332
3677	3876.164436340332
3678	3837.8145694732666
3678	3837.8145694732666
3679	3875.474452972412
3679	3875.474452972412
3680	4304.959297180176
3680	4304.959297180176
3681	3919.137954711914
3681	3919.137954711914
3682	3810.5430603027344
3682	3810.5430603027344
3683	3994.267225265503
3683	3994.267225265503
3684	3950.925588607788
3684	3950.925588607788
3685	3904.512882232666
3685	3904.512882232666
3686	3885.7696056365967
3686	3885.7696056365967
3687	3922.1158027648926
3687	3922.1158027648926
3688	3931.0309886932373
3688	3931.0309886932373
3689	3622.4210262298584
3689	3622.4210262298584
3690	4437.721490859985
3690	4437.721490859985
3691	3505.678653717041
3691	3505.678653717041
3692	3725.301742553711
3692	3725.301742553711
3693	3379.9679279327393
3693	3379.9679279327393
3694	3530.0769805908203
3694	3530.0769805908203
3695	3485.100746154785
3695	3485.100746154785
3696	3802.2561073303223
3696	3802.2561073303223
3697	3812.0498657226562
3697	3812.0498657226562
3698	3836.674213409424
3698	3836.674213409424
3699	3603.83677482605
3699	3603.83677482605
3700	4290.406942367554
3700	4290.406942367554
3701	3802.398920059204
3701	3802.398920059204
3702	3860.891103744507
3702	3860.891103744507
3703	3793.5893535614014
3703	3793.5893535614014
3704	3740.065336227417
3704	3740.065336227417
3705	4240.2544021606445
3705	4240.2544021606445
3706	3915.593147277832
3706	3915.593147277832
3707	3871.4542388916016
3707	3871.4542388916016
3708	3777.9417037963867
3708	3777.9417037963867
3709	3927.733898162842
3709	3927.733898162842
3710	4639.640331268311
3710	4639.640331268311
3711	3641.7973041534424
3711	3641.7973041534424
3712	3796.5362071990967
3712	3796.5362071990967
3713	3830.000162124634
3713	3830.000162124634
3714	3723.047971725464
3714	3723.047971725464
3715	4230.879545211792
3715	4230.879545211792
3716	3932.915449142456
3716	3932.915449142456
3717	3526.4081954956055
3717	3526.4081954956055
3718	3446.5279579162598
3718	3446.5279579162598
3719	3689.598321914673
3719	3689.598321914673
3720	4152.418375015259
3720	4152.418375015259
3721	3500.5578994750977
3721	3500.5578994750977
3722	3889.5599842071533
3722	3889.5599842071533
3723	3486.654281616211
3723	3486.654281616211
3724	3814.147710800171
3724	3814.147710800171
3725	3781.8257808685303
3725	3781.8257808685303
3726	3848.7677574157715
3726	3848.7677574157715
3727	3772.297143936157
3727	3772.297143936157
3728	3608.8976860046387
3728	3608.8976860046387
3729	3848.2320308685303
3729	3848.2320308685303
3730	4131.927967071533
3730	4131.927967071533
3731	3789.6275520324707
3731	3789.6275520324707
3732	3631.8418979644775
3732	3631.8418979644775
3733	4016.3371562957764
3733	4016.3371562957764
3734	3791.2697792053223
3734	3791.2697792053223
3735	3871.9561100006104
3735	3871.9561100006104
3736	3894.9859142303467
3736	3894.9859142303467
3737	3603.6734580993652
3737	3603.6734580993652
3738	4001.7757415771484
3738	4001.7757415771484
3739	3910.0728034973145
3739	3910.0728034973145
3740	4177.329778671265
3740	4177.329778671265
3741	3950.0012397766113
3741	3950.0012397766113
3742	3943.1655406951904
3742	3943.1655406951904
3743	3472.714900970459
3743	3472.714900970459
3744	3594.7744846343994
3744	3594.7744846343994
3745	3398.1029987335205
3745	3398.1029987335205
3746	3950.0162601470947
3746	3950.0162601470947
3747	3681.1578273773193
3747	3681.1578273773193
3748	3534.6460342407227
3748	3534.6460342407227
3749	3481.609344482422
3749	3481.609344482422
3750	4286.869287490845
3750	4286.869287490845
3751	3531.623601913452
3751	3531.623601913452
3752	3824.9919414520264
3752	3824.9919414520264
3753	3830.7156562805176
3753	3830.7156562805176
3754	3776.52907371521
3754	3776.52907371521
3755	3886.922836303711
3755	3886.922836303711
3756	3862.895965576172
3756	3862.895965576172
3757	3863.004684448242
3757	3863.004684448242
3758	3868.617296218872
3758	3868.617296218872
3759	3888.9517784118652
3759	3888.9517784118652
3760	4374.485015869141
3760	4374.485015869141
3761	3383.230447769165
3761	3383.230447769165
3762	3914.858341217041
3762	3914.858341217041
3763	3707.700252532959
3763	3707.700252532959
3764	3577.465534210205
3764	3577.465534210205
3765	3866.37544631958
3765	3866.37544631958
3766	3983.0167293548584
3766	3983.0167293548584
3767	3928.1885623931885
3767	3928.1885623931885
3768	3947.2899436950684
3768	3947.2899436950684
3769	3617.6023483276367
3769	3617.6023483276367
3770	4187.707901000977
3770	4187.707901000977
3771	3930.5975437164307
3771	3930.5975437164307
3772	3301.3367652893066
3772	3301.3367652893066
3773	3797.731876373291
3773	3797.731876373291
3774	3775.444269180298
3774	3775.444269180298
3775	3823.3180046081543
3775	3823.3180046081543
3776	3874.422311782837
3776	3874.422311782837
3777	3552.6750087738037
3777	3552.6750087738037
3778	3833.1387042999268
3778	3833.1387042999268
3779	3938.6379718780518
3779	3938.6379718780518
3780	3977.0827293395996
3780	3977.0827293395996
3781	3767.9827213287354
3781	3767.9827213287354
3782	3884.7832679748535
3782	3884.7832679748535
3783	3854.0196418762207
3783	3854.0196418762207
3784	3900.1128673553467
3784	3900.1128673553467
3785	3882.387399673462
3785	3882.387399673462
3786	3897.704839706421
3786	3897.704839706421
3787	3884.7293853759766
3787	3884.7293853759766
3788	3679.265260696411
3788	3679.265260696411
3789	3868.48521232605
3789	3868.48521232605
3790	4519.91081237793
3790	4519.91081237793
3791	3904.514789581299
3791	3904.514789581299
3792	3713.1597995758057
3792	3713.1597995758057
3793	3664.3917560577393
3793	3664.3917560577393
3794	2798.6373901367188
3794	2798.6373901367188
3795	3358.67977142334
3795	3358.67977142334
3796	3271.3654041290283
3796	3271.3654041290283
3797	3727.2207736968994
3797	3727.2207736968994
3798	3459.8793983459473
3798	3459.8793983459473
3799	3747.654438018799
3799	3747.654438018799
3800	4334.24973487854
3800	4334.24973487854
3801	3540.4772758483887
3801	3540.4772758483887
3802	3541.173219680786
3802	3541.173219680786
3803	3737.496852874756
3803	3737.496852874756
3804	3782.0632457733154
3804	3782.0632457733154
3805	3554.046392440796
3805	3554.046392440796
3806	3819.230556488037
3806	3819.230556488037
3807	3863.978624343872
3807	3863.978624343872
3808	3559.162378311157
3808	3559.162378311157
3809	3861.297845840454
3809	3861.297845840454
3810	4180.086612701416
3810	4180.086612701416
3811	3374.1295337677
3811	3374.1295337677
3812	3652.0979404449463
3812	3652.0979404449463
3813	3551.9838333129883
3813	3551.9838333129883
3814	3515.988826751709
3814	3515.988826751709
3815	3758.995771408081
3815	3758.995771408081
3816	3881.5836906433105
3816	3881.5836906433105
3817	3623.7850189208984
3817	3623.7850189208984
3818	3796.6952323913574
3818	3796.6952323913574
3819	3917.3083305358887
3819	3917.3083305358887
3820	4342.00119972229
3820	4342.00119972229
3821	3862.910032272339
3821	3862.910032272339
3822	3758.500337600708
3822	3758.500337600708
3823	3856.5738201141357
3823	3856.5738201141357
3824	3769.9646949768066
3824	3769.9646949768066
3825	3532.224178314209
3825	3532.224178314209
3826	3743.443012237549
3826	3743.443012237549
3827	3572.99542427063
3827	3572.99542427063
3828	3381.4048767089844
3828	3381.4048767089844
3829	3689.558982849121
3829	3689.558982849121
3830	4299.563407897949
3830	4299.563407897949
3831	3716.2230014801025
3831	3716.2230014801025
3832	3916.853189468384
3832	3916.853189468384
3833	3773.4577655792236
3833	3773.4577655792236
3834	3922.5339889526367
3834	3922.5339889526367
3835	3768.961191177368
3835	3768.961191177368
3836	3835.383176803589
3836	3835.383176803589
3837	4075.563907623291
3837	4075.563907623291
3838	3957.07368850708
3838	3957.07368850708
3839	3593.163251876831
3839	3593.163251876831
3840	4274.454355239868
3840	4274.454355239868
3841	3902.705192565918
3841	3902.705192565918
3842	3765.064477920532
3842	3765.064477920532
3843	3200.808525085449
3843	3200.808525085449
3844	3663.214683532715
3844	3663.214683532715
3845	3764.2030715942383
3845	3764.2030715942383
3846	3726.4087200164795
3846	3726.4087200164795
3847	3945.763349533081
3847	3945.763349533081
3848	3763.160228729248
3848	3763.160228729248
3849	3823.791027069092
3849	3823.791027069092
3850	4112.160921096802
3850	4112.160921096802
3851	3872.781276702881
3851	3872.781276702881
3852	3847.4531173706055
3852	3847.4531173706055
3853	3518.8567638397217
3853	3518.8567638397217
3854	3792.9816246032715
3854	3792.9816246032715
3855	3681.079387664795
3855	3681.079387664795
3856	3801.1703491210938
3856	3801.1703491210938
3857	3687.60347366333
3857	3687.60347366333
3858	3920.3667640686035
3858	3920.3667640686035
3859	3904.790163040161
3859	3904.790163040161
3860	4439.443588256836
3860	4439.443588256836
3861	3853.0726432800293
3861	3853.0726432800293
3862	3673.3250617980957
3862	3673.3250617980957
3863	3899.3427753448486
3863	3899.3427753448486
3864	3901.529550552368
3864	3901.529550552368
3865	3887.77494430542
3865	3887.77494430542
3866	3920.088291168213
3866	3920.088291168213
3867	3793.8575744628906
3867	3793.8575744628906
3868	3641.4875984191895
3868	3641.4875984191895
3869	3784.5864295959473
3869	3784.5864295959473
3870	4297.214984893799
3870	4297.214984893799
3871	3750.333070755005
3871	3750.333070755005
3872	3712.892532348633
3872	3712.892532348633
3873	3632.3444843292236
3873	3632.3444843292236
3874	3731.092691421509
3874	3731.092691421509
3875	3769.6521282196045
3875	3769.6521282196045
3876	3516.061305999756
3876	3516.061305999756
3877	3831.9759368896484
3877	3831.9759368896484
3878	3710.24227142334
3878	3710.24227142334
3879	3982.954263687134
3879	3982.954263687134
3880	4116.051912307739
3880	4116.051912307739
3881	2433.8414669036865
3881	2433.8414669036865
3882	2642.793893814087
3882	2642.793893814087
3883	2205.937147140503
3883	2205.937147140503
3884	2531.264305114746
3884	2531.264305114746
3885	2167.76442527771
3885	2167.76442527771
3886	2478.7330627441406
3886	2478.7330627441406
3887	2346.712112426758
3887	2346.712112426758
3888	2630.1865577697754
3888	2630.1865577697754
3889	2491.503953933716
3889	2491.503953933716
3890	3220.7095623016357
3890	3220.7095623016357
3891	2389.228582382202
3891	2389.228582382202
3892	2587.864398956299
3892	2587.864398956299
3893	2676.347494125366
3893	2676.347494125366
3894	2324.615001678467
3894	2324.615001678467
3895	2605.0596237182617
3895	2605.0596237182617
3896	2653.069257736206
3896	2653.069257736206
3897	2196.026563644409
3897	2196.026563644409
3898	2603.5988330841064
3898	2603.5988330841064
3899	2650.282144546509
3899	2650.282144546509
3900	2822.6311206817627
3900	2822.6311206817627
3901	2591.1784172058105
3901	2591.1784172058105
3902	2639.193534851074
3902	2639.193534851074
3903	2382.36927986145
3903	2382.36927986145
3904	2627.998113632202
3904	2627.998113632202
3905	2605.726957321167
3905	2605.726957321167
3906	2311.3253116607666
3906	2311.3253116607666
3907	2599.1928577423096
3907	2599.1928577423096
3908	2613.942861557007
3908	2613.942861557007
3909	2588.8190269470215
3909	2588.8190269470215
3910	3038.7794971466064
3910	3038.7794971466064
3911	2543.172836303711
3911	2543.172836303711
3912	2325.5584239959717
3912	2325.5584239959717
3913	2497.2047805786133
3913	2497.2047805786133
3914	2413.078546524048
3914	2413.078546524048
3915	2621.8488216400146
3915	2621.8488216400146
3916	2631.911039352417
3916	2631.911039352417
3917	2579.55002784729
3917	2579.55002784729
3918	2640.416145324707
3918	2640.416145324707
3919	2611.4320755004883
3919	2611.4320755004883
3920	2977.281332015991
3920	2977.281332015991
3921	2632.9071521759033
3921	2632.9071521759033
3922	2541.151762008667
3922	2541.151762008667
3923	2661.404848098755
3923	2661.404848098755
3924	2476.0210514068604
3924	2476.0210514068604
3925	2600.2111434936523
3925	2600.2111434936523
3926	2691.0200119018555
3926	2691.0200119018555
3927	2220.1902866363525
3927	2220.1902866363525
3928	2626.309394836426
3928	2626.309394836426
3929	2558.5198402404785
3929	2558.5198402404785
3930	3066.9310092926025
3930	3066.9310092926025
3931	2464.0047550201416
3931	2464.0047550201416
3932	2721.113681793213
3932	2721.113681793213
3933	2742.9275512695312
3933	2742.9275512695312
3934	2706.8676948547363
3934	2706.8676948547363
3935	2772.7298736572266
3935	2772.7298736572266
3936	2682.553768157959
3936	2682.553768157959
3937	2301.1746406555176
3937	2301.1746406555176
3938	2569.72599029541
3938	2569.72599029541
3939	2477.5376319885254
3939	2477.5376319885254
3940	3545.8364486694336
3940	3545.8364486694336
3941	1780.2484035491943
3941	1780.2484035491943
3942	1552.6576042175293
3942	1552.6576042175293
3943	1584.0191841125488
3943	1584.0191841125488
3944	2268.9192295074463
3944	2268.9192295074463
3945	2612.0831966400146
3945	2612.0831966400146
3946	2499.879837036133
3946	2499.879837036133
3947	2582.8709602355957
3947	2582.8709602355957
3948	2624.0155696868896
3948	2624.0155696868896
3949	2648.442268371582
3949	2648.442268371582
3950	2975.882053375244
3950	2975.882053375244
3951	2402.714729309082
3951	2402.714729309082
3952	2533.571243286133
3952	2533.571243286133
3953	2650.425910949707
3953	2650.425910949707
3954	2655.6060314178467
3954	2655.6060314178467
3955	2573.843240737915
3955	2573.843240737915
3956	2440.3579235076904
3956	2440.3579235076904
3957	2634.143114089966
3957	2634.143114089966
3958	2714.939594268799
3958	2714.939594268799
3959	2581.2058448791504
3959	2581.2058448791504
3960	3094.3384170532227
3960	3094.3384170532227
3961	2650.597095489502
3961	2650.597095489502
3962	2825.373888015747
3962	2825.373888015747
3963	2610.6953620910645
3963	2610.6953620910645
3964	2083.615779876709
3964	2083.615779876709
3965	2669.067144393921
3965	2669.067144393921
3966	2281.853199005127
3966	2281.853199005127
3967	2623.3673095703125
3967	2623.3673095703125
3968	2282.4997901916504
3968	2282.4997901916504
3969	2502.060890197754
3969	2502.060890197754
3970	2961.390256881714
3970	2961.390256881714
3971	2718.803644180298
3971	2718.803644180298
3972	2544.3742275238037
3972	2544.3742275238037
3973	2389.240026473999
3973	2389.240026473999
3974	2387.1009349823
3974	2387.1009349823
3975	2643.312931060791
3975	2643.312931060791
3976	2636.8021965026855
3976	2636.8021965026855
3977	2558.6998462677
3977	2558.6998462677
3978	2384.4478130340576
3978	2384.4478130340576
3979	2686.131715774536
3979	2686.131715774536
3980	3154.301404953003
3980	3154.301404953003
3981	2359.9352836608887
3981	2359.9352836608887
3982	2603.179931640625
3982	2603.179931640625
3983	2653.109073638916
3983	2653.109073638916
3984	2565.282106399536
3984	2565.282106399536
3985	2609.7028255462646
3985	2609.7028255462646
3986	2599.444627761841
3986	2599.444627761841
3987	2600.4388332366943
3987	2600.4388332366943
3988	2638.198137283325
3988	2638.198137283325
3989	2695.612907409668
3989	2695.612907409668
3990	3142.542600631714
3990	3142.542600631714
3991	2034.2731475830078
3991	2034.2731475830078
3992	2534.486770629883
3992	2534.486770629883
3993	1731.9307327270508
3993	1731.9307327270508
3994	2556.6837787628174
3994	2556.6837787628174
3995	2081.5341472625732
3995	2081.5341472625732
3996	2673.429012298584
3996	2673.429012298584
3997	2546.3759899139404
3997	2546.3759899139404
3998	2376.6567707061768
3998	2376.6567707061768
3999	2533.627510070801
3999	2533.627510070801
4000	20151.986598968506
4000	20151.986598968506
4001	3845.745086669922
4001	3845.745086669922
4002	3788.422107696533
4002	3788.422107696533
4003	3934.432029724121
4003	3934.432029724121
4004	3633.761405944824
4004	3633.761405944824
4005	3624.8130798339844
4005	3624.8130798339844
4006	3572.127103805542
4006	3572.127103805542
4007	3559.2434406280518
4007	3559.2434406280518
4008	3761.430263519287
4008	3761.430263519287
4009	3009.291648864746
4009	3009.291648864746
4010	4386.889457702637
4010	4386.889457702637
4011	3585.632801055908
4011	3585.632801055908
4012	3857.6362133026123
4012	3857.6362133026123
4013	3915.100574493408
4013	3915.100574493408
4014	3871.415615081787
4014	3871.415615081787
4015	3882.112979888916
4015	3882.112979888916
4016	3891.479730606079
4016	3891.479730606079
4017	3895.139694213867
4017	3895.139694213867
4018	3621.4535236358643
4018	3621.4535236358643
4019	3728.663921356201
4019	3728.663921356201
4020	4017.6069736480713
4020	4017.6069736480713
4021	3630.6610107421875
4021	3630.6610107421875
4022	3576.5395164489746
4022	3576.5395164489746
4023	3739.629030227661
4023	3739.629030227661
4024	3947.528123855591
4024	3947.528123855591
4025	3525.2037048339844
4025	3525.2037048339844
4026	3877.713680267334
4026	3877.713680267334
4027	3846.416234970093
4027	3846.416234970093
4028	3555.9537410736084
4028	3555.9537410736084
4029	3875.3201961517334
4029	3875.3201961517334
4030	4312.419176101685
4030	4312.419176101685
4031	3724.642276763916
4031	3724.642276763916
4032	3507.8306198120117
4032	3507.8306198120117
4033	3874.9186992645264
4033	3874.9186992645264
4034	3901.2205600738525
4034	3901.2205600738525
4035	3741.734027862549
4035	3741.734027862549
4036	3760.349750518799
4036	3760.349750518799
4037	3880.3725242614746
4037	3880.3725242614746
4038	3592.7953720092773
4038	3592.7953720092773
4039	3836.6756439208984
4039	3836.6756439208984
4040	4327.0368576049805
4040	4327.0368576049805
4041	3372.3082542419434
4041	3372.3082542419434
4042	3476.3598442077637
4042	3476.3598442077637
4043	3693.176507949829
4043	3693.176507949829
4044	3732.9728603363037
4044	3732.9728603363037
4045	3752.455711364746
4045	3752.455711364746
4046	3706.082344055176
4046	3706.082344055176
4047	3864.135503768921
4047	3864.135503768921
4048	3796.5147495269775
4048	3796.5147495269775
4049	3551.983594894409
4049	3551.983594894409
4050	4562.276124954224
4050	4562.276124954224
4051	3873.0788230895996
4051	3873.0788230895996
4052	4062.3080730438232
4052	4062.3080730438232
4053	3584.1872692108154
4053	3584.1872692108154
4054	4115.47064781189
4054	4115.47064781189
4055	4687.291622161865
4055	4687.291622161865
4056	4772.4432945251465
4056	4772.4432945251465
4057	4719.195365905762
4057	4719.195365905762
4058	4837.137222290039
4058	4837.137222290039
4059	4751.973867416382
4059	4751.973867416382
4060	5254.550218582153
4060	5254.550218582153
4061	4003.948450088501
4061	4003.948450088501
4062	3950.627565383911
4062	3950.627565383911
4063	3896.007299423218
4063	3896.007299423218
4064	3898.629665374756
4064	3898.629665374756
4065	4038.5849475860596
4065	4038.5849475860596
4066	3354.0332317352295
4066	3354.0332317352295
4067	3646.031141281128
4067	3646.031141281128
4068	3652.8074741363525
4068	3652.8074741363525
4069	3499.371290206909
4069	3499.371290206909
4070	3880.4991245269775
4070	3880.4991245269775
4071	3742.551326751709
4071	3742.551326751709
4072	3583.2419395446777
4072	3583.2419395446777
4073	3795.7191467285156
4073	3795.7191467285156
4074	4191.214084625244
4074	4191.214084625244
4075	3808.4166049957275
4075	3808.4166049957275
4076	3950.505495071411
4076	3950.505495071411
4077	3578.925848007202
4077	3578.925848007202
4078	3881.180763244629
4078	3881.180763244629
4079	3936.0272884368896
4079	3936.0272884368896
4080	4590.050458908081
4080	4590.050458908081
4081	3909.256935119629
4081	3909.256935119629
4082	3781.3422679901123
4082	3781.3422679901123
4083	3887.2785568237305
4083	3887.2785568237305
4084	3635.84041595459
4084	3635.84041595459
4085	3864.2537593841553
4085	3864.2537593841553
4086	3401.3009071350098
4086	3401.3009071350098
4087	3646.6948986053467
4087	3646.6948986053467
4088	3762.8958225250244
4088	3762.8958225250244
4089	3772.073268890381
4089	3772.073268890381
4090	4305.648565292358
4090	4305.648565292358
4091	4049.7360229492188
4091	4049.7360229492188
4092	4604.886293411255
4092	4604.886293411255
4093	4599.567890167236
4093	4599.567890167236
4094	4550.160646438599
4094	4550.160646438599
4095	4138.346195220947
4095	4138.346195220947
4096	4846.346855163574
4096	4846.346855163574
4097	4671.164274215698
4097	4671.164274215698
4098	4637.759685516357
4098	4637.759685516357
4099	4599.798679351807
4099	4599.798679351807
4100	5044.673681259155
4100	5044.673681259155
4101	4603.05118560791
4101	4603.05118560791
4102	4506.037712097168
4102	4506.037712097168
4103	4338.144063949585
4103	4338.144063949585
4104	4721.688508987427
4104	4721.688508987427
4105	4538.454055786133
4105	4538.454055786133
4106	4463.273286819458
4106	4463.273286819458
4107	4830.036640167236
4107	4830.036640167236
4108	4721.892833709717
4108	4721.892833709717
4109	4304.179906845093
4109	4304.179906845093
4110	4901.410102844238
4110	4901.410102844238
4111	4396.028280258179
4111	4396.028280258179
4112	4723.528623580933
4112	4723.528623580933
4113	4718.862771987915
4113	4718.862771987915
4114	4768.860101699829
4114	4768.860101699829
4115	4623.247861862183
4115	4623.247861862183
4116	4540.483236312866
4116	4540.483236312866
4117	4176.103830337524
4117	4176.103830337524
4118	4536.006450653076
4118	4536.006450653076
4119	4042.583227157593
4119	4042.583227157593
4120	4225.071907043457
4120	4225.071907043457
4121	4583.869695663452
4121	4583.869695663452
4122	4550.540208816528
4122	4550.540208816528
4123	4248.323440551758
4123	4248.323440551758
4124	4372.921943664551
4124	4372.921943664551
4125	4970.874071121216
4125	4970.874071121216
4126	4400.470018386841
4126	4400.470018386841
4127	4665.024757385254
4127	4665.024757385254
4128	4284.003973007202
4128	4284.003973007202
4129	4318.009853363037
4129	4318.009853363037
4130	5236.3317012786865
4130	5236.3317012786865
4131	4748.3532428741455
4131	4748.3532428741455
4132	4766.620635986328
4132	4766.620635986328
4133	4389.211654663086
4133	4389.211654663086
4134	4595.71099281311
4134	4595.71099281311
4135	4637.928009033203
4135	4637.928009033203
4136	4560.110330581665
4136	4560.110330581665
4137	4250.351667404175
4137	4250.351667404175
4138	4190.2055740356445
4138	4190.2055740356445
4139	4432.438850402832
4139	4432.438850402832
4140	5084.897994995117
4140	5084.897994995117
4141	4468.097925186157
4141	4468.097925186157
4142	4607.783794403076
4142	4607.783794403076
4143	4545.385837554932
4143	4545.385837554932
4144	4609.363317489624
4144	4609.363317489624
4145	4587.8307819366455
4145	4587.8307819366455
4146	4565.94443321228
4146	4565.94443321228
4147	4638.492822647095
4147	4638.492822647095
4148	4520.870685577393
4148	4520.870685577393
4149	4026.899576187134
4149	4026.899576187134
4150	4849.807262420654
4150	4849.807262420654
4151	4399.749994277954
4151	4399.749994277954
4152	4702.945232391357
4152	4702.945232391357
4153	4399.104595184326
4153	4399.104595184326
4154	4764.56618309021
4154	4764.56618309021
4155	4714.768886566162
4155	4714.768886566162
4156	4907.765865325928
4156	4907.765865325928
4157	4713.554382324219
4157	4713.554382324219
4158	4366.649389266968
4158	4366.649389266968
4159	4635.5836391448975
4159	4635.5836391448975
4160	5332.0417404174805
4160	5332.0417404174805
4161	4782.398700714111
4161	4782.398700714111
4162	4702.054977416992
4162	4702.054977416992
4163	4762.108564376831
4163	4762.108564376831
4164	4379.630088806152
4164	4379.630088806152
4165	4246.830463409424
4165	4246.830463409424
4166	4385.8537673950195
4166	4385.8537673950195
4167	4483.473777770996
4167	4483.473777770996
4168	4074.448823928833
4168	4074.448823928833
4169	4589.718818664551
4169	4589.718818664551
4170	4890.705585479736
4170	4890.705585479736
4171	4539.3126010894775
4171	4539.3126010894775
4172	4333.24408531189
4172	4333.24408531189
4173	4622.530460357666
4173	4622.530460357666
4174	4800.969123840332
4174	4800.969123840332
4175	4329.966068267822
4175	4329.966068267822
4176	4547.38974571228
4176	4547.38974571228
4177	4576.265096664429
4177	4576.265096664429
4178	3775.7105827331543
4178	3775.7105827331543
4179	3544.835090637207
4179	3544.835090637207
4180	4346.353054046631
4180	4346.353054046631
4181	3835.5941772460938
4181	3835.5941772460938
4182	3954.681396484375
4182	3954.681396484375
4183	3786.442518234253
4183	3786.442518234253
4184	3555.6716918945312
4184	3555.6716918945312
4185	3865.0388717651367
4185	3865.0388717651367
4186	3916.7988300323486
4186	3916.7988300323486
4187	3965.4226303100586
4187	3965.4226303100586
4188	4109.807252883911
4188	4109.807252883911
4189	4083.336353302002
4189	4083.336353302002
4190	4634.151458740234
4190	4634.151458740234
4191	4948.602199554443
4191	4948.602199554443
4192	4676.185369491577
4192	4676.185369491577
4193	4457.2434425354
4193	4457.2434425354
4194	4652.541875839233
4194	4652.541875839233
4195	4855.895519256592
4195	4855.895519256592
4196	4774.466991424561
4196	4774.466991424561
4197	4689.870119094849
4197	4689.870119094849
4198	4689.122200012207
4198	4689.122200012207
4199	4528.226613998413
4199	4528.226613998413
4200	5038.993120193481
4200	5038.993120193481
4201	4793.954610824585
4201	4793.954610824585
4202	4566.598176956177
4202	4566.598176956177
4203	4527.581691741943
4203	4527.581691741943
4204	5108.60276222229
4204	5108.60276222229
4205	5182.064771652222
4205	5182.064771652222
4206	4588.576555252075
4206	4588.576555252075
4207	4445.396900177002
4207	4445.396900177002
4208	4433.588981628418
4208	4433.588981628418
4209	4344.403266906738
4209	4344.403266906738
4210	4972.465038299561
4210	4972.465038299561
4211	4677.139043807983
4211	4677.139043807983
4212	4704.429388046265
4212	4704.429388046265
4213	3883.488655090332
4213	3883.488655090332
4214	4421.016693115234
4214	4421.016693115234
4215	4697.618246078491
4215	4697.618246078491
4216	4800.47869682312
4216	4800.47869682312
4217	4920.66764831543
4217	4920.66764831543
4218	4460.442304611206
4218	4460.442304611206
4219	4519.009351730347
4219	4519.009351730347
4220	5001.703977584839
4220	5001.703977584839
4221	3955.5225372314453
4221	3955.5225372314453
4222	4572.883367538452
4222	4572.883367538452
4223	4584.673166275024
4223	4584.673166275024
4224	4517.328500747681
4224	4517.328500747681
4225	4642.530202865601
4225	4642.530202865601
4226	4344.09236907959
4226	4344.09236907959
4227	4840.204238891602
4227	4840.204238891602
4228	4703.399181365967
4228	4703.399181365967
4229	4665.341138839722
4229	4665.341138839722
4230	5090.090036392212
4230	5090.090036392212
4231	4648.866891860962
4231	4648.866891860962
4232	4365.4420375823975
4232	4365.4420375823975
4233	4653.80597114563
4233	4653.80597114563
4234	4625.979661941528
4234	4625.979661941528
4235	4411.574125289917
4235	4411.574125289917
4236	3820.345163345337
4236	3820.345163345337
4237	4588.0186557769775
4237	4588.0186557769775
4238	4736.699819564819
4238	4736.699819564819
4239	4696.460723876953
4239	4696.460723876953
4240	4962.232351303101
4240	4962.232351303101
4241	4520.219802856445
4241	4520.219802856445
4242	3750.3323554992676
4242	3750.3323554992676
4243	3707.7791690826416
4243	3707.7791690826416
4244	3744.1139221191406
4244	3744.1139221191406
4245	3712.6784324645996
4245	3712.6784324645996
4246	3485.5542182922363
4246	3485.5542182922363
4247	3795.4609394073486
4247	3795.4609394073486
4248	3524.2276191711426
4248	3524.2276191711426
4249	3597.1176624298096
4249	3597.1176624298096
4250	4403.956413269043
4250	4403.956413269043
4251	3825.6304264068604
4251	3825.6304264068604
4252	3794.386386871338
4252	3794.386386871338
4253	3867.5951957702637
4253	3867.5951957702637
4254	3569.0245628356934
4254	3569.0245628356934
4255	3887.211322784424
4255	3887.211322784424
4256	3591.0704135894775
4256	3591.0704135894775
4257	3932.671308517456
4257	3932.671308517456
4258	3642.5118446350098
4258	3642.5118446350098
4259	3482.5382232666016
4259	3482.5382232666016
4260	4391.399621963501
4260	4391.399621963501
4261	3502.769947052002
4261	3502.769947052002
4262	3685.9686374664307
4262	3685.9686374664307
4263	3418.9915657043457
4263	3418.9915657043457
4264	3652.9033184051514
4264	3652.9033184051514
4265	3707.601547241211
4265	3707.601547241211
4266	3210.3123664855957
4266	3210.3123664855957
4267	3748.0530738830566
4267	3748.0530738830566
4268	3440.302610397339
4268	3440.302610397339
4269	3841.517686843872
4269	3841.517686843872
4270	4499.7758865356445
4270	4499.7758865356445
4271	3803.7071228027344
4271	3803.7071228027344
4272	3849.7092723846436
4272	3849.7092723846436
4273	3745.124340057373
4273	3745.124340057373
4274	3591.521978378296
4274	3591.521978378296
4275	3913.4771823883057
4275	3913.4771823883057
4276	3862.75577545166
4276	3862.75577545166
4277	3992.69437789917
4277	3992.69437789917
4278	3631.739377975464
4278	3631.739377975464
4279	3914.4504070281982
4279	3914.4504070281982
4280	4388.475656509399
4280	4388.475656509399
4281	3973.0122089385986
4281	3973.0122089385986
4282	4037.9440784454346
4282	4037.9440784454346
4283	3893.2127952575684
4283	3893.2127952575684
4284	3440.3815269470215
4284	3440.3815269470215
4285	3904.567003250122
4285	3904.567003250122
4286	3535.0120067596436
4286	3535.0120067596436
4287	4086.6973400115967
4287	4086.6973400115967
4288	4128.1797885894775
4288	4128.1797885894775
4289	4453.131198883057
4289	4453.131198883057
4290	4641.843318939209
4290	4641.843318939209
4291	4546.494007110596
4291	4546.494007110596
4292	4694.190502166748
4292	4694.190502166748
4293	4511.785984039307
4293	4511.785984039307
4294	4504.654884338379
4294	4504.654884338379
4295	4553.698778152466
4295	4553.698778152466
4296	4286.770582199097
4296	4286.770582199097
4297	4492.116212844849
4297	4492.116212844849
4298	4551.862716674805
4298	4551.862716674805
4299	4528.535842895508
4299	4528.535842895508
4300	4556.399583816528
4300	4556.399583816528
4301	3665.2004718780518
4301	3665.2004718780518
4302	3456.7534923553467
4302	3456.7534923553467
4303	3504.310131072998
4303	3504.310131072998
4304	3485.544443130493
4304	3485.544443130493
4305	3389.603853225708
4305	3389.603853225708
4306	3164.2656326293945
4306	3164.2656326293945
4307	3503.5030841827393
4307	3503.5030841827393
4308	3140.014886856079
4308	3140.014886856079
4309	3372.9214668273926
4309	3372.9214668273926
4310	3746.316909790039
4310	3746.316909790039
4311	3375.26535987854
4311	3375.26535987854
4312	3615.5002117156982
4312	3615.5002117156982
4313	3281.4512252807617
4313	3281.4512252807617
4314	3508.635997772217
4314	3508.635997772217
4315	3004.3461322784424
4315	3004.3461322784424
4316	3331.2816619873047
4316	3331.2816619873047
4317	3652.2438526153564
4317	3652.2438526153564
4318	3399.049758911133
4318	3399.049758911133
4319	3454.009771347046
4319	3454.009771347046
4320	4017.0583724975586
4320	4017.0583724975586
4321	3349.3757247924805
4321	3349.3757247924805
4322	3119.638681411743
4322	3119.638681411743
4323	3441.537380218506
4323	3441.537380218506
4324	3466.6707515716553
4324	3466.6707515716553
4325	3380.2709579467773
4325	3380.2709579467773
4326	3466.3312435150146
4326	3466.3312435150146
4327	3516.127347946167
4327	3516.127347946167
4328	3105.6222915649414
4328	3105.6222915649414
4329	3350.0139713287354
4329	3350.0139713287354
4330	2771.519899368286
4330	2771.519899368286
4331	3084.7949981689453
4331	3084.7949981689453
4332	3330.6570053100586
4332	3330.6570053100586
4333	3331.965923309326
4333	3331.965923309326
4334	3608.724355697632
4334	3608.724355697632
4335	3176.29075050354
4335	3176.29075050354
4336	3344.148635864258
4336	3344.148635864258
4337	3477.466821670532
4337	3477.466821670532
4338	3232.2373390197754
4338	3232.2373390197754
4339	3260.291337966919
4339	3260.291337966919
4340	3881.955862045288
4340	3881.955862045288
4341	3194.8468685150146
4341	3194.8468685150146
4342	2957.2229385375977
4342	2957.2229385375977
4343	3410.6950759887695
4343	3410.6950759887695
4344	3402.9135704040527
4344	3402.9135704040527
4345	3347.7773666381836
4345	3347.7773666381836
4346	3379.190683364868
4346	3379.190683364868
4347	3179.4214248657227
4347	3179.4214248657227
4348	3436.903715133667
4348	3436.903715133667
4349	3344.6078300476074
4349	3344.6078300476074
4350	3684.346914291382
4350	3684.346914291382
4351	3217.0891761779785
4351	3217.0891761779785
4352	3223.6616611480713
4352	3223.6616611480713
4353	3191.5528774261475
4353	3191.5528774261475
4354	3344.3284034729004
4354	3344.3284034729004
4355	3543.86568069458
4355	3543.86568069458
4356	3360.7423305511475
4356	3360.7423305511475
4357	3380.4304599761963
4357	3380.4304599761963
4358	3360.755205154419
4358	3360.755205154419
4359	3348.0513095855713
4359	3348.0513095855713
4360	3800.8334636688232
4360	3800.8334636688232
4361	3370.4161643981934
4361	3370.4161643981934
4362	3128.401279449463
4362	3128.401279449463
4363	3411.88907623291
4363	3411.88907623291
4364	3067.7409172058105
4364	3067.7409172058105
4365	3659.62553024292
4365	3659.62553024292
4366	3390.9239768981934
4366	3390.9239768981934
4367	3249.530792236328
4367	3249.530792236328
4368	3377.530097961426
4368	3377.530097961426
4369	3489.7704124450684
4369	3489.7704124450684
4370	3861.104965209961
4370	3861.104965209961
4371	3380.747079849243
4371	3380.747079849243
4372	3402.5182723999023
4372	3402.5182723999023
4373	3406.1355590820312
4373	3406.1355590820312
4374	3380.573511123657
4374	3380.573511123657
4375	3122.288703918457
4375	3122.288703918457
4376	3341.8571949005127
4376	3341.8571949005127
4377	2853.879928588867
4377	2853.879928588867
4378	3325.974225997925
4378	3325.974225997925
4379	3347.1477031707764
4379	3347.1477031707764
4380	3820.0008869171143
4380	3820.0008869171143
4381	3391.9858932495117
4381	3391.9858932495117
4382	3364.955186843872
4382	3364.955186843872
4383	3359.0846061706543
4383	3359.0846061706543
4384	3047.774314880371
4384	3047.774314880371
4385	2581.5606117248535
4385	2581.5606117248535
4386	3416.320562362671
4386	3416.320562362671
4387	3382.4405670166016
4387	3382.4405670166016
4388	3352.5450229644775
4388	3352.5450229644775
4389	3188.3130073547363
4389	3188.3130073547363
4390	3825.2434730529785
4390	3825.2434730529785
4391	3502.582311630249
4391	3502.582311630249
4392	3487.4062538146973
4392	3487.4062538146973
4393	3249.758243560791
4393	3249.758243560791
4394	3129.3838024139404
4394	3129.3838024139404
4395	3104.006767272949
4395	3104.006767272949
4396	3560.0533485412598
4396	3560.0533485412598
4397	3414.6463871002197
4397	3414.6463871002197
4398	3395.895481109619
4398	3395.895481109619
4399	3369.4136142730713
4399	3369.4136142730713
4400	3750.3936290740967
4400	3750.3936290740967
4401	3348.085880279541
4401	3348.085880279541
4402	3322.732925415039
4402	3322.732925415039
4403	2952.6760578155518
4403	2952.6760578155518
4404	3418.8661575317383
4404	3418.8661575317383
4405	3137.603521347046
4405	3137.603521347046
4406	2935.640573501587
4406	2935.640573501587
4407	3363.905906677246
4407	3363.905906677246
4408	3380.0339698791504
4408	3380.0339698791504
4409	3437.5412464141846
4409	3437.5412464141846
4410	2768.7788009643555
4410	2768.7788009643555
4411	3494.995355606079
4411	3494.995355606079
4412	4143.552780151367
4412	4143.552780151367
4413	4177.422523498535
4413	4177.422523498535
4414	4425.476789474487
4414	4425.476789474487
4415	4236.485719680786
4415	4236.485719680786
4416	4255.229473114014
4416	4255.229473114014
4417	4565.782785415649
4417	4565.782785415649
4418	4100.595712661743
4418	4100.595712661743
4419	4522.8095054626465
4419	4522.8095054626465
4420	5016.357183456421
4420	5016.357183456421
4421	4563.409090042114
4421	4563.409090042114
4422	4618.76654624939
4422	4618.76654624939
4423	4614.257097244263
4423	4614.257097244263
4424	4575.58274269104
4424	4575.58274269104
4425	4330.297231674194
4425	4330.297231674194
4426	4301.490068435669
4426	4301.490068435669
4427	4701.9171714782715
4427	4701.9171714782715
4428	4754.23002243042
4428	4754.23002243042
4429	4640.392541885376
4429	4640.392541885376
4430	5142.788410186768
4430	5142.788410186768
4431	4539.584159851074
4431	4539.584159851074
4432	4369.025945663452
4432	4369.025945663452
4433	4440.325021743774
4433	4440.325021743774
4434	4330.113887786865
4434	4330.113887786865
4435	3999.429702758789
4435	3999.429702758789
4436	4624.423265457153
4436	4624.423265457153
4437	4417.286157608032
4437	4417.286157608032
4438	4677.649021148682
4438	4677.649021148682
4439	4660.531044006348
4439	4660.531044006348
4440	5056.557655334473
4440	5056.557655334473
4441	3804.7726154327393
4441	3804.7726154327393
4442	4421.050310134888
4442	4421.050310134888
4443	4527.489423751831
4443	4527.489423751831
4444	4542.445421218872
4444	4542.445421218872
4445	4597.299337387085
4445	4597.299337387085
4446	4639.893293380737
4446	4639.893293380737
4447	4535.697460174561
4447	4535.697460174561
4448	4518.369674682617
4448	4518.369674682617
4449	4599.653482437134
4449	4599.653482437134
4450	5052.234411239624
4450	5052.234411239624
4451	4618.459224700928
4451	4618.459224700928
4452	4452.366590499878
4452	4452.366590499878
4453	4244.667053222656
4453	4244.667053222656
4454	4345.911502838135
4454	4345.911502838135
4455	4304.219007492065
4455	4304.219007492065
4456	4567.061424255371
4456	4567.061424255371
4457	4658.49494934082
4457	4658.49494934082
4458	4483.476400375366
4458	4483.476400375366
4459	4864.297151565552
4459	4864.297151565552
4460	4613.38210105896
4460	4613.38210105896
4461	4675.103425979614
4461	4675.103425979614
4462	4581.248760223389
4462	4581.248760223389
4463	4488.85703086853
4463	4488.85703086853
4464	4530.944108963013
4464	4530.944108963013
4465	4232.188701629639
4465	4232.188701629639
4466	4547.49059677124
4466	4547.49059677124
4467	4544.823408126831
4467	4544.823408126831
4468	4678.047657012939
4468	4678.047657012939
4469	4615.875005722046
4469	4615.875005722046
4470	5019.237518310547
4470	5019.237518310547
4471	4601.020097732544
4471	4601.020097732544
4472	4490.519046783447
4472	4490.519046783447
4473	4210.68811416626
4473	4210.68811416626
4474	4478.296995162964
4474	4478.296995162964
4475	4604.165315628052
4475	4604.165315628052
4476	4563.349723815918
4476	4563.349723815918
4477	4296.901226043701
4477	4296.901226043701
4478	4653.883934020996
4478	4653.883934020996
4479	4292.865991592407
4479	4292.865991592407
4480	5095.653057098389
4480	5095.653057098389
4481	4657.809734344482
4481	4657.809734344482
4482	4615.255832672119
4482	4615.255832672119
4483	4967.3871994018555
4483	4967.3871994018555
4484	4267.202615737915
4484	4267.202615737915
4485	4657.628059387207
4485	4657.628059387207
4486	4553.271055221558
4486	4553.271055221558
4487	4611.843585968018
4487	4611.843585968018
4488	3470.5448150634766
4488	3470.5448150634766
4489	4503.167390823364
4489	4503.167390823364
4490	4982.617616653442
4490	4982.617616653442
4491	4167.355060577393
4491	4167.355060577393
4492	4526.855230331421
4492	4526.855230331421
4493	4498.9988803863525
4493	4498.9988803863525
4494	4580.577373504639
4494	4580.577373504639
4495	4486.168622970581
4495	4486.168622970581
4496	4486.944913864136
4496	4486.944913864136
4497	4801.381349563599
4497	4801.381349563599
4498	4785.626649856567
4498	4785.626649856567
4499	4677.509784698486
4499	4677.509784698486
4500	17287.126779556274
4500	17287.126779556274
4501	4578.014612197876
4501	4578.014612197876
4502	4367.905378341675
4502	4367.905378341675
4503	4522.723436355591
4503	4522.723436355591
4504	4480.146884918213
4504	4480.146884918213
4505	4647.316932678223
4505	4647.316932678223
4506	4708.629846572876
4506	4708.629846572876
4507	4399.10101890564
4507	4399.10101890564
4508	4716.607570648193
4508	4716.607570648193
4509	4232.232570648193
4509	4232.232570648193
4510	5108.766078948975
4510	5108.766078948975
4511	4600.901365280151
4511	4600.901365280151
4512	4758.2643032073975
4512	4758.2643032073975
4513	4296.865701675415
4513	4296.865701675415
4514	4671.599626541138
4514	4671.599626541138
4515	4602.748870849609
4515	4602.748870849609
4516	4400.443077087402
4516	4400.443077087402
4517	4635.156631469727
4517	4635.156631469727
4518	4411.040782928467
4518	4411.040782928467
4519	4642.335414886475
4519	4642.335414886475
4520	4885.319471359253
4520	4885.319471359253
4521	4666.291236877441
4521	4666.291236877441
4522	4668.359279632568
4522	4668.359279632568
4523	4758.965253829956
4523	4758.965253829956
4524	4632.898569107056
4524	4632.898569107056
4525	4408.957719802856
4525	4408.957719802856
4526	4728.228330612183
4526	4728.228330612183
4527	4728.090524673462
4527	4728.090524673462
4528	4243.308305740356
4528	4243.308305740356
4529	4303.0993938446045
4529	4303.0993938446045
4530	4965.703010559082
4530	4965.703010559082
4531	4621.860027313232
4531	4621.860027313232
4532	4537.231922149658
4532	4537.231922149658
4533	4506.160497665405
4533	4506.160497665405
4534	4416.69774055481
4534	4416.69774055481
4535	4167.150497436523
4535	4167.150497436523
4536	3902.6472568511963
4536	3902.6472568511963
4537	4477.040529251099
4537	4477.040529251099
4538	4596.393346786499
4538	4596.393346786499
4539	4261.6400718688965
4539	4261.6400718688965
4540	5138.155698776245
4540	5138.155698776245
4541	4607.395887374878
4541	4607.395887374878
4542	4349.3287563323975
4542	4349.3287563323975
4543	3944.82159614563
4543	3944.82159614563
4544	4328.315496444702
4544	4328.315496444702
4545	4699.844121932983
4545	4699.844121932983
4546	4368.682146072388
4546	4368.682146072388
4547	4456.702947616577
4547	4456.702947616577
4548	4673.348665237427
4548	4673.348665237427
4549	4630.247354507446
4549	4630.247354507446
4550	5112.290620803833
4550	5112.290620803833
4551	4787.672519683838
4551	4787.672519683838
4552	4744.211435317993
4552	4744.211435317993
4553	4719.218015670776
4553	4719.218015670776
4554	4969.743251800537
4554	4969.743251800537
4555	4835.133790969849
4555	4835.133790969849
4556	4332.413673400879
4556	4332.413673400879
4557	4360.004663467407
4557	4360.004663467407
4558	4242.143154144287
4558	4242.143154144287
4559	4510.422468185425
4559	4510.422468185425
4560	5065.286159515381
4560	5065.286159515381
4561	4675.090551376343
4561	4675.090551376343
4562	4295.071363449097
4562	4295.071363449097
4563	4582.658767700195
4563	4582.658767700195
4564	4591.367959976196
4564	4591.367959976196
4565	4520.524024963379
4565	4520.524024963379
4566	4620.895147323608
4566	4620.895147323608
4567	4495.101451873779
4567	4495.101451873779
4568	4647.740125656128
4568	4647.740125656128
4569	4471.336364746094
4569	4471.336364746094
4570	5318.340539932251
4570	5318.340539932251
4571	4576.721429824829
4571	4576.721429824829
4572	4572.429180145264
4572	4572.429180145264
4573	4680.265188217163
4573	4680.265188217163
4574	4624.826431274414
4574	4624.826431274414
4575	4788.302659988403
4575	4788.302659988403
4576	4662.6152992248535
4576	4662.6152992248535
4577	4943.4850215911865
4577	4943.4850215911865
4578	4545.168399810791
4578	4545.168399810791
4579	4381.388425827026
4579	4381.388425827026
4580	5264.95885848999
4580	5264.95885848999
4581	4405.43794631958
4581	4405.43794631958
4582	4737.031698226929
4582	4737.031698226929
4583	4645.33257484436
4583	4645.33257484436
4584	4320.0109004974365
4584	4320.0109004974365
4585	4462.581157684326
4585	4462.581157684326
4586	4406.807661056519
4586	4406.807661056519
4587	4534.188747406006
4587	4534.188747406006
4588	4537.1716022491455
4588	4537.1716022491455
4589	4288.9392375946045
4589	4288.9392375946045
4590	4741.616725921631
4590	4741.616725921631
4591	4319.043874740601
4591	4319.043874740601
4592	4565.397500991821
4592	4565.397500991821
4593	4494.353532791138
4593	4494.353532791138
4594	4450.674533843994
4594	4450.674533843994
4595	4519.408702850342
4595	4519.408702850342
4596	4762.4101638793945
4596	4762.4101638793945
4597	4634.481906890869
4597	4634.481906890869
4598	4655.245065689087
4598	4655.245065689087
4599	4129.230976104736
4599	4129.230976104736
4600	5346.452951431274
4600	5346.452951431274
4601	4632.710218429565
4601	4632.710218429565
4602	4634.9310874938965
4602	4634.9310874938965
4603	4537.670850753784
4603	4537.670850753784
4604	4300.096035003662
4604	4300.096035003662
4605	4581.143140792847
4605	4581.143140792847
4606	4350.780248641968
4606	4350.780248641968
4607	4686.512231826782
4607	4686.512231826782
4608	4354.347705841064
4608	4354.347705841064
4609	4732.41114616394
4609	4732.41114616394
4610	4823.009729385376
4610	4823.009729385376
4611	4806.283235549927
4611	4806.283235549927
4612	4290.5449867248535
4612	4290.5449867248535
4613	4171.424865722656
4613	4171.424865722656
4614	4556.147336959839
4614	4556.147336959839
4615	4526.305198669434
4615	4526.305198669434
4616	4300.995588302612
4616	4300.995588302612
4617	4254.1234493255615
4617	4254.1234493255615
4618	4539.398670196533
4618	4539.398670196533
4619	4574.840307235718
4619	4574.840307235718
4620	5082.542419433594
4620	5082.542419433594
4621	4617.601633071899
4621	4617.601633071899
4622	4559.906721115112
4622	4559.906721115112
4623	4711.108684539795
4623	4711.108684539795
4624	4568.745136260986
4624	4568.745136260986
4625	4497.291326522827
4625	4497.291326522827
4626	4521.044969558716
4626	4521.044969558716
4627	4741.48964881897
4627	4741.48964881897
4628	4600.577831268311
4628	4600.577831268311
4629	4381.778001785278
4629	4381.778001785278
4630	4593.858003616333
4630	4593.858003616333
4631	4486.370801925659
4631	4486.370801925659
4632	4526.837110519409
4632	4526.837110519409
4633	4210.887670516968
4633	4210.887670516968
4634	4143.028020858765
4634	4143.028020858765
4635	4534.085035324097
4635	4534.085035324097
4636	4471.511363983154
4636	4471.511363983154
4637	4517.379283905029
4637	4517.379283905029
4638	4332.353830337524
4638	4332.353830337524
4639	4273.5443115234375
4639	4273.5443115234375
4640	4950.733423233032
4640	4950.733423233032
4641	4668.972969055176
4641	4668.972969055176
4642	4644.122123718262
4642	4644.122123718262
4643	4873.791694641113
4643	4873.791694641113
4644	4307.759046554565
4644	4307.759046554565
4645	4632.438898086548
4645	4632.438898086548
4646	4671.303510665894
4646	4671.303510665894
4647	4573.872804641724
4647	4573.872804641724
4648	4805.1629066467285
4648	4805.1629066467285
4649	4809.178113937378
4649	4809.178113937378
4650	5163.431406021118
4650	5163.431406021118
4651	4443.853855133057
4651	4443.853855133057
4652	4617.472171783447
4652	4617.472171783447
4653	4569.386005401611
4653	4569.386005401611
4654	4459.859609603882
4654	4459.859609603882
4655	4459.226369857788
4655	4459.226369857788
4656	4565.374374389648
4656	4565.374374389648
4657	4604.8994064331055
4657	4604.8994064331055
4658	4593.269109725952
4658	4593.269109725952
4659	4364.303112030029
4659	4364.303112030029
4660	4774.329900741577
4660	4774.329900741577
4661	4533.215522766113
4661	4533.215522766113
4662	4064.6631717681885
4662	4064.6631717681885
4663	4617.547512054443
4663	4617.547512054443
4664	4525.442600250244
4664	4525.442600250244
4665	4654.7510623931885
4665	4654.7510623931885
4666	4584.367752075195
4666	4584.367752075195
4667	4364.556789398193
4667	4364.556789398193
4668	4522.194147109985
4668	4522.194147109985
4669	4296.10013961792
4669	4296.10013961792
4670	4697.218179702759
4670	4697.218179702759
4671	4112.399339675903
4671	4112.399339675903
4672	4062.6213550567627
4672	4062.6213550567627
4673	4237.001180648804
4673	4237.001180648804
4674	4628.558397293091
4674	4628.558397293091
4675	4231.534719467163
4675	4231.534719467163
4676	4324.861764907837
4676	4324.861764907837
4677	4579.334497451782
4677	4579.334497451782
4678	4444.809675216675
4678	4444.809675216675
4679	4278.104305267334
4679	4278.104305267334
4680	5004.328489303589
4680	5004.328489303589
4681	4709.981918334961
4681	4709.981918334961
4682	4267.028331756592
4682	4267.028331756592
4683	4769.4408893585205
4683	4769.4408893585205
4684	4635.767698287964
4684	4635.767698287964
4685	4663.169860839844
4685	4663.169860839844
4686	4638.981103897095
4686	4638.981103897095
4687	4668.447732925415
4687	4668.447732925415
4688	4657.879829406738
4688	4657.879829406738
4689	4647.002696990967
4689	4647.002696990967
4690	4949.352025985718
4690	4949.352025985718
4691	4388.936996459961
4691	4388.936996459961
4692	4302.936315536499
4692	4302.936315536499
4693	4840.4271602630615
4693	4840.4271602630615
4694	4865.31925201416
4694	4865.31925201416
4695	4672.616720199585
4695	4672.616720199585
4696	4692.574739456177
4696	4692.574739456177
4697	4588.547706604004
4697	4588.547706604004
4698	4350.789546966553
4698	4350.789546966553
4699	4351.377248764038
4699	4351.377248764038
4700	5006.541728973389
4700	5006.541728973389
4701	4406.515598297119
4701	4406.515598297119
4702	4461.575508117676
4702	4461.575508117676
4703	4459.273815155029
4703	4459.273815155029
4704	4379.573583602905
4704	4379.573583602905
4705	4576.175212860107
4705	4576.175212860107
4706	4120.540142059326
4706	4120.540142059326
4707	4885.459423065186
4707	4885.459423065186
4708	4541.329383850098
4708	4541.329383850098
4709	4731.89377784729
4709	4731.89377784729
4710	5069.98610496521
4710	5069.98610496521
4711	4550.501585006714
4711	4550.501585006714
4712	4777.7814865112305
4712	4777.7814865112305
4713	4601.338624954224
4713	4601.338624954224
4714	4309.279441833496
4714	4309.279441833496
4715	3384.298324584961
4715	3384.298324584961
4716	3198.3721256256104
4716	3198.3721256256104
4717	3451.223850250244
4717	3451.223850250244
4718	3437.803030014038
4718	3437.803030014038
4719	3416.2228107452393
4719	3416.2228107452393
4720	3968.975305557251
4720	3968.975305557251
4721	3117.22993850708
4721	3117.22993850708
4722	3196.096181869507
4722	3196.096181869507
4723	3469.3918228149414
4723	3469.3918228149414
4724	3404.6578407287598
4724	3404.6578407287598
4725	2964.9250507354736
4725	2964.9250507354736
4726	3510.5886459350586
4726	3510.5886459350586
4727	3497.164726257324
4727	3497.164726257324
4728	3199.5108127593994
4728	3199.5108127593994
4729	3217.0357704162598
4729	3217.0357704162598
4730	3676.78165435791
4730	3676.78165435791
4731	3311.354160308838
4731	3311.354160308838
4732	3367.2211170196533
4732	3367.2211170196533
4733	3293.281316757202
4733	3293.281316757202
4734	3183.482885360718
4734	3183.482885360718
4735	3382.91072845459
4735	3382.91072845459
4736	3327.1212577819824
4736	3327.1212577819824
4737	3201.516628265381
4737	3201.516628265381
4738	3474.6010303497314
4738	3474.6010303497314
4739	3102.992296218872
4739	3102.992296218872
4740	4057.8927993774414
4740	4057.8927993774414
4741	3433.0830574035645
4741	3433.0830574035645
4742	3119.8315620422363
4742	3119.8315620422363
4743	3389.469623565674
4743	3389.469623565674
4744	3241.12606048584
4744	3241.12606048584
4745	3414.039134979248
4745	3414.039134979248
4746	3389.314651489258
4746	3389.314651489258
4747	3445.673942565918
4747	3445.673942565918
4748	3261.8772983551025
4748	3261.8772983551025
4749	3363.0411624908447
4749	3363.0411624908447
4750	3797.2593307495117
4750	3797.2593307495117
4751	3405.893325805664
4751	3405.893325805664
4752	3126.2409687042236
4752	3126.2409687042236
4753	3298.668146133423
4753	3298.668146133423
4754	3109.431028366089
4754	3109.431028366089
4755	3274.261713027954
4755	3274.261713027954
4756	3384.275197982788
4756	3384.275197982788
4757	3486.147165298462
4757	3486.147165298462
4758	3341.6099548339844
4758	3341.6099548339844
4759	3452.674388885498
4759	3452.674388885498
4760	3872.0450401306152
4760	3872.0450401306152
4761	3220.9298610687256
4761	3220.9298610687256
4762	3212.183952331543
4762	3212.183952331543
4763	3352.804183959961
4763	3352.804183959961
4764	3272.5648880004883
4764	3272.5648880004883
4765	3430.551767349243
4765	3430.551767349243
4766	3377.0596981048584
4766	3377.0596981048584
4767	3371.5553283691406
4767	3371.5553283691406
4768	3394.2816257476807
4768	3394.2816257476807
4769	3397.256851196289
4769	3397.256851196289
4770	4188.28272819519
4770	4188.28272819519
4771	3353.81817817688
4771	3353.81817817688
4772	3235.7633113861084
4772	3235.7633113861084
4773	3401.4415740966797
4773	3401.4415740966797
4774	3131.7269802093506
4774	3131.7269802093506
4775	3345.766305923462
4775	3345.766305923462
4776	3487.602710723877
4776	3487.602710723877
4777	3419.1243648529053
4777	3419.1243648529053
4778	3055.7775497436523
4778	3055.7775497436523
4779	3457.794189453125
4779	3457.794189453125
4780	3908.4208011627197
4780	3908.4208011627197
4781	3365.196704864502
4781	3365.196704864502
4782	3401.291847229004
4782	3401.291847229004
4783	3142.1170234680176
4783	3142.1170234680176
4784	3096.290349960327
4784	3096.290349960327
4785	3057.518720626831
4785	3057.518720626831
4786	3384.0482234954834
4786	3384.0482234954834
4787	3059.100866317749
4787	3059.100866317749
4788	3178.6272525787354
4788	3178.6272525787354
4789	3464.265823364258
4789	3464.265823364258
4790	3946.5203285217285
4790	3946.5203285217285
4791	2665.830135345459
4791	2665.830135345459
4792	3367.3408031463623
4792	3367.3408031463623
4793	3088.2270336151123
4793	3088.2270336151123
4794	3353.670358657837
4794	3353.670358657837
4795	3093.082904815674
4795	3093.082904815674
4796	3609.3404293060303
4796	3609.3404293060303
4797	3150.0985622406006
4797	3150.0985622406006
4798	3567.131996154785
4798	3567.131996154785
4799	3569.1206455230713
4799	3569.1206455230713
4800	3796.621322631836
4800	3796.621322631836
4801	3598.7327098846436
4801	3598.7327098846436
4802	3244.208812713623
4802	3244.208812713623
4803	3469.64693069458
4803	3469.64693069458
4804	3629.218339920044
4804	3629.218339920044
4805	3739.6044731140137
4805	3739.6044731140137
4806	3729.1181087493896
4806	3729.1181087493896
4807	3647.585868835449
4807	3647.585868835449
4808	3392.852783203125
4808	3392.852783203125
4809	3339.7138118743896
4809	3339.7138118743896
4810	4493.381023406982
4810	4493.381023406982
4811	3149.6944427490234
4811	3149.6944427490234
4812	3343.8096046447754
4812	3343.8096046447754
4813	3339.186191558838
4813	3339.186191558838
4814	2890.1569843292236
4814	2890.1569843292236
4815	3268.428325653076
4815	3268.428325653076
4816	3029.855489730835
4816	3029.855489730835
4817	3191.54691696167
4817	3191.54691696167
4818	3528.3992290496826
4818	3528.3992290496826
4819	3404.3655395507812
4819	3404.3655395507812
4820	3956.80832862854
4820	3956.80832862854
4821	1843.5852527618408
4821	1843.5852527618408
4822	3446.5410709381104
4822	3446.5410709381104
4823	2950.655460357666
4823	2950.655460357666
4824	3339.49875831604
4824	3339.49875831604
4825	4427.804708480835
4825	4427.804708480835
4826	4413.129091262817
4826	4413.129091262817
4827	4472.987174987793
4827	4472.987174987793
4828	4427.467346191406
4828	4427.467346191406
4829	4221.012353897095
4829	4221.012353897095
4830	4783.228158950806
4830	4783.228158950806
4831	4539.210081100464
4831	4539.210081100464
4832	4615.0803565979
4832	4615.0803565979
4833	4666.637897491455
4833	4666.637897491455
4834	4622.665166854858
4834	4622.665166854858
4835	4660.997629165649
4835	4660.997629165649
4836	4605.818271636963
4836	4605.818271636963
4837	4843.670845031738
4837	4843.670845031738
4838	4749.50909614563
4838	4749.50909614563
4839	4821.356296539307
4839	4821.356296539307
4840	5273.911952972412
4840	5273.911952972412
4841	4747.107028961182
4841	4747.107028961182
4842	4694.552898406982
4842	4694.552898406982
4843	4678.239583969116
4843	4678.239583969116
4844	4414.224863052368
4844	4414.224863052368
4845	4418.890953063965
4845	4418.890953063965
4846	4759.8371505737305
4846	4759.8371505737305
4847	4705.492734909058
4847	4705.492734909058
4848	4671.047210693359
4848	4671.047210693359
4849	4456.566333770752
4849	4456.566333770752
4850	4869.04501914978
4850	4869.04501914978
4851	4274.707794189453
4851	4274.707794189453
4852	4220.449447631836
4852	4220.449447631836
4853	4447.7880001068115
4853	4447.7880001068115
4854	4198.2457637786865
4854	4198.2457637786865
4855	4380.131959915161
4855	4380.131959915161
4856	4382.569313049316
4856	4382.569313049316
4857	4425.646781921387
4857	4425.646781921387
4858	4235.176086425781
4858	4235.176086425781
4859	4307.461738586426
4859	4307.461738586426
4860	5273.587226867676
4860	5273.587226867676
4861	4801.819086074829
4861	4801.819086074829
4862	4791.604518890381
4862	4791.604518890381
4863	4600.901126861572
4863	4600.901126861572
4864	4390.344142913818
4864	4390.344142913818
4865	4501.5599727630615
4865	4501.5599727630615
4866	4660.745620727539
4866	4660.745620727539
4867	4470.673084259033
4867	4470.673084259033
4868	4697.328090667725
4868	4697.328090667725
4869	4571.630477905273
4869	4571.630477905273
4870	4895.786285400391
4870	4895.786285400391
4871	4318.094730377197
4871	4318.094730377197
4872	4810.05597114563
4872	4810.05597114563
4873	4774.949312210083
4873	4774.949312210083
4874	4674.874782562256
4874	4674.874782562256
4875	4645.527601242065
4875	4645.527601242065
4876	4409.695386886597
4876	4409.695386886597
4877	4482.670783996582
4877	4482.670783996582
4878	4580.215930938721
4878	4580.215930938721
4879	4548.785924911499
4879	4548.785924911499
4880	4622.564077377319
4880	4622.564077377319
4881	4586.0748291015625
4881	4586.0748291015625
4882	4205.446004867554
4882	4205.446004867554
4883	4324.484348297119
4883	4324.484348297119
4884	4644.621849060059
4884	4644.621849060059
4885	4633.653402328491
4885	4633.653402328491
4886	4618.697643280029
4886	4618.697643280029
4887	4654.806137084961
4887	4654.806137084961
4888	4521.517515182495
4888	4521.517515182495
4889	4782.446622848511
4889	4782.446622848511
4890	5159.178733825684
4890	5159.178733825684
4891	4670.416355133057
4891	4670.416355133057
4892	4578.265428543091
4892	4578.265428543091
4893	4697.937488555908
4893	4697.937488555908
4894	4665.339946746826
4894	4665.339946746826
4895	4450.949668884277
4895	4450.949668884277
4896	4698.572158813477
4896	4698.572158813477
4897	4713.195323944092
4897	4713.195323944092
4898	4717.974662780762
4898	4717.974662780762
4899	4360.755920410156
4899	4360.755920410156
4900	4948.09889793396
4900	4948.09889793396
4901	4377.724409103394
4901	4377.724409103394
4902	4766.608715057373
4902	4766.608715057373
4903	4140.949964523315
4903	4140.949964523315
4904	4228.387355804443
4904	4228.387355804443
4905	4504.623889923096
4905	4504.623889923096
4906	4342.446565628052
4906	4342.446565628052
4907	4557.071208953857
4907	4557.071208953857
4908	4261.6636753082275
4908	4261.6636753082275
4909	4458.331108093262
4909	4458.331108093262
4910	5192.270278930664
4910	5192.270278930664
4911	4703.302383422852
4911	4703.302383422852
4912	4687.881708145142
4912	4687.881708145142
4913	4613.499402999878
4913	4613.499402999878
4914	4350.863456726074
4914	4350.863456726074
4915	4740.832328796387
4915	4740.832328796387
4916	4334.014177322388
4916	4334.014177322388
4917	4844.232559204102
4917	4844.232559204102
4918	4336.024284362793
4918	4336.024284362793
4919	4817.247629165649
4919	4817.247629165649
4920	4938.850879669189
4920	4938.850879669189
4921	4713.1335735321045
4921	4713.1335735321045
4922	4671.6554164886475
4922	4671.6554164886475
4923	4321.531534194946
4923	4321.531534194946
4924	4537.367582321167
4924	4537.367582321167
4925	4652.525186538696
4925	4652.525186538696
4926	4557.607173919678
4926	4557.607173919678
4927	4627.244472503662
4927	4627.244472503662
4928	4629.451036453247
4928	4629.451036453247
4929	5037.670850753784
4929	5037.670850753784
4930	5138.676643371582
4930	5138.676643371582
4931	4493.62325668335
4931	4493.62325668335
4932	4550.9138107299805
4932	4550.9138107299805
4933	4184.934377670288
4933	4184.934377670288
4934	4591.739892959595
4934	4591.739892959595
4935	4274.002552032471
4935	4274.002552032471
4936	4320.88041305542
4936	4320.88041305542
4937	4454.423427581787
4937	4454.423427581787
4938	4721.664667129517
4938	4721.664667129517
4939	4866.851329803467
4939	4866.851329803467
4940	4824.838638305664
4940	4824.838638305664
4941	4706.389665603638
4941	4706.389665603638
4942	4284.569263458252
4942	4284.569263458252
4943	4661.761283874512
4943	4661.761283874512
4944	4698.912143707275
4944	4698.912143707275
4945	4852.2467613220215
4945	4852.2467613220215
4946	4799.9818325042725
4946	4799.9818325042725
4947	4696.38466835022
4947	4696.38466835022
4948	4408.567667007446
4948	4408.567667007446
4949	4703.240633010864
4949	4703.240633010864
4950	5004.127740859985
4950	5004.127740859985
4951	4738.466024398804
4951	4738.466024398804
4952	4830.543518066406
4952	4830.543518066406
4953	4678.466558456421
4953	4678.466558456421
4954	4701.611757278442
4954	4701.611757278442
4955	4287.544965744019
4955	4287.544965744019
4956	4834.2413902282715
4956	4834.2413902282715
4957	4613.281011581421
4957	4613.281011581421
4958	4603.712320327759
4958	4603.712320327759
4959	4376.617670059204
4959	4376.617670059204
4960	4910.252332687378
4960	4910.252332687378
4961	4389.520645141602
4961	4389.520645141602
4962	4231.87518119812
4962	4231.87518119812
4963	4530.814647674561
4963	4530.814647674561
4964	4473.512411117554
4964	4473.512411117554
4965	4581.4855098724365
4965	4581.4855098724365
4966	4284.116268157959
4966	4284.116268157959
4967	4511.974573135376
4967	4511.974573135376
4968	4535.154581069946
4968	4535.154581069946
4969	4625.996351242065
4969	4625.996351242065
4970	5206.8681716918945
4970	5206.8681716918945
4971	4406.167268753052
4971	4406.167268753052
4972	4721.676826477051
4972	4721.676826477051
4973	4652.499198913574
4973	4652.499198913574
4974	4690.214157104492
4974	4690.214157104492
4975	4699.661731719971
4975	4699.661731719971
4976	4679.048538208008
4976	4679.048538208008
4977	4137.423038482666
4977	4137.423038482666
4978	4467.15235710144
4978	4467.15235710144
4979	4472.095012664795
4979	4472.095012664795
4980	4980.618953704834
4980	4980.618953704834
4981	4157.970190048218
4981	4157.970190048218
4982	4569.708824157715
4982	4569.708824157715
4983	4241.535425186157
4983	4241.535425186157
4984	4570.271730422974
4984	4570.271730422974
4985	4641.588926315308
4985	4641.588926315308
4986	4602.986574172974
4986	4602.986574172974
4987	4579.210996627808
4987	4579.210996627808
4988	4516.39461517334
4988	4516.39461517334
4989	4492.0337200164795
4989	4492.0337200164795
4990	4701.084136962891
4990	4701.084136962891
4991	4472.7184772491455
4991	4472.7184772491455
4992	4628.974914550781
4992	4628.974914550781
4993	4710.647106170654
4993	4710.647106170654
4994	4683.834791183472
4994	4683.834791183472
4995	4339.561223983765
4995	4339.561223983765
4996	4600.230693817139
4996	4600.230693817139
4997	4311.802387237549
4997	4311.802387237549
4998	4373.583555221558
4998	4373.583555221558
4999	4813.624143600464
4999	4813.624143600464
5000	24579.99897003174
5000	24579.99897003174
5001	4578.289747238159
5001	4578.289747238159
5002	4701.882839202881
5002	4701.882839202881
5003	4697.972297668457
5003	4697.972297668457
5004	4343.106508255005
5004	4343.106508255005
5005	4765.434265136719
5005	4765.434265136719
5006	4556.807994842529
5006	4556.807994842529
5007	4548.516511917114
5007	4548.516511917114
5008	4571.28643989563
5008	4571.28643989563
5009	4718.648672103882
5009	4718.648672103882
5010	5097.5916385650635
5010	5097.5916385650635
5011	4790.994882583618
5011	4790.994882583618
5012	4786.334753036499
5012	4786.334753036499
5013	4631.834268569946
5013	4631.834268569946
5014	4630.470275878906
5014	4630.470275878906
5015	4415.329217910767
5015	4415.329217910767
5016	4125.231504440308
5016	4125.231504440308
5017	4225.4698276519775
5017	4225.4698276519775
5018	4677.454233169556
5018	4677.454233169556
5019	4243.945360183716
5019	4243.945360183716
5020	5055.068731307983
5020	5055.068731307983
5021	4506.4377784729
5021	4506.4377784729
5022	4383.946418762207
5022	4383.946418762207
5023	4581.796646118164
5023	4581.796646118164
5024	4543.717384338379
5024	4543.717384338379
5025	4350.7819175720215
5025	4350.7819175720215
5026	4591.152191162109
5026	4591.152191162109
5027	4814.486980438232
5027	4814.486980438232
5028	4697.1917152404785
5028	4697.1917152404785
5029	4678.306818008423
5029	4678.306818008423
5030	5060.186862945557
5030	5060.186862945557
5031	4680.138111114502
5031	4680.138111114502
5032	4422.742128372192
5032	4422.742128372192
5033	4398.163080215454
5033	4398.163080215454
5034	4360.924005508423
5034	4360.924005508423
5035	4623.786687850952
5035	4623.786687850952
5036	4464.343309402466
5036	4464.343309402466
5037	4464.334726333618
5037	4464.334726333618
5038	4473.3617305755615
5038	4473.3617305755615
5039	4191.599369049072
5039	4191.599369049072
5040	4873.93593788147
5040	4873.93593788147
5041	4542.5238609313965
5041	4542.5238609313965
5042	4111.676931381226
5042	4111.676931381226
5043	4533.704042434692
5043	4533.704042434692
5044	4660.149574279785
5044	4660.149574279785
5045	4577.139377593994
5045	4577.139377593994
5046	4714.442014694214
5046	4714.442014694214
5047	4635.929584503174
5047	4635.929584503174
5048	4805.696487426758
5048	4805.696487426758
5049	4551.076173782349
5049	4551.076173782349
5050	5337.796211242676
5050	5337.796211242676
5051	4339.129447937012
5051	4339.129447937012
5052	4394.983768463135
5052	4394.983768463135
5053	4681.350946426392
5053	4681.350946426392
5054	4617.897272109985
5054	4617.897272109985
5055	4593.874931335449
5055	4593.874931335449
5056	4309.608221054077
5056	4309.608221054077
5057	4636.997699737549
5057	4636.997699737549
5058	4647.794008255005
5058	4647.794008255005
5059	4688.300371170044
5059	4688.300371170044
5060	5234.460830688477
5060	5234.460830688477
5061	4826.015472412109
5061	4826.015472412109
5062	4657.982587814331
5062	4657.982587814331
5063	4401.997804641724
5063	4401.997804641724
5064	4397.8636264801025
5064	4397.8636264801025
5065	4480.267286300659
5065	4480.267286300659
5066	4469.978809356689
5066	4469.978809356689
5067	4484.802722930908
5067	4484.802722930908
5068	4480.966567993164
5068	4480.966567993164
5069	4475.3124713897705
5069	4475.3124713897705
5070	4132.229804992676
5070	4132.229804992676
5071	3928.4145832061768
5071	3928.4145832061768
5072	4498.964548110962
5072	4498.964548110962
5073	4270.313739776611
5073	4270.313739776611
5074	4346.314191818237
5074	4346.314191818237
5075	4704.218864440918
5075	4704.218864440918
5076	4654.944658279419
5076	4654.944658279419
5077	4685.398578643799
5077	4685.398578643799
5078	4519.976854324341
5078	4519.976854324341
5079	4683.944225311279
5079	4683.944225311279
5080	4919.666528701782
5080	4919.666528701782
5081	4341.613054275513
5081	4341.613054275513
5082	4303.803443908691
5082	4303.803443908691
5083	4584.333419799805
5083	4584.333419799805
5084	4260.661363601685
5084	4260.661363601685
5085	4108.430862426758
5085	4108.430862426758
5086	4577.078104019165
5086	4577.078104019165
5087	4551.491022109985
5087	4551.491022109985
5088	4474.052906036377
5088	4474.052906036377
5089	4573.162794113159
5089	4573.162794113159
5090	5260.733842849731
5090	5260.733842849731
5091	4287.975072860718
5091	4287.975072860718
5092	4765.209197998047
5092	4765.209197998047
5093	4293.308734893799
5093	4293.308734893799
5094	4326.521396636963
5094	4326.521396636963
5095	4640.300750732422
5095	4640.300750732422
5096	4751.243352890015
5096	4751.243352890015
5097	4380.688667297363
5097	4380.688667297363
5098	4683.022260665894
5098	4683.022260665894
5099	4662.869691848755
5099	4662.869691848755
5100	5156.2488079071045
5100	5156.2488079071045
5101	4392.295598983765
5101	4392.295598983765
5102	4420.807838439941
5102	4420.807838439941
5103	4426.0077476501465
5103	4426.0077476501465
5104	4326.19309425354
5104	4326.19309425354
5105	4508.770227432251
5105	4508.770227432251
5106	4200.129270553589
5106	4200.129270553589
5107	4560.216426849365
5107	4560.216426849365
5108	4564.833641052246
5108	4564.833641052246
5109	4713.949918746948
5109	4713.949918746948
5110	5366.278409957886
5110	5366.278409957886
5111	4890.478849411011
5111	4890.478849411011
5112	4216.71986579895
5112	4216.71986579895
5113	4824.954509735107
5113	4824.954509735107
5114	4390.035152435303
5114	4390.035152435303
5115	4515.953302383423
5115	4515.953302383423
5116	4900.434732437134
5116	4900.434732437134
5117	4896.184921264648
5117	4896.184921264648
5118	4851.346254348755
5118	4851.346254348755
5119	4908.838510513306
5119	4908.838510513306
5120	5406.7542552948
5120	5406.7542552948
5121	5118.613004684448
5121	5118.613004684448
5122	5063.945293426514
5122	5063.945293426514
5123	5417.086362838745
5123	5417.086362838745
5124	3932.570219039917
5124	3932.570219039917
5125	4733.733892440796
5125	4733.733892440796
5126	4294.944047927856
5126	4294.944047927856
5127	4549.621820449829
5127	4549.621820449829
5128	4418.607234954834
5128	4418.607234954834
5129	3422.009229660034
5129	3422.009229660034
5130	3696.3376998901367
5130	3696.3376998901367
5131	3488.4305000305176
5131	3488.4305000305176
5132	3525.0399112701416
5132	3525.0399112701416
5133	3272.371768951416
5133	3272.371768951416
5134	3400.0751972198486
5134	3400.0751972198486
5135	3178.323745727539
5135	3178.323745727539
5136	2973.3598232269287
5136	2973.3598232269287
5137	3373.4676837921143
5137	3373.4676837921143
5138	3281.860589981079
5138	3281.860589981079
5139	3286.491632461548
5139	3286.491632461548
5140	3894.2956924438477
5140	3894.2956924438477
5141	3333.604097366333
5141	3333.604097366333
5142	3152.9557704925537
5142	3152.9557704925537
5143	3435.439348220825
5143	3435.439348220825
5144	3274.401903152466
5144	3274.401903152466
5145	3363.193988800049
5145	3363.193988800049
5146	3360.755681991577
5146	3360.755681991577
5147	3545.365810394287
5147	3545.365810394287
5148	3288.6574268341064
5148	3288.6574268341064
5149	3424.137830734253
5149	3424.137830734253
5150	3671.6935634613037
5150	3671.6935634613037
5151	3213.0985260009766
5151	3213.0985260009766
5152	3501.2617111206055
5152	3501.2617111206055
5153	3490.5264377593994
5153	3490.5264377593994
5154	3417.9999828338623
5154	3417.9999828338623
5155	3429.877281188965
5155	3429.877281188965
5156	3431.955337524414
5156	3431.955337524414
5157	3467.2021865844727
5157	3467.2021865844727
5158	3389.1656398773193
5158	3389.1656398773193
5159	3169.910430908203
5159	3169.910430908203
5160	3941.3959980010986
5160	3941.3959980010986
5161	3390.622615814209
5161	3390.622615814209
5162	3047.4793910980225
5162	3047.4793910980225
5163	3250.8513927459717
5163	3250.8513927459717
5164	3328.727960586548
5164	3328.727960586548
5165	3482.3226928710938
5165	3482.3226928710938
5166	2808.0356121063232
5166	2808.0356121063232
5167	3421.8873977661133
5167	3421.8873977661133
5168	3250.9806156158447
5168	3250.9806156158447
5169	3419.8451042175293
5169	3419.8451042175293
5170	3006.554126739502
5170	3006.554126739502
5171	3079.9078941345215
5171	3079.9078941345215
5172	3530.9205055236816
5172	3530.9205055236816
5173	2967.270851135254
5173	2967.270851135254
5174	3315.7107830047607
5174	3315.7107830047607
5175	3382.9638957977295
5175	3382.9638957977295
5176	3491.382598876953
5176	3491.382598876953
5177	3073.176383972168
5177	3073.176383972168
5178	3525.6388187408447
5178	3525.6388187408447
5179	3391.6358947753906
5179	3391.6358947753906
5180	4031.6860675811768
5180	4031.6860675811768
5181	3421.8828678131104
5181	3421.8828678131104
5182	3283.757448196411
5182	3283.757448196411
5183	3407.9387187957764
5183	3407.9387187957764
5184	3224.8172760009766
5184	3224.8172760009766
5185	3399.0159034729004
5185	3399.0159034729004
5186	3344.9759483337402
5186	3344.9759483337402
5187	3416.6934490203857
5187	3416.6934490203857
5188	3384.976625442505
5188	3384.976625442505
5189	3549.227714538574
5189	3549.227714538574
5190	3741.749048233032
5190	3741.749048233032
5191	3396.012306213379
5191	3396.012306213379
5192	3440.291404724121
5192	3440.291404724121
5193	3174.046039581299
5193	3174.046039581299
5194	3142.895460128784
5194	3142.895460128784
5195	3517.5890922546387
5195	3517.5890922546387
5196	3430.8414459228516
5196	3430.8414459228516
5197	3377.814769744873
5197	3377.814769744873
5198	3102.1528244018555
5198	3102.1528244018555
5199	3539.6647453308105
5199	3539.6647453308105
5200	3778.5403728485107
5200	3778.5403728485107
5201	3364.3908500671387
5201	3364.3908500671387
5202	3487.7371788024902
5202	3487.7371788024902
5203	3378.0345916748047
5203	3378.0345916748047
5204	3331.2833309173584
5204	3331.2833309173584
5205	3439.387798309326
5205	3439.387798309326
5206	3406.6970348358154
5206	3406.6970348358154
5207	3184.680938720703
5207	3184.680938720703
5208	3378.7732124328613
5208	3378.7732124328613
5209	3354.869604110718
5209	3354.869604110718
5210	3661.8645191192627
5210	3661.8645191192627
5211	3125.622510910034
5211	3125.622510910034
5212	3397.796392440796
5212	3397.796392440796
5213	3238.9955520629883
5213	3238.9955520629883
5214	3403.7909507751465
5214	3403.7909507751465
5215	3089.1120433807373
5215	3089.1120433807373
5216	3389.8208141326904
5216	3389.8208141326904
5217	3537.761688232422
5217	3537.761688232422
5218	3488.856077194214
5218	3488.856077194214
5219	3481.978416442871
5219	3481.978416442871
5220	3777.7445316314697
5220	3777.7445316314697
5221	3469.5301055908203
5221	3469.5301055908203
5222	3415.8077239990234
5222	3415.8077239990234
5223	3371.0527420043945
5223	3371.0527420043945
5224	3451.040029525757
5224	3451.040029525757
5225	2881.5994262695312
5225	2881.5994262695312
5226	3376.3833045959473
5226	3376.3833045959473
5227	2690.187692642212
5227	2690.187692642212
5228	3033.212661743164
5228	3033.212661743164
5229	3216.5040969848633
5229	3216.5040969848633
5230	3677.5312423706055
5230	3677.5312423706055
5231	3558.396100997925
5231	3558.396100997925
5232	3317.909002304077
5232	3317.909002304077
5233	3166.107654571533
5233	3166.107654571533
5234	3542.4890518188477
5234	3542.4890518188477
5235	3166.161298751831
5235	3166.161298751831
5236	3080.6033611297607
5236	3080.6033611297607
5237	3398.4322547912598
5237	3398.4322547912598
5238	3408.97274017334
5238	3408.97274017334
5239	3623.2211589813232
5239	3623.2211589813232
5240	4056.2567710876465
5240	4056.2567710876465
5241	4232.199430465698
5241	4232.199430465698
5242	4490.482807159424
5242	4490.482807159424
5243	4387.749433517456
5243	4387.749433517456
5244	4548.142433166504
5244	4548.142433166504
5245	4223.519563674927
5245	4223.519563674927
5246	4527.43935585022
5246	4527.43935585022
5247	4552.147626876831
5247	4552.147626876831
5248	4586.979627609253
5248	4586.979627609253
5249	4664.796829223633
5249	4664.796829223633
5250	5124.265670776367
5250	5124.265670776367
5251	4629.37593460083
5251	4629.37593460083
5252	4291.870594024658
5252	4291.870594024658
5253	4769.8633670806885
5253	4769.8633670806885
5254	4308.900356292725
5254	4308.900356292725
5255	4598.223924636841
5255	4598.223924636841
5256	4638.353586196899
5256	4638.353586196899
5257	4573.896884918213
5257	4573.896884918213
5258	4608.635425567627
5258	4608.635425567627
5259	4687.167167663574
5259	4687.167167663574
5260	5307.121992111206
5260	5307.121992111206
5261	4403.203010559082
5261	4403.203010559082
5262	4261.953592300415
5262	4261.953592300415
5263	4255.146265029907
5263	4255.146265029907
5264	4608.582973480225
5264	4608.582973480225
5265	4826.098442077637
5265	4826.098442077637
5266	4668.559551239014
5266	4668.559551239014
5267	4693.824291229248
5267	4693.824291229248
5268	4314.315557479858
5268	4314.315557479858
5269	4465.423822402954
5269	4465.423822402954
5270	4695.914030075073
5270	4695.914030075073
5271	4438.4050369262695
5271	4438.4050369262695
5272	4500.923871994019
5272	4500.923871994019
5273	4691.150188446045
5273	4691.150188446045
5274	4224.213123321533
5274	4224.213123321533
5275	4529.042482376099
5275	4529.042482376099
5276	4637.057542800903
5276	4637.057542800903
5277	4687.722444534302
5277	4687.722444534302
5278	4678.237676620483
5278	4678.237676620483
5279	4244.461297988892
5279	4244.461297988892
5280	5169.82626914978
5280	5169.82626914978
5281	4652.146100997925
5281	4652.146100997925
5282	4735.816240310669
5282	4735.816240310669
5283	4610.910892486572
5283	4610.910892486572
5284	4681.0760498046875
5284	4681.0760498046875
5285	4391.370058059692
5285	4391.370058059692
5286	4656.921625137329
5286	4656.921625137329
5287	4452.934980392456
5287	4452.934980392456
5288	4421.234369277954
5288	4421.234369277954
5289	4589.985132217407
5289	4589.985132217407
5290	5137.018442153931
5290	5137.018442153931
5291	4504.491806030273
5291	4504.491806030273
5292	4073.0717182159424
5292	4073.0717182159424
5293	4439.425706863403
5293	4439.425706863403
5294	4205.599784851074
5294	4205.599784851074
5295	4500.332832336426
5295	4500.332832336426
5296	4312.525272369385
5296	4312.525272369385
5297	4448.621511459351
5297	4448.621511459351
5298	4284.9578857421875
5298	4284.9578857421875
5299	4276.9129276275635
5299	4276.9129276275635
5300	5237.227916717529
5300	5237.227916717529
5301	4646.235704421997
5301	4646.235704421997
5302	4120.107650756836
5302	4120.107650756836
5303	4684.720039367676
5303	4684.720039367676
5304	4639.578342437744
5304	4639.578342437744
5305	4674.35097694397
5305	4674.35097694397
5306	4607.2564125061035
5306	4607.2564125061035
5307	4684.142351150513
5307	4684.142351150513
5308	4428.823709487915
5308	4428.823709487915
5309	4655.1103591918945
5309	4655.1103591918945
5310	5160.359859466553
5310	5160.359859466553
5311	4664.59321975708
5311	4664.59321975708
5312	4841.185569763184
5312	4841.185569763184
5313	4486.22465133667
5313	4486.22465133667
5314	4826.830148696899
5314	4826.830148696899
5315	4219.679832458496
5315	4219.679832458496
5316	4534.5940589904785
5316	4534.5940589904785
5317	4455.548048019409
5317	4455.548048019409
5318	4678.8506507873535
5318	4678.8506507873535
5319	4463.479042053223
5319	4463.479042053223
5320	4829.577684402466
5320	4829.577684402466
5321	4242.630958557129
5321	4242.630958557129
5322	4469.781875610352
5322	4469.781875610352
5323	4727.409601211548
5323	4727.409601211548
5324	4583.9691162109375
5324	4583.9691162109375
5325	4473.119735717773
5325	4473.119735717773
5326	4350.967168807983
5326	4350.967168807983
5327	4482.032060623169
5327	4482.032060623169
5328	4604.036331176758
5328	4604.036331176758
5329	4352.982521057129
5329	4352.982521057129
5330	4782.039165496826
5330	4782.039165496826
5331	4693.381547927856
5331	4693.381547927856
5332	4690.498828887939
5332	4690.498828887939
5333	4672.457695007324
5333	4672.457695007324
5334	4709.465026855469
5334	4709.465026855469
5335	4927.240610122681
5335	4927.240610122681
5336	4421.731233596802
5336	4421.731233596802
5337	4584.913730621338
5337	4584.913730621338
5338	4734.2774868011475
5338	4734.2774868011475
5339	4647.462844848633
5339	4647.462844848633
5340	4631.149768829346
5340	4631.149768829346
5341	3550.274610519409
5341	3550.274610519409
5342	4511.27028465271
5342	4511.27028465271
5343	4543.6835289001465
5343	4543.6835289001465
5344	4536.334991455078
5344	4536.334991455078
5345	4592.149019241333
5345	4592.149019241333
5346	4590.921878814697
5346	4590.921878814697
5347	4642.554521560669
5347	4642.554521560669
5348	4626.805305480957
5348	4626.805305480957
5349	4423.766136169434
5349	4423.766136169434
5350	4919.17085647583
5350	4919.17085647583
5351	4696.770191192627
5351	4696.770191192627
5352	4712.585210800171
5352	4712.585210800171
5353	4739.355087280273
5353	4739.355087280273
5354	4490.130424499512
5354	4490.130424499512
5355	4370.034217834473
5355	4370.034217834473
5356	4435.513257980347
5356	4435.513257980347
5357	4226.9299030303955
5357	4226.9299030303955
5358	4615.438938140869
5358	4615.438938140869
5359	4648.587465286255
5359	4648.587465286255
5360	5148.39768409729
5360	5148.39768409729
5361	4419.679164886475
5361	4419.679164886475
5362	4261.69753074646
5362	4261.69753074646
5363	4710.25538444519
5363	4710.25538444519
5364	4491.687536239624
5364	4491.687536239624
5365	4809.403657913208
5365	4809.403657913208
5366	4364.095449447632
5366	4364.095449447632
5367	4730.842590332031
5367	4730.842590332031
5368	4756.905078887939
5368	4756.905078887939
5369	4370.024681091309
5369	4370.024681091309
5370	4941.831350326538
5370	4941.831350326538
5371	4310.969352722168
5371	4310.969352722168
5372	4553.783416748047
5372	4553.783416748047
5373	4678.530693054199
5373	4678.530693054199
5374	4495.4540729522705
5374	4495.4540729522705
5375	4502.035856246948
5375	4502.035856246948
5376	4558.434963226318
5376	4558.434963226318
5377	4548.037767410278
5377	4548.037767410278
5378	4644.531011581421
5378	4644.531011581421
5379	4569.267511367798
5379	4569.267511367798
5380	5125.7219314575195
5380	5125.7219314575195
5381	4624.662399291992
5381	4624.662399291992
5382	4344.8805809021
5382	4344.8805809021
5383	4335.447311401367
5383	4335.447311401367
5384	4663.649082183838
5384	4663.649082183838
5385	4331.04133605957
5385	4331.04133605957
5386	4625.385284423828
5386	4625.385284423828
5387	4639.026403427124
5387	4639.026403427124
5388	4771.072149276733
5388	4771.072149276733
5389	4609.8597049713135
5389	4609.8597049713135
5390	5300.381898880005
5390	5300.381898880005
5391	4583.59956741333
5391	4583.59956741333
5392	4343.953847885132
5392	4343.953847885132
5393	4567.089796066284
5393	4567.089796066284
5394	4472.072124481201
5394	4472.072124481201
5395	4363.910436630249
5395	4363.910436630249
5396	4421.892166137695
5396	4421.892166137695
5397	4606.42147064209
5397	4606.42147064209
5398	4554.856300354004
5398	4554.856300354004
5399	4260.395526885986
5399	4260.395526885986
5400	5079.49686050415
5400	5079.49686050415
5401	4437.751293182373
5401	4437.751293182373
5402	4591.622829437256
5402	4591.622829437256
5403	4918.40934753418
5403	4918.40934753418
5404	4600.805044174194
5404	4600.805044174194
5405	4916.805267333984
5405	4916.805267333984
5406	4632.02691078186
5406	4632.02691078186
5407	4253.533601760864
5407	4253.533601760864
5408	4659.573078155518
5408	4659.573078155518
5409	4436.586856842041
5409	4436.586856842041
5410	5077.810525894165
5410	5077.810525894165
5411	4830.316066741943
5411	4830.316066741943
5412	4672.749280929565
5412	4672.749280929565
5413	4883.170604705811
5413	4883.170604705811
5414	4940.777778625488
5414	4940.777778625488
5415	4938.094615936279
5415	4938.094615936279
5416	4876.48606300354
5416	4876.48606300354
5417	5051.975965499878
5417	5051.975965499878
5418	4613.06095123291
5418	4613.06095123291
5419	4907.211780548096
5419	4907.211780548096
5420	5614.875555038452
5420	5614.875555038452
5421	4642.841577529907
5421	4642.841577529907
5422	4928.610801696777
5422	4928.610801696777
5423	4415.770530700684
5423	4415.770530700684
5424	4632.859468460083
5424	4632.859468460083
5425	4733.7024211883545
5425	4733.7024211883545
5426	4752.583026885986
5426	4752.583026885986
5427	4785.5188846588135
5427	4785.5188846588135
5428	4655.609607696533
5428	4655.609607696533
5429	4976.772308349609
5429	4976.772308349609
5430	4650.626420974731
5430	4650.626420974731
5431	4610.510587692261
5431	4610.510587692261
5432	4689.829587936401
5432	4689.829587936401
5433	4837.4528884887695
5433	4837.4528884887695
5434	4632.10129737854
5434	4632.10129737854
5435	4760.061264038086
5435	4760.061264038086
5436	4768.8329219818115
5436	4768.8329219818115
5437	4806.408643722534
5437	4806.408643722534
5438	4786.4320278167725
5438	4786.4320278167725
5439	4685.3179931640625
5439	4685.3179931640625
5440	5218.116044998169
5440	5218.116044998169
5441	4411.717891693115
5441	4411.717891693115
5442	4379.358768463135
5442	4379.358768463135
5443	4616.985082626343
5443	4616.985082626343
5444	4574.599981307983
5444	4574.599981307983
5445	4112.820625305176
5445	4112.820625305176
5446	4489.096879959106
5446	4489.096879959106
5447	4513.067722320557
5447	4513.067722320557
5448	4298.4795570373535
5448	4298.4795570373535
5449	4528.234481811523
5449	4528.234481811523
5450	5223.023891448975
5450	5223.023891448975
5451	4495.223760604858
5451	4495.223760604858
5452	4605.568170547485
5452	4605.568170547485
5453	4355.944633483887
5453	4355.944633483887
5454	4174.659013748169
5454	4174.659013748169
5455	4626.344680786133
5455	4626.344680786133
5456	4551.342964172363
5456	4551.342964172363
5457	4536.844253540039
5457	4536.844253540039
5458	4158.393144607544
5458	4158.393144607544
5459	4318.085193634033
5459	4318.085193634033
5460	4968.646049499512
5460	4968.646049499512
5461	4503.187417984009
5461	4503.187417984009
5462	4517.8375244140625
5462	4517.8375244140625
5463	4523.6496925354
5463	4523.6496925354
5464	4221.20213508606
5464	4221.20213508606
5465	4495.472192764282
5465	4495.472192764282
5466	4561.999320983887
5466	4561.999320983887
5467	4625.4518032073975
5467	4625.4518032073975
5468	4638.355016708374
5468	4638.355016708374
5469	4590.583562850952
5469	4590.583562850952
5470	5136.273622512817
5470	5136.273622512817
5471	4618.19314956665
5471	4618.19314956665
5472	4579.692840576172
5472	4579.692840576172
5473	4332.843065261841
5473	4332.843065261841
5474	4295.373916625977
5474	4295.373916625977
5475	4788.692474365234
5475	4788.692474365234
5476	4674.391508102417
5476	4674.391508102417
5477	4789.309740066528
5477	4789.309740066528
5478	4727.560043334961
5478	4727.560043334961
5479	4488.404035568237
5479	4488.404035568237
5480	4831.025123596191
5480	4831.025123596191
5481	4228.496551513672
5481	4228.496551513672
5482	4540.489673614502
5482	4540.489673614502
5483	4596.0705280303955
5483	4596.0705280303955
5484	4839.146614074707
5484	4839.146614074707
5485	4447.96895980835
5485	4447.96895980835
5486	4830.354690551758
5486	4830.354690551758
5487	4864.717483520508
5487	4864.717483520508
5488	4165.518999099731
5488	4165.518999099731
5489	4480.905771255493
5489	4480.905771255493
5490	4987.444877624512
5490	4987.444877624512
5491	4395.554780960083
5491	4395.554780960083
5492	4241.08362197876
5492	4241.08362197876
5493	4518.979549407959
5493	4518.979549407959
5494	4539.170742034912
5494	4539.170742034912
5495	4670.364618301392
5495	4670.364618301392
5496	4469.340562820435
5496	4469.340562820435
5497	4633.86082649231
5497	4633.86082649231
5498	4741.129398345947
5498	4741.129398345947
5499	4597.025156021118
5499	4597.025156021118
5500	17256.628274917603
5500	17256.628274917603
5501	4491.428852081299
5501	4491.428852081299
5502	4580.605268478394
5502	4580.605268478394
5503	4253.751039505005
5503	4253.751039505005
5504	4176.441431045532
5504	4176.441431045532
5505	4599.662065505981
5505	4599.662065505981
5506	4284.132480621338
5506	4284.132480621338
5507	4766.066789627075
5507	4766.066789627075
5508	4645.5397605896
5508	4645.5397605896
5509	4570.8253383636475
5509	4570.8253383636475
5510	4639.228105545044
5510	4639.228105545044
5511	4591.031074523926
5511	4591.031074523926
5512	4554.468870162964
5512	4554.468870162964
5513	4738.487005233765
5513	4738.487005233765
5514	4833.456993103027
5514	4833.456993103027
5515	4678.634881973267
5515	4678.634881973267
5516	4675.4302978515625
5516	4675.4302978515625
5517	4323.834419250488
5517	4323.834419250488
5518	4550.822734832764
5518	4550.822734832764
5519	4706.298828125
5519	4706.298828125
5520	5135.433673858643
5520	5135.433673858643
5521	4782.235860824585
5521	4782.235860824585
5522	4393.683433532715
5522	4393.683433532715
5523	4530.986309051514
5523	4530.986309051514
5524	4772.429466247559
5524	4772.429466247559
5525	4652.857303619385
5525	4652.857303619385
5526	4346.065282821655
5526	4346.065282821655
5527	4403.363943099976
5527	4403.363943099976
5528	4451.545476913452
5528	4451.545476913452
5529	4463.377952575684
5529	4463.377952575684
5530	5026.328563690186
5530	5026.328563690186
5531	4589.323043823242
5531	4589.323043823242
5532	4294.996976852417
5532	4294.996976852417
5533	4494.24934387207
5533	4494.24934387207
5534	4697.469472885132
5534	4697.469472885132
5535	4573.024749755859
5535	4573.024749755859
5536	4596.645355224609
5536	4596.645355224609
5537	4595.992088317871
5537	4595.992088317871
5538	4512.13526725769
5538	4512.13526725769
5539	4276.313066482544
5539	4276.313066482544
5540	4629.951477050781
5540	4629.951477050781
5541	4644.799470901489
5541	4644.799470901489
5542	4727.588891983032
5542	4727.588891983032
5543	4412.702560424805
5543	4412.702560424805
5544	4171.2493896484375
5544	4171.2493896484375
5545	4542.536497116089
5545	4542.536497116089
5546	4567.035436630249
5546	4567.035436630249
5547	4446.402549743652
5547	4446.402549743652
5548	4670.6414222717285
5548	4670.6414222717285
5549	3425.0824451446533
5549	3425.0824451446533
5550	4186.1772537231445
5550	4186.1772537231445
5551	3117.722272872925
5551	3117.722272872925
5552	3187.511682510376
5552	3187.511682510376
5553	3416.6200160980225
5553	3416.6200160980225
5554	3367.643356323242
5554	3367.643356323242
5555	3319.7038173675537
5555	3319.7038173675537
5556	3477.4444103240967
5556	3477.4444103240967
5557	3413.971424102783
5557	3413.971424102783
5558	3346.825122833252
5558	3346.825122833252
5559	3121.9451427459717
5559	3121.9451427459717
5560	3948.9996433258057
5560	3948.9996433258057
5561	3125.213861465454
5561	3125.213861465454
5562	3385.652542114258
5562	3385.652542114258
5563	3363.8603687286377
5563	3363.8603687286377
5564	3326.923370361328
5564	3326.923370361328
5565	3418.9352989196777
5565	3418.9352989196777
5566	3241.291046142578
5566	3241.291046142578
5567	3133.0807209014893
5567	3133.0807209014893
5568	3321.462392807007
5568	3321.462392807007
5569	3403.6097526550293
5569	3403.6097526550293
5570	4164.140462875366
5570	4164.140462875366
5571	2946.3160037994385
5571	2946.3160037994385
5572	3076.474666595459
5572	3076.474666595459
5573	3297.713041305542
5573	3297.713041305542
5574	3365.583658218384
5574	3365.583658218384
5575	3340.4486179351807
5575	3340.4486179351807
5576	3390.558958053589
5576	3390.558958053589
5577	3227.341890335083
5577	3227.341890335083
5578	3151.251792907715
5578	3151.251792907715
5579	3512.394428253174
5579	3512.394428253174
5580	3580.629348754883
5580	3580.629348754883
5581	3444.6067810058594
5581	3444.6067810058594
5582	3022.3350524902344
5582	3022.3350524902344
5583	3116.4870262145996
5583	3116.4870262145996
5584	3455.5540084838867
5584	3455.5540084838867
5585	3113.741874694824
5585	3113.741874694824
5586	3545.7022190093994
5586	3545.7022190093994
5587	3392.5435543060303
5587	3392.5435543060303
5588	3435.493230819702
5588	3435.493230819702
5589	3123.6488819122314
5589	3123.6488819122314
5590	3875.2360343933105
5590	3875.2360343933105
5591	3374.1390705108643
5591	3374.1390705108643
5592	3371.5105056762695
5592	3371.5105056762695
5593	3287.06431388855
5593	3287.06431388855
5594	3398.8609313964844
5594	3398.8609313964844
5595	3449.1560459136963
5595	3449.1560459136963
5596	3345.7062244415283
5596	3345.7062244415283
5597	3447.327136993408
5597	3447.327136993408
5598	3410.6295108795166
5598	3410.6295108795166
5599	2691.0462379455566
5599	2691.0462379455566
5600	3784.4231128692627
5600	3784.4231128692627
5601	3499.5980262756348
5601	3499.5980262756348
5602	3469.9831008911133
5602	3469.9831008911133
5603	3375.440835952759
5603	3375.440835952759
5604	3488.701581954956
5604	3488.701581954956
5605	3174.8077869415283
5605	3174.8077869415283
5606	3252.094507217407
5606	3252.094507217407
5607	3187.4911785125732
5607	3187.4911785125732
5608	3422.1668243408203
5608	3422.1668243408203
5609	3593.921661376953
5609	3593.921661376953
5610	4001.1017322540283
5610	4001.1017322540283
5611	3378.708839416504
5611	3378.708839416504
5612	3292.978286743164
5612	3292.978286743164
5613	3483.3548069000244
5613	3483.3548069000244
5614	3146.864175796509
5614	3146.864175796509
5615	2972.882032394409
5615	2972.882032394409
5616	3496.385097503662
5616	3496.385097503662
5617	3479.8026084899902
5617	3479.8026084899902
5618	3512.394428253174
5618	3512.394428253174
5619	3472.557306289673
5619	3472.557306289673
5620	3797.300338745117
5620	3797.300338745117
5621	3205.5954933166504
5621	3205.5954933166504
5622	3268.308639526367
5622	3268.308639526367
5623	3411.0865592956543
5623	3411.0865592956543
5624	3144.0489292144775
5624	3144.0489292144775
5625	3252.5317668914795
5625	3252.5317668914795
5626	3160.639524459839
5626	3160.639524459839
5627	3169.983148574829
5627	3169.983148574829
5628	3433.098077774048
5628	3433.098077774048
5629	3468.3139324188232
5629	3468.3139324188232
5630	3903.2864570617676
5630	3903.2864570617676
5631	3397.940158843994
5631	3397.940158843994
5632	3508.2154273986816
5632	3508.2154273986816
5633	3228.684425354004
5633	3228.684425354004
5634	3418.2918071746826
5634	3418.2918071746826
5635	3464.614152908325
5635	3464.614152908325
5636	3411.0615253448486
5636	3411.0615253448486
5637	3155.4622650146484
5637	3155.4622650146484
5638	3473.5281467437744
5638	3473.5281467437744
5639	3480.8919429779053
5639	3480.8919429779053
5640	4003.8094520568848
5640	4003.8094520568848
5641	3624.711036682129
5641	3624.711036682129
5642	3155.8074951171875
5642	3155.8074951171875
5643	3453.768014907837
5643	3453.768014907837
5644	3485.806941986084
5644	3485.806941986084
5645	3142.6920890808105
5645	3142.6920890808105
5646	3359.7874641418457
5646	3359.7874641418457
5647	3212.8849029541016
5647	3212.8849029541016
5648	3534.2774391174316
5648	3534.2774391174316
5649	3119.584083557129
5649	3119.584083557129
5650	4027.5588035583496
5650	4027.5588035583496
5651	3195.340394973755
5651	3195.340394973755
5652	3371.2689876556396
5652	3371.2689876556396
5653	3395.481586456299
5653	3395.481586456299
5654	3470.6413745880127
5654	3470.6413745880127
5655	3581.74467086792
5655	3581.74467086792
5656	4281.135559082031
5656	4281.135559082031
5657	3488.055467605591
5657	3488.055467605591
5658	3424.367904663086
5658	3424.367904663086
5659	4069.187879562378
5659	4069.187879562378
5660	4912.046670913696
5660	4912.046670913696
5661	4304.168701171875
5661	4304.168701171875
5662	4575.531482696533
5662	4575.531482696533
5663	4538.832664489746
5663	4538.832664489746
5664	4680.134534835815
5664	4680.134534835815
5665	4531.253337860107
5665	4531.253337860107
5666	4312.083005905151
5666	4312.083005905151
5667	4619.582653045654
5667	4619.582653045654
5668	4754.14514541626
5668	4754.14514541626
5669	4413.58208656311
5669	4413.58208656311
5670	4587.658643722534
5670	4587.658643722534
5671	4680.352687835693
5671	4680.352687835693
5672	4583.265542984009
5672	4583.265542984009
5673	4840.681076049805
5673	4840.681076049805
5674	4679.427623748779
5674	4679.427623748779
5675	4541.08738899231
5675	4541.08738899231
5676	4650.106191635132
5676	4650.106191635132
5677	4349.76601600647
5677	4349.76601600647
5678	4438.549518585205
5678	4438.549518585205
5679	4345.154523849487
5679	4345.154523849487
5680	5026.416301727295
5680	5026.416301727295
5681	4683.513641357422
5681	4683.513641357422
5682	4737.749338150024
5682	4737.749338150024
5683	4454.539060592651
5683	4454.539060592651
5684	4603.003740310669
5684	4603.003740310669
5685	4706.172704696655
5685	4706.172704696655
5686	4725.29411315918
5686	4725.29411315918
5687	4410.20393371582
5687	4410.20393371582
5688	4532.426595687866
5688	4532.426595687866
5689	4594.420909881592
5689	4594.420909881592
5690	4726.205587387085
5690	4726.205587387085
5691	4583.50682258606
5691	4583.50682258606
5692	4273.264169692993
5692	4273.264169692993
5693	4619.578123092651
5693	4619.578123092651
5694	4593.501329421997
5694	4593.501329421997
5695	4547.684669494629
5695	4547.684669494629
5696	4781.509876251221
5696	4781.509876251221
5697	4643.600940704346
5697	4643.600940704346
5698	4672.8150844573975
5698	4672.8150844573975
5699	4382.668256759644
5699	4382.668256759644
5700	5531.263113021851
5700	5531.263113021851
5701	4615.844488143921
5701	4615.844488143921
5702	4859.291315078735
5702	4859.291315078735
5703	5039.350509643555
5703	5039.350509643555
5704	4910.252571105957
5704	4910.252571105957
5705	4658.827781677246
5705	4658.827781677246
5706	4631.512880325317
5706	4631.512880325317
5707	5005.259037017822
5707	5005.259037017822
5708	4961.796045303345
5708	4961.796045303345
5709	4754.686594009399
5709	4754.686594009399
5710	5434.419393539429
5710	5434.419393539429
5711	4867.086172103882
5711	4867.086172103882
5712	4984.550952911377
5712	4984.550952911377
5713	4793.565511703491
5713	4793.565511703491
5714	4849.604606628418
5714	4849.604606628418
5715	4680.215835571289
5715	4680.215835571289
5716	5015.80023765564
5716	5015.80023765564
5717	4205.833435058594
5717	4205.833435058594
5718	4327.888488769531
5718	4327.888488769531
5719	4533.418655395508
5719	4533.418655395508
5720	4915.443181991577
5720	4915.443181991577
5721	4348.123550415039
5721	4348.123550415039
5722	4665.2655601501465
5722	4665.2655601501465
5723	4631.255388259888
5723	4631.255388259888
5724	4708.130598068237
5724	4708.130598068237
5725	4732.220649719238
5725	4732.220649719238
5726	4369.099855422974
5726	4369.099855422974
5727	4369.671106338501
5727	4369.671106338501
5728	4689.642429351807
5728	4689.642429351807
5729	4807.0068359375
5729	4807.0068359375
5730	5168.235063552856
5730	5168.235063552856
5731	4700.8984088897705
5731	4700.8984088897705
5732	4813.301563262939
5732	4813.301563262939
5733	4528.314590454102
5733	4528.314590454102
5734	4804.897785186768
5734	4804.897785186768
5735	4722.074747085571
5735	4722.074747085571
5736	4744.018316268921
5736	4744.018316268921
5737	4159.510850906372
5737	4159.510850906372
5738	4513.689279556274
5738	4513.689279556274
5739	4227.251052856445
5739	4227.251052856445
5740	5091.376304626465
5740	5091.376304626465
5741	4591.126203536987
5741	4591.126203536987
5742	4591.353416442871
5742	4591.353416442871
5743	4678.237438201904
5743	4678.237438201904
5744	4633.063316345215
5744	4633.063316345215
5745	4577.346086502075
5745	4577.346086502075
5746	4265.614748001099
5746	4265.614748001099
5747	4882.678270339966
5747	4882.678270339966
5748	4638.638496398926
5748	4638.638496398926
5749	4665.2162075042725
5749	4665.2162075042725
5750	4930.699825286865
5750	4930.699825286865
5751	4706.626653671265
5751	4706.626653671265
5752	4722.061634063721
5752	4722.061634063721
5753	4672.021150588989
5753	4672.021150588989
5754	4729.99382019043
5754	4729.99382019043
5755	4694.117307662964
5755	4694.117307662964
5756	4592.763423919678
5756	4592.763423919678
5757	4859.598398208618
5757	4859.598398208618
5758	4388.536214828491
5758	4388.536214828491
5759	4556.180477142334
5759	4556.180477142334
5760	5251.490116119385
5760	5251.490116119385
5761	4568.674564361572
5761	4568.674564361572
5762	4566.566228866577
5762	4566.566228866577
5763	4672.806739807129
5763	4672.806739807129
5764	4281.825542449951
5764	4281.825542449951
5765	4627.187013626099
5765	4627.187013626099
5766	4637.257099151611
5766	4637.257099151611
5767	4336.08341217041
5767	4336.08341217041
5768	4615.11492729187
5768	4615.11492729187
5769	4864.471912384033
5769	4864.471912384033
5770	4854.0198802948
5770	4854.0198802948
5771	4645.246982574463
5771	4645.246982574463
5772	4718.302249908447
5772	4718.302249908447
5773	4686.738967895508
5773	4686.738967895508
5774	4797.973394393921
5774	4797.973394393921
5775	4684.802770614624
5775	4684.802770614624
5776	4429.626226425171
5776	4429.626226425171
5777	4328.756332397461
5777	4328.756332397461
5778	4656.351804733276
5778	4656.351804733276
5779	4380.8770179748535
5779	4380.8770179748535
5780	5254.250049591064
5780	5254.250049591064
5781	4683.541059494019
5781	4683.541059494019
5782	4703.004598617554
5782	4703.004598617554
5783	4680.205821990967
5783	4680.205821990967
5784	4396.933078765869
5784	4396.933078765869
5785	4734.819412231445
5785	4734.819412231445
5786	4422.807216644287
5786	4422.807216644287
5787	4469.94161605835
5787	4469.94161605835
5788	4741.7192459106445
5788	4741.7192459106445
5789	4734.661817550659
5789	4734.661817550659
5790	5427.845239639282
5790	5427.845239639282
5791	4866.409778594971
5791	4866.409778594971
5792	4644.21010017395
5792	4644.21010017395
5793	4502.860546112061
5793	4502.860546112061
5794	4305.639266967773
5794	4305.639266967773
5795	4362.038612365723
5795	4362.038612365723
5796	4228.888273239136
5796	4228.888273239136
5797	4437.636852264404
5797	4437.636852264404
5798	4614.269733428955
5798	4614.269733428955
5799	4632.195234298706
5799	4632.195234298706
5800	5156.105518341064
5800	5156.105518341064
5801	4627.015829086304
5801	4627.015829086304
5802	4662.755966186523
5802	4662.755966186523
5803	4296.776056289673
5803	4296.776056289673
5804	4799.2377281188965
5804	4799.2377281188965
5805	4155.84135055542
5805	4155.84135055542
5806	4417.816162109375
5806	4417.816162109375
5807	4360.35943031311
5807	4360.35943031311
5808	4840.813398361206
5808	4840.813398361206
5809	4704.4947147369385
5809	4704.4947147369385
5810	5101.171970367432
5810	5101.171970367432
5811	4611.226797103882
5811	4611.226797103882
5812	4754.406690597534
5812	4754.406690597534
5813	4742.978572845459
5813	4742.978572845459
5814	4735.121726989746
5814	4735.121726989746
5815	4643.228530883789
5815	4643.228530883789
5816	4851.677179336548
5816	4851.677179336548
5817	4749.2265701293945
5817	4749.2265701293945
5818	4701.5745639801025
5818	4701.5745639801025
5819	4177.346706390381
5819	4177.346706390381
5820	5358.960390090942
5820	5358.960390090942
5821	4225.01277923584
5821	4225.01277923584
5822	4422.199010848999
5822	4422.199010848999
5823	4288.586139678955
5823	4288.586139678955
5824	4246.5269565582275
5824	4246.5269565582275
5825	4195.04714012146
5825	4195.04714012146
5826	4613.962888717651
5826	4613.962888717651
5827	4350.483179092407
5827	4350.483179092407
5828	4307.290315628052
5828	4307.290315628052
5829	4768.19109916687
5829	4768.19109916687
5830	4985.796689987183
5830	4985.796689987183
5831	4648.996591567993
5831	4648.996591567993
5832	4743.312358856201
5832	4743.312358856201
5833	4656.785726547241
5833	4656.785726547241
5834	4786.115407943726
5834	4786.115407943726
5835	4655.915021896362
5835	4655.915021896362
5836	4745.172023773193
5836	4745.172023773193
5837	4343.6384201049805
5837	4343.6384201049805
5838	4722.443342208862
5838	4722.443342208862
5839	4596.812009811401
5839	4596.812009811401
5840	5233.642101287842
5840	5233.642101287842
5841	4512.418508529663
5841	4512.418508529663
5842	4583.382844924927
5842	4583.382844924927
5843	4376.940727233887
5843	4376.940727233887
5844	4686.734914779663
5844	4686.734914779663
5845	4768.354892730713
5845	4768.354892730713
5846	4667.271137237549
5846	4667.271137237549
5847	4543.3454513549805
5847	4543.3454513549805
5848	4558.0384731292725
5848	4558.0384731292725
5849	4623.232364654541
5849	4623.232364654541
5850	4751.159906387329
5850	4751.159906387329
5851	4317.442893981934
5851	4317.442893981934
5852	4583.940744400024
5852	4583.940744400024
5853	4683.218955993652
5853	4683.218955993652
5854	4738.844871520996
5854	4738.844871520996
5855	4625.7054805755615
5855	4625.7054805755615
5856	4662.636756896973
5856	4662.636756896973
5857	4725.428581237793
5857	4725.428581237793
5858	4649.6217250823975
5858	4649.6217250823975
5859	4081.0837745666504
5859	4081.0837745666504
5860	5092.04626083374
5860	5092.04626083374
5861	4277.908802032471
5861	4277.908802032471
5862	4397.133350372314
5862	4397.133350372314
5863	4592.490434646606
5863	4592.490434646606
5864	3749.2873668670654
5864	3749.2873668670654
5865	4374.086141586304
5865	4374.086141586304
5866	4848.547697067261
5866	4848.547697067261
5867	4494.191408157349
5867	4494.191408157349
5868	4667.356491088867
5868	4667.356491088867
5869	4586.452484130859
5869	4586.452484130859
5870	5152.657747268677
5870	5152.657747268677
5871	4818.902969360352
5871	4818.902969360352
5872	4857.471942901611
5872	4857.471942901611
5873	4833.321094512939
5873	4833.321094512939
5874	4468.060731887817
5874	4468.060731887817
5875	4580.95645904541
5875	4580.95645904541
5876	4561.37228012085
5876	4561.37228012085
5877	4578.7529945373535
5877	4578.7529945373535
5878	4245.488882064819
5878	4245.488882064819
5879	4642.06862449646
5879	4642.06862449646
5880	5118.098258972168
5880	5118.098258972168
5881	4514.956951141357
5881	4514.956951141357
5882	4357.270240783691
5882	4357.270240783691
5883	4707.904100418091
5883	4707.904100418091
5884	4538.75994682312
5884	4538.75994682312
5885	4702.606439590454
5885	4702.606439590454
5886	4587.462902069092
5886	4587.462902069092
5887	4695.3887939453125
5887	4695.3887939453125
5888	4867.224931716919
5888	4867.224931716919
5889	4715.855598449707
5889	4715.855598449707
5890	5167.5121784210205
5890	5167.5121784210205
5891	4770.900249481201
5891	4770.900249481201
5892	4128.096342086792
5892	4128.096342086792
5893	4418.084144592285
5893	4418.084144592285
5894	4290.074586868286
5894	4290.074586868286
5895	4501.456022262573
5895	4501.456022262573
5896	3791.0828590393066
5896	3791.0828590393066
5897	4622.375965118408
5897	4622.375965118408
5898	4590.762376785278
5898	4590.762376785278
5899	4631.074905395508
5899	4631.074905395508
5900	5191.711902618408
5900	5191.711902618408
5901	4328.182935714722
5901	4328.182935714722
5902	4697.119235992432
5902	4697.119235992432
5903	4848.06227684021
5903	4848.06227684021
5904	4777.573347091675
5904	4777.573347091675
5905	4604.504346847534
5905	4604.504346847534
5906	4540.801048278809
5906	4540.801048278809
5907	4615.636110305786
5907	4615.636110305786
5908	4456.163644790649
5908	4456.163644790649
5909	4000.3931522369385
5909	4000.3931522369385
5910	5026.1194705963135
5910	5026.1194705963135
5911	4754.664182662964
5911	4754.664182662964
5912	4598.893404006958
5912	4598.893404006958
5913	4596.527814865112
5913	4596.527814865112
5914	4634.968042373657
5914	4634.968042373657
5915	4548.309326171875
5915	4548.309326171875
5916	4498.762845993042
5916	4498.762845993042
5917	4406.538248062134
5917	4406.538248062134
5918	4310.228109359741
5918	4310.228109359741
5919	4342.912197113037
5919	4342.912197113037
5920	5323.894023895264
5920	5323.894023895264
5921	4642.827033996582
5921	4642.827033996582
5922	4427.91223526001
5922	4427.91223526001
5923	4725.73447227478
5923	4725.73447227478
5924	4641.6027545928955
5924	4641.6027545928955
5925	4277.580499649048
5925	4277.580499649048
5926	4740.899562835693
5926	4740.899562835693
5927	4538.179874420166
5927	4538.179874420166
5928	4702.0697593688965
5928	4702.0697593688965
5929	4570.459842681885
5929	4570.459842681885
5930	5039.673805236816
5930	5039.673805236816
5931	4198.020696640015
5931	4198.020696640015
5932	4073.803186416626
5932	4073.803186416626
5933	4642.538070678711
5933	4642.538070678711
5934	4494.585990905762
5934	4494.585990905762
5935	4586.814165115356
5935	4586.814165115356
5936	4641.6003704071045
5936	4641.6003704071045
5937	4732.688665390015
5937	4732.688665390015
5938	4324.692487716675
5938	4324.692487716675
5939	4565.767765045166
5939	4565.767765045166
5940	5185.593366622925
5940	5185.593366622925
5941	4841.713666915894
5941	4841.713666915894
5942	4763.127088546753
5942	4763.127088546753
5943	4704.893112182617
5943	4704.893112182617
5944	4857.368946075439
5944	4857.368946075439
5945	4344.456195831299
5945	4344.456195831299
5946	4382.4143409729
5946	4382.4143409729
5947	4704.0956020355225
5947	4704.0956020355225
5948	4613.102912902832
5948	4613.102912902832
5949	4363.222599029541
5949	4363.222599029541
5950	5267.16160774231
5950	5267.16160774231
5951	4576.886415481567
5951	4576.886415481567
5952	4414.210319519043
5952	4414.210319519043
5953	4426.125764846802
5953	4426.125764846802
5954	4328.277826309204
5954	4328.277826309204
5955	4443.927764892578
5955	4443.927764892578
5956	4310.001373291016
5956	4310.001373291016
5957	4233.290433883667
5957	4233.290433883667
5958	4414.599895477295
5958	4414.599895477295
5959	4578.214883804321
5959	4578.214883804321
5960	4952.9359340667725
5960	4952.9359340667725
5961	4561.744928359985
5961	4561.744928359985
5962	4582.940578460693
5962	4582.940578460693
5963	4343.802213668823
5963	4343.802213668823
5964	4628.763437271118
5964	4628.763437271118
5965	4678.009271621704
5965	4678.009271621704
5966	4697.438955307007
5966	4697.438955307007
5967	4380.059480667114
5967	4380.059480667114
5968	4531.277418136597
5968	4531.277418136597
5969	4377.564191818237
5969	4377.564191818237
5970	5155.792474746704
5970	5155.792474746704
5971	4660.566806793213
5971	4660.566806793213
5972	4696.61283493042
5972	4696.61283493042
5973	4251.869678497314
5973	4251.869678497314
5974	4059.202194213867
5974	4059.202194213867
5975	3399.224042892456
5975	3399.224042892456
5976	3178.511142730713
5976	3178.511142730713
5977	3495.70631980896
5977	3495.70631980896
5978	3463.2585048675537
5978	3463.2585048675537
5979	3248.905897140503
5979	3248.905897140503
5980	3661.9532108306885
5980	3661.9532108306885
5981	3462.5260829925537
5981	3462.5260829925537
5982	3465.35062789917
5982	3465.35062789917
5983	3463.2415771484375
5983	3463.2415771484375
5984	3113.485336303711
5984	3113.485336303711
5985	3076.582670211792
5985	3076.582670211792
5986	3332.817792892456
5986	3332.817792892456
5987	3458.345651626587
5987	3458.345651626587
5988	3512.9761695861816
5988	3512.9761695861816
5989	3300.602436065674
5989	3300.602436065674
5990	3767.77720451355
5990	3767.77720451355
5991	3414.304256439209
5991	3414.304256439209
5992	3413.313150405884
5992	3413.313150405884
5993	3435.0368976593018
5993	3435.0368976593018
5994	3359.072685241699
5994	3359.072685241699
5995	3457.7279090881348
5995	3457.7279090881348
5996	3420.203685760498
5996	3420.203685760498
5997	3211.6904258728027
5997	3211.6904258728027
5998	3179.5525550842285
5998	3179.5525550842285
5999	3714.3797874450684
5999	3714.3797874450684
6000	19563.572883605957
6000	19563.572883605957
6001	3126.298189163208
6001	3126.298189163208
6002	3414.332866668701
6002	3414.332866668701
6003	3536.482572555542
6003	3536.482572555542
6004	3395.656108856201
6004	3395.656108856201
6005	3455.082416534424
6005	3455.082416534424
6006	3331.2790393829346
6006	3331.2790393829346
6007	3304.3646812438965
6007	3304.3646812438965
6008	3830.9807777404785
6008	3830.9807777404785
6009	3432.7707290649414
6009	3432.7707290649414
6010	3715.892791748047
6010	3715.892791748047
6011	3660.522937774658
6011	3660.522937774658
6012	3668.358564376831
6012	3668.358564376831
6013	3576.195001602173
6013	3576.195001602173
6014	3262.751579284668
6014	3262.751579284668
6015	3657.6240062713623
6015	3657.6240062713623
6016	3600.198984146118
6016	3600.198984146118
6017	3699.492931365967
6017	3699.492931365967
6018	3319.7288513183594
6018	3319.7288513183594
6019	3356.5125465393066
6019	3356.5125465393066
6020	4153.894662857056
6020	4153.894662857056
6021	3524.959087371826
6021	3524.959087371826
6022	3415.7702922821045
6022	3415.7702922821045
6023	3547.6174354553223
6023	3547.6174354553223
6024	3546.6151237487793
6024	3546.6151237487793
6025	3402.3308753967285
6025	3402.3308753967285
6026	3140.798568725586
6026	3140.798568725586
6027	3458.881139755249
6027	3458.881139755249
6028	3433.9847564697266
6028	3433.9847564697266
6029	3523.0355262756348
6029	3523.0355262756348
6030	3863.128423690796
6030	3863.128423690796
6031	2920.543432235718
6031	2920.543432235718
6032	3499.843120574951
6032	3499.843120574951
6033	3022.6778984069824
6033	3022.6778984069824
6034	3385.6539726257324
6034	3385.6539726257324
6035	2077.420473098755
6035	2077.420473098755
6036	3456.2034606933594
6036	3456.2034606933594
6037	3179.40616607666
6037	3179.40616607666
6038	3440.3696060180664
6038	3440.3696060180664
6039	3401.102304458618
6039	3401.102304458618
6040	3652.5232791900635
6040	3652.5232791900635
6041	3402.8332233428955
6041	3402.8332233428955
6042	3181.354761123657
6042	3181.354761123657
6043	3547.8947162628174
6043	3547.8947162628174
6044	3125.190258026123
6044	3125.190258026123
6045	3175.992727279663
6045	3175.992727279663
6046	3259.941339492798
6046	3259.941339492798
6047	3810.7388019561768
6047	3810.7388019561768
6048	3209.5234394073486
6048	3209.5234394073486
6049	3184.993028640747
6049	3184.993028640747
6050	4091.144561767578
6050	4091.144561767578
6051	3539.2205715179443
6051	3539.2205715179443
6052	3378.220558166504
6052	3378.220558166504
6053	3494.9984550476074
6053	3494.9984550476074
6054	3478.6975383758545
6054	3478.6975383758545
6055	3475.468397140503
6055	3475.468397140503
6056	3490.044593811035
6056	3490.044593811035
6057	3328.094959259033
6057	3328.094959259033
6058	3435.185194015503
6058	3435.185194015503
6059	3312.553644180298
6059	3312.553644180298
6060	3780.6737422943115
6060	3780.6737422943115
6061	3386.8589401245117
6061	3386.8589401245117
6062	2101.7985343933105
6062	2101.7985343933105
6063	3544.402837753296
6063	3544.402837753296
6064	3346.2188243865967
6064	3346.2188243865967
6065	4423.108100891113
6065	4423.108100891113
6066	4184.451580047607
6066	4184.451580047607
6067	4490.741014480591
6067	4490.741014480591
6068	4709.558486938477
6068	4709.558486938477
6069	4504.182815551758
6069	4504.182815551758
6070	4823.437690734863
6070	4823.437690734863
6071	4594.34175491333
6071	4594.34175491333
6072	4688.638210296631
6072	4688.638210296631
6073	4292.776823043823
6073	4292.776823043823
6074	4588.414907455444
6074	4588.414907455444
6075	4618.757247924805
6075	4618.757247924805
6076	4709.396123886108
6076	4709.396123886108
6077	4390.584945678711
6077	4390.584945678711
6078	4339.378356933594
6078	4339.378356933594
6079	4747.042894363403
6079	4747.042894363403
6080	5337.762355804443
6080	5337.762355804443
6081	4437.294960021973
6081	4437.294960021973
6082	4655.103445053101
6082	4655.103445053101
6083	4670.742034912109
6083	4670.742034912109
6084	4668.886661529541
6084	4668.886661529541
6085	4772.321462631226
6085	4772.321462631226
6086	4574.8467445373535
6086	4574.8467445373535
6087	4830.068826675415
6087	4830.068826675415
6088	4560.753583908081
6088	4560.753583908081
6089	4702.429294586182
6089	4702.429294586182
6090	5266.703128814697
6090	5266.703128814697
6091	4987.265586853027
6091	4987.265586853027
6092	4560.349702835083
6092	4560.349702835083
6093	4456.240177154541
6093	4456.240177154541
6094	4292.6976680755615
6094	4292.6976680755615
6095	4300.708055496216
6095	4300.708055496216
6096	4217.889785766602
6096	4217.889785766602
6097	4556.472063064575
6097	4556.472063064575
6098	4759.9053382873535
6098	4759.9053382873535
6099	4639.918565750122
6099	4639.918565750122
6100	5050.066709518433
6100	5050.066709518433
6101	4734.918594360352
6101	4734.918594360352
6102	4390.997409820557
6102	4390.997409820557
6103	4708.735942840576
6103	4708.735942840576
6104	4784.466028213501
6104	4784.466028213501
6105	4604.875087738037
6105	4604.875087738037
6106	4643.576860427856
6106	4643.576860427856
6107	4607.451438903809
6107	4607.451438903809
6108	4368.3905601501465
6108	4368.3905601501465
6109	4714.574813842773
6109	4714.574813842773
6110	5379.6234130859375
6110	5379.6234130859375
6111	4165.342569351196
6111	4165.342569351196
6112	4758.278846740723
6112	4758.278846740723
6113	4850.752115249634
6113	4850.752115249634
6114	4093.327283859253
6114	4093.327283859253
6115	4627.164840698242
6115	4627.164840698242
6116	4727.150440216064
6116	4727.150440216064
6117	4687.460660934448
6117	4687.460660934448
6118	4701.697111129761
6118	4701.697111129761
6119	4589.778423309326
6119	4589.778423309326
6120	4737.35237121582
6120	4737.35237121582
6121	4343.265533447266
6121	4343.265533447266
6122	4605.068922042847
6122	4605.068922042847
6123	4331.37583732605
6123	4331.37583732605
6124	4629.17685508728
6124	4629.17685508728
6125	4653.0210971832275
6125	4653.0210971832275
6126	4579.3750286102295
6126	4579.3750286102295
6127	4639.244318008423
6127	4639.244318008423
6128	4452.354907989502
6128	4452.354907989502
6129	4915.802478790283
6129	4915.802478790283
6130	5126.766204833984
6130	5126.766204833984
6131	4630.657911300659
6131	4630.657911300659
6132	4854.77352142334
6132	4854.77352142334
6133	4416.962623596191
6133	4416.962623596191
6134	4707.405567169189
6134	4707.405567169189
6135	4643.563508987427
6135	4643.563508987427
6136	4391.780614852905
6136	4391.780614852905
6137	4792.165040969849
6137	4792.165040969849
6138	4783.439636230469
6138	4783.439636230469
6139	4761.97361946106
6139	4761.97361946106
6140	5181.352376937866
6140	5181.352376937866
6141	4696.031093597412
6141	4696.031093597412
6142	4741.320610046387
6142	4741.320610046387
6143	4725.781440734863
6143	4725.781440734863
6144	4468.818664550781
6144	4468.818664550781
6145	4798.099756240845
6145	4798.099756240845
6146	4242.256164550781
6146	4242.256164550781
6147	4187.823057174683
6147	4187.823057174683
6148	4308.024644851685
6148	4308.024644851685
6149	4573.7104415893555
6149	4573.7104415893555
6150	5156.920671463013
6150	5156.920671463013
6151	4468.801736831665
6151	4468.801736831665
6152	4686.7382526397705
6152	4686.7382526397705
6153	4608.940601348877
6153	4608.940601348877
6154	4503.610134124756
6154	4503.610134124756
6155	4543.274402618408
6155	4543.274402618408
6156	4650.66933631897
6156	4650.66933631897
6157	4635.706663131714
6157	4635.706663131714
6158	4640.394449234009
6158	4640.394449234009
6159	4640.760898590088
6159	4640.760898590088
6160	5246.702432632446
6160	5246.702432632446
6161	4712.932109832764
6161	4712.932109832764
6162	4610.395908355713
6162	4610.395908355713
6163	4558.004379272461
6163	4558.004379272461
6164	4695.172071456909
6164	4695.172071456909
6165	4322.4852085113525
6165	4322.4852085113525
6166	4772.522211074829
6166	4772.522211074829
6167	4648.709058761597
6167	4648.709058761597
6168	4303.4093379974365
6168	4303.4093379974365
6169	4749.068021774292
6169	4749.068021774292
6170	4871.6630935668945
6170	4871.6630935668945
6171	4887.519121170044
6171	4887.519121170044
6172	4800.940275192261
6172	4800.940275192261
6173	4328.549146652222
6173	4328.549146652222
6174	4130.81955909729
6174	4130.81955909729
6175	4559.935808181763
6175	4559.935808181763
6176	4436.45453453064
6176	4436.45453453064
6177	4576.7035484313965
6177	4576.7035484313965
6178	4606.250524520874
6178	4606.250524520874
6179	4441.13826751709
6179	4441.13826751709
6180	5195.842742919922
6180	5195.842742919922
6181	4716.0656452178955
6181	4716.0656452178955
6182	4556.901693344116
6182	4556.901693344116
6183	4636.457204818726
6183	4636.457204818726
6184	4502.452611923218
6184	4502.452611923218
6185	4652.958393096924
6185	4652.958393096924
6186	4456.554889678955
6186	4456.554889678955
6187	4954.934358596802
6187	4954.934358596802
6188	4441.304445266724
6188	4441.304445266724
6189	4748.357057571411
6189	4748.357057571411
6190	5571.814298629761
6190	5571.814298629761
6191	4505.437612533569
6191	4505.437612533569
6192	4657.011270523071
6192	4657.011270523071
6193	4711.832761764526
6193	4711.832761764526
6194	4345.811367034912
6194	4345.811367034912
6195	4879.931449890137
6195	4879.931449890137
6196	3924.732446670532
6196	3924.732446670532
6197	4770.742177963257
6197	4770.742177963257
6198	4376.382112503052
6198	4376.382112503052
6199	4719.485759735107
6199	4719.485759735107
6200	4993.856191635132
6200	4993.856191635132
6201	4746.775388717651
6201	4746.775388717651
6202	4414.927005767822
6202	4414.927005767822
6203	4649.860620498657
6203	4649.860620498657
6204	4536.219835281372
6204	4536.219835281372
6205	4613.395690917969
6205	4613.395690917969
6206	4602.4651527404785
6206	4602.4651527404785
6207	4552.072286605835
6207	4552.072286605835
6208	4661.802053451538
6208	4661.802053451538
6209	4230.633020401001
6209	4230.633020401001
6210	4973.367691040039
6210	4973.367691040039
6211	4383.398056030273
6211	4383.398056030273
6212	4836.353778839111
6212	4836.353778839111
6213	4637.922525405884
6213	4637.922525405884
6214	4803.28893661499
6214	4803.28893661499
6215	4607.337236404419
6215	4607.337236404419
6216	4741.974592208862
6216	4741.974592208862
6217	4710.735321044922
6217	4710.735321044922
6218	4639.443397521973
6218	4639.443397521973
6219	4664.224624633789
6219	4664.224624633789
6220	5356.719732284546
6220	5356.719732284546
6221	4222.4719524383545
6221	4222.4719524383545
6222	4035.343885421753
6222	4035.343885421753
6223	4310.351133346558
6223	4310.351133346558
6224	4310.965538024902
6224	4310.965538024902
6225	4634.26661491394
6225	4634.26661491394
6226	4588.979005813599
6226	4588.979005813599
6227	4611.272573471069
6227	4611.272573471069
6228	4490.325212478638
6228	4490.325212478638
6229	4226.578712463379
6229	4226.578712463379
6230	5258.5129737854
6230	5258.5129737854
6231	4638.340473175049
6231	4638.340473175049
6232	4370.155811309814
6232	4370.155811309814
6233	4383.9123249053955
6233	4383.9123249053955
6234	4389.320611953735
6234	4389.320611953735
6235	4379.210472106934
6235	4379.210472106934
6236	4499.795198440552
6236	4499.795198440552
6237	4482.571125030518
6237	4482.571125030518
6238	4372.896432876587
6238	4372.896432876587
6239	4610.213041305542
6239	4610.213041305542
6240	5276.192426681519
6240	5276.192426681519
6241	4783.190488815308
6241	4783.190488815308
6242	4739.10665512085
6242	4739.10665512085
6243	4700.611114501953
6243	4700.611114501953
6244	4733.377695083618
6244	4733.377695083618
6245	4582.838296890259
6245	4582.838296890259
6246	4751.197338104248
6246	4751.197338104248
6247	4763.23127746582
6247	4763.23127746582
6248	4547.743558883667
6248	4547.743558883667
6249	4602.90002822876
6249	4602.90002822876
6250	5121.831893920898
6250	5121.831893920898
6251	4545.745134353638
6251	4545.745134353638
6252	4562.854528427124
6252	4562.854528427124
6253	4631.825685501099
6253	4631.825685501099
6254	4725.5072593688965
6254	4725.5072593688965
6255	4730.295896530151
6255	4730.295896530151
6256	4717.7722454071045
6256	4717.7722454071045
6257	4417.426824569702
6257	4417.426824569702
6258	4586.709976196289
6258	4586.709976196289
6259	4542.706489562988
6259	4542.706489562988
6260	5163.2232666015625
6260	5163.2232666015625
6261	4751.35612487793
6261	4751.35612487793
6262	4709.185600280762
6262	4709.185600280762
6263	4364.69292640686
6263	4364.69292640686
6264	4728.588104248047
6264	4728.588104248047
6265	4718.195199966431
6265	4718.195199966431
6266	4348.548889160156
6266	4348.548889160156
6267	4734.025239944458
6267	4734.025239944458
6268	4771.462917327881
6268	4771.462917327881
6269	4669.878244400024
6269	4669.878244400024
6270	5381.969213485718
6270	5381.969213485718
6271	4616.973161697388
6271	4616.973161697388
6272	4395.80774307251
6272	4395.80774307251
6273	4712.702035903931
6273	4712.702035903931
6274	4594.255447387695
6274	4594.255447387695
6275	4175.347328186035
6275	4175.347328186035
6276	4654.152631759644
6276	4654.152631759644
6277	4245.298624038696
6277	4245.298624038696
6278	4288.963317871094
6278	4288.963317871094
6279	4286.2420082092285
6279	4286.2420082092285
6280	5155.203580856323
6280	5155.203580856323
6281	4307.441711425781
6281	4307.441711425781
6282	4472.541570663452
6282	4472.541570663452
6283	4609.086751937866
6283	4609.086751937866
6284	4644.501686096191
6284	4644.501686096191
6285	4648.523569107056
6285	4648.523569107056
6286	4636.887073516846
6286	4636.887073516846
6287	4649.477958679199
6287	4649.477958679199
6288	4359.018802642822
6288	4359.018802642822
6289	4339.125633239746
6289	4339.125633239746
6290	4811.805248260498
6290	4811.805248260498
6291	4335.719347000122
6291	4335.719347000122
6292	4650.392293930054
6292	4650.392293930054
6293	4563.833951950073
6293	4563.833951950073
6294	4191.635847091675
6294	4191.635847091675
6295	4490.281105041504
6295	4490.281105041504
6296	4505.859136581421
6296	4505.859136581421
6297	4288.4886264801025
6297	4288.4886264801025
6298	4584.977865219116
6298	4584.977865219116
6299	4467.435836791992
6299	4467.435836791992
6300	4741.22166633606
6300	4741.22166633606
6301	4268.421649932861
6301	4268.421649932861
6302	4371.207714080811
6302	4371.207714080811
6303	4610.923051834106
6303	4610.923051834106
6304	4639.239072799683
6304	4639.239072799683
6305	4652.19521522522
6305	4652.19521522522
6306	4567.776441574097
6306	4567.776441574097
6307	4816.382646560669
6307	4816.382646560669
6308	4786.464691162109
6308	4786.464691162109
6309	4523.677825927734
6309	4523.677825927734
6310	4716.02463722229
6310	4716.02463722229
6311	4540.111780166626
6311	4540.111780166626
6312	4650.682210922241
6312	4650.682210922241
6313	4125.059127807617
6313	4125.059127807617
6314	4572.437763214111
6314	4572.437763214111
6315	4697.208642959595
6315	4697.208642959595
6316	4572.602987289429
6316	4572.602987289429
6317	4801.746845245361
6317	4801.746845245361
6318	4214.690446853638
6318	4214.690446853638
6319	4737.632989883423
6319	4737.632989883423
6320	5348.068952560425
6320	5348.068952560425
6321	4757.044076919556
6321	4757.044076919556
6322	4606.690883636475
6322	4606.690883636475
6323	5029.524803161621
6323	5029.524803161621
6324	4890.419006347656
6324	4890.419006347656
6325	4758.774280548096
6325	4758.774280548096
6326	4460.160732269287
6326	4460.160732269287
6327	4351.218938827515
6327	4351.218938827515
6328	4722.864389419556
6328	4722.864389419556
6329	4775.416135787964
6329	4775.416135787964
6330	5157.662391662598
6330	5157.662391662598
6331	4523.498296737671
6331	4523.498296737671
6332	4513.010501861572
6332	4513.010501861572
6333	4750.463247299194
6333	4750.463247299194
6334	4540.667533874512
6334	4540.667533874512
6335	4854.3806076049805
6335	4854.3806076049805
6336	4580.512762069702
6336	4580.512762069702
6337	5100.07119178772
6337	5100.07119178772
6338	4393.7273025512695
6338	4393.7273025512695
6339	4580.815076828003
6339	4580.815076828003
6340	5066.364526748657
6340	5066.364526748657
6341	4844.309568405151
6341	4844.309568405151
6342	4182.754278182983
6342	4182.754278182983
6343	4677.907943725586
6343	4677.907943725586
6344	4459.795236587524
6344	4459.795236587524
6345	4646.997690200806
6345	4646.997690200806
6346	4893.120288848877
6346	4893.120288848877
6347	4717.998743057251
6347	4717.998743057251
6348	4692.2972202301025
6348	4692.2972202301025
6349	4411.714315414429
6349	4411.714315414429
6350	5286.046504974365
6350	5286.046504974365
6351	4189.066171646118
6351	4189.066171646118
6352	4717.896223068237
6352	4717.896223068237
6353	4135.469436645508
6353	4135.469436645508
6354	4550.544261932373
6354	4550.544261932373
6355	4534.912824630737
6355	4534.912824630737
6356	4418.58172416687
6356	4418.58172416687
6357	4468.377113342285
6357	4468.377113342285
6358	4294.542551040649
6358	4294.542551040649
6359	4582.217216491699
6359	4582.217216491699
6360	4962.360382080078
6360	4962.360382080078
6361	4740.607500076294
6361	4740.607500076294
6362	4645.263195037842
6362	4645.263195037842
6363	4081.359624862671
6363	4081.359624862671
6364	4631.251335144043
6364	4631.251335144043
6365	3516.3369178771973
6365	3516.3369178771973
6366	3611.8710041046143
6366	3611.8710041046143
6367	3454.847574234009
6367	3454.847574234009
6368	3280.6005477905273
6368	3280.6005477905273
6369	3308.8271617889404
6369	3308.8271617889404
6370	3965.5845165252686
6370	3965.5845165252686
6371	3465.9550189971924
6371	3465.9550189971924
6372	3228.358507156372
6372	3228.358507156372
6373	3164.3686294555664
6373	3164.3686294555664
6374	3142.5909996032715
6374	3142.5909996032715
6375	3409.0871810913086
6375	3409.0871810913086
6376	3413.0959510803223
6376	3413.0959510803223
6377	3379.7106742858887
6377	3379.7106742858887
6378	3545.413017272949
6378	3545.413017272949
6379	3448.939085006714
6379	3448.939085006714
6380	3982.2208881378174
6380	3982.2208881378174
6381	3385.425806045532
6381	3385.425806045532
6382	3398.1988430023193
6382	3398.1988430023193
6383	3424.2892265319824
6383	3424.2892265319824
6384	3620.727300643921
6384	3620.727300643921
6385	2987.9395961761475
6385	2987.9395961761475
6386	2695.373296737671
6386	2695.373296737671
6387	3445.246934890747
6387	3445.246934890747
6388	3463.043689727783
6388	3463.043689727783
6389	3337.5818729400635
6389	3337.5818729400635
6390	4019.416570663452
6390	4019.416570663452
6391	3455.152750015259
6391	3455.152750015259
6392	3567.1873092651367
6392	3567.1873092651367
6393	3432.0228099823
6393	3432.0228099823
6394	3411.0724925994873
6394	3411.0724925994873
6395	3503.9587020874023
6395	3503.9587020874023
6396	3239.56298828125
6396	3239.56298828125
6397	3263.9031410217285
6397	3263.9031410217285
6398	3447.5598335266113
6398	3447.5598335266113
6399	3548.4728813171387
6399	3548.4728813171387
6400	4047.133207321167
6400	4047.133207321167
6401	3522.4783420562744
6401	3522.4783420562744
6402	3180.1021099090576
6402	3180.1021099090576
6403	3458.3282470703125
6403	3458.3282470703125
6404	3284.4412326812744
6404	3284.4412326812744
6405	3208.6987495422363
6405	3208.6987495422363
6406	3469.855785369873
6406	3469.855785369873
6407	3450.082302093506
6407	3450.082302093506
6408	3550.4395961761475
6408	3550.4395961761475
6409	3242.9146766662598
6409	3242.9146766662598
6410	3943.2239532470703
6410	3943.2239532470703
6411	3496.4706897735596
6411	3496.4706897735596
6412	3452.2242546081543
6412	3452.2242546081543
6413	3287.806749343872
6413	3287.806749343872
6414	3147.714614868164
6414	3147.714614868164
6415	3248.5556602478027
6415	3248.5556602478027
6416	3338.1614685058594
6416	3338.1614685058594
6417	3436.2730979919434
6417	3436.2730979919434
6418	3459.5446586608887
6418	3459.5446586608887
6419	3630.2075386047363
6419	3630.2075386047363
6420	4024.252414703369
6420	4024.252414703369
6421	3239.769458770752
6421	3239.769458770752
6422	3516.5326595306396
6422	3516.5326595306396
6423	3494.8737621307373
6423	3494.8737621307373
6424	3469.336986541748
6424	3469.336986541748
6425	3355.358600616455
6425	3355.358600616455
6426	3153.636932373047
6426	3153.636932373047
6427	3496.896505355835
6427	3496.896505355835
6428	3180.5949211120605
6428	3180.5949211120605
6429	3332.7574729919434
6429	3332.7574729919434
6430	3906.775712966919
6430	3906.775712966919
6431	3457.695960998535
6431	3457.695960998535
6432	3182.4262142181396
6432	3182.4262142181396
6433	3550.539255142212
6433	3550.539255142212
6434	3572.1709728240967
6434	3572.1709728240967
6435	3486.0477447509766
6435	3486.0477447509766
6436	3235.142230987549
6436	3235.142230987549
6437	3448.969602584839
6437	3448.969602584839
6438	3182.1975708007812
6438	3182.1975708007812
6439	3533.360242843628
6439	3533.360242843628
6440	4024.1177082061768
6440	4024.1177082061768
6441	3419.3179607391357
6441	3419.3179607391357
6442	3157.843828201294
6442	3157.843828201294
6443	3082.3593139648438
6443	3082.3593139648438
6444	3376.450300216675
6444	3376.450300216675
6445	3081.2153816223145
6445	3081.2153816223145
6446	3437.5252723693848
6446	3437.5252723693848
6447	3145.855665206909
6447	3145.855665206909
6448	3457.099437713623
6448	3457.099437713623
6449	3400.2022743225098
6449	3400.2022743225098
6450	3741.753578186035
6450	3741.753578186035
6451	3451.8730640411377
6451	3451.8730640411377
6452	3611.172914505005
6452	3611.172914505005
6453	3504.490613937378
6453	3504.490613937378
6454	3438.5359287261963
6454	3438.5359287261963
6455	3320.6214904785156
6455	3320.6214904785156
6456	3427.326440811157
6456	3427.326440811157
6457	3489.6652698516846
6457	3489.6652698516846
6458	3224.808692932129
6458	3224.808692932129
6459	3441.338062286377
6459	3441.338062286377
6460	3993.3459758758545
6460	3993.3459758758545
6461	3464.359998703003
6461	3464.359998703003
6462	3628.756284713745
6462	3628.756284713745
6463	3283.4866046905518
6463	3283.4866046905518
6464	3385.111093521118
6464	3385.111093521118
6465	3370.2166080474854
6465	3370.2166080474854
6466	3459.97953414917
6466	3459.97953414917
6467	3189.342737197876
6467	3189.342737197876
6468	3283.3950519561768
6468	3283.3950519561768
6469	3543.9157485961914
6469	3543.9157485961914
6470	3954.5693397521973
6470	3954.5693397521973
6471	3061.9263648986816
6471	3061.9263648986816
6472	3022.320032119751
6472	3022.320032119751
6473	4371.444940567017
6473	4371.444940567017
6474	4336.805105209351
6474	4336.805105209351
6475	4434.630870819092
6475	4434.630870819092
6476	4486.077785491943
6476	4486.077785491943
6477	4292.372703552246
6477	4292.372703552246
6478	4603.080987930298
6478	4603.080987930298
6479	4345.92604637146
6479	4345.92604637146
6480	5175.5571365356445
6480	5175.5571365356445
6481	4673.732757568359
6481	4673.732757568359
6482	4649.56259727478
6482	4649.56259727478
6483	4650.826930999756
6483	4650.826930999756
6484	4585.377931594849
6484	4585.377931594849
6485	4791.860103607178
6485	4791.860103607178
6486	4692.005634307861
6486	4692.005634307861
6487	4745.898485183716
6487	4745.898485183716
6488	4667.45400428772
6488	4667.45400428772
6489	4296.72646522522
6489	4296.72646522522
6490	5225.210428237915
6490	5225.210428237915
6491	4724.1833209991455
6491	4724.1833209991455
6492	4709.522247314453
6492	4709.522247314453
6493	4500.694274902344
6493	4500.694274902344
6494	4676.45001411438
6494	4676.45001411438
6495	4775.424480438232
6495	4775.424480438232
6496	4647.271633148193
6496	4647.271633148193
6497	4595.68452835083
6497	4595.68452835083
6498	4490.287303924561
6498	4490.287303924561
6499	4753.166437149048
6499	4753.166437149048
6500	17727.99563407898
6500	17727.99563407898
6501	4776.853084564209
6501	4776.853084564209
6502	4688.602447509766
6502	4688.602447509766
6503	4569.954395294189
6503	4569.954395294189
6504	4610.756635665894
6504	4610.756635665894
6505	4617.223262786865
6505	4617.223262786865
6506	4822.014331817627
6506	4822.014331817627
6507	4463.529109954834
6507	4463.529109954834
6508	4725.033283233643
6508	4725.033283233643
6509	4754.059553146362
6509	4754.059553146362
6510	5303.071022033691
6510	5303.071022033691
6511	4331.186532974243
6511	4331.186532974243
6512	4675.660848617554
6512	4675.660848617554
6513	4648.548364639282
6513	4648.548364639282
6514	4633.583068847656
6514	4633.583068847656
6515	4681.1418533325195
6515	4681.1418533325195
6516	4428.292989730835
6516	4428.292989730835
6517	4706.359148025513
6517	4706.359148025513
6518	4364.360570907593
6518	4364.360570907593
6519	4722.758531570435
6519	4722.758531570435
6520	5384.227514266968
6520	5384.227514266968
6521	4523.462295532227
6521	4523.462295532227
6522	4847.594261169434
6522	4847.594261169434
6523	4717.217445373535
6523	4717.217445373535
6524	4661.110401153564
6524	4661.110401153564
6525	4711.151361465454
6525	4711.151361465454
6526	4710.255146026611
6526	4710.255146026611
6527	4407.627820968628
6527	4407.627820968628
6528	4404.521465301514
6528	4404.521465301514
6529	4847.516298294067
6529	4847.516298294067
6530	5013.044357299805
6530	5013.044357299805
6531	4680.042266845703
6531	4680.042266845703
6532	4566.264390945435
6532	4566.264390945435
6533	4597.027540206909
6533	4597.027540206909
6534	4784.949064254761
6534	4784.949064254761
6535	4357.474327087402
6535	4357.474327087402
6536	4267.297029495239
6536	4267.297029495239
6537	4419.219493865967
6537	4419.219493865967
6538	4658.391714096069
6538	4658.391714096069
6539	4250.109910964966
6539	4250.109910964966
6540	5071.745872497559
6540	5071.745872497559
6541	4715.3520584106445
6541	4715.3520584106445
6542	4724.091053009033
6542	4724.091053009033
6543	4687.82114982605
6543	4687.82114982605
6544	4739.767789840698
6544	4739.767789840698
6545	4356.743574142456
6545	4356.743574142456
6546	4711.257219314575
6546	4711.257219314575
6547	4666.997194290161
6547	4666.997194290161
6548	4365.493535995483
6548	4365.493535995483
6549	4856.207370758057
6549	4856.207370758057
6550	5294.971227645874
6550	5294.971227645874
6551	4763.83376121521
6551	4763.83376121521
6552	4323.345422744751
6552	4323.345422744751
6553	4715.949773788452
6553	4715.949773788452
6554	4603.462934494019
6554	4603.462934494019
6555	4714.7955894470215
6555	4714.7955894470215
6556	4609.705209732056
6556	4609.705209732056
6557	4504.8768520355225
6557	4504.8768520355225
6558	4471.1620807647705
6558	4471.1620807647705
6559	4657.9296588897705
6559	4657.9296588897705
6560	4973.353862762451
6560	4973.353862762451
6561	4248.171806335449
6561	4248.171806335449
6562	4764.308929443359
6562	4764.308929443359
6563	4584.497928619385
6563	4584.497928619385
6564	4273.574590682983
6564	4273.574590682983
6565	4417.460203170776
6565	4417.460203170776
6566	4733.764410018921
6566	4733.764410018921
6567	4705.932855606079
6567	4705.932855606079
6568	4808.475732803345
6568	4808.475732803345
6569	4669.229745864868
6569	4669.229745864868
6570	5290.654182434082
6570	5290.654182434082
6571	4348.037004470825
6571	4348.037004470825
6572	4465.688943862915
6572	4465.688943862915
6573	4739.64262008667
6573	4739.64262008667
6574	4432.11030960083
6574	4432.11030960083
6575	4860.436201095581
6575	4860.436201095581
6576	4440.800666809082
6576	4440.800666809082
6577	4639.452219009399
6577	4639.452219009399
6578	4734.8198890686035
6578	4734.8198890686035
6579	4778.295040130615
6579	4778.295040130615
6580	5221.235036849976
6580	5221.235036849976
6581	4834.238052368164
6581	4834.238052368164
6582	4758.785724639893
6582	4758.785724639893
6583	4562.50262260437
6583	4562.50262260437
6584	4503.496408462524
6584	4503.496408462524
6585	4556.881666183472
6585	4556.881666183472
6586	4688.248157501221
6586	4688.248157501221
6587	4536.7701053619385
6587	4536.7701053619385
6588	4556.625604629517
6588	4556.625604629517
6589	4482.117414474487
6589	4482.117414474487
6590	4848.751068115234
6590	4848.751068115234
6591	4095.055103302002
6591	4095.055103302002
6592	4362.201929092407
6592	4362.201929092407
6593	4635.702610015869
6593	4635.702610015869
6594	4732.750177383423
6594	4732.750177383423
6595	4620.051145553589
6595	4620.051145553589
6596	4729.875802993774
6596	4729.875802993774
6597	4770.747184753418
6597	4770.747184753418
6598	4355.6883335113525
6598	4355.6883335113525
6599	4725.9485721588135
6599	4725.9485721588135
6600	5351.315975189209
6600	5351.315975189209
6601	4360.368728637695
6601	4360.368728637695
6602	4865.9772872924805
6602	4865.9772872924805
6603	4545.692205429077
6603	4545.692205429077
6604	4544.533014297485
6604	4544.533014297485
6605	4542.319536209106
6605	4542.319536209106
6606	4810.363531112671
6606	4810.363531112671
6607	4827.750444412231
6607	4827.750444412231
6608	4836.9810581207275
6608	4836.9810581207275
6609	4569.657564163208
6609	4569.657564163208
6610	5330.613374710083
6610	5330.613374710083
6611	4899.869203567505
6611	4899.869203567505
6612	4929.354906082153
6612	4929.354906082153
6613	4703.880786895752
6613	4703.880786895752
6614	4941.457986831665
6614	4941.457986831665
6615	4449.291229248047
6615	4449.291229248047
6616	5077.553272247314
6616	5077.553272247314
6617	5003.097772598267
6617	5003.097772598267
6618	4942.197322845459
6618	4942.197322845459
6619	4634.171962738037
6619	4634.171962738037
6620	5481.15611076355
6620	5481.15611076355
6621	5150.6147384643555
6621	5150.6147384643555
6622	4865.983963012695
6622	4865.983963012695
6623	4730.2587032318115
6623	4730.2587032318115
6624	4501.694679260254
6624	4501.694679260254
6625	4770.511150360107
6625	4770.511150360107
6626	4426.543235778809
6626	4426.543235778809
6627	3761.7528438568115
6627	3761.7528438568115
6628	3814.5792484283447
6628	3814.5792484283447
6629	4788.186550140381
6629	4788.186550140381
6630	5309.262752532959
6630	5309.262752532959
6631	4468.500137329102
6631	4468.500137329102
6632	4545.6132888793945
6632	4545.6132888793945
6633	4704.48899269104
6633	4704.48899269104
6634	4593.11318397522
6634	4593.11318397522
6635	4750.345706939697
6635	4750.345706939697
6636	4786.235094070435
6636	4786.235094070435
6637	4382.53927230835
6637	4382.53927230835
6638	4732.44047164917
6638	4732.44047164917
6639	4422.867774963379
6639	4422.867774963379
6640	4788.885593414307
6640	4788.885593414307
6641	4576.837062835693
6641	4576.837062835693
6642	4731.955528259277
6642	4731.955528259277
6643	4629.976034164429
6643	4629.976034164429
6644	4425.5101680755615
6644	4425.5101680755615
6645	4393.915176391602
6645	4393.915176391602
6646	4800.867319107056
6646	4800.867319107056
6647	4369.699716567993
6647	4369.699716567993
6648	4651.634216308594
6648	4651.634216308594
6649	4991.738319396973
6649	4991.738319396973
6650	5406.956911087036
6650	5406.956911087036
6651	4770.696640014648
6651	4770.696640014648
6652	4730.056285858154
6652	4730.056285858154
6653	4444.669961929321
6653	4444.669961929321
6654	4706.709623336792
6654	4706.709623336792
6655	4358.114004135132
6655	4358.114004135132
6656	4378.6585330963135
6656	4378.6585330963135
6657	4001.7805099487305
6657	4001.7805099487305
6658	4500.62108039856
6658	4500.62108039856
6659	4076.604127883911
6659	4076.604127883911
6660	5113.28649520874
6660	5113.28649520874
6661	4562.971830368042
6661	4562.971830368042
6662	4702.972173690796
6662	4702.972173690796
6663	4607.914209365845
6663	4607.914209365845
6664	4649.308681488037
6664	4649.308681488037
6665	4605.040073394775
6665	4605.040073394775
6666	4366.6698932647705
6666	4366.6698932647705
6667	4658.053159713745
6667	4658.053159713745
6668	4606.987237930298
6668	4606.987237930298
6669	4629.87208366394
6669	4629.87208366394
6670	5235.581159591675
6670	5235.581159591675
6671	4694.850444793701
6671	4694.850444793701
6672	4747.927188873291
6672	4747.927188873291
6673	4912.429332733154
6673	4912.429332733154
6674	4428.446531295776
6674	4428.446531295776
6675	4441.544055938721
6675	4441.544055938721
6676	4464.517116546631
6676	4464.517116546631
6677	4745.226860046387
6677	4745.226860046387
6678	4431.6370487213135
6678	4431.6370487213135
6679	4389.988660812378
6679	4389.988660812378
6680	5445.884704589844
6680	5445.884704589844
6681	4779.764890670776
6681	4779.764890670776
6682	4722.805500030518
6682	4722.805500030518
6683	4860.681056976318
6683	4860.681056976318
6684	4481.451749801636
6684	4481.451749801636
6685	4007.93194770813
6685	4007.93194770813
6686	4442.025899887085
6686	4442.025899887085
6687	4556.670665740967
6687	4556.670665740967
6688	4614.723443984985
6688	4614.723443984985
6689	4591.861963272095
6689	4591.861963272095
6690	5235.274314880371
6690	5235.274314880371
6691	4579.496622085571
6691	4579.496622085571
6692	4642.737150192261
6692	4642.737150192261
6693	4710.132598876953
6693	4710.132598876953
6694	4507.57360458374
6694	4507.57360458374
6695	4352.546691894531
6695	4352.546691894531
6696	4626.759052276611
6696	4626.759052276611
6697	4608.429193496704
6697	4608.429193496704
6698	4742.6393032073975
6698	4742.6393032073975
6699	4703.8867473602295
6699	4703.8867473602295
6700	5149.065732955933
6700	5149.065732955933
6701	4563.3251667022705
6701	4563.3251667022705
6702	4558.25400352478
6702	4558.25400352478
6703	4264.9085521698
6703	4264.9085521698
6704	4248.906135559082
6704	4248.906135559082
6705	4395.404577255249
6705	4395.404577255249
6706	4615.359544754028
6706	4615.359544754028
6707	4390.180349349976
6707	4390.180349349976
6708	4511.253595352173
6708	4511.253595352173
6709	4380.770206451416
6709	4380.770206451416
6710	5195.736408233643
6710	5195.736408233643
6711	4652.608394622803
6711	4652.608394622803
6712	4831.048488616943
6712	4831.048488616943
6713	4833.814859390259
6713	4833.814859390259
6714	4390.828371047974
6714	4390.828371047974
6715	4839.397192001343
6715	4839.397192001343
6716	4337.268829345703
6716	4337.268829345703
6717	4769.052982330322
6717	4769.052982330322
6718	4561.911106109619
6718	4561.911106109619
6719	4704.969644546509
6719	4704.969644546509
6720	5214.637517929077
6720	5214.637517929077
6721	4651.738166809082
6721	4651.738166809082
6722	4532.864332199097
6722	4532.864332199097
6723	4491.868257522583
6723	4491.868257522583
6724	4735.331058502197
6724	4735.331058502197
6725	4719.263076782227
6725	4719.263076782227
6726	4772.597074508667
6726	4772.597074508667
6727	4512.49885559082
6727	4512.49885559082
6728	4187.216997146606
6728	4187.216997146606
6729	4741.093397140503
6729	4741.093397140503
6730	5174.115896224976
6730	5174.115896224976
6731	4654.203653335571
6731	4654.203653335571
6732	4613.852262496948
6732	4613.852262496948
6733	4872.152805328369
6733	4872.152805328369
6734	4688.6351108551025
6734	4688.6351108551025
6735	4328.918695449829
6735	4328.918695449829
6736	4350.95477104187
6736	4350.95477104187
6737	4555.186986923218
6737	4555.186986923218
6738	4820.1494216918945
6738	4820.1494216918945
6739	4421.171188354492
6739	4421.171188354492
6740	5422.188997268677
6740	5422.188997268677
6741	4402.602910995483
6741	4402.602910995483
6742	4399.88899230957
6742	4399.88899230957
6743	4675.350904464722
6743	4675.350904464722
6744	4844.320774078369
6744	4844.320774078369
6745	4720.157861709595
6745	4720.157861709595
6746	4510.1330280303955
6746	4510.1330280303955
6747	4405.544996261597
6747	4405.544996261597
6748	4528.175830841064
6748	4528.175830841064
6749	4641.2928104400635
6749	4641.2928104400635
6750	4946.947813034058
6750	4946.947813034058
6751	4613.044261932373
6751	4613.044261932373
6752	4711.9481563568115
6752	4711.9481563568115
6753	4658.291816711426
6753	4658.291816711426
6754	4478.535413742065
6754	4478.535413742065
6755	4118.633031845093
6755	4118.633031845093
6756	4314.578533172607
6756	4314.578533172607
6757	4283.246755599976
6757	4283.246755599976
6758	4666.687488555908
6758	4666.687488555908
6759	4582.349061965942
6759	4582.349061965942
6760	5146.7156410217285
6760	5146.7156410217285
6761	4635.412216186523
6761	4635.412216186523
6762	4784.6174240112305
6762	4784.6174240112305
6763	4773.186445236206
6763	4773.186445236206
6764	4400.202989578247
6764	4400.202989578247
6765	4344.927787780762
6765	4344.927787780762
6766	4649.286985397339
6766	4649.286985397339
6767	4696.253776550293
6767	4696.253776550293
6768	4685.54162979126
6768	4685.54162979126
6769	4846.275568008423
6769	4846.275568008423
6770	5383.726596832275
6770	5383.726596832275
6771	3286.4842414855957
6771	3286.4842414855957
6772	3460.216999053955
6772	3460.216999053955
6773	3524.6784687042236
6773	3524.6784687042236
6774	3526.2365341186523
6774	3526.2365341186523
6775	3440.340042114258
6775	3440.340042114258
6776	3471.2491035461426
6776	3471.2491035461426
6777	3440.338611602783
6777	3440.338611602783
6778	3615.009546279907
6778	3615.009546279907
6779	3292.847156524658
6779	3292.847156524658
6780	3836.6446495056152
6780	3836.6446495056152
6781	3430.6724071502686
6781	3430.6724071502686
6782	3285.712242126465
6782	3285.712242126465
6783	3373.506546020508
6783	3373.506546020508
6784	3439.221143722534
6784	3439.221143722534
6785	3448.9967823028564
6785	3448.9967823028564
6786	3475.717306137085
6786	3475.717306137085
6787	3220.29447555542
6787	3220.29447555542
6788	3501.793622970581
6788	3501.793622970581
6789	3207.2432041168213
6789	3207.2432041168213
6790	4167.399883270264
6790	4167.399883270264
6791	3346.202850341797
6791	3346.202850341797
6792	3537.104368209839
6792	3537.104368209839
6793	3206.0842514038086
6793	3206.0842514038086
6794	3553.5922050476074
6794	3553.5922050476074
6795	3426.395893096924
6795	3426.395893096924
6796	3464.8396968841553
6796	3464.8396968841553
6797	3550.9283542633057
6797	3550.9283542633057
6798	3549.4544506073
6798	3549.4544506073
6799	3379.012107849121
6799	3379.012107849121
6800	4060.6415271759033
6800	4060.6415271759033
6801	3388.0534172058105
6801	3388.0534172058105
6802	3437.971830368042
6802	3437.971830368042
6803	3473.801612854004
6803	3473.801612854004
6804	2811.288595199585
6804	2811.288595199585
6805	3306.2522411346436
6805	3306.2522411346436
6806	3415.069818496704
6806	3415.069818496704
6807	3426.2540340423584
6807	3426.2540340423584
6808	3326.2672424316406
6808	3326.2672424316406
6809	2994.480848312378
6809	2994.480848312378
6810	3758.942127227783
6810	3758.942127227783
6811	3241.3318157196045
6811	3241.3318157196045
6812	3415.724992752075
6812	3415.724992752075
6813	2383.600950241089
6813	2383.600950241089
6814	3435.621500015259
6814	3435.621500015259
6815	3444.8561668395996
6815	3444.8561668395996
6816	3160.6850624084473
6816	3160.6850624084473
6817	3481.1794757843018
6817	3481.1794757843018
6818	3256.290912628174
6818	3256.290912628174
6819	3447.0553398132324
6819	3447.0553398132324
6820	4170.902252197266
6820	4170.902252197266
6821	3452.3608684539795
6821	3452.3608684539795
6822	3390.8474445343018
6822	3390.8474445343018
6823	3525.2206325531006
6823	3525.2206325531006
6824	3013.0867958068848
6824	3013.0867958068848
6825	3423.0616092681885
6825	3423.0616092681885
6826	3268.237590789795
6826	3268.237590789795
6827	3444.078207015991
6827	3444.078207015991
6828	3596.21000289917
6828	3596.21000289917
6829	3429.415464401245
6829	3429.415464401245
6830	3949.4104385375977
6830	3949.4104385375977
6831	3263.509511947632
6831	3263.509511947632
6832	3227.583885192871
6832	3227.583885192871
6833	3423.9490032196045
6833	3423.9490032196045
6834	3441.354274749756
6834	3441.354274749756
6835	3456.5083980560303
6835	3456.5083980560303
6836	3246.8833923339844
6836	3246.8833923339844
6837	3521.312952041626
6837	3521.312952041626
6838	3411.7722511291504
6838	3411.7722511291504
6839	3405.707359313965
6839	3405.707359313965
6840	3899.256706237793
6840	3899.256706237793
6841	3343.143939971924
6841	3343.143939971924
6842	3324.6915340423584
6842	3324.6915340423584
6843	3420.9296703338623
6843	3420.9296703338623
6844	3447.4003314971924
6844	3447.4003314971924
6845	3479.383945465088
6845	3479.383945465088
6846	3575.122833251953
6846	3575.122833251953
6847	3516.181230545044
6847	3516.181230545044
6848	3605.912446975708
6848	3605.912446975708
6849	3547.99485206604
6849	3547.99485206604
6850	4131.319046020508
6850	4131.319046020508
6851	3419.247627258301
6851	3419.247627258301
6852	3276.047945022583
6852	3276.047945022583
6853	3454.1141986846924
6853	3454.1141986846924
6854	3641.4952278137207
6854	3641.4952278137207
6855	3408.479928970337
6855	3408.479928970337
6856	3517.5716876983643
6856	3517.5716876983643
6857	3119.039297103882
6857	3119.039297103882
6858	3184.4542026519775
6858	3184.4542026519775
6859	3233.6697578430176
6859	3233.6697578430176
6860	3983.3433628082275
6860	3983.3433628082275
6861	3210.2363109588623
6861	3210.2363109588623
6862	3409.600019454956
6862	3409.600019454956
6863	3190.2499198913574
6863	3190.2499198913574
6864	3189.6841526031494
6864	3189.6841526031494
6865	3400.7394313812256
6865	3400.7394313812256
6866	3387.6214027404785
6866	3387.6214027404785
6867	2948.133707046509
6867	2948.133707046509
6868	3156.254768371582
6868	3156.254768371582
6869	3436.6393089294434
6869	3436.6393089294434
6870	3906.369924545288
6870	3906.369924545288
6871	3434.605360031128
6871	3434.605360031128
6872	3515.5725479125977
6872	3515.5725479125977
6873	4291.147470474243
6873	4291.147470474243
6874	4073.455572128296
6874	4073.455572128296
6875	3303.4090995788574
6875	3303.4090995788574
6876	3073.4732151031494
6876	3073.4732151031494
6877	3460.756778717041
6877	3460.756778717041
6878	4201.08699798584
6878	4201.08699798584
6879	4522.913217544556
6879	4522.913217544556
6880	5042.379856109619
6880	5042.379856109619
6881	4457.130193710327
6881	4457.130193710327
6882	4566.704273223877
6882	4566.704273223877
6883	4590.991973876953
6883	4590.991973876953
6884	4561.452388763428
6884	4561.452388763428
6885	4697.4663734436035
6885	4697.4663734436035
6886	4635.278940200806
6886	4635.278940200806
6887	3853.4507751464844
6887	3853.4507751464844
6888	3892.341136932373
6888	3892.341136932373
6889	4688.591241836548
6889	4688.591241836548
6890	5231.85920715332
6890	5231.85920715332
6891	4416.719198226929
6891	4416.719198226929
6892	5046.3433265686035
6892	5046.3433265686035
6893	4756.945371627808
6893	4756.945371627808
6894	4768.7788009643555
6894	4768.7788009643555
6895	4724.979400634766
6895	4724.979400634766
6896	4441.463232040405
6896	4441.463232040405
6897	4635.284662246704
6897	4635.284662246704
6898	4940.868139266968
6898	4940.868139266968
6899	4956.83479309082
6899	4956.83479309082
6900	5633.446216583252
6900	5633.446216583252
6901	4627.188920974731
6901	4627.188920974731
6902	5029.442310333252
6902	5029.442310333252
6903	4987.0123863220215
6903	4987.0123863220215
6904	4537.084341049194
6904	4537.084341049194
6905	4740.379571914673
6905	4740.379571914673
6906	4513.037919998169
6906	4513.037919998169
6907	5013.840436935425
6907	5013.840436935425
6908	4837.167024612427
6908	4837.167024612427
6909	4566.290378570557
6909	4566.290378570557
6910	5529.330730438232
6910	5529.330730438232
6911	4750.3697872161865
6911	4750.3697872161865
6912	5154.850482940674
6912	5154.850482940674
6913	4367.9938316345215
6913	4367.9938316345215
6914	4690.576791763306
6914	4690.576791763306
6915	4712.819337844849
6915	4712.819337844849
6916	4735.324859619141
6916	4735.324859619141
6917	4704.551458358765
6917	4704.551458358765
6918	4308.150053024292
6918	4308.150053024292
6919	4815.544366836548
6919	4815.544366836548
6920	5246.957302093506
6920	5246.957302093506
6921	4461.122989654541
6921	4461.122989654541
6922	4782.7818393707275
6922	4782.7818393707275
6923	5023.522138595581
6923	5023.522138595581
6924	4680.757999420166
6924	4680.757999420166
6925	4300.913572311401
6925	4300.913572311401
6926	4636.3842487335205
6926	4636.3842487335205
6927	4254.64653968811
6927	4254.64653968811
6928	4725.005865097046
6928	4725.005865097046
6929	4601.212739944458
6929	4601.212739944458
6930	5005.8112144470215
6930	5005.8112144470215
6931	4640.452146530151
6931	4640.452146530151
6932	4590.177297592163
6932	4590.177297592163
6933	4473.957777023315
6933	4473.957777023315
6934	4679.57615852356
6934	4679.57615852356
6935	4658.26416015625
6935	4658.26416015625
6936	4773.4534740448
6936	4773.4534740448
6937	4355.167865753174
6937	4355.167865753174
6938	4801.321506500244
6938	4801.321506500244
6939	4739.670753479004
6939	4739.670753479004
6940	5011.096239089966
6940	5011.096239089966
6941	4701.436281204224
6941	4701.436281204224
6942	4827.215671539307
6942	4827.215671539307
6943	4663.404226303101
6943	4663.404226303101
6944	4682.663679122925
6944	4682.663679122925
6945	4708.6780071258545
6945	4708.6780071258545
6946	4721.182584762573
6946	4721.182584762573
6947	4745.837211608887
6947	4745.837211608887
6948	4741.28794670105
6948	4741.28794670105
6949	4485.578775405884
6949	4485.578775405884
6950	4983.116865158081
6950	4983.116865158081
6951	4720.5610275268555
6951	4720.5610275268555
6952	4515.720844268799
6952	4515.720844268799
6953	4496.089696884155
6953	4496.089696884155
6954	4505.240917205811
6954	4505.240917205811
6955	4673.530340194702
6955	4673.530340194702
6956	4635.029315948486
6956	4635.029315948486
6957	4464.5843505859375
6957	4464.5843505859375
6958	4677.236318588257
6958	4677.236318588257
6959	4837.491273880005
6959	4837.491273880005
6960	5364.830493927002
6960	5364.830493927002
6961	4510.934352874756
6961	4510.934352874756
6962	4713.278532028198
6962	4713.278532028198
6963	4831.637144088745
6963	4831.637144088745
6964	4328.596591949463
6964	4328.596591949463
6965	4372.112274169922
6965	4372.112274169922
6966	4726.5002727508545
6966	4726.5002727508545
6967	4801.763534545898
6967	4801.763534545898
6968	4734.571695327759
6968	4734.571695327759
6969	4758.495092391968
6969	4758.495092391968
6970	5257.909536361694
6970	5257.909536361694
6971	5071.443557739258
6971	5071.443557739258
6972	4408.955097198486
6972	4408.955097198486
6973	4753.852128982544
6973	4753.852128982544
6974	4240.056753158569
6974	4240.056753158569
6975	4639.039993286133
6975	4639.039993286133
6976	4362.979888916016
6976	4362.979888916016
6977	4806.812524795532
6977	4806.812524795532
6978	4574.82647895813
6978	4574.82647895813
6979	4543.948411941528
6979	4543.948411941528
6980	5045.924186706543
6980	5045.924186706543
6981	4650.274276733398
6981	4650.274276733398
6982	4608.23917388916
6982	4608.23917388916
6983	4737.598180770874
6983	4737.598180770874
6984	4705.364227294922
6984	4705.364227294922
6985	4708.453416824341
6985	4708.453416824341
6986	4700.058698654175
6986	4700.058698654175
6987	4452.565908432007
6987	4452.565908432007
6988	4735.213279724121
6988	4735.213279724121
6989	4621.028423309326
6989	4621.028423309326
6990	4946.058988571167
6990	4946.058988571167
6991	4428.937673568726
6991	4428.937673568726
6992	4397.125244140625
6992	4397.125244140625
6993	4240.7331466674805
6993	4240.7331466674805
6994	4675.349950790405
6994	4675.349950790405
6995	4770.852565765381
6995	4770.852565765381
6996	4724.099636077881
6996	4724.099636077881
6997	4713.047981262207
6997	4713.047981262207
6998	4267.326354980469
6998	4267.326354980469
6999	4685.291767120361
6999	4685.291767120361
7000	23995.643615722656
7000	23995.643615722656
7001	4688.364744186401
7001	4688.364744186401
7002	4856.392383575439
7002	4856.392383575439
7003	4677.998781204224
7003	4677.998781204224
7004	4681.622505187988
7004	4681.622505187988
7005	4726.435661315918
7005	4726.435661315918
7006	4639.489650726318
7006	4639.489650726318
7007	4777.567386627197
7007	4777.567386627197
7008	4768.861293792725
7008	4768.861293792725
7009	4853.876113891602
7009	4853.876113891602
7010	5153.734445571899
7010	5153.734445571899
7011	4388.437271118164
7011	4388.437271118164
7012	4283.656120300293
7012	4283.656120300293
7013	4361.100912094116
7013	4361.100912094116
7014	4345.241069793701
7014	4345.241069793701
7015	4654.644727706909
7015	4654.644727706909
7016	4807.815074920654
7016	4807.815074920654
7017	4637.232542037964
7017	4637.232542037964
7018	4688.413381576538
7018	4688.413381576538
7019	4673.4514236450195
7019	4673.4514236450195
7020	5225.947856903076
7020	5225.947856903076
7021	4896.183252334595
7021	4896.183252334595
7022	4712.0606899261475
7022	4712.0606899261475
7023	4467.564821243286
7023	4467.564821243286
7024	4762.2222900390625
7024	4762.2222900390625
7025	4718.665599822998
7025	4718.665599822998
7026	4873.980522155762
7026	4873.980522155762
7027	4902.03070640564
7027	4902.03070640564
7028	4600.7020473480225
7028	4600.7020473480225
7029	4680.824279785156
7029	4680.824279785156
7030	5004.7314167022705
7030	5004.7314167022705
7031	4484.126567840576
7031	4484.126567840576
7032	4923.7048625946045
7032	4923.7048625946045
7033	4748.807191848755
7033	4748.807191848755
7034	4732.378244400024
7034	4732.378244400024
7035	4473.43111038208
7035	4473.43111038208
7036	4604.433298110962
7036	4604.433298110962
7037	4176.244497299194
7037	4176.244497299194
7038	4577.080965042114
7038	4577.080965042114
7039	4640.102863311768
7039	4640.102863311768
7040	5355.502605438232
7040	5355.502605438232
7041	4596.468210220337
7041	4596.468210220337
7042	4123.49009513855
7042	4123.49009513855
7043	4252.129793167114
7043	4252.129793167114
7044	4722.729206085205
7044	4722.729206085205
7045	4617.685079574585
7045	4617.685079574585
7046	4648.771286010742
7046	4648.771286010742
7047	4609.058856964111
7047	4609.058856964111
7048	4734.488964080811
7048	4734.488964080811
7049	4695.134401321411
7049	4695.134401321411
7050	5225.004434585571
7050	5225.004434585571
7051	4761.943578720093
7051	4761.943578720093
7052	4298.382997512817
7052	4298.382997512817
7053	4659.069776535034
7053	4659.069776535034
7054	4485.391616821289
7054	4485.391616821289
7055	4619.175910949707
7055	4619.175910949707
7056	4020.0157165527344
7056	4020.0157165527344
7057	4513.96369934082
7057	4513.96369934082
7058	4550.149917602539
7058	4550.149917602539
7059	4406.5258502960205
7059	4406.5258502960205
7060	4933.92539024353
7060	4933.92539024353
7061	4448.549270629883
7061	4448.549270629883
7062	4630.527019500732
7062	4630.527019500732
7063	4674.175500869751
7063	4674.175500869751
7064	4661.538362503052
7064	4661.538362503052
7065	4782.090187072754
7065	4782.090187072754
7066	4677.163600921631
7066	4677.163600921631
7067	4385.990858078003
7067	4385.990858078003
7068	4453.167200088501
7068	4453.167200088501
7069	4846.857786178589
7069	4846.857786178589
7070	5596.051454544067
7070	5596.051454544067
7071	4695.241689682007
7071	4695.241689682007
7072	4412.0752811431885
7072	4412.0752811431885
7073	4557.475566864014
7073	4557.475566864014
7074	4501.272916793823
7074	4501.272916793823
7075	4600.276708602905
7075	4600.276708602905
7076	4713.131904602051
7076	4713.131904602051
7077	4803.434133529663
7077	4803.434133529663
7078	4949.238061904907
7078	4949.238061904907
7079	4768.209218978882
7079	4768.209218978882
7080	5226.37677192688
7080	5226.37677192688
7081	4790.11344909668
7081	4790.11344909668
7082	4441.276550292969
7082	4441.276550292969
7083	4263.183355331421
7083	4263.183355331421
7084	4348.235130310059
7084	4348.235130310059
7085	4510.3137493133545
7085	4510.3137493133545
7086	4612.922668457031
7086	4612.922668457031
7087	4525.099277496338
7087	4525.099277496338
7088	4612.759828567505
7088	4612.759828567505
7089	4703.191041946411
7089	4703.191041946411
7090	5322.6001262664795
7090	5322.6001262664795
7091	4673.658609390259
7091	4673.658609390259
7092	4670.310258865356
7092	4670.310258865356
7093	4747.790336608887
7093	4747.790336608887
7094	4534.803628921509
7094	4534.803628921509
7095	4629.752397537231
7095	4629.752397537231
7096	4734.968900680542
7096	4734.968900680542
7097	4863.095998764038
7097	4863.095998764038
7098	4687.946319580078
7098	4687.946319580078
7099	4724.419593811035
7099	4724.419593811035
7100	5213.976860046387
7100	5213.976860046387
7101	4744.158029556274
7101	4744.158029556274
7102	4427.719354629517
7102	4427.719354629517
7103	4748.421669006348
7103	4748.421669006348
7104	4772.64928817749
7104	4772.64928817749
7105	4654.066324234009
7105	4654.066324234009
7106	4350.879430770874
7106	4350.879430770874
7107	4662.7037525177
7107	4662.7037525177
7108	4383.108854293823
7108	4383.108854293823
7109	4494.420289993286
7109	4494.420289993286
7110	4818.797588348389
7110	4818.797588348389
7111	4723.378658294678
7111	4723.378658294678
7112	4603.00087928772
7112	4603.00087928772
7113	4750.696182250977
7113	4750.696182250977
7114	4262.350082397461
7114	4262.350082397461
7115	4928.358554840088
7115	4928.358554840088
7116	4587.658643722534
7116	4587.658643722534
7117	4626.059532165527
7117	4626.059532165527
7118	4617.607593536377
7118	4617.607593536377
7119	4363.563299179077
7119	4363.563299179077
7120	5080.297946929932
7120	5080.297946929932
7121	4728.234052658081
7121	4728.234052658081
7122	4708.663702011108
7122	4708.663702011108
7123	4710.945129394531
7123	4710.945129394531
7124	4621.894359588623
7124	4621.894359588623
7125	4689.678192138672
7125	4689.678192138672
7126	4710.164546966553
7126	4710.164546966553
7127	4725.583791732788
7127	4725.583791732788
7128	4749.673128128052
7128	4749.673128128052
7129	4736.547231674194
7129	4736.547231674194
7130	5041.172027587891
7130	5041.172027587891
7131	4791.088342666626
7131	4791.088342666626
7132	4747.266054153442
7132	4747.266054153442
7133	4739.964246749878
7133	4739.964246749878
7134	4188.942193984985
7134	4188.942193984985
7135	3794.9867248535156
7135	3794.9867248535156
7136	4081.1917781829834
7136	4081.1917781829834
7137	4528.7768840789795
7137	4528.7768840789795
7138	4704.38027381897
7138	4704.38027381897
7139	4546.2806224823
7139	4546.2806224823
7140	4748.705625534058
7140	4748.705625534058
7141	4698.4264850616455
7141	4698.4264850616455
7142	4701.351165771484
7142	4701.351165771484
7143	4662.60552406311
7143	4662.60552406311
7144	4716.045379638672
7144	4716.045379638672
7145	4829.033136367798
7145	4829.033136367798
7146	4412.741184234619
7146	4412.741184234619
7147	4666.602373123169
7147	4666.602373123169
7148	4681.083917617798
7148	4681.083917617798
7149	4726.674556732178
7149	4726.674556732178
7150	5302.7238845825195
7150	5302.7238845825195
7151	4880.468368530273
7151	4880.468368530273
7152	4644.212007522583
7152	4644.212007522583
7153	4855.544567108154
7153	4855.544567108154
7154	4890.784502029419
7154	4890.784502029419
7155	4508.228540420532
7155	4508.228540420532
7156	4501.708745956421
7156	4501.708745956421
7157	4955.467462539673
7157	4955.467462539673
7158	4804.179668426514
7158	4804.179668426514
7159	4734.069347381592
7159	4734.069347381592
7160	5435.90521812439
7160	5435.90521812439
7161	4534.190893173218
7161	4534.190893173218
7162	4572.39556312561
7162	4572.39556312561
7163	4546.734809875488
7163	4546.734809875488
7164	4254.9638748168945
7164	4254.9638748168945
7165	4483.903408050537
7165	4483.903408050537
7166	4852.672338485718
7166	4852.672338485718
7167	4618.490219116211
7167	4618.490219116211
7168	4547.110319137573
7168	4547.110319137573
7169	4496.423959732056
7169	4496.423959732056
7170	5287.74094581604
7170	5287.74094581604
7171	4759.1552734375
7171	4759.1552734375
7172	4643.029689788818
7172	4643.029689788818
7173	4376.19948387146
7173	4376.19948387146
7174	4169.412136077881
7174	4169.412136077881
7175	3458.843469619751
7175	3458.843469619751
7176	3513.566493988037
7176	3513.566493988037
7177	3495.211124420166
7177	3495.211124420166
7178	3220.456838607788
7178	3220.456838607788
7179	3403.3682346343994
7179	3403.3682346343994
7180	4122.671127319336
7180	4122.671127319336
7181	3409.625768661499
7181	3409.625768661499
7182	3123.115301132202
7182	3123.115301132202
7183	3397.542953491211
7183	3397.542953491211
7184	3703.5984992980957
7184	3703.5984992980957
7185	3578.6874294281006
7185	3578.6874294281006
7186	3485.4421615600586
7186	3485.4421615600586
7187	3519.8814868927
7187	3519.8814868927
7188	3494.7352409362793
7188	3494.7352409362793
7189	3505.6471824645996
7189	3505.6471824645996
7190	4011.6634368896484
7190	4011.6634368896484
7191	3448.343515396118
7191	3448.343515396118
7192	3508.1140995025635
7192	3508.1140995025635
7193	3425.4660606384277
7193	3425.4660606384277
7194	3329.021453857422
7194	3329.021453857422
7195	3287.633180618286
7195	3287.633180618286
7196	3495.9630966186523
7196	3495.9630966186523
7197	3549.603223800659
7197	3549.603223800659
7198	3654.073476791382
7198	3654.073476791382
7199	3335.7481956481934
7199	3335.7481956481934
7200	4219.985246658325
7200	4219.985246658325
7201	3734.5845699310303
7201	3734.5845699310303
7202	3881.8931579589844
7202	3881.8931579589844
7203	3372.474431991577
7203	3372.474431991577
7204	3501.909017562866
7204	3501.909017562866
7205	3719.076156616211
7205	3719.076156616211
7206	3765.7501697540283
7206	3765.7501697540283
7207	3800.455331802368
7207	3800.455331802368
7208	3472.825765609741
7208	3472.825765609741
7209	3498.4638690948486
7209	3498.4638690948486
7210	4232.4018478393555
7210	4232.4018478393555
7211	4044.448137283325
7211	4044.448137283325
7212	3306.3225746154785
7212	3306.3225746154785
7213	3341.580390930176
7213	3341.580390930176
7214	3263.667345046997
7214	3263.667345046997
7215	3446.0978507995605
7215	3446.0978507995605
7216	3564.0459060668945
7216	3564.0459060668945
7217	3093.669652938843
7217	3093.669652938843
7218	3415.0359630584717
7218	3415.0359630584717
7219	3550.0547885894775
7219	3550.0547885894775
7220	4241.900205612183
7220	4241.900205612183
7221	3507.131814956665
7221	3507.131814956665
7222	3202.522039413452
7222	3202.522039413452
7223	3381.5908432006836
7223	3381.5908432006836
7224	3468.3899879455566
7224	3468.3899879455566
7225	3406.7223072052
7225	3406.7223072052
7226	3154.966354370117
7226	3154.966354370117
7227	3372.223377227783
7227	3372.223377227783
7228	3098.1645584106445
7228	3098.1645584106445
7229	3441.915273666382
7229	3441.915273666382
7230	4105.899095535278
7230	4105.899095535278
7231	3470.8316326141357
7231	3470.8316326141357
7232	3567.8911209106445
7232	3567.8911209106445
7233	3428.5924434661865
7233	3428.5924434661865
7234	3530.667781829834
7234	3530.667781829834
7235	3375.342845916748
7235	3375.342845916748
7236	3417.699098587036
7236	3417.699098587036
7237	3505.2452087402344
7237	3505.2452087402344
7238	3500.2076625823975
7238	3500.2076625823975
7239	3469.064235687256
7239	3469.064235687256
7240	4002.2313594818115
7240	4002.2313594818115
7241	3470.665216445923
7241	3470.665216445923
7242	3347.5778102874756
7242	3347.5778102874756
7243	3226.5465259552
7243	3226.5465259552
7244	3312.7689361572266
7244	3312.7689361572266
7245	3050.539970397949
7245	3050.539970397949
7246	3454.073190689087
7246	3454.073190689087
7247	3093.9395427703857
7247	3093.9395427703857
7248	3395.7784175872803
7248	3395.7784175872803
7249	3425.2657890319824
7249	3425.2657890319824
7250	3966.1858081817627
7250	3966.1858081817627
7251	3518.2180404663086
7251	3518.2180404663086
7252	3596.5518951416016
7252	3596.5518951416016
7253	3428.358554840088
7253	3428.358554840088
7254	3402.8255939483643
7254	3402.8255939483643
7255	3148.792266845703
7255	3148.792266845703
7256	3128.807783126831
7256	3128.807783126831
7257	3467.679738998413
7257	3467.679738998413
7258	3400.4967212677
7258	3400.4967212677
7259	3433.744192123413
7259	3433.744192123413
7260	4037.2745990753174
7260	4037.2745990753174
7261	3665.4515266418457
7261	3665.4515266418457
7262	3340.346097946167
7262	3340.346097946167
7263	3198.8580226898193
7263	3198.8580226898193
7264	3448.3203887939453
7264	3448.3203887939453
7265	3104.0828227996826
7265	3104.0828227996826
7266	3421.9319820404053
7266	3421.9319820404053
7267	3136.6145610809326
7267	3136.6145610809326
7268	3366.51349067688
7268	3366.51349067688
7269	3403.8665294647217
7269	3403.8665294647217
7270	4143.521308898926
7270	4143.521308898926
7271	3625.3702640533447
7271	3625.3702640533447
7272	3499.295949935913
7272	3499.295949935913
7273	3526.918888092041
7273	3526.918888092041
7274	3458.7998390197754
7274	3458.7998390197754
7275	3694.7362422943115
7275	3694.7362422943115
7276	3079.4239044189453
7276	3079.4239044189453
7277	3642.4362659454346
7277	3642.4362659454346
7278	4178.695917129517
7278	4178.695917129517
7279	4504.06289100647
7279	4504.06289100647
7280	5260.0743770599365
7280	5260.0743770599365
7281	4555.117130279541
7281	4555.117130279541
7282	4577.069282531738
7282	4577.069282531738
7283	4588.1593227386475
7283	4588.1593227386475
7284	4499.340057373047
7284	4499.340057373047
7285	4637.850999832153
7285	4637.850999832153
7286	4603.792905807495
7286	4603.792905807495
7287	4676.353454589844
7287	4676.353454589844
7288	4661.325693130493
7288	4661.325693130493
7289	4870.584487915039
7289	4870.584487915039
7290	5269.558668136597
7290	5269.558668136597
7291	4690.564155578613
7291	4690.564155578613
7292	4735.7470989227295
7292	4735.7470989227295
7293	4401.8707275390625
7293	4401.8707275390625
7294	4917.288541793823
7294	4917.288541793823
7295	4673.300504684448
7295	4673.300504684448
7296	4390.346527099609
7296	4390.346527099609
7297	4869.887828826904
7297	4869.887828826904
7298	4400.604486465454
7298	4400.604486465454
7299	4409.542083740234
7299	4409.542083740234
7300	5326.23028755188
7300	5326.23028755188
7301	4800.012826919556
7301	4800.012826919556
7302	4734.7283363342285
7302	4734.7283363342285
7303	4741.688966751099
7303	4741.688966751099
7304	4743.359565734863
7304	4743.359565734863
7305	4190.107583999634
7305	4190.107583999634
7306	4515.785217285156
7306	4515.785217285156
7307	4295.217275619507
7307	4295.217275619507
7308	4175.09913444519
7308	4175.09913444519
7309	4605.49259185791
7309	4605.49259185791
7310	5246.798515319824
7310	5246.798515319824
7311	4197.019100189209
7311	4197.019100189209
7312	4228.274345397949
7312	4228.274345397949
7313	4667.14072227478
7313	4667.14072227478
7314	4703.898191452026
7314	4703.898191452026
7315	4667.220115661621
7315	4667.220115661621
7316	4701.000452041626
7316	4701.000452041626
7317	4708.97364616394
7317	4708.97364616394
7318	4914.680004119873
7318	4914.680004119873
7319	4526.529312133789
7319	4526.529312133789
7320	5425.503492355347
7320	5425.503492355347
7321	4760.601282119751
7321	4760.601282119751
7322	4832.417011260986
7322	4832.417011260986
7323	4425.532102584839
7323	4425.532102584839
7324	4687.555313110352
7324	4687.555313110352
7325	4745.316505432129
7325	4745.316505432129
7326	4668.0426597595215
7326	4668.0426597595215
7327	4839.854955673218
7327	4839.854955673218
7328	4598.026275634766
7328	4598.026275634766
7329	4704.013347625732
7329	4704.013347625732
7330	5353.983163833618
7330	5353.983163833618
7331	4218.7347412109375
7331	4218.7347412109375
7332	4236.189603805542
7332	4236.189603805542
7333	4576.390743255615
7333	4576.390743255615
7334	4696.5882778167725
7334	4696.5882778167725
7335	4615.808725357056
7335	4615.808725357056
7336	4507.369518280029
7336	4507.369518280029
7337	4656.519651412964
7337	4656.519651412964
7338	4287.223100662231
7338	4287.223100662231
7339	4346.12512588501
7339	4346.12512588501
7340	4701.480150222778
7340	4701.480150222778
7341	4540.854454040527
7341	4540.854454040527
7342	4864.243030548096
7342	4864.243030548096
7343	4387.568950653076
7343	4387.568950653076
7344	4583.1756591796875
7344	4583.1756591796875
7345	4867.232084274292
7345	4867.232084274292
7346	4716.812372207642
7346	4716.812372207642
7347	4332.786083221436
7347	4332.786083221436
7348	4408.569812774658
7348	4408.569812774658
7349	4511.611223220825
7349	4511.611223220825
7350	5359.838008880615
7350	5359.838008880615
7351	4519.2766189575195
7351	4519.2766189575195
7352	4762.372970581055
7352	4762.372970581055
7353	4452.238321304321
7353	4452.238321304321
7354	4787.2724533081055
7354	4787.2724533081055
7355	4390.949487686157
7355	4390.949487686157
7356	4781.833648681641
7356	4781.833648681641
7357	4733.296155929565
7357	4733.296155929565
7358	4570.276260375977
7358	4570.276260375977
7359	4529.316186904907
7359	4529.316186904907
7360	5125.719308853149
7360	5125.719308853149
7361	4569.541454315186
7361	4569.541454315186
7362	4621.220111846924
7362	4621.220111846924
7363	4746.955871582031
7363	4746.955871582031
7364	4357.780456542969
7364	4357.780456542969
7365	4276.310443878174
7365	4276.310443878174
7366	4676.2237548828125
7366	4676.2237548828125
7367	4665.8735275268555
7367	4665.8735275268555
7368	4326.3421058654785
7368	4326.3421058654785
7369	4900.976181030273
7369	4900.976181030273
7370	5396.910190582275
7370	5396.910190582275
7371	4249.751091003418
7371	4249.751091003418
7372	4629.775762557983
7372	4629.775762557983
7373	4751.7249584198
7373	4751.7249584198
7374	4907.185316085815
7374	4907.185316085815
7375	4812.795162200928
7375	4812.795162200928
7376	4417.334079742432
7376	4417.334079742432
7377	4794.262170791626
7377	4794.262170791626
7378	4627.500772476196
7378	4627.500772476196
7379	4918.833494186401
7379	4918.833494186401
7380	5170.900344848633
7380	5170.900344848633
7381	4638.6237144470215
7381	4638.6237144470215
7382	4690.190076828003
7382	4690.190076828003
7383	4636.873722076416
7383	4636.873722076416
7384	4319.159030914307
7384	4319.159030914307
7385	4505.831241607666
7385	4505.831241607666
7386	4810.094356536865
7386	4810.094356536865
7387	4593.997240066528
7387	4593.997240066528
7388	4599.1504192352295
7388	4599.1504192352295
7389	4656.541347503662
7389	4656.541347503662
7390	5215.337514877319
7390	5215.337514877319
7391	4647.701263427734
7391	4647.701263427734
7392	4150.055885314941
7392	4150.055885314941
7393	4236.955165863037
7393	4236.955165863037
7394	4731.164216995239
7394	4731.164216995239
7395	4446.545600891113
7395	4446.545600891113
7396	4413.102149963379
7396	4413.102149963379
7397	4680.021524429321
7397	4680.021524429321
7398	4815.980911254883
7398	4815.980911254883
7399	4414.72864151001
7399	4414.72864151001
7400	5319.3347454071045
7400	5319.3347454071045
7401	4541.984558105469
7401	4541.984558105469
7402	4902.391672134399
7402	4902.391672134399
7403	4796.744585037231
7403	4796.744585037231
7404	4422.488689422607
7404	4422.488689422607
7405	4804.83341217041
7405	4804.83341217041
7406	4646.8870639801025
7406	4646.8870639801025
7407	4839.755535125732
7407	4839.755535125732
7408	4802.174806594849
7408	4802.174806594849
7409	4780.777454376221
7409	4780.777454376221
7410	5554.408311843872
7410	5554.408311843872
7411	4504.691123962402
7411	4504.691123962402
7412	4456.120014190674
7412	4456.120014190674
7413	4292.213916778564
7413	4292.213916778564
7414	4490.0524616241455
7414	4490.0524616241455
7415	3385.0769996643066
7415	3385.0769996643066
7416	4701.478004455566
7416	4701.478004455566
7417	4660.940647125244
7417	4660.940647125244
7418	4637.702465057373
7418	4637.702465057373
7419	4578.055143356323
7419	4578.055143356323
7420	5241.481304168701
7420	5241.481304168701
7421	4814.07904624939
7421	4814.07904624939
7422	4633.008003234863
7422	4633.008003234863
7423	4723.245620727539
7423	4723.245620727539
7424	4844.476699829102
7424	4844.476699829102
7425	4799.011707305908
7425	4799.011707305908
7426	4885.348081588745
7426	4885.348081588745
7427	4364.471435546875
7427	4364.471435546875
7428	4900.266170501709
7428	4900.266170501709
7429	4499.094009399414
7429	4499.094009399414
7430	5118.858337402344
7430	5118.858337402344
7431	4374.663591384888
7431	4374.663591384888
7432	4530.006647109985
7432	4530.006647109985
7433	4506.161689758301
7433	4506.161689758301
7434	4242.812871932983
7434	4242.812871932983
7435	4652.1315574646
7435	4652.1315574646
7436	4674.098968505859
7436	4674.098968505859
7437	4694.6094036102295
7437	4694.6094036102295
7438	4727.894306182861
7438	4727.894306182861
7439	4680.374383926392
7439	4680.374383926392
7440	5258.982419967651
7440	5258.982419967651
7441	4675.7752895355225
7441	4675.7752895355225
7442	4524.965524673462
7442	4524.965524673462
7443	4391.25919342041
7443	4391.25919342041
7444	4787.035703659058
7444	4787.035703659058
7445	3911.155939102173
7445	3911.155939102173
7446	4599.385499954224
7446	4599.385499954224
7447	4670.940399169922
7447	4670.940399169922
7448	4444.4615840911865
7448	4444.4615840911865
7449	4440.351247787476
7449	4440.351247787476
7450	5294.924259185791
7450	5294.924259185791
7451	4815.844297409058
7451	4815.844297409058
7452	4767.611980438232
7452	4767.611980438232
7453	4738.76166343689
7453	4738.76166343689
7454	4879.397392272949
7454	4879.397392272949
7455	4679.178476333618
7455	4679.178476333618
7456	4209.828615188599
7456	4209.828615188599
7457	4630.173206329346
7457	4630.173206329346
7458	4627.894639968872
7458	4627.894639968872
7459	4608.873128890991
7459	4608.873128890991
7460	4964.91551399231
7460	4964.91551399231
7461	4604.924440383911
7461	4604.924440383911
7462	4565.792798995972
7462	4565.792798995972
7463	4659.032583236694
7463	4659.032583236694
7464	4818.858623504639
7464	4818.858623504639
7465	4694.991111755371
7465	4694.991111755371
7466	4714.909076690674
7466	4714.909076690674
7467	4741.263151168823
7467	4741.263151168823
7468	4674.273252487183
7468	4674.273252487183
7469	4644.560098648071
7469	4644.560098648071
7470	5168.254137039185
7470	5168.254137039185
7471	4610.204458236694
7471	4610.204458236694
7472	4746.231555938721
7472	4746.231555938721
7473	4513.059854507446
7473	4513.059854507446
7474	4712.59331703186
7474	4712.59331703186
7475	4374.979734420776
7475	4374.979734420776
7476	4247.501850128174
7476	4247.501850128174
7477	4427.499294281006
7477	4427.499294281006
7478	4537.312030792236
7478	4537.312030792236
7479	4407.794237136841
7479	4407.794237136841
7480	5107.204437255859
7480	5107.204437255859
7481	4687.26372718811
7481	4687.26372718811
7482	4835.871696472168
7482	4835.871696472168
7483	4702.296495437622
7483	4702.296495437622
7484	4307.301044464111
7484	4307.301044464111
7485	4835.059881210327
7485	4835.059881210327
7486	4844.719171524048
7486	4844.719171524048
7487	4684.4892501831055
7487	4684.4892501831055
7488	4649.500131607056
7488	4649.500131607056
7489	4426.616907119751
7489	4426.616907119751
7490	5457.565784454346
7490	5457.565784454346
7491	4532.780647277832
7491	4532.780647277832
7492	4554.9914836883545
7492	4554.9914836883545
7493	4619.735479354858
7493	4619.735479354858
7494	4517.74001121521
7494	4517.74001121521
7495	4635.693788528442
7495	4635.693788528442
7496	4596.99821472168
7496	4596.99821472168
7497	4296.519041061401
7497	4296.519041061401
7498	4624.786853790283
7498	4624.786853790283
7499	4789.86668586731
7499	4789.86668586731
7500	17987.539529800415
7500	17987.539529800415
7501	4275.2039432525635
7501	4275.2039432525635
7502	4347.821235656738
7502	4347.821235656738
7503	4318.401098251343
7503	4318.401098251343
7504	4269.075393676758
7504	4269.075393676758
7505	4590.526342391968
7505	4590.526342391968
7506	4736.0944747924805
7506	4736.0944747924805
7507	4539.194822311401
7507	4539.194822311401
7508	4715.116024017334
7508	4715.116024017334
7509	4591.831922531128
7509	4591.831922531128
7510	5358.546733856201
7510	5358.546733856201
7511	4649.53351020813
7511	4649.53351020813
7512	4724.730491638184
7512	4724.730491638184
7513	4767.409324645996
7513	4767.409324645996
7514	4751.891613006592
7514	4751.891613006592
7515	4681.087493896484
7515	4681.087493896484
7516	4619.542837142944
7516	4619.542837142944
7517	4861.332178115845
7517	4861.332178115845
7518	4485.440015792847
7518	4485.440015792847
7519	4713.931322097778
7519	4713.931322097778
7520	5318.209886550903
7520	5318.209886550903
7521	4740.148544311523
7521	4740.148544311523
7522	4757.847547531128
7522	4757.847547531128
7523	4791.95237159729
7523	4791.95237159729
7524	4728.80220413208
7524	4728.80220413208
7525	4573.376178741455
7525	4573.376178741455
7526	4382.049322128296
7526	4382.049322128296
7527	4127.671003341675
7527	4127.671003341675
7528	4538.097143173218
7528	4538.097143173218
7529	4481.694221496582
7529	4481.694221496582
7530	5150.460720062256
7530	5150.460720062256
7531	4719.59924697876
7531	4719.59924697876
7532	4611.037254333496
7532	4611.037254333496
7533	4600.8288860321045
7533	4600.8288860321045
7534	4767.240524291992
7534	4767.240524291992
7535	4713.833570480347
7535	4713.833570480347
7536	4710.242033004761
7536	4710.242033004761
7537	4756.290435791016
7537	4756.290435791016
7538	4523.98943901062
7538	4523.98943901062
7539	4505.55157661438
7539	4505.55157661438
7540	5457.366466522217
7540	5457.366466522217
7541	4414.871692657471
7541	4414.871692657471
7542	4318.426609039307
7542	4318.426609039307
7543	4698.269367218018
7543	4698.269367218018
7544	4882.2033405303955
7544	4882.2033405303955
7545	4787.262678146362
7545	4787.262678146362
7546	4853.424787521362
7546	4853.424787521362
7547	4684.038877487183
7547	4684.038877487183
7548	4750.182151794434
7548	4750.182151794434
7549	4763.836622238159
7549	4763.836622238159
7550	5451.800584793091
7550	5451.800584793091
7551	4758.546352386475
7551	4758.546352386475
7552	4568.896055221558
7552	4568.896055221558
7553	4520.3857421875
7553	4520.3857421875
7554	4454.803466796875
7554	4454.803466796875
7555	4210.951089859009
7555	4210.951089859009
7556	4201.154470443726
7556	4201.154470443726
7557	4390.887022018433
7557	4390.887022018433
7558	4611.723184585571
7558	4611.723184585571
7559	4391.237497329712
7559	4391.237497329712
7560	4736.1814975738525
7560	4736.1814975738525
7561	4629.335880279541
7561	4629.335880279541
7562	4328.830003738403
7562	4328.830003738403
7563	4634.456157684326
7563	4634.456157684326
7564	4675.816774368286
7564	4675.816774368286
7565	4653.530836105347
7565	4653.530836105347
7566	4726.516485214233
7566	4726.516485214233
7567	4664.51621055603
7567	4664.51621055603
7568	4636.328220367432
7568	4636.328220367432
7569	4719.809055328369
7569	4719.809055328369
7570	5256.174802780151
7570	5256.174802780151
7571	4632.18879699707
7571	4632.18879699707
7572	3417.3991680145264
7572	3417.3991680145264
7573	3198.28200340271
7573	3198.28200340271
7574	3527.2607803344727
7574	3527.2607803344727
7575	3465.5885696411133
7575	3465.5885696411133
7576	3507.368564605713
7576	3507.368564605713
7577	3425.7872104644775
7577	3425.7872104644775
7578	3492.5711154937744
7578	3492.5711154937744
7579	3633.897066116333
7579	3633.897066116333
7580	3919.964551925659
7580	3919.964551925659
7581	3406.3994884490967
7581	3406.3994884490967
7582	3572.3819732666016
7582	3572.3819732666016
7583	3386.040449142456
7583	3386.040449142456
7584	3245.163679122925
7584	3245.163679122925
7585	3591.9759273529053
7585	3591.9759273529053
7586	3232.4483394622803
7586	3232.4483394622803
7587	3414.8101806640625
7587	3414.8101806640625
7588	3161.4937782287598
7588	3161.4937782287598
7589	3218.998670578003
7589	3218.998670578003
7590	4228.716611862183
7590	4228.716611862183
7591	3275.146961212158
7591	3275.146961212158
7592	3477.5025844573975
7592	3477.5025844573975
7593	3411.4625453948975
7593	3411.4625453948975
7594	3515.2747631073
7594	3515.2747631073
7595	3442.7506923675537
7595	3442.7506923675537
7596	3458.2669734954834
7596	3458.2669734954834
7597	3554.8107624053955
7597	3554.8107624053955
7598	3459.003448486328
7598	3459.003448486328
7599	3015.575408935547
7599	3015.575408935547
7600	4151.927947998047
7600	4151.927947998047
7601	3366.319179534912
7601	3366.319179534912
7602	3449.756145477295
7602	3449.756145477295
7603	3443.4080123901367
7603	3443.4080123901367
7604	3489.042282104492
7604	3489.042282104492
7605	3133.430242538452
7605	3133.430242538452
7606	3520.0233459472656
7606	3520.0233459472656
7607	3472.7461338043213
7607	3472.7461338043213
7608	3636.8541717529297
7608	3636.8541717529297
7609	3084.2788219451904
7609	3084.2788219451904
7610	3934.3326091766357
7610	3934.3326091766357
7611	3184.0460300445557
7611	3184.0460300445557
7612	3083.547353744507
7612	3083.547353744507
7613	3463.871479034424
7613	3463.871479034424
7614	3495.6164360046387
7614	3495.6164360046387
7615	3423.4933853149414
7615	3423.4933853149414
7616	2942.8021907806396
7616	2942.8021907806396
7617	3213.2163047790527
7617	3213.2163047790527
7618	3585.9591960906982
7618	3585.9591960906982
7619	3094.435453414917
7619	3094.435453414917
7620	4182.656526565552
7620	4182.656526565552
7621	3198.9822387695312
7621	3198.9822387695312
7622	3366.666793823242
7622	3366.666793823242
7623	3148.146867752075
7623	3148.146867752075
7624	3389.392137527466
7624	3389.392137527466
7625	3193.883180618286
7625	3193.883180618286
7626	3692.9874420166016
7626	3692.9874420166016
7627	3502.6397705078125
7627	3502.6397705078125
7628	3269.4737911224365
7628	3269.4737911224365
7629	3323.456048965454
7629	3323.456048965454
7630	3868.5731887817383
7630	3868.5731887817383
7631	3269.1891193389893
7631	3269.1891193389893
7632	3411.3731384277344
7632	3411.3731384277344
7633	3325.151205062866
7633	3325.151205062866
7634	3151.108980178833
7634	3151.108980178833
7635	2694.35715675354
7635	2694.35715675354
7636	3515.6126022338867
7636	3515.6126022338867
7637	3486.968755722046
7637	3486.968755722046
7638	3208.8193893432617
7638	3208.8193893432617
7639	3276.017665863037
7639	3276.017665863037
7640	3841.7813777923584
7640	3841.7813777923584
7641	3549.1607189178467
7641	3549.1607189178467
7642	3350.4374027252197
7642	3350.4374027252197
7643	3481.872081756592
7643	3481.872081756592
7644	3294.6219444274902
7644	3294.6219444274902
7645	3294.696092605591
7645	3294.696092605591
7646	3282.459020614624
7646	3282.459020614624
7647	3509.9685192108154
7647	3509.9685192108154
7648	3638.3981704711914
7648	3638.3981704711914
7649	3492.882490158081
7649	3492.882490158081
7650	3865.8342361450195
7650	3865.8342361450195
7651	3542.4110889434814
7651	3542.4110889434814
7652	3081.782102584839
7652	3081.782102584839
7653	3533.9553356170654
7653	3533.9553356170654
7654	3549.391746520996
7654	3549.391746520996
7655	3498.6178874969482
7655	3498.6178874969482
7656	3435.656785964966
7656	3435.656785964966
7657	3489.5732402801514
7657	3489.5732402801514
7658	3435.431718826294
7658	3435.431718826294
7659	3160.6481075286865
7659	3160.6481075286865
7660	4294.195652008057
7660	4294.195652008057
7661	3545.4468727111816
7661	3545.4468727111816
7662	3554.762601852417
7662	3554.762601852417
7663	3390.477180480957
7663	3390.477180480957
7664	3420.1910495758057
7664	3420.1910495758057
7665	3456.528663635254
7665	3456.528663635254
7666	3173.8641262054443
7666	3173.8641262054443
7667	3445.9879398345947
7667	3445.9879398345947
7668	3414.576768875122
7668	3414.576768875122
7669	3504.6026706695557
7669	3504.6026706695557
7670	3985.1934909820557
7670	3985.1934909820557
7671	3566.1444664001465
7671	3566.1444664001465
7672	3913.005828857422
7672	3913.005828857422
7673	3985.6622219085693
7673	3985.6622219085693
7674	4648.959636688232
7674	4648.959636688232
7675	4577.686548233032
7675	4577.686548233032
7676	4616.451263427734
7676	4616.451263427734
7677	4164.23487663269
7677	4164.23487663269
7678	4290.671586990356
7678	4290.671586990356
7679	4875.159740447998
7679	4875.159740447998
7680	5114.0429973602295
7680	5114.0429973602295
7681	4634.620189666748
7681	4634.620189666748
7682	4840.8403396606445
7682	4840.8403396606445
7683	4736.458539962769
7683	4736.458539962769
7684	4387.5133991241455
7684	4387.5133991241455
7685	4473.31976890564
7685	4473.31976890564
7686	4366.079330444336
7686	4366.079330444336
7687	4922.298908233643
7687	4922.298908233643
7688	4849.632978439331
7688	4849.632978439331
7689	4726.330995559692
7689	4726.330995559692
7690	5446.558713912964
7690	5446.558713912964
7691	4694.213151931763
7691	4694.213151931763
7692	4804.239749908447
7692	4804.239749908447
7693	4907.0305824279785
7693	4907.0305824279785
7694	4769.655227661133
7694	4769.655227661133
7695	4517.139434814453
7695	4517.139434814453
7696	4634.9852085113525
7696	4634.9852085113525
7697	4438.61722946167
7697	4438.61722946167
7698	4820.228815078735
7698	4820.228815078735
7699	4626.154661178589
7699	4626.154661178589
7700	5040.343523025513
7700	5040.343523025513
7701	4464.202642440796
7701	4464.202642440796
7702	4273.999214172363
7702	4273.999214172363
7703	3741.4402961730957
7703	3741.4402961730957
7704	4847.329139709473
7704	4847.329139709473
7705	4392.7321434021
7705	4392.7321434021
7706	4664.80278968811
7706	4664.80278968811
7707	4710.232257843018
7707	4710.232257843018
7708	4483.545541763306
7708	4483.545541763306
7709	4799.814939498901
7709	4799.814939498901
7710	5265.790700912476
7710	5265.790700912476
7711	4708.382844924927
7711	4708.382844924927
7712	4684.452772140503
7712	4684.452772140503
7713	4853.6927700042725
7713	4853.6927700042725
7714	4678.42698097229
7714	4678.42698097229
7715	4750.068664550781
7715	4750.068664550781
7716	4512.762546539307
7716	4512.762546539307
7717	4728.656530380249
7717	4728.656530380249
7718	4740.840435028076
7718	4740.840435028076
7719	4681.034803390503
7719	4681.034803390503
7720	5000.038623809814
7720	5000.038623809814
7721	4797.377586364746
7721	4797.377586364746
7722	4701.02858543396
7722	4701.02858543396
7723	4748.316764831543
7723	4748.316764831543
7724	4848.843336105347
7724	4848.843336105347
7725	4726.947784423828
7725	4726.947784423828
7726	4646.352291107178
7726	4646.352291107178
7727	4588.645458221436
7727	4588.645458221436
7728	4495.354175567627
7728	4495.354175567627
7729	4773.027420043945
7729	4773.027420043945
7730	5311.395168304443
7730	5311.395168304443
7731	4610.6884479522705
7731	4610.6884479522705
7732	4337.508916854858
7732	4337.508916854858
7733	4502.277374267578
7733	4502.277374267578
7734	4631.411552429199
7734	4631.411552429199
7735	4571.366786956787
7735	4571.366786956787
7736	4725.319623947144
7736	4725.319623947144
7737	4665.364742279053
7737	4665.364742279053
7738	4742.7380084991455
7738	4742.7380084991455
7739	4779.55436706543
7739	4779.55436706543
7740	5326.230764389038
7740	5326.230764389038
7741	4758.572816848755
7741	4758.572816848755
7742	4658.534288406372
7742	4658.534288406372
7743	4866.460800170898
7743	4866.460800170898
7744	4740.729331970215
7744	4740.729331970215
7745	4551.975250244141
7745	4551.975250244141
7746	4428.773880004883
7746	4428.773880004883
7747	4910.67099571228
7747	4910.67099571228
7748	4424.643993377686
7748	4424.643993377686
7749	4422.80125617981
7749	4422.80125617981
7750	5442.613840103149
7750	5442.613840103149
7751	4510.453224182129
7751	4510.453224182129
7752	4200.010299682617
7752	4200.010299682617
7753	4320.915460586548
7753	4320.915460586548
7754	4551.206111907959
7754	4551.206111907959
7755	4624.213695526123
7755	4624.213695526123
7756	4793.099403381348
7756	4793.099403381348
7757	4814.930200576782
7757	4814.930200576782
7758	4720.680475234985
7758	4720.680475234985
7759	4433.280944824219
7759	4433.280944824219
7760	5305.429697036743
7760	5305.429697036743
7761	4686.237812042236
7761	4686.237812042236
7762	4406.322240829468
7762	4406.322240829468
7763	4811.005115509033
7763	4811.005115509033
7764	4690.873622894287
7764	4690.873622894287
7765	4880.727052688599
7765	4880.727052688599
7766	4766.650199890137
7766	4766.650199890137
7767	4300.699472427368
7767	4300.699472427368
7768	4906.829833984375
7768	4906.829833984375
7769	4723.93012046814
7769	4723.93012046814
7770	5343.959808349609
7770	5343.959808349609
7771	4611.38391494751
7771	4611.38391494751
7772	4780.235767364502
7772	4780.235767364502
7773	5130.451679229736
7773	5130.451679229736
7774	4886.185884475708
7774	4886.185884475708
7775	4432.5103759765625
7775	4432.5103759765625
7776	4840.125560760498
7776	4840.125560760498
7777	4751.74355506897
7777	4751.74355506897
7778	4954.764842987061
7778	4954.764842987061
7779	4589.704990386963
7779	4589.704990386963
7780	5662.581443786621
7780	5662.581443786621
7781	5028.57232093811
7781	5028.57232093811
7782	4532.811403274536
7782	4532.811403274536
7783	4615.87929725647
7783	4615.87929725647
7784	4674.583196640015
7784	4674.583196640015
7785	4982.769012451172
7785	4982.769012451172
7786	4657.925128936768
7786	4657.925128936768
7787	4374.251842498779
7787	4374.251842498779
7788	5267.820596694946
7788	5267.820596694946
7789	5139.317035675049
7789	5139.317035675049
7790	5499.406337738037
7790	5499.406337738037
7791	4455.71494102478
7791	4455.71494102478
7792	4795.193672180176
7792	4795.193672180176
7793	4415.515422821045
7793	4415.515422821045
7794	4680.533647537231
7794	4680.533647537231
7795	4403.468608856201
7795	4403.468608856201
7796	4677.966117858887
7796	4677.966117858887
7797	4522.875547409058
7797	4522.875547409058
7798	4553.397178649902
7798	4553.397178649902
7799	4395.300626754761
7799	4395.300626754761
7800	5331.992864608765
7800	5331.992864608765
7801	4729.833126068115
7801	4729.833126068115
7802	4896.011114120483
7802	4896.011114120483
7803	4543.452262878418
7803	4543.452262878418
7804	4250.432252883911
7804	4250.432252883911
7805	4460.658311843872
7805	4460.658311843872
7806	4604.520082473755
7806	4604.520082473755
7807	4620.874404907227
7807	4620.874404907227
7808	4566.772937774658
7808	4566.772937774658
7809	4668.306112289429
7809	4668.306112289429
7810	5216.073513031006
7810	5216.073513031006
7811	4801.5172481536865
7811	4801.5172481536865
7812	4477.611064910889
7812	4477.611064910889
7813	4749.079704284668
7813	4749.079704284668
7814	4758.060932159424
7814	4758.060932159424
7815	4799.616575241089
7815	4799.616575241089
7816	4747.915267944336
7816	4747.915267944336
7817	4240.9186363220215
7817	4240.9186363220215
7818	4717.467308044434
7818	4717.467308044434
7819	4794.856071472168
7819	4794.856071472168
7820	4949.48148727417
7820	4949.48148727417
7821	4739.58945274353
7821	4739.58945274353
7822	4711.441278457642
7822	4711.441278457642
7823	4460.002660751343
7823	4460.002660751343
7824	4785.655975341797
7824	4785.655975341797
7825	4908.117055892944
7825	4908.117055892944
7826	4572.556257247925
7826	4572.556257247925
7827	4491.005420684814
7827	4491.005420684814
7828	4477.355241775513
7828	4477.355241775513
7829	4555.691719055176
7829	4555.691719055176
7830	4842.690944671631
7830	4842.690944671631
7831	4623.157024383545
7831	4623.157024383545
7832	4840.676307678223
7832	4840.676307678223
7833	4417.654275894165
7833	4417.654275894165
7834	4632.279396057129
7834	4632.279396057129
7835	4672.563314437866
7835	4672.563314437866
7836	4692.223310470581
7836	4692.223310470581
7837	4766.815423965454
7837	4766.815423965454
7838	4765.136957168579
7838	4765.136957168579
7839	4698.516845703125
7839	4698.516845703125
7840	5291.217088699341
7840	5291.217088699341
7841	4700.958967208862
7841	4700.958967208862
7842	4668.654203414917
7842	4668.654203414917
7843	4625.005483627319
7843	4625.005483627319
7844	4397.781848907471
7844	4397.781848907471
7845	4759.518146514893
7845	4759.518146514893
7846	4957.555770874023
7846	4957.555770874023
7847	4780.994653701782
7847	4780.994653701782
7848	4473.53196144104
7848	4473.53196144104
7849	4771.719455718994
7849	4771.719455718994
7850	5244.94743347168
7850	5244.94743347168
7851	4457.814931869507
7851	4457.814931869507
7852	4829.22625541687
7852	4829.22625541687
7853	4194.031000137329
7853	4194.031000137329
7854	4772.441864013672
7854	4772.441864013672
7855	4238.191366195679
7855	4238.191366195679
7856	4693.42565536499
7856	4693.42565536499
7857	4311.332702636719
7857	4311.332702636719
7858	4311.191558837891
7858	4311.191558837891
7859	4660.153150558472
7859	4660.153150558472
7860	5376.431465148926
7860	5376.431465148926
7861	4802.32834815979
7861	4802.32834815979
7862	4698.418617248535
7862	4698.418617248535
7863	4649.417161941528
7863	4649.417161941528
7864	4406.684160232544
7864	4406.684160232544
7865	4645.552635192871
7865	4645.552635192871
7866	4659.617185592651
7866	4659.617185592651
7867	5034.63077545166
7867	5034.63077545166
7868	4697.5998878479
7868	4697.5998878479
7869	4769.579887390137
7869	4769.579887390137
7870	5324.227809906006
7870	5324.227809906006
7871	4497.076749801636
7871	4497.076749801636
7872	4747.7922439575195
7872	4747.7922439575195
7873	4458.459854125977
7873	4458.459854125977
7874	4726.430416107178
7874	4726.430416107178
7875	4182.880163192749
7875	4182.880163192749
7876	4429.903507232666
7876	4429.903507232666
7877	4606.342077255249
7877	4606.342077255249
7878	4421.06556892395
7878	4421.06556892395
7879	4535.072565078735
7879	4535.072565078735
7880	4963.024854660034
7880	4963.024854660034
7881	4691.54691696167
7881	4691.54691696167
7882	4635.4615688323975
7882	4635.4615688323975
7883	4894.04296875
7883	4894.04296875
7884	4679.996967315674
7884	4679.996967315674
7885	4409.516334533691
7885	4409.516334533691
7886	4567.300319671631
7886	4567.300319671631
7887	4404.763698577881
7887	4404.763698577881
7888	4680.734634399414
7888	4680.734634399414
7889	4715.834617614746
7889	4715.834617614746
7890	5419.52657699585
7890	5419.52657699585
7891	4411.550760269165
7891	4411.550760269165
7892	4673.622131347656
7892	4673.622131347656
7893	3553.3297061920166
7893	3553.3297061920166
7894	4741.95671081543
7894	4741.95671081543
7895	4508.454084396362
7895	4508.454084396362
7896	4915.022134780884
7896	4915.022134780884
7897	4766.312599182129
7897	4766.312599182129
7898	4510.404586791992
7898	4510.404586791992
7899	5087.512731552124
7899	5087.512731552124
7900	5198.570966720581
7900	5198.570966720581
7901	4178.673982620239
7901	4178.673982620239
7902	4586.291074752808
7902	4586.291074752808
7903	4777.11296081543
7903	4777.11296081543
7904	4329.784631729126
7904	4329.784631729126
7905	4686.5074634552
7905	4686.5074634552
7906	4651.400089263916
7906	4651.400089263916
7907	4548.459529876709
7907	4548.459529876709
7908	4730.635643005371
7908	4730.635643005371
7909	4471.607208251953
7909	4471.607208251953
7910	4865.716934204102
7910	4865.716934204102
7911	4775.08807182312
7911	4775.08807182312
7912	4397.960662841797
7912	4397.960662841797
7913	4765.254497528076
7913	4765.254497528076
7914	4914.695739746094
7914	4914.695739746094
7915	4646.407604217529
7915	4646.407604217529
7916	4780.125379562378
7916	4780.125379562378
7917	4428.973913192749
7917	4428.973913192749
7918	4800.4209995269775
7918	4800.4209995269775
7919	4685.0745677948
7919	4685.0745677948
7920	5189.281225204468
7920	5189.281225204468
7921	4220.468997955322
7921	4220.468997955322
7922	4564.007520675659
7922	4564.007520675659
7923	4595.277547836304
7923	4595.277547836304
7924	4503.229379653931
7924	4503.229379653931
7925	4571.861982345581
7925	4571.861982345581
7926	4688.0176067352295
7926	4688.0176067352295
7927	4478.562831878662
7927	4478.562831878662
7928	4609.0826988220215
7928	4609.0826988220215
7929	4874.329328536987
7929	4874.329328536987
7930	5369.195461273193
7930	5369.195461273193
7931	4723.161697387695
7931	4723.161697387695
7932	4590.0774002075195
7932	4590.0774002075195
7933	4783.348560333252
7933	4783.348560333252
7934	4811.393022537231
7934	4811.393022537231
7935	4798.7730503082275
7935	4798.7730503082275
7936	4672.187328338623
7936	4672.187328338623
7937	4937.622785568237
7937	4937.622785568237
7938	4195.502996444702
7938	4195.502996444702
7939	4526.1390209198
7939	4526.1390209198
7940	5041.916608810425
7940	5041.916608810425
7941	4779.6759605407715
7941	4779.6759605407715
7942	4685.922622680664
7942	4685.922622680664
7943	4786.096811294556
7943	4786.096811294556
7944	4534.142732620239
7944	4534.142732620239
7945	4783.442735671997
7945	4783.442735671997
7946	4581.669330596924
7946	4581.669330596924
7947	4296.947479248047
7947	4296.947479248047
7948	4593.944072723389
7948	4593.944072723389
7949	4741.070985794067
7949	4741.070985794067
7950	5225.663423538208
7950	5225.663423538208
7951	4677.608013153076
7951	4677.608013153076
7952	4544.075965881348
7952	4544.075965881348
7953	4403.267383575439
7953	4403.267383575439
7954	4823.854207992554
7954	4823.854207992554
7955	4692.542791366577
7955	4692.542791366577
7956	4633.389949798584
7956	4633.389949798584
7957	4625.05841255188
7957	4625.05841255188
7958	4242.471933364868
7958	4242.471933364868
7959	4799.765110015869
7959	4799.765110015869
7960	5338.778257369995
7960	5338.778257369995
7961	4753.270864486694
7961	4753.270864486694
7962	4634.911775588989
7962	4634.911775588989
7963	4883.204221725464
7963	4883.204221725464
7964	4761.749982833862
7964	4761.749982833862
7965	4900.247097015381
7965	4900.247097015381
7966	4911.0541343688965
7966	4911.0541343688965
7967	4799.698352813721
7967	4799.698352813721
7968	4538.978338241577
7968	4538.978338241577
7969	4287.58978843689
7969	4287.58978843689
7970	5427.242755889893
7970	5427.242755889893
7971	4584.17820930481
7971	4584.17820930481
7972	4568.541765213013
7972	4568.541765213013
7973	4361.489057540894
7973	4361.489057540894
7974	4212.64123916626
7974	4212.64123916626
7975	4609.984874725342
7975	4609.984874725342
7976	4331.664562225342
7976	4331.664562225342
7977	4387.858152389526
7977	4387.858152389526
7978	4883.046865463257
7978	4883.046865463257
7979	4656.729698181152
7979	4656.729698181152
7980	4896.681785583496
7980	4896.681785583496
7981	4720.232963562012
7981	4720.232963562012
7982	4623.367786407471
7982	4623.367786407471
7983	4697.893381118774
7983	4697.893381118774
7984	4619.694948196411
7984	4619.694948196411
7985	4401.153802871704
7985	4401.153802871704
7986	4630.430459976196
7986	4630.430459976196
7987	4694.0507888793945
7987	4694.0507888793945
7988	4348.3476638793945
7988	4348.3476638793945
7989	4691.492557525635
7989	4691.492557525635
7990	5347.271680831909
7990	5347.271680831909
7991	4530.942440032959
7991	4530.942440032959
7992	4409.466028213501
7992	4409.466028213501
7993	3478.6720275878906
7993	3478.6720275878906
7994	3167.661428451538
7994	3167.661428451538
7995	3555.370807647705
7995	3555.370807647705
7996	3423.17271232605
7996	3423.17271232605
7997	3185.9445571899414
7997	3185.9445571899414
7998	3234.569787979126
7998	3234.569787979126
7999	3579.716444015503
7999	3579.716444015503
8000	20429.82244491577
8000	20429.82244491577
8001	2292.684316635132
8001	2292.684316635132
8002	3397.550344467163
8002	3397.550344467163
8003	3428.2407760620117
8003	3428.2407760620117
8004	3500.760555267334
8004	3500.760555267334
8005	3235.1183891296387
8005	3235.1183891296387
8006	3428.1277656555176
8006	3428.1277656555176
8007	3574.9001502990723
8007	3574.9001502990723
8008	3505.084753036499
8008	3505.084753036499
8009	3612.0383739471436
8009	3612.0383739471436
8010	4031.350612640381
8010	4031.350612640381
8011	3266.260862350464
8011	3266.260862350464
8012	3594.1896438598633
8012	3594.1896438598633
8013	3180.5365085601807
8013	3180.5365085601807
8014	3614.7303581237793
8014	3614.7303581237793
8015	3444.3981647491455
8015	3444.3981647491455
8016	3467.0262336730957
8016	3467.0262336730957
8017	3136.695146560669
8017	3136.695146560669
8018	3500.1041889190674
8018	3500.1041889190674
8019	3544.747829437256
8019	3544.747829437256
8020	4068.6194896698
8020	4068.6194896698
8021	3255.23042678833
8021	3255.23042678833
8022	3203.840732574463
8022	3203.840732574463
8023	3221.810817718506
8023	3221.810817718506
8024	3464.8077487945557
8024	3464.8077487945557
8025	3439.1634464263916
8025	3439.1634464263916
8026	3387.8769874572754
8026	3387.8769874572754
8027	3123.872756958008
8027	3123.872756958008
8028	3424.2348670959473
8028	3424.2348670959473
8029	3075.1049518585205
8029	3075.1049518585205
8030	4107.978820800781
8030	4107.978820800781
8031	3523.730993270874
8031	3523.730993270874
8032	3235.027313232422
8032	3235.027313232422
8033	3675.096273422241
8033	3675.096273422241
8034	3268.527030944824
8034	3268.527030944824
8035	3180.2937984466553
8035	3180.2937984466553
8036	3541.9259071350098
8036	3541.9259071350098
8037	3293.9233779907227
8037	3293.9233779907227
8038	3555.548906326294
8038	3555.548906326294
8039	3416.8505668640137
8039	3416.8505668640137
8040	4060.213804244995
8040	4060.213804244995
8041	3435.563087463379
8041	3435.563087463379
8042	3735.827684402466
8042	3735.827684402466
8043	3519.9341773986816
8043	3519.9341773986816
8044	3496.2799549102783
8044	3496.2799549102783
8045	3492.248296737671
8045	3492.248296737671
8046	3469.203233718872
8046	3469.203233718872
8047	3500.5950927734375
8047	3500.5950927734375
8048	3195.404529571533
8048	3195.404529571533
8049	3631.0174465179443
8049	3631.0174465179443
8050	3825.634717941284
8050	3825.634717941284
8051	3248.4729290008545
8051	3248.4729290008545
8052	3491.0457134246826
8052	3491.0457134246826
8053	3444.441795349121
8053	3444.441795349121
8054	3644.51003074646
8054	3644.51003074646
8055	3294.456958770752
8055	3294.456958770752
8056	3563.415288925171
8056	3563.415288925171
8057	3562.8767013549805
8057	3562.8767013549805
8058	3802.879810333252
8058	3802.879810333252
8059	3700.455904006958
8059	3700.455904006958
8060	4182.531833648682
8060	4182.531833648682
8061	3507.781744003296
8061	3507.781744003296
8062	3448.0600357055664
8062	3448.0600357055664
8063	3785.5522632598877
8063	3785.5522632598877
8064	3449.252128601074
8064	3449.252128601074
8065	3559.455633163452
8065	3559.455633163452
8066	4028.8352966308594
8066	4028.8352966308594
8067	3136.5084648132324
8067	3136.5084648132324
8068	2605.945825576782
8068	2605.945825576782
8069	3232.673168182373
8069	3232.673168182373
8070	4112.841367721558
8070	4112.841367721558
8071	3436.8896484375
8071	3436.8896484375
8072	3498.047351837158
8072	3498.047351837158
8073	3409.2977046966553
8073	3409.2977046966553
8074	3232.0399284362793
8074	3232.0399284362793
8075	3518.118381500244
8075	3518.118381500244
8076	4441.707134246826
8076	4441.707134246826
8077	4400.639772415161
8077	4400.639772415161
8078	4262.501239776611
8078	4262.501239776611
8079	4747.058629989624
8079	4747.058629989624
8080	4942.536115646362
8080	4942.536115646362
8081	4669.019937515259
8081	4669.019937515259
8082	4358.965158462524
8082	4358.965158462524
8083	4687.240839004517
8083	4687.240839004517
8084	4624.413251876831
8084	4624.413251876831
8085	4775.171756744385
8085	4775.171756744385
8086	4694.008111953735
8086	4694.008111953735
8087	4414.31736946106
8087	4414.31736946106
8088	4710.564851760864
8088	4710.564851760864
8089	4738.764762878418
8089	4738.764762878418
8090	5325.727224349976
8090	5325.727224349976
8091	4492.829084396362
8091	4492.829084396362
8092	4873.628377914429
8092	4873.628377914429
8093	4751.0364055633545
8093	4751.0364055633545
8094	4782.324552536011
8094	4782.324552536011
8095	4937.569856643677
8095	4937.569856643677
8096	4194.674015045166
8096	4194.674015045166
8097	4700.81353187561
8097	4700.81353187561
8098	4782.493352890015
8098	4782.493352890015
8099	4475.707530975342
8099	4475.707530975342
8100	5374.146938323975
8100	5374.146938323975
8101	4767.14015007019
8101	4767.14015007019
8102	4518.573045730591
8102	4518.573045730591
8103	4401.526927947998
8103	4401.526927947998
8104	4521.824359893799
8104	4521.824359893799
8105	4631.164073944092
8105	4631.164073944092
8106	4607.1531772613525
8106	4607.1531772613525
8107	4466.390609741211
8107	4466.390609741211
8108	4708.9574337005615
8108	4708.9574337005615
8109	4667.809724807739
8109	4667.809724807739
8110	5005.85675239563
8110	5005.85675239563
8111	4801.418304443359
8111	4801.418304443359
8112	4687.207221984863
8112	4687.207221984863
8113	4416.1376953125
8113	4416.1376953125
8114	4671.358823776245
8114	4671.358823776245
8115	4523.717164993286
8115	4523.717164993286
8116	4659.197807312012
8116	4659.197807312012
8117	4513.716697692871
8117	4513.716697692871
8118	4765.988826751709
8118	4765.988826751709
8119	4315.203428268433
8119	4315.203428268433
8120	5262.702941894531
8120	5262.702941894531
8121	4694.517135620117
8121	4694.517135620117
8122	4707.230806350708
8122	4707.230806350708
8123	4418.518781661987
8123	4418.518781661987
8124	4290.915489196777
8124	4290.915489196777
8125	4687.017440795898
8125	4687.017440795898
8126	4691.991329193115
8126	4691.991329193115
8127	4156.707286834717
8127	4156.707286834717
8128	4480.35454750061
8128	4480.35454750061
8129	4679.587602615356
8129	4679.587602615356
8130	5249.889850616455
8130	5249.889850616455
8131	4082.6854705810547
8131	4082.6854705810547
8132	4879.312038421631
8132	4879.312038421631
8133	4426.453590393066
8133	4426.453590393066
8134	4755.504608154297
8134	4755.504608154297
8135	4534.727573394775
8135	4534.727573394775
8136	4708.918809890747
8136	4708.918809890747
8137	4710.157632827759
8137	4710.157632827759
8138	4719.109535217285
8138	4719.109535217285
8139	4619.989395141602
8139	4619.989395141602
8140	5433.881998062134
8140	5433.881998062134
8141	4913.041591644287
8141	4913.041591644287
8142	4785.032033920288
8142	4785.032033920288
8143	4737.309455871582
8143	4737.309455871582
8144	4797.718286514282
8144	4797.718286514282
8145	4535.314559936523
8145	4535.314559936523
8146	4459.042072296143
8146	4459.042072296143
8147	4585.630416870117
8147	4585.630416870117
8148	4526.639223098755
8148	4526.639223098755
8149	4533.1480503082275
8149	4533.1480503082275
8150	5486.813545227051
8150	5486.813545227051
8151	4726.718425750732
8151	4726.718425750732
8152	4851.571798324585
8152	4851.571798324585
8153	4817.571640014648
8153	4817.571640014648
8154	4743.415117263794
8154	4743.415117263794
8155	4376.01113319397
8155	4376.01113319397
8156	4741.808891296387
8156	4741.808891296387
8157	4380.63383102417
8157	4380.63383102417
8158	4725.750923156738
8158	4725.750923156738
8159	4813.448429107666
8159	4813.448429107666
8160	5185.586214065552
8160	5185.586214065552
8161	4785.950422286987
8161	4785.950422286987
8162	4761.049270629883
8162	4761.049270629883
8163	4826.056480407715
8163	4826.056480407715
8164	4453.015565872192
8164	4453.015565872192
8165	4721.6956615448
8165	4721.6956615448
8166	4440.543651580811
8166	4440.543651580811
8167	4763.546943664551
8167	4763.546943664551
8168	4899.466037750244
8168	4899.466037750244
8169	4807.380676269531
8169	4807.380676269531
8170	5098.7701416015625
8170	5098.7701416015625
8171	4772.9949951171875
8171	4772.9949951171875
8172	4233.779191970825
8172	4233.779191970825
8173	4337.500810623169
8173	4337.500810623169
8174	4558.420658111572
8174	4558.420658111572
8175	4366.085529327393
8175	4366.085529327393
8176	4537.559270858765
8176	4537.559270858765
8177	4738.933801651001
8177	4738.933801651001
8178	4412.976503372192
8178	4412.976503372192
8179	4731.356620788574
8179	4731.356620788574
8180	5277.3613929748535
8180	5277.3613929748535
8181	4743.175983428955
8181	4743.175983428955
8182	4710.200071334839
8182	4710.200071334839
8183	4753.618001937866
8183	4753.618001937866
8184	4865.684270858765
8184	4865.684270858765
8185	4882.226228713989
8185	4882.226228713989
8186	4717.446804046631
8186	4717.446804046631
8187	4722.465991973877
8187	4722.465991973877
8188	4683.019638061523
8188	4683.019638061523
8189	4550.243139266968
8189	4550.243139266968
8190	5136.34467124939
8190	5136.34467124939
8191	4718.812465667725
8191	4718.812465667725
8192	4399.426460266113
8192	4399.426460266113
8193	4767.070770263672
8193	4767.070770263672
8194	4406.72492980957
8194	4406.72492980957
8195	4737.716197967529
8195	4737.716197967529
8196	4673.743486404419
8196	4673.743486404419
8197	4741.241931915283
8197	4741.241931915283
8198	4912.806749343872
8198	4912.806749343872
8199	4654.562711715698
8199	4654.562711715698
8200	5099.904537200928
8200	5099.904537200928
8201	4192.382335662842
8201	4192.382335662842
8202	4720.991611480713
8202	4720.991611480713
8203	4785.969018936157
8203	4785.969018936157
8204	4683.624029159546
8204	4683.624029159546
8205	4453.305006027222
8205	4453.305006027222
8206	4700.59609413147
8206	4700.59609413147
8207	4371.146440505981
8207	4371.146440505981
8208	4519.991159439087
8208	4519.991159439087
8209	4522.256135940552
8209	4522.256135940552
8210	5235.992431640625
8210	5235.992431640625
8211	4676.986217498779
8211	4676.986217498779
8212	4317.326307296753
8212	4317.326307296753
8213	4755.670785903931
8213	4755.670785903931
8214	4722.095727920532
8214	4722.095727920532
8215	4386.800289154053
8215	4386.800289154053
8216	4464.911699295044
8216	4464.911699295044
8217	4306.431293487549
8217	4306.431293487549
8218	4931.144714355469
8218	4931.144714355469
8219	4758.244276046753
8219	4758.244276046753
8220	5395.444869995117
8220	5395.444869995117
8221	4656.953811645508
8221	4656.953811645508
8222	4735.198974609375
8222	4735.198974609375
8223	4428.1933307647705
8223	4428.1933307647705
8224	4774.013519287109
8224	4774.013519287109
8225	4828.835487365723
8225	4828.835487365723
8226	4481.527328491211
8226	4481.527328491211
8227	4471.486806869507
8227	4471.486806869507
8228	4045.4916954040527
8228	4045.4916954040527
8229	4561.332702636719
8229	4561.332702636719
8230	5120.813846588135
8230	5120.813846588135
8231	4557.131290435791
8231	4557.131290435791
8232	4677.873373031616
8232	4677.873373031616
8233	4791.7234897613525
8233	4791.7234897613525
8234	4383.846998214722
8234	4383.846998214722
8235	4559.525728225708
8235	4559.525728225708
8236	4641.418218612671
8236	4641.418218612671
8237	4352.896928787231
8237	4352.896928787231
8238	4664.52693939209
8238	4664.52693939209
8239	4760.135173797607
8239	4760.135173797607
8240	5376.394748687744
8240	5376.394748687744
8241	4819.785356521606
8241	4819.785356521606
8242	4671.8244552612305
8242	4671.8244552612305
8243	4611.186981201172
8243	4611.186981201172
8244	4346.593618392944
8244	4346.593618392944
8245	4325.457811355591
8245	4325.457811355591
8246	4960.182189941406
8246	4960.182189941406
8247	4727.069139480591
8247	4727.069139480591
8248	4722.069263458252
8248	4722.069263458252
8249	4699.713468551636
8249	4699.713468551636
8250	5024.113655090332
8250	5024.113655090332
8251	4883.42809677124
8251	4883.42809677124
8252	4897.339344024658
8252	4897.339344024658
8253	4290.514707565308
8253	4290.514707565308
8254	4502.838134765625
8254	4502.838134765625
8255	4303.242921829224
8255	4303.242921829224
8256	4732.253789901733
8256	4732.253789901733
8257	4462.090969085693
8257	4462.090969085693
8258	4633.705377578735
8258	4633.705377578735
8259	4871.0832595825195
8259	4871.0832595825195
8260	5392.427921295166
8260	5392.427921295166
8261	4688.199520111084
8261	4688.199520111084
8262	4591.716766357422
8262	4591.716766357422
8263	4662.245512008667
8263	4662.245512008667
8264	4680.697202682495
8264	4680.697202682495
8265	4688.272953033447
8265	4688.272953033447
8266	4607.347249984741
8266	4607.347249984741
8267	4688.679456710815
8267	4688.679456710815
8268	4771.239995956421
8268	4771.239995956421
8269	4704.53143119812
8269	4704.53143119812
8270	5297.187328338623
8270	5297.187328338623
8271	4708.213806152344
8271	4708.213806152344
8272	4703.410863876343
8272	4703.410863876343
8273	4420.887470245361
8273	4420.887470245361
8274	4342.1502113342285
8274	4342.1502113342285
8275	4319.036960601807
8275	4319.036960601807
8276	4477.023363113403
8276	4477.023363113403
8277	4701.0602951049805
8277	4701.0602951049805
8278	4739.767551422119
8278	4739.767551422119
8279	4524.428129196167
8279	4524.428129196167
8280	4680.609941482544
8280	4680.609941482544
8281	4276.904582977295
8281	4276.904582977295
8282	4580.251932144165
8282	4580.251932144165
8283	4746.576547622681
8283	4746.576547622681
8284	4619.591474533081
8284	4619.591474533081
8285	4597.6881980896
8285	4597.6881980896
8286	4666.018486022949
8286	4666.018486022949
8287	4401.3471603393555
8287	4401.3471603393555
8288	4703.446865081787
8288	4703.446865081787
8289	4270.162582397461
8289	4270.162582397461
8290	5215.748310089111
8290	5215.748310089111
8291	4706.592559814453
8291	4706.592559814453
8292	4807.433128356934
8292	4807.433128356934
8293	4658.520698547363
8293	4658.520698547363
8294	4850.664377212524
8294	4850.664377212524
8295	4730.0355434417725
8295	4730.0355434417725
8296	4658.085584640503
8296	4658.085584640503
8297	4623.191595077515
8297	4623.191595077515
8298	4545.232057571411
8298	4545.232057571411
8299	4383.149862289429
8299	4383.149862289429
8300	5301.234006881714
8300	5301.234006881714
8301	4847.244024276733
8301	4847.244024276733
8302	4750.370740890503
8302	4750.370740890503
8303	4762.72988319397
8303	4762.72988319397
8304	4778.116464614868
8304	4778.116464614868
8305	4786.025524139404
8305	4786.025524139404
8306	4423.177719116211
8306	4423.177719116211
8307	3972.708225250244
8307	3972.708225250244
8308	4260.592222213745
8308	4260.592222213745
8309	4579.912424087524
8309	4579.912424087524
8310	4594.120740890503
8310	4594.120740890503
8311	4328.206300735474
8311	4328.206300735474
8312	4531.524896621704
8312	4531.524896621704
8313	4619.272470474243
8313	4619.272470474243
8314	4424.0663051605225
8314	4424.0663051605225
8315	4792.3219203948975
8315	4792.3219203948975
8316	4257.355690002441
8316	4257.355690002441
8317	4696.4356899261475
8317	4696.4356899261475
8318	4690.132141113281
8318	4690.132141113281
8319	4330.013751983643
8319	4330.013751983643
8320	5427.060842514038
8320	5427.060842514038
8321	4474.830865859985
8321	4474.830865859985
8322	4691.394567489624
8322	4691.394567489624
8323	4204.08034324646
8323	4204.08034324646
8324	4255.781888961792
8324	4255.781888961792
8325	4591.353416442871
8325	4591.353416442871
8326	4618.706226348877
8326	4618.706226348877
8327	4656.764984130859
8327	4656.764984130859
8328	4278.782844543457
8328	4278.782844543457
8329	4573.9781856536865
8329	4573.9781856536865
8330	5498.340368270874
8330	5498.340368270874
8331	4343.668222427368
8331	4343.668222427368
8332	4733.133792877197
8332	4733.133792877197
8333	4745.216608047485
8333	4745.216608047485
8334	4367.1276569366455
8334	4367.1276569366455
8335	4739.511966705322
8335	4739.511966705322
8336	4700.609445571899
8336	4700.609445571899
8337	4563.239097595215
8337	4563.239097595215
8338	4693.645715713501
8338	4693.645715713501
8339	4619.8694705963135
8339	4619.8694705963135
8340	5115.449905395508
8340	5115.449905395508
8341	4371.46258354187
8341	4371.46258354187
8342	4208.676338195801
8342	4208.676338195801
8343	4448.19712638855
8343	4448.19712638855
8344	4327.585697174072
8344	4327.585697174072
8345	4232.776880264282
8345	4232.776880264282
8346	4241.994619369507
8346	4241.994619369507
8347	4708.988189697266
8347	4708.988189697266
8348	4562.41774559021
8348	4562.41774559021
8349	4655.854940414429
8349	4655.854940414429
8350	5178.892135620117
8350	5178.892135620117
8351	4686.965703964233
8351	4686.965703964233
8352	4647.233486175537
8352	4647.233486175537
8353	4867.711544036865
8353	4867.711544036865
8354	4327.418804168701
8354	4327.418804168701
8355	4666.1341190338135
8355	4666.1341190338135
8356	4692.037343978882
8356	4692.037343978882
8357	4704.322338104248
8357	4704.322338104248
8358	4726.9041538238525
8358	4726.9041538238525
8359	4466.963291168213
8359	4466.963291168213
8360	5329.704284667969
8360	5329.704284667969
8361	4738.196134567261
8361	4738.196134567261
8362	4950.827121734619
8362	4950.827121734619
8363	4685.8971118927
8363	4685.8971118927
8364	4472.886562347412
8364	4472.886562347412
8365	4459.324836730957
8365	4459.324836730957
8366	4584.822654724121
8366	4584.822654724121
8367	4578.161716461182
8367	4578.161716461182
8368	4594.2487716674805
8368	4594.2487716674805
8369	4319.533824920654
8369	4319.533824920654
8370	5264.003276824951
8370	5264.003276824951
8371	4622.4045753479
8371	4622.4045753479
8372	4403.977394104004
8372	4403.977394104004
8373	4915.031671524048
8373	4915.031671524048
8374	4636.2457275390625
8374	4636.2457275390625
8375	4889.63770866394
8375	4889.63770866394
8376	4627.211570739746
8376	4627.211570739746
8377	4914.125680923462
8377	4914.125680923462
8378	4718.107223510742
8378	4718.107223510742
8379	3323.690414428711
8379	3323.690414428711
8380	4238.145589828491
8380	4238.145589828491
8381	3675.1770973205566
8381	3675.1770973205566
8382	3467.872142791748
8382	3467.872142791748
8383	3557.2214126586914
8383	3557.2214126586914
8384	3217.7813053131104
8384	3217.7813053131104
8385	3950.042724609375
8385	3950.042724609375
8386	3171.1199283599854
8386	3171.1199283599854
8387	3493.3385848999023
8387	3493.3385848999023
8388	3447.127103805542
8388	3447.127103805542
8389	3390.3863430023193
8389	3390.3863430023193
8390	3714.805841445923
8390	3714.805841445923
8391	3253.946304321289
8391	3253.946304321289
8392	3447.0582008361816
8392	3447.0582008361816
8393	3362.0824813842773
8393	3362.0824813842773
8394	3338.2251262664795
8394	3338.2251262664795
8395	3182.293653488159
8395	3182.293653488159
8396	3151.9854068756104
8396	3151.9854068756104
8397	2718.6994552612305
8397	2718.6994552612305
8398	3231.912851333618
8398	3231.912851333618
8399	3158.8706970214844
8399	3158.8706970214844
8400	4070.7929134368896
8400	4070.7929134368896
8401	2905.343770980835
8401	2905.343770980835
8402	3417.8357124328613
8402	3417.8357124328613
8403	2897.9363441467285
8403	2897.9363441467285
8404	3331.993341445923
8404	3331.993341445923
8405	3289.846181869507
8405	3289.846181869507
8406	3530.0607681274414
8406	3530.0607681274414
8407	3191.824436187744
8407	3191.824436187744
8408	3485.8455657958984
8408	3485.8455657958984
8409	3236.7401123046875
8409	3236.7401123046875
8410	4136.305093765259
8410	4136.305093765259
8411	3225.0001430511475
8411	3225.0001430511475
8412	3487.6577854156494
8412	3487.6577854156494
8413	3469.5863723754883
8413	3469.5863723754883
8414	3528.376817703247
8414	3528.376817703247
8415	3469.7911739349365
8415	3469.7911739349365
8416	3231.8930625915527
8416	3231.8930625915527
8417	3494.579553604126
8417	3494.579553604126
8418	3478.9392948150635
8418	3478.9392948150635
8419	3479.727029800415
8419	3479.727029800415
8420	4067.9264068603516
8420	4067.9264068603516
8421	3245.1770305633545
8421	3245.1770305633545
8422	3344.437837600708
8422	3344.437837600708
8423	3470.7911014556885
8423	3470.7911014556885
8424	3404.6952724456787
8424	3404.6952724456787
8425	3509.03058052063
8425	3509.03058052063
8426	3550.105094909668
8426	3550.105094909668
8427	3285.0887775421143
8427	3285.0887775421143
8428	3469.172477722168
8428	3469.172477722168
8429	3462.0187282562256
8429	3462.0187282562256
8430	4151.374816894531
8430	4151.374816894531
8431	3367.1019077301025
8431	3367.1019077301025
8432	3321.6617107391357
8432	3321.6617107391357
8433	3384.340286254883
8433	3384.340286254883
8434	3429.9888610839844
8434	3429.9888610839844
8435	3534.571409225464
8435	3534.571409225464
8436	3341.9342041015625
8436	3341.9342041015625
8437	3524.693250656128
8437	3524.693250656128
8438	3475.5749702453613
8438	3475.5749702453613
8439	3240.1013374328613
8439	3240.1013374328613
8440	4066.1206245422363
8440	4066.1206245422363
8441	3301.746129989624
8441	3301.746129989624
8442	3156.616449356079
8442	3156.616449356079
8443	3478.7440299987793
8443	3478.7440299987793
8444	3417.734384536743
8444	3417.734384536743
8445	3508.6233615875244
8445	3508.6233615875244
8446	3199.2228031158447
8446	3199.2228031158447
8447	3561.755418777466
8447	3561.755418777466
8448	3630.368709564209
8448	3630.368709564209
8449	3517.8661346435547
8449	3517.8661346435547
8450	4163.937330245972
8450	4163.937330245972
8451	3624.210834503174
8451	3624.210834503174
8452	3428.4987449645996
8452	3428.4987449645996
8453	3573.5297203063965
8453	3573.5297203063965
8454	3506.024122238159
8454	3506.024122238159
8455	3191.715717315674
8455	3191.715717315674
8456	3172.2137928009033
8456	3172.2137928009033
8457	3601.1736392974854
8457	3601.1736392974854
8458	3541.999101638794
8458	3541.999101638794
8459	3385.688543319702
8459	3385.688543319702
8460	3894.1149711608887
8460	3894.1149711608887
8461	3260.592460632324
8461	3260.592460632324
8462	3197.5924968719482
8462	3197.5924968719482
8463	3207.6900005340576
8463	3207.6900005340576
8464	3542.3409938812256
8464	3542.3409938812256
8465	3499.967336654663
8465	3499.967336654663
8466	3457.6807022094727
8466	3457.6807022094727
8467	3358.1368923187256
8467	3358.1368923187256
8468	3458.282947540283
8468	3458.282947540283
8469	3201.7319202423096
8469	3201.7319202423096
8470	4021.5132236480713
8470	4021.5132236480713
8471	3150.554418563843
8471	3150.554418563843
8472	3426.766872406006
8472	3426.766872406006
8473	3537.4107360839844
8473	3537.4107360839844
8474	3427.7281761169434
8474	3427.7281761169434
8475	3451.672077178955
8475	3451.672077178955
8476	3532.728433609009
8476	3532.728433609009
8477	3700.4799842834473
8477	3700.4799842834473
8478	3201.751947402954
8478	3201.751947402954
8479	2537.555456161499
8479	2537.555456161499
8480	4080.5437564849854
8480	4080.5437564849854
8481	3341.2277698516846
8481	3341.2277698516846
8482	3591.700792312622
8482	3591.700792312622
8483	4084.247350692749
8483	4084.247350692749
8484	4440.051317214966
8484	4440.051317214966
8485	4493.327617645264
8485	4493.327617645264
8486	4388.6284828186035
8486	4388.6284828186035
8487	4415.513277053833
8487	4415.513277053833
8488	4355.90124130249
8488	4355.90124130249
8489	4618.0055141448975
8489	4618.0055141448975
8490	5223.980665206909
8490	5223.980665206909
8491	4651.038885116577
8491	4651.038885116577
8492	4821.503162384033
8492	4821.503162384033
8493	4357.090950012207
8493	4357.090950012207
8494	4781.449556350708
8494	4781.449556350708
8495	4694.955825805664
8495	4694.955825805664
8496	4861.777544021606
8496	4861.777544021606
8497	4411.051988601685
8497	4411.051988601685
8498	4700.833797454834
8498	4700.833797454834
8499	4726.06635093689
8499	4726.06635093689
8500	17637.355089187622
8500	17637.355089187622
8501	4761.368274688721
8501	4761.368274688721
8502	4682.671070098877
8502	4682.671070098877
8503	4637.972116470337
8503	4637.972116470337
8504	4296.489238739014
8504	4296.489238739014
8505	4359.75193977356
8505	4359.75193977356
8506	4678.614616394043
8506	4678.614616394043
8507	4405.915260314941
8507	4405.915260314941
8508	4745.364665985107
8508	4745.364665985107
8509	4720.010280609131
8509	4720.010280609131
8510	5360.682725906372
8510	5360.682725906372
8511	4751.5082359313965
8511	4751.5082359313965
8512	4774.216413497925
8512	4774.216413497925
8513	5048.968553543091
8513	5048.968553543091
8514	4423.346281051636
8514	4423.346281051636
8515	4795.294761657715
8515	4795.294761657715
8516	4934.360980987549
8516	4934.360980987549
8517	4796.881198883057
8517	4796.881198883057
8518	4796.252012252808
8518	4796.252012252808
8519	4531.288862228394
8519	4531.288862228394
8520	4691.664934158325
8520	4691.664934158325
8521	4571.814060211182
8521	4571.814060211182
8522	4678.547620773315
8522	4678.547620773315
8523	4244.150876998901
8523	4244.150876998901
8524	4571.470737457275
8524	4571.470737457275
8525	4617.063045501709
8525	4617.063045501709
8526	4347.546815872192
8526	4347.546815872192
8527	4392.203092575073
8527	4392.203092575073
8528	4346.8992710113525
8528	4346.8992710113525
8529	4705.174446105957
8529	4705.174446105957
8530	5163.35129737854
8530	5163.35129737854
8531	4395.849943161011
8531	4395.849943161011
8532	4711.959362030029
8532	4711.959362030029
8533	4465.2063846588135
8533	4465.2063846588135
8534	4630.1751136779785
8534	4630.1751136779785
8535	4619.038820266724
8535	4619.038820266724
8536	4728.165864944458
8536	4728.165864944458
8537	4614.188194274902
8537	4614.188194274902
8538	4861.03367805481
8538	4861.03367805481
8539	4498.389005661011
8539	4498.389005661011
8540	5338.590860366821
8540	5338.590860366821
8541	4323.1000900268555
8541	4323.1000900268555
8542	4803.938150405884
8542	4803.938150405884
8543	4614.82310295105
8543	4614.82310295105
8544	4942.208051681519
8544	4942.208051681519
8545	4783.863067626953
8545	4783.863067626953
8546	4324.926137924194
8546	4324.926137924194
8547	4538.565397262573
8547	4538.565397262573
8548	4514.639139175415
8548	4514.639139175415
8549	4755.928993225098
8549	4755.928993225098
8550	5053.227186203003
8550	5053.227186203003
8551	4412.426948547363
8551	4412.426948547363
8552	4670.372247695923
8552	4670.372247695923
8553	4635.129690170288
8553	4635.129690170288
8554	4653.9740562438965
8554	4653.9740562438965
8555	4683.895826339722
8555	4683.895826339722
8556	4593.77908706665
8556	4593.77908706665
8557	4728.220462799072
8557	4728.220462799072
8558	4617.211818695068
8558	4617.211818695068
8559	4683.750152587891
8559	4683.750152587891
8560	5275.355100631714
8560	5275.355100631714
8561	4711.359977722168
8561	4711.359977722168
8562	4700.644016265869
8562	4700.644016265869
8563	4496.025800704956
8563	4496.025800704956
8564	4728.213310241699
8564	4728.213310241699
8565	4859.659433364868
8565	4859.659433364868
8566	4745.2428340911865
8566	4745.2428340911865
8567	4337.616682052612
8567	4337.616682052612
8568	4415.42911529541
8568	4415.42911529541
8569	4638.999938964844
8569	4638.999938964844
8570	4939.0058517456055
8570	4939.0058517456055
8571	4789.206981658936
8571	4789.206981658936
8572	4717.4437046051025
8572	4717.4437046051025
8573	4668.448686599731
8573	4668.448686599731
8574	4640.379190444946
8574	4640.379190444946
8575	4334.968328475952
8575	4334.968328475952
8576	4613.223075866699
8576	4613.223075866699
8577	4881.44850730896
8577	4881.44850730896
8578	4669.236421585083
8578	4669.236421585083
8579	4661.098480224609
8579	4661.098480224609
8580	4935.108184814453
8580	4935.108184814453
8581	4337.656021118164
8581	4337.656021118164
8582	4353.439807891846
8582	4353.439807891846
8583	4739.3858432769775
8583	4739.3858432769775
8584	4607.894420623779
8584	4607.894420623779
8585	4695.908546447754
8585	4695.908546447754
8586	4698.357582092285
8586	4698.357582092285
8587	4532.485246658325
8587	4532.485246658325
8588	4457.615613937378
8588	4457.615613937378
8589	4675.649166107178
8589	4675.649166107178
8590	4954.957485198975
8590	4954.957485198975
8591	4781.944513320923
8591	4781.944513320923
8592	4784.409284591675
8592	4784.409284591675
8593	4470.2653884887695
8593	4470.2653884887695
8594	4483.866930007935
8594	4483.866930007935
8595	4425.830125808716
8595	4425.830125808716
8596	4693.599462509155
8596	4693.599462509155
8597	4783.318281173706
8597	4783.318281173706
8598	3784.914493560791
8598	3784.914493560791
8599	4240.62705039978
8599	4240.62705039978
8600	5413.123607635498
8600	5413.123607635498
8601	4506.89435005188
8601	4506.89435005188
8602	4469.074010848999
8602	4469.074010848999
8603	4538.656711578369
8603	4538.656711578369
8604	4754.453897476196
8604	4754.453897476196
8605	4563.322067260742
8605	4563.322067260742
8606	4641.0276889801025
8606	4641.0276889801025
8607	4758.555173873901
8607	4758.555173873901
8608	4747.3273277282715
8608	4747.3273277282715
8609	4568.122148513794
8609	4568.122148513794
8610	5273.3752727508545
8610	5273.3752727508545
8611	4754.1961669921875
8611	4754.1961669921875
8612	4853.979825973511
8612	4853.979825973511
8613	4693.727731704712
8613	4693.727731704712
8614	4737.121105194092
8614	4737.121105194092
8615	4767.880439758301
8615	4767.880439758301
8616	4650.140285491943
8616	4650.140285491943
8617	4735.187530517578
8617	4735.187530517578
8618	4997.95937538147
8618	4997.95937538147
8619	4758.018255233765
8619	4758.018255233765
8620	5475.6317138671875
8620	5475.6317138671875
8621	4785.447835922241
8621	4785.447835922241
8622	4598.051309585571
8622	4598.051309585571
8623	4755.08975982666
8623	4755.08975982666
8624	4676.9914627075195
8624	4676.9914627075195
8625	4742.39706993103
8625	4742.39706993103
8626	4445.694446563721
8626	4445.694446563721
8627	4549.093723297119
8627	4549.093723297119
8628	4529.7417640686035
8628	4529.7417640686035
8629	4600.193738937378
8629	4600.193738937378
8630	5333.88614654541
8630	5333.88614654541
8631	4150.766849517822
8631	4150.766849517822
8632	4241.427898406982
8632	4241.427898406982
8633	4590.135812759399
8633	4590.135812759399
8634	4654.520273208618
8634	4654.520273208618
8635	4052.281618118286
8635	4052.281618118286
8636	4019.5274353027344
8636	4019.5274353027344
8637	4355.4527759552
8637	4355.4527759552
8638	4672.400951385498
8638	4672.400951385498
8639	4729.500293731689
8639	4729.500293731689
8640	5227.604150772095
8640	5227.604150772095
8641	4779.4129848480225
8641	4779.4129848480225
8642	4457.627773284912
8642	4457.627773284912
8643	4892.761468887329
8643	4892.761468887329
8644	4769.6380615234375
8644	4769.6380615234375
8645	4420.374155044556
8645	4420.374155044556
8646	4952.864646911621
8646	4952.864646911621
8647	4994.698524475098
8647	4994.698524475098
8648	5005.960464477539
8648	5005.960464477539
8649	4886.599540710449
8649	4886.599540710449
8650	5526.777982711792
8650	5526.777982711792
8651	5007.705450057983
8651	5007.705450057983
8652	5004.834413528442
8652	5004.834413528442
8653	5041.99743270874
8653	5041.99743270874
8654	4660.685300827026
8654	4660.685300827026
8655	4842.277526855469
8655	4842.277526855469
8656	4505.191802978516
8656	4505.191802978516
8657	4843.876361846924
8657	4843.876361846924
8658	4865.960359573364
8658	4865.960359573364
8659	4933.211088180542
8659	4933.211088180542
8660	5470.756769180298
8660	5470.756769180298
8661	5065.227270126343
8661	5065.227270126343
8662	4922.038793563843
8662	4922.038793563843
8663	4567.434549331665
8663	4567.434549331665
8664	4682.057857513428
8664	4682.057857513428
8665	4788.679838180542
8665	4788.679838180542
8666	4837.843418121338
8666	4837.843418121338
8667	4450.719594955444
8667	4450.719594955444
8668	4404.18815612793
8668	4404.18815612793
8669	4700.083255767822
8669	4700.083255767822
8670	5285.9344482421875
8670	5285.9344482421875
8671	4909.410715103149
8671	4909.410715103149
8672	4354.209184646606
8672	4354.209184646606
8673	4472.437858581543
8673	4472.437858581543
8674	4821.922540664673
8674	4821.922540664673
8675	4873.921632766724
8675	4873.921632766724
8676	4747.057199478149
8676	4747.057199478149
8677	4516.027212142944
8677	4516.027212142944
8678	4510.409355163574
8678	4510.409355163574
8679	4759.259462356567
8679	4759.259462356567
8680	5364.865064620972
8680	5364.865064620972
8681	4475.663423538208
8681	4475.663423538208
8682	4566.832542419434
8682	4566.832542419434
8683	4595.178127288818
8683	4595.178127288818
8684	4336.099863052368
8684	4336.099863052368
8685	4563.686370849609
8685	4563.686370849609
8686	4373.272180557251
8686	4373.272180557251
8687	4658.032178878784
8687	4658.032178878784
8688	4687.434911727905
8688	4687.434911727905
8689	4783.913135528564
8689	4783.913135528564
8690	5372.7216720581055
8690	5372.7216720581055
8691	4860.454082489014
8691	4860.454082489014
8692	4855.3571701049805
8692	4855.3571701049805
8693	4095.367670059204
8693	4095.367670059204
8694	4229.76541519165
8694	4229.76541519165
8695	4712.011337280273
8695	4712.011337280273
8696	4349.624872207642
8696	4349.624872207642
8697	4704.272031784058
8697	4704.272031784058
8698	4623.696327209473
8698	4623.696327209473
8699	4787.113428115845
8699	4787.113428115845
8700	5517.875671386719
8700	5517.875671386719
8701	4737.990617752075
8701	4737.990617752075
8702	4890.22421836853
8702	4890.22421836853
8703	4737.980365753174
8703	4737.980365753174
8704	4846.398830413818
8704	4846.398830413818
8705	4502.077341079712
8705	4502.077341079712
8706	4293.609857559204
8706	4293.609857559204
8707	4360.551834106445
8707	4360.551834106445
8708	4312.747955322266
8708	4312.747955322266
8709	4290.954351425171
8709	4290.954351425171
8710	5387.640953063965
8710	5387.640953063965
8711	4719.384431838989
8711	4719.384431838989
8712	4719.696044921875
8712	4719.696044921875
8713	4811.793565750122
8713	4811.793565750122
8714	4753.177165985107
8714	4753.177165985107
8715	5135.6611251831055
8715	5135.6611251831055
8716	4786.5400314331055
8716	4786.5400314331055
8717	5878.232955932617
8717	5878.232955932617
8718	4137.737512588501
8718	4137.737512588501
8719	5306.165456771851
8719	5306.165456771851
8720	6576.333522796631
8720	6576.333522796631
8721	5365.883588790894
8721	5365.883588790894
8722	5797.9302406311035
8722	5797.9302406311035
8723	6185.908555984497
8723	6185.908555984497
8724	5483.370065689087
8724	5483.370065689087
8725	5315.047025680542
8725	5315.047025680542
8726	6390.941143035889
8726	6390.941143035889
8727	6318.045616149902
8727	6318.045616149902
8728	6325.332403182983
8728	6325.332403182983
8729	5511.043548583984
8729	5511.043548583984
8730	7937.59822845459
8730	7937.59822845459
8731	6012.0649337768555
8731	6012.0649337768555
8732	6296.794176101685
8732	6296.794176101685
8733	6123.283863067627
8733	6123.283863067627
8734	5845.901012420654
8734	5845.901012420654
8735	5514.44673538208
8735	5514.44673538208
8736	5743.745803833008
8736	5743.745803833008
8737	5763.8280391693115
8737	5763.8280391693115
8738	5620.163917541504
8738	5620.163917541504
8739	5913.795948028564
8739	5913.795948028564
8740	6987.940549850464
8740	6987.940549850464
8741	5295.0286865234375
8741	5295.0286865234375
8742	5788.267135620117
8742	5788.267135620117
8743	5492.821455001831
8743	5492.821455001831
8744	5584.029197692871
8744	5584.029197692871
8745	6858.3855628967285
8745	6858.3855628967285
8746	5026.64589881897
8746	5026.64589881897
8747	6267.398357391357
8747	6267.398357391357
8748	5712.076902389526
8748	5712.076902389526
8749	5996.3202476501465
8749	5996.3202476501465
8750	6991.297245025635
8750	6991.297245025635
8751	6369.929552078247
8751	6369.929552078247
8752	5954.243421554565
8752	5954.243421554565
8753	6020.509719848633
8753	6020.509719848633
8754	5991.440534591675
8754	5991.440534591675
8755	5311.4635944366455
8755	5311.4635944366455
8756	5433.839321136475
8756	5433.839321136475
8757	5458.351135253906
8757	5458.351135253906
8758	6218.224287033081
8758	6218.224287033081
8759	5538.777589797974
8759	5538.777589797974
8760	7565.742969512939
8760	7565.742969512939
8761	5700.096130371094
8761	5700.096130371094
8762	5811.203956604004
8762	5811.203956604004
8763	5855.353832244873
8763	5855.353832244873
8764	5639.446496963501
8764	5639.446496963501
8765	5540.607452392578
8765	5540.607452392578
8766	3175.7771968841553
8766	3175.7771968841553
8767	3867.5074577331543
8767	3867.5074577331543
8768	4351.683855056763
8768	4351.683855056763
8769	4664.742708206177
8769	4664.742708206177
8770	5419.743537902832
8770	5419.743537902832
8771	4406.159400939941
8771	4406.159400939941
8772	4269.96374130249
8772	4269.96374130249
8773	3091.447114944458
8773	3091.447114944458
8774	3892.704963684082
8774	3892.704963684082
8775	4216.172218322754
8775	4216.172218322754
8776	4301.635980606079
8776	4301.635980606079
8777	3815.136432647705
8777	3815.136432647705
8778	3872.497320175171
8778	3872.497320175171
8779	4163.640737533569
8779	4163.640737533569
8780	5412.054061889648
8780	5412.054061889648
8781	4825.8607387542725
8781	4825.8607387542725
8782	4469.874858856201
8782	4469.874858856201
8783	3849.8470783233643
8783	3849.8470783233643
8784	3206.064462661743
8784	3206.064462661743
8785	4260.694980621338
8785	4260.694980621338
8786	4658.003568649292
8786	4658.003568649292
8787	4074.131488800049
8787	4074.131488800049
8788	3274.8284339904785
8788	3274.8284339904785
8789	4207.5817584991455
8789	4207.5817584991455
8790	5188.889980316162
8790	5188.889980316162
8791	3783.3216190338135
8791	3783.3216190338135
8792	3686.1319541931152
8792	3686.1319541931152
8793	3381.8798065185547
8793	3381.8798065185547
8794	4297.93906211853
8794	4297.93906211853
8795	3390.605688095093
8795	3390.605688095093
8796	4163.033008575439
8796	4163.033008575439
8797	4135.437488555908
8797	4135.437488555908
8798	3905.4832458496094
8798	3905.4832458496094
8799	4661.517143249512
8799	4661.517143249512
8800	5117.620229721069
8800	5117.620229721069
8801	4875.619411468506
8801	4875.619411468506
8802	4637.665033340454
8802	4637.665033340454
8803	4472.111940383911
8803	4472.111940383911
8804	3422.595977783203
8804	3422.595977783203
8805	3321.8257427215576
8805	3321.8257427215576
8806	2910.5448722839355
8806	2910.5448722839355
8807	3805.9070110321045
8807	3805.9070110321045
8808	4269.113063812256
8808	4269.113063812256
8809	4471.742391586304
8809	4471.742391586304
8810	4742.70486831665
8810	4742.70486831665
8811	4100.648641586304
8811	4100.648641586304
8812	4005.3164958953857
8812	4005.3164958953857
8813	4379.93311882019
8813	4379.93311882019
8814	4719.820022583008
8814	4719.820022583008
8815	3289.457082748413
8815	3289.457082748413
8816	4199.724435806274
8816	4199.724435806274
8817	3149.075984954834
8817	3149.075984954834
8818	4293.758869171143
8818	4293.758869171143
8819	3824.23996925354
8819	3824.23996925354
8820	4734.570026397705
8820	4734.570026397705
8821	3470.721483230591
8821	3470.721483230591
8822	4189.2499923706055
8822	4189.2499923706055
8823	3559.3044757843018
8823	3559.3044757843018
8824	4523.809909820557
8824	4523.809909820557
8825	4175.281524658203
8825	4175.281524658203
8826	4852.971315383911
8826	4852.971315383911
8827	4080.0082683563232
8827	4080.0082683563232
8828	4441.754102706909
8828	4441.754102706909
8829	4090.9485816955566
8829	4090.9485816955566
8830	5176.38373374939
8830	5176.38373374939
8831	2822.3350048065186
8831	2822.3350048065186
8832	4691.010475158691
8832	4691.010475158691
8833	4206.527948379517
8833	4206.527948379517
8834	3738.5287284851074
8834	3738.5287284851074
8835	4116.718053817749
8835	4116.718053817749
8836	4033.193349838257
8836	4033.193349838257
8837	3330.933094024658
8837	3330.933094024658
8838	4280.418872833252
8838	4280.418872833252
8839	4177.409887313843
8839	4177.409887313843
8840	4142.420768737793
8840	4142.420768737793
8841	4970.0329303741455
8841	4970.0329303741455
8842	5006.126880645752
8842	5006.126880645752
8843	5314.66007232666
8843	5314.66007232666
8844	5515.490770339966
8844	5515.490770339966
8845	5134.171962738037
8845	5134.171962738037
8846	5277.119159698486
8846	5277.119159698486
8847	5459.0744972229
8847	5459.0744972229
8848	5322.237253189087
8848	5322.237253189087
8849	5462.527513504028
8849	5462.527513504028
8850	6182.4939250946045
8850	6182.4939250946045
8851	5292.112112045288
8851	5292.112112045288
8852	5230.632066726685
8852	5230.632066726685
8853	5328.31072807312
8853	5328.31072807312
8854	5347.281455993652
8854	5347.281455993652
8855	5170.059680938721
8855	5170.059680938721
8856	5336.591958999634
8856	5336.591958999634
8857	4531.611204147339
8857	4531.611204147339
8858	5871.105909347534
8858	5871.105909347534
8859	6022.07612991333
8859	6022.07612991333
8860	6736.962556838989
8860	6736.962556838989
8861	5672.767162322998
8861	5672.767162322998
8862	5281.752109527588
8862	5281.752109527588
8863	5226.98187828064
8863	5226.98187828064
8864	4834.943771362305
8864	4834.943771362305
8865	5047.658205032349
8865	5047.658205032349
8866	5431.736946105957
8866	5431.736946105957
8867	5139.8022174835205
8867	5139.8022174835205
8868	5472.849369049072
8868	5472.849369049072
8869	5645.559072494507
8869	5645.559072494507
8870	6439.805269241333
8870	6439.805269241333
8871	5548.5217571258545
8871	5548.5217571258545
8872	5482.854843139648
8872	5482.854843139648
8873	6151.553392410278
8873	6151.553392410278
8874	5411.047697067261
8874	5411.047697067261
8875	5589.967727661133
8875	5589.967727661133
8876	6168.988943099976
8876	6168.988943099976
8877	5909.407377243042
8877	5909.407377243042
8878	5379.085540771484
8878	5379.085540771484
8879	5444.4708824157715
8879	5444.4708824157715
8880	6493.189334869385
8880	6493.189334869385
8881	5649.169206619263
8881	5649.169206619263
8882	4981.069326400757
8882	4981.069326400757
8883	4791.664838790894
8883	4791.664838790894
8884	4697.702884674072
8884	4697.702884674072
8885	5034.890413284302
8885	5034.890413284302
8886	5000.655889511108
8886	5000.655889511108
8887	5784.115552902222
8887	5784.115552902222
8888	5217.039108276367
8888	5217.039108276367
8889	5229.41517829895
8889	5229.41517829895
8890	6357.406377792358
8890	6357.406377792358
8891	5589.903116226196
8891	5589.903116226196
8892	4964.666128158569
8892	4964.666128158569
8893	5192.525148391724
8893	5192.525148391724
8894	5008.5930824279785
8894	5008.5930824279785
8895	5153.968095779419
8895	5153.968095779419
8896	5008.485555648804
8896	5008.485555648804
8897	4425.711870193481
8897	4425.711870193481
8898	4854.053974151611
8898	4854.053974151611
8899	5285.845994949341
8899	5285.845994949341
8900	5726.6435623168945
8900	5726.6435623168945
8901	5374.644994735718
8901	5374.644994735718
8902	5527.279853820801
8902	5527.279853820801
8903	5331.563711166382
8903	5331.563711166382
8904	4798.4795570373535
8904	4798.4795570373535
8905	4754.0411949157715
8905	4754.0411949157715
8906	4871.191740036011
8906	4871.191740036011
8907	5586.470365524292
8907	5586.470365524292
8908	4956.773281097412
8908	4956.773281097412
8909	4968.11056137085
8909	4968.11056137085
8910	6217.385768890381
8910	6217.385768890381
8911	5418.205976486206
8911	5418.205976486206
8912	5402.008771896362
8912	5402.008771896362
8913	5004.591941833496
8913	5004.591941833496
8914	4746.780872344971
8914	4746.780872344971
8915	5328.667640686035
8915	5328.667640686035
8916	5084.223985671997
8916	5084.223985671997
8917	5387.33696937561
8917	5387.33696937561
8918	5176.897764205933
8918	5176.897764205933
8919	4804.495811462402
8919	4804.495811462402
8920	5902.790784835815
8920	5902.790784835815
8921	5293.402433395386
8921	5293.402433395386
8922	5298.9630699157715
8922	5298.9630699157715
8923	5344.421148300171
8923	5344.421148300171
8924	5106.554269790649
8924	5106.554269790649
8925	4442.282676696777
8925	4442.282676696777
8926	5721.499443054199
8926	5721.499443054199
8927	5554.567813873291
8927	5554.567813873291
8928	4518.526077270508
8928	4518.526077270508
8929	4986.60135269165
8929	4986.60135269165
8930	5732.01060295105
8930	5732.01060295105
8931	4505.885124206543
8931	4505.885124206543
8932	5431.642532348633
8932	5431.642532348633
8933	5139.681339263916
8933	5139.681339263916
8934	5114.509344100952
8934	5114.509344100952
8935	5152.815341949463
8935	5152.815341949463
8936	4764.467000961304
8936	4764.467000961304
8937	5094.658374786377
8937	5094.658374786377
8938	5198.437213897705
8938	5198.437213897705
8939	3494.248390197754
8939	3494.248390197754
8940	6409.846782684326
8940	6409.846782684326
8941	5219.085454940796
8941	5219.085454940796
8942	5360.770463943481
8942	5360.770463943481
8943	4842.334270477295
8943	4842.334270477295
8944	4690.402507781982
8944	4690.402507781982
8945	5509.756088256836
8945	5509.756088256836
8946	4679.974555969238
8946	4679.974555969238
8947	5980.977535247803
8947	5980.977535247803
8948	5377.009868621826
8948	5377.009868621826
8949	5275.162696838379
8949	5275.162696838379
8950	5826.392650604248
8950	5826.392650604248
8951	5365.093231201172
8951	5365.093231201172
8952	4898.02098274231
8952	4898.02098274231
8953	5005.102634429932
8953	5005.102634429932
8954	4657.38582611084
8954	4657.38582611084
8955	4902.456760406494
8955	4902.456760406494
8956	3904.8123359680176
8956	3904.8123359680176
8957	5064.647436141968
8957	5064.647436141968
8958	4941.909551620483
8958	4941.909551620483
8959	5013.7269496917725
8959	5013.7269496917725
8960	5644.999742507935
8960	5644.999742507935
8961	4969.79022026062
8961	4969.79022026062
8962	4790.24600982666
8962	4790.24600982666
8963	4891.396760940552
8963	4891.396760940552
8964	4667.497873306274
8964	4667.497873306274
8965	4958.718299865723
8965	4958.718299865723
8966	5045.607805252075
8966	5045.607805252075
8967	4850.563287734985
8967	4850.563287734985
8968	4754.400968551636
8968	4754.400968551636
8969	5595.583200454712
8969	5595.583200454712
8970	5950.321912765503
8970	5950.321912765503
8971	4913.447380065918
8971	4913.447380065918
8972	5145.38311958313
8972	5145.38311958313
8973	4972.486972808838
8973	4972.486972808838
8974	4956.119775772095
8974	4956.119775772095
8975	4938.506364822388
8975	4938.506364822388
8976	4746.256113052368
8976	4746.256113052368
8977	5083.799362182617
8977	5083.799362182617
8978	5336.2627029418945
8978	5336.2627029418945
8979	4788.757562637329
8979	4788.757562637329
8980	5489.302158355713
8980	5489.302158355713
8981	4718.838214874268
8981	4718.838214874268
8982	4661.302328109741
8982	4661.302328109741
8983	4763.246297836304
8983	4763.246297836304
8984	5439.02850151062
8984	5439.02850151062
8985	4456.875801086426
8985	4456.875801086426
8986	4909.99436378479
8986	4909.99436378479
8987	4897.833824157715
8987	4897.833824157715
8988	5104.263067245483
8988	5104.263067245483
8989	4497.471809387207
8989	4497.471809387207
8990	5318.91655921936
8990	5318.91655921936
8991	4739.968299865723
8991	4739.968299865723
8992	4916.756868362427
8992	4916.756868362427
8993	4613.490581512451
8993	4613.490581512451
8994	4955.3773403167725
8994	4955.3773403167725
8995	5214.372158050537
8995	5214.372158050537
8996	5187.406301498413
8996	5187.406301498413
8997	5189.562082290649
8997	5189.562082290649
8998	4885.334491729736
8998	4885.334491729736
8999	4970.629453659058
8999	4970.629453659058
9000	27239.17031288147
9000	27239.17031288147
9001	5698.869228363037
9001	5698.869228363037
9002	4780.360460281372
9002	4780.360460281372
9003	4995.633840560913
9003	4995.633840560913
9004	5154.79850769043
9004	5154.79850769043
9005	5289.923667907715
9005	5289.923667907715
9006	5256.373882293701
9006	5256.373882293701
9007	4932.811975479126
9007	4932.811975479126
9008	5359.771013259888
9008	5359.771013259888
9009	4382.807493209839
9009	4382.807493209839
9010	5838.089942932129
9010	5838.089942932129
9011	4692.662715911865
9011	4692.662715911865
9012	4320.753812789917
9012	4320.753812789917
9013	4544.081449508667
9013	4544.081449508667
9014	3502.5174617767334
9014	3502.5174617767334
9015	4319.72861289978
9015	4319.72861289978
9016	4576.477766036987
9016	4576.477766036987
9017	3828.625440597534
9017	3828.625440597534
9018	4993.057727813721
9018	4993.057727813721
9019	4202.866792678833
9019	4202.866792678833
9020	5492.943525314331
9020	5492.943525314331
9021	4844.772100448608
9021	4844.772100448608
9022	4481.241941452026
9022	4481.241941452026
9023	4668.105840682983
9023	4668.105840682983
9024	4977.637529373169
9024	4977.637529373169
9025	4863.899946212769
9025	4863.899946212769
9026	4292.926549911499
9026	4292.926549911499
9027	4676.164388656616
9027	4676.164388656616
9028	5057.03592300415
9028	5057.03592300415
9029	4963.053941726685
9029	4963.053941726685
9030	5877.2618770599365
9030	5877.2618770599365
9031	4959.316968917847
9031	4959.316968917847
9032	5013.144254684448
9032	5013.144254684448
9033	5279.890775680542
9033	5279.890775680542
9034	4812.1888637542725
9034	4812.1888637542725
9035	4929.804086685181
9035	4929.804086685181
9036	4793.01118850708
9036	4793.01118850708
9037	4875.622272491455
9037	4875.622272491455
9038	5585.874319076538
9038	5585.874319076538
9039	4473.383188247681
9039	4473.383188247681
9040	5643.67413520813
9040	5643.67413520813
9041	4620.18346786499
9041	4620.18346786499
9042	4255.006790161133
9042	4255.006790161133
9043	4658.996343612671
9043	4658.996343612671
9044	4505.398511886597
9044	4505.398511886597
9045	4583.196401596069
9045	4583.196401596069
9046	4349.678039550781
9046	4349.678039550781
9047	4851.324081420898
9047	4851.324081420898
9048	4844.885587692261
9048	4844.885587692261
9049	4593.942403793335
9049	4593.942403793335
9050	5832.308053970337
9050	5832.308053970337
9051	5159.703016281128
9051	5159.703016281128
9052	5106.42671585083
9052	5106.42671585083
9053	4972.273826599121
9053	4972.273826599121
9054	5248.198747634888
9054	5248.198747634888
9055	5137.92872428894
9055	5137.92872428894
9056	4589.816570281982
9056	4589.816570281982
9057	4955.788373947144
9057	4955.788373947144
9058	4593.551158905029
9058	4593.551158905029
9059	4911.562442779541
9059	4911.562442779541
9060	5097.703695297241
9060	5097.703695297241
9061	4443.187236785889
9061	4443.187236785889
9062	4775.129795074463
9062	4775.129795074463
9063	5050.7261753082275
9063	5050.7261753082275
9064	5065.7525062561035
9064	5065.7525062561035
9065	4753.999948501587
9065	4753.999948501587
9066	4857.362747192383
9066	4857.362747192383
9067	4842.699766159058
9067	4842.699766159058
9068	4972.616910934448
9068	4972.616910934448
9069	4491.588592529297
9069	4491.588592529297
9070	5718.648433685303
9070	5718.648433685303
9071	4445.496320724487
9071	4445.496320724487
9072	4263.670206069946
9072	4263.670206069946
9073	7163.948774337769
9073	7163.948774337769
9074	4962.0325565338135
9074	4962.0325565338135
9075	4602.48875617981
9075	4602.48875617981
9076	5010.8802318573
9076	5010.8802318573
9077	5768.416404724121
9077	5768.416404724121
9078	5021.677732467651
9078	5021.677732467651
9079	4154.167175292969
9079	4154.167175292969
9080	5337.041616439819
9080	5337.041616439819
9081	4817.9566860198975
9081	4817.9566860198975
9082	4719.741344451904
9082	4719.741344451904
9083	4789.922475814819
9083	4789.922475814819
9084	4763.764381408691
9084	4763.764381408691
9085	4859.286785125732
9085	4859.286785125732
9086	4763.88692855835
9086	4763.88692855835
9087	4892.597198486328
9087	4892.597198486328
9088	3772.1731662750244
9088	3772.1731662750244
9089	4530.215501785278
9089	4530.215501785278
9090	5714.690685272217
9090	5714.690685272217
9091	4742.682695388794
9091	4742.682695388794
9092	3409.9621772766113
9092	3409.9621772766113
9093	3190.6778812408447
9093	3190.6778812408447
9094	3205.815076828003
9094	3205.815076828003
9095	3576.4987468719482
9095	3576.4987468719482
9096	2944.5295333862305
9096	2944.5295333862305
9097	3407.0944786071777
9097	3407.0944786071777
9098	3486.6936206817627
9098	3486.6936206817627
9099	3502.894163131714
9099	3502.894163131714
9100	3558.631658554077
9100	3558.631658554077
9101	3433.5148334503174
9101	3433.5148334503174
9102	3139.2173767089844
9102	3139.2173767089844
9103	3167.4342155456543
9103	3167.4342155456543
9104	4093.0540561676025
9104	4093.0540561676025
9105	4301.424503326416
9105	4301.424503326416
9106	3945.922374725342
9106	3945.922374725342
9107	3108.5591316223145
9107	3108.5591316223145
9108	3847.745180130005
9108	3847.745180130005
9109	3778.3162593841553
9109	3778.3162593841553
9110	4197.880506515503
9110	4197.880506515503
9111	3286.875009536743
9111	3286.875009536743
9112	3653.3963680267334
9112	3653.3963680267334
9113	3019.224166870117
9113	3019.224166870117
9114	3549.0598678588867
9114	3549.0598678588867
9115	3536.853075027466
9115	3536.853075027466
9116	3819.4987773895264
9116	3819.4987773895264
9117	3617.534875869751
9117	3617.534875869751
9118	3209.1612815856934
9118	3209.1612815856934
9119	3230.9751510620117
9119	3230.9751510620117
9120	4574.459791183472
9120	4574.459791183472
9121	2675.075054168701
9121	2675.075054168701
9122	2515.2292251586914
9122	2515.2292251586914
9123	2815.467119216919
9123	2815.467119216919
9124	3444.2076683044434
9124	3444.2076683044434
9125	3403.7537574768066
9125	3403.7537574768066
9126	3522.8710174560547
9126	3522.8710174560547
9127	3505.8722496032715
9127	3505.8722496032715
9128	3540.8549308776855
9128	3540.8549308776855
9129	3680.1917552948
9129	3680.1917552948
9130	4313.626766204834
9130	4313.626766204834
9131	3673.6323833465576
9131	3673.6323833465576
9132	3485.051393508911
9132	3485.051393508911
9133	3685.7776641845703
9133	3685.7776641845703
9134	3515.1262283325195
9134	3515.1262283325195
9135	3086.479425430298
9135	3086.479425430298
9136	3064.6064281463623
9136	3064.6064281463623
9137	3908.0169200897217
9137	3908.0169200897217
9138	4042.6979064941406
9138	4042.6979064941406
9139	3207.4129581451416
9139	3207.4129581451416
9140	4624.911069869995
9140	4624.911069869995
9141	3963.806390762329
9141	3963.806390762329
9142	3973.278760910034
9142	3973.278760910034
9143	3609.127998352051
9143	3609.127998352051
9144	3446.4704990386963
9144	3446.4704990386963
9145	2413.235902786255
9145	2413.235902786255
9146	3001.6887187957764
9146	3001.6887187957764
9147	4122.582197189331
9147	4122.582197189331
9148	2701.4236450195312
9148	2701.4236450195312
9149	2339.207887649536
9149	2339.207887649536
9150	3633.857011795044
9150	3633.857011795044
9151	5511.658668518066
9151	5511.658668518066
9152	3183.4046840667725
9152	3183.4046840667725
9153	4406.40664100647
9153	4406.40664100647
9154	5112.616062164307
9154	5112.616062164307
9155	3950.801134109497
9155	3950.801134109497
9156	3081.413507461548
9156	3081.413507461548
9157	3779.0703773498535
9157	3779.0703773498535
9158	2847.3715782165527
9158	2847.3715782165527
9159	3521.026611328125
9159	3521.026611328125
9160	4266.626834869385
9160	4266.626834869385
9161	3867.262840270996
9161	3867.262840270996
9162	3890.700340270996
9162	3890.700340270996
9163	3022.0136642456055
9163	3022.0136642456055
9164	3786.0162258148193
9164	3786.0162258148193
9165	3404.399871826172
9165	3404.399871826172
9166	3308.326005935669
9166	3308.326005935669
9167	3610.9466552734375
9167	3610.9466552734375
9168	3871.095895767212
9168	3871.095895767212
9169	3403.895139694214
9169	3403.895139694214
9170	4428.61533164978
9170	4428.61533164978
9171	3595.8547592163086
9171	3595.8547592163086
9172	4813.7102127075195
9172	4813.7102127075195
9173	3715.827703475952
9173	3715.827703475952
9174	3702.5814056396484
9174	3702.5814056396484
9175	4659.740686416626
9175	4659.740686416626
9176	3234.1771125793457
9176	3234.1771125793457
9177	3910.0921154022217
9177	3910.0921154022217
9178	4708.600044250488
9178	4708.600044250488
9179	3782.8776836395264
9179	3782.8776836395264
9180	4424.802303314209
9180	4424.802303314209
9181	3500.5440711975098
9181	3500.5440711975098
9182	4132.855653762817
9182	4132.855653762817
9183	4641.91460609436
9183	4641.91460609436
9184	4887.816667556763
9184	4887.816667556763
9185	4651.8285274505615
9185	4651.8285274505615
9186	5072.169780731201
9186	5072.169780731201
9187	4992.622375488281
9187	4992.622375488281
9188	5079.1802406311035
9188	5079.1802406311035
9189	4437.020540237427
9189	4437.020540237427
9190	5742.245435714722
9190	5742.245435714722
9191	4662.526607513428
9191	4662.526607513428
9192	4806.236743927002
9192	4806.236743927002
9193	4762.1917724609375
9193	4762.1917724609375
9194	4901.500701904297
9194	4901.500701904297
9195	4739.424467086792
9195	4739.424467086792
9196	4584.67960357666
9196	4584.67960357666
9197	5006.267547607422
9197	5006.267547607422
9198	4255.252361297607
9198	4255.252361297607
9199	4518.976449966431
9199	4518.976449966431
9200	5641.858339309692
9200	5641.858339309692
9201	4900.278568267822
9201	4900.278568267822
9202	4692.7454471588135
9202	4692.7454471588135
9203	5128.985166549683
9203	5128.985166549683
9204	3915.5964851379395
9204	3915.5964851379395
9205	5158.26153755188
9205	5158.26153755188
9206	4596.909046173096
9206	4596.909046173096
9207	4577.674627304077
9207	4577.674627304077
9208	4744.755506515503
9208	4744.755506515503
9209	5587.097883224487
9209	5587.097883224487
9210	5456.984519958496
9210	5456.984519958496
9211	4393.203258514404
9211	4393.203258514404
9212	4498.777389526367
9212	4498.777389526367
9213	4987.549304962158
9213	4987.549304962158
9214	4723.697662353516
9214	4723.697662353516
9215	5194.7197914123535
9215	5194.7197914123535
9216	4472.2442626953125
9216	4472.2442626953125
9217	6669.991016387939
9217	6669.991016387939
9218	5638.360500335693
9218	5638.360500335693
9219	5382.862091064453
9219	5382.862091064453
9220	8179.445505142212
9220	8179.445505142212
9221	5140.214920043945
9221	5140.214920043945
9222	5432.257652282715
9222	5432.257652282715
9223	5189.915895462036
9223	5189.915895462036
9224	5505.656957626343
9224	5505.656957626343
9225	5289.7047996521
9225	5289.7047996521
9226	5577.622175216675
9226	5577.622175216675
9227	4592.128038406372
9227	4592.128038406372
9228	4660.192251205444
9228	4660.192251205444
9229	4772.025585174561
9229	4772.025585174561
9230	5787.258863449097
9230	5787.258863449097
9231	4766.90936088562
9231	4766.90936088562
9232	5057.194232940674
9232	5057.194232940674
9233	4381.978273391724
9233	4381.978273391724
9234	4759.775876998901
9234	4759.775876998901
9235	4741.945028305054
9235	4741.945028305054
9236	5043.787479400635
9236	5043.787479400635
9237	5303.647994995117
9237	5303.647994995117
9238	4960.62970161438
9238	4960.62970161438
9239	5150.5937576293945
9239	5150.5937576293945
9240	6016.747713088989
9240	6016.747713088989
9241	4903.3989906311035
9241	4903.3989906311035
9242	5386.789798736572
9242	5386.789798736572
9243	3748.0361461639404
9243	3748.0361461639404
9244	5562.278032302856
9244	5562.278032302856
9245	5629.676103591919
9245	5629.676103591919
9246	6194.75793838501
9246	6194.75793838501
9247	5593.9624309539795
9247	5593.9624309539795
9248	5952.3820877075195
9248	5952.3820877075195
9249	5788.48123550415
9249	5788.48123550415
9250	7387.735366821289
9250	7387.735366821289
9251	5819.845199584961
9251	5819.845199584961
9252	6424.419403076172
9252	6424.419403076172
9253	5706.40230178833
9253	5706.40230178833
9254	5439.536333084106
9254	5439.536333084106
9255	4753.82661819458
9255	4753.82661819458
9256	5619.647741317749
9256	5619.647741317749
9257	6590.409755706787
9257	6590.409755706787
9258	6929.881572723389
9258	6929.881572723389
9259	6047.507762908936
9259	6047.507762908936
9260	7253.86643409729
9260	7253.86643409729
9261	5193.128347396851
9261	5193.128347396851
9262	5504.709720611572
9262	5504.709720611572
9263	5456.95424079895
9263	5456.95424079895
9264	5433.40277671814
9264	5433.40277671814
9265	6004.2924880981445
9265	6004.2924880981445
9266	5784.0986251831055
9266	5784.0986251831055
9267	5480.803728103638
9267	5480.803728103638
9268	5343.8720703125
9268	5343.8720703125
9269	5764.174222946167
9269	5764.174222946167
9270	7986.335754394531
9270	7986.335754394531
9271	5997.992992401123
9271	5997.992992401123
9272	6463.098049163818
9272	6463.098049163818
9273	6186.781883239746
9273	6186.781883239746
9274	6634.0203285217285
9274	6634.0203285217285
9275	5842.6618576049805
9275	5842.6618576049805
9276	5816.156387329102
9276	5816.156387329102
9277	5897.292613983154
9277	5897.292613983154
9278	5966.890573501587
9278	5966.890573501587
9279	5780.864477157593
9279	5780.864477157593
9280	6534.981727600098
9280	6534.981727600098
9281	5691.528797149658
9281	5691.528797149658
9282	6034.614324569702
9282	6034.614324569702
9283	6848.621845245361
9283	6848.621845245361
9284	5037.421226501465
9284	5037.421226501465
9285	6178.225755691528
9285	6178.225755691528
9286	6368.972063064575
9286	6368.972063064575
9287	5503.106117248535
9287	5503.106117248535
9288	5616.659641265869
9288	5616.659641265869
9289	5697.217702865601
9289	5697.217702865601
9290	7620.527029037476
9290	7620.527029037476
9291	5485.085964202881
9291	5485.085964202881
9292	5973.096132278442
9292	5973.096132278442
9293	6164.304733276367
9293	6164.304733276367
9294	6128.012418746948
9294	6128.012418746948
9295	5672.396659851074
9295	5672.396659851074
9296	5879.147529602051
9296	5879.147529602051
9297	5292.460203170776
9297	5292.460203170776
9298	5406.798362731934
9298	5406.798362731934
9299	6250.863313674927
9299	6250.863313674927
9300	6551.7823696136475
9300	6551.7823696136475
9301	5348.689079284668
9301	5348.689079284668
9302	5584.9926471710205
9302	5584.9926471710205
9303	5393.537521362305
9303	5393.537521362305
9304	5160.194396972656
9304	5160.194396972656
9305	5203.777551651001
9305	5203.777551651001
9306	6093.976020812988
9306	6093.976020812988
9307	5980.90386390686
9307	5980.90386390686
9308	4999.9682903289795
9308	4999.9682903289795
9309	5571.540594100952
9309	5571.540594100952
9310	6495.757818222046
9310	6495.757818222046
9311	6035.948038101196
9311	6035.948038101196
9312	5576.96008682251
9312	5576.96008682251
9313	5342.162370681763
9313	5342.162370681763
9314	5432.032823562622
9314	5432.032823562622
9315	5596.00305557251
9315	5596.00305557251
9316	5691.006183624268
9316	5691.006183624268
9317	4348.663806915283
9317	4348.663806915283
9318	5855.560541152954
9318	5855.560541152954
9319	4470.902919769287
9319	4470.902919769287
9320	6383.557081222534
9320	6383.557081222534
9321	5321.700572967529
9321	5321.700572967529
9322	5465.691089630127
9322	5465.691089630127
9323	5414.5307540893555
9323	5414.5307540893555
9324	4898.318529129028
9324	4898.318529129028
9325	5250.238656997681
9325	5250.238656997681
9326	5218.609571456909
9326	5218.609571456909
9327	5278.237581253052
9327	5278.237581253052
9328	5797.6062297821045
9328	5797.6062297821045
9329	5521.092414855957
9329	5521.092414855957
9330	6939.772605895996
9330	6939.772605895996
9331	5079.590559005737
9331	5079.590559005737
9332	5580.588102340698
9332	5580.588102340698
9333	5932.003498077393
9333	5932.003498077393
9334	5581.592798233032
9334	5581.592798233032
9335	5782.3381423950195
9335	5782.3381423950195
9336	6188.354969024658
9336	6188.354969024658
9337	5727.634906768799
9337	5727.634906768799
9338	5494.442939758301
9338	5494.442939758301
9339	4332.657098770142
9339	4332.657098770142
9340	5981.847047805786
9340	5981.847047805786
9341	4957.8962326049805
9341	4957.8962326049805
9342	5556.322813034058
9342	5556.322813034058
9343	4472.988843917847
9343	4472.988843917847
9344	5311.721563339233
9344	5311.721563339233
9345	5135.451793670654
9345	5135.451793670654
9346	5971.44627571106
9346	5971.44627571106
9347	5486.071348190308
9347	5486.071348190308
9348	5221.204519271851
9348	5221.204519271851
9349	5717.0469760894775
9349	5717.0469760894775
9350	6933.596611022949
9350	6933.596611022949
9351	6993.867635726929
9351	6993.867635726929
9352	5384.888410568237
9352	5384.888410568237
9353	5865.234851837158
9353	5865.234851837158
9354	5306.675672531128
9354	5306.675672531128
9355	5683.859348297119
9355	5683.859348297119
9356	6924.835920333862
9356	6924.835920333862
9357	5277.054071426392
9357	5277.054071426392
9358	4696.54655456543
9358	4696.54655456543
9359	5299.0546226501465
9359	5299.0546226501465
9360	6161.177158355713
9360	6161.177158355713
9361	5227.191925048828
9361	5227.191925048828
9362	5469.839572906494
9362	5469.839572906494
9363	5399.749994277954
9363	5399.749994277954
9364	5219.101428985596
9364	5219.101428985596
9365	5282.374143600464
9365	5282.374143600464
9366	5900.829076766968
9366	5900.829076766968
9367	5844.415903091431
9367	5844.415903091431
9368	5679.169178009033
9368	5679.169178009033
9369	5476.828336715698
9369	5476.828336715698
9370	6656.888246536255
9370	6656.888246536255
9371	5000.442743301392
9371	5000.442743301392
9372	5742.64931678772
9372	5742.64931678772
9373	5225.682497024536
9373	5225.682497024536
9374	5155.299663543701
9374	5155.299663543701
9375	4956.064939498901
9375	4956.064939498901
9376	5434.230804443359
9376	5434.230804443359
9377	5576.702833175659
9377	5576.702833175659
9378	5681.114435195923
9378	5681.114435195923
9379	5138.746500015259
9379	5138.746500015259
9380	5717.130661010742
9380	5717.130661010742
9381	5490.155935287476
9381	5490.155935287476
9382	5875.374794006348
9382	5875.374794006348
9383	5669.372081756592
9383	5669.372081756592
9384	5348.947048187256
9384	5348.947048187256
9385	5487.692356109619
9385	5487.692356109619
9386	5315.619707107544
9386	5315.619707107544
9387	5173.410415649414
9387	5173.410415649414
9388	5319.048881530762
9388	5319.048881530762
9389	5586.438179016113
9389	5586.438179016113
9390	6607.695579528809
9390	6607.695579528809
9391	5245.4633712768555
9391	5245.4633712768555
9392	5503.545761108398
9392	5503.545761108398
9393	5110.692977905273
9393	5110.692977905273
9394	5438.40765953064
9394	5438.40765953064
9395	4900.522708892822
9395	4900.522708892822
9396	4843.797206878662
9396	4843.797206878662
9397	5621.538162231445
9397	5621.538162231445
9398	5140.167236328125
9398	5140.167236328125
9399	5543.00856590271
9399	5543.00856590271
9400	6412.0941162109375
9400	6412.0941162109375
9401	5300.000429153442
9401	5300.000429153442
9402	5345.993995666504
9402	5345.993995666504
9403	5572.632789611816
9403	5572.632789611816
9404	5079.599618911743
9404	5079.599618911743
9405	5243.137359619141
9405	5243.137359619141
9406	5291.279554367065
9406	5291.279554367065
9407	3528.146743774414
9407	3528.146743774414
9408	4980.937480926514
9408	4980.937480926514
9409	4621.0808753967285
9409	4621.0808753967285
9410	5527.568817138672
9410	5527.568817138672
9411	4610.012769699097
9411	4610.012769699097
9412	3892.791271209717
9412	3892.791271209717
9413	4732.121229171753
9413	4732.121229171753
9414	4562.1373653411865
9414	4562.1373653411865
9415	5131.928205490112
9415	5131.928205490112
9416	4999.887943267822
9416	4999.887943267822
9417	4697.891473770142
9417	4697.891473770142
9418	5114.6955490112305
9418	5114.6955490112305
9419	5085.88719367981
9419	5085.88719367981
9420	6065.173625946045
9420	6065.173625946045
9421	3774.1737365722656
9421	3774.1737365722656
9422	2853.652238845825
9422	2853.652238845825
9423	3615.1955127716064
9423	3615.1955127716064
9424	4046.3919639587402
9424	4046.3919639587402
9425	3937.037229537964
9425	3937.037229537964
9426	3772.296905517578
9426	3772.296905517578
9427	3272.60684967041
9427	3272.60684967041
9428	3940.6275749206543
9428	3940.6275749206543
9429	4016.704320907593
9429	4016.704320907593
9430	4428.025722503662
9430	4428.025722503662
9431	3408.2326889038086
9431	3408.2326889038086
9432	3971.0848331451416
9432	3971.0848331451416
9433	3154.0775299072266
9433	3154.0775299072266
9434	4219.920635223389
9434	4219.920635223389
9435	3014.1000747680664
9435	3014.1000747680664
9436	3886.6732120513916
9436	3886.6732120513916
9437	3902.6520252227783
9437	3902.6520252227783
9438	3871.25563621521
9438	3871.25563621521
9439	4591.87650680542
9439	4591.87650680542
9440	4973.432540893555
9440	4973.432540893555
9441	4334.783315658569
9441	4334.783315658569
9442	4105.89075088501
9442	4105.89075088501
9443	4705.846786499023
9443	4705.846786499023
9444	4187.352895736694
9444	4187.352895736694
9445	4178.567171096802
9445	4178.567171096802
9446	4824.296474456787
9446	4824.296474456787
9447	4578.083753585815
9447	4578.083753585815
9448	4716.701507568359
9448	4716.701507568359
9449	4136.023998260498
9449	4136.023998260498
9450	4653.3544063568115
9450	4653.3544063568115
9451	3762.606382369995
9451	3762.606382369995
9452	3701.824188232422
9452	3701.824188232422
9453	3250.0805854797363
9453	3250.0805854797363
9454	2576.4780044555664
9454	2576.4780044555664
9455	4109.806776046753
9455	4109.806776046753
9456	4163.675308227539
9456	4163.675308227539
9457	4427.377700805664
9457	4427.377700805664
9458	4206.4759731292725
9458	4206.4759731292725
9459	3993.532419204712
9459	3993.532419204712
9460	3918.2915687561035
9460	3918.2915687561035
9461	3866.8363094329834
9461	3866.8363094329834
9462	3864.8698329925537
9462	3864.8698329925537
9463	3542.2027111053467
9463	3542.2027111053467
9464	3355.2768230438232
9464	3355.2768230438232
9465	3741.879940032959
9465	3741.879940032959
9466	3376.5523433685303
9466	3376.5523433685303
9467	3847.757577896118
9467	3847.757577896118
9468	3788.280725479126
9468	3788.280725479126
9469	3431.7374229431152
9469	3431.7374229431152
9470	4848.866939544678
9470	4848.866939544678
9471	3716.1459922790527
9471	3716.1459922790527
9472	3097.878932952881
9472	3097.878932952881
9473	3343.6694145202637
9473	3343.6694145202637
9474	3692.162036895752
9474	3692.162036895752
9475	4270.508050918579
9475	4270.508050918579
9476	4559.510707855225
9476	4559.510707855225
9477	3319.254159927368
9477	3319.254159927368
9478	3370.1813220977783
9478	3370.1813220977783
9479	4261.902809143066
9479	4261.902809143066
9480	4921.188831329346
9480	4921.188831329346
9481	3361.4537715911865
9481	3361.4537715911865
9482	3342.0557975769043
9482	3342.0557975769043
9483	4174.171686172485
9483	4174.171686172485
9484	3590.7857418060303
9484	3590.7857418060303
9485	3492.443561553955
9485	3492.443561553955
9486	3152.630090713501
9486	3152.630090713501
9487	4021.831274032593
9487	4021.831274032593
9488	3974.62797164917
9488	3974.62797164917
9489	4028.191328048706
9489	4028.191328048706
9490	4711.997270584106
9490	4711.997270584106
9491	3521.4273929595947
9491	3521.4273929595947
9492	3925.6021976470947
9492	3925.6021976470947
9493	3729.137182235718
9493	3729.137182235718
9494	4035.6881618499756
9494	4035.6881618499756
9495	3772.6807594299316
9495	3772.6807594299316
9496	3823.3232498168945
9496	3823.3232498168945
9497	3270.7409858703613
9497	3270.7409858703613
9498	4347.113609313965
9498	4347.113609313965
9499	3127.5346279144287
9499	3127.5346279144287
9500	18816.587686538696
9500	18816.587686538696
9501	4694.174528121948
9501	4694.174528121948
9502	4856.114149093628
9502	4856.114149093628
9503	4761.125087738037
9503	4761.125087738037
9504	5056.989908218384
9504	5056.989908218384
9505	5008.051872253418
9505	5008.051872253418
9506	5184.3461990356445
9506	5184.3461990356445
9507	5232.9254150390625
9507	5232.9254150390625
9508	5066.154479980469
9508	5066.154479980469
9509	4283.628463745117
9509	4283.628463745117
9510	5836.215972900391
9510	5836.215972900391
9511	4898.690462112427
9511	4898.690462112427
9512	4874.778270721436
9512	4874.778270721436
9513	5065.913677215576
9513	5065.913677215576
9514	4853.991270065308
9514	4853.991270065308
9515	5098.9274978637695
9515	5098.9274978637695
9516	5006.840229034424
9516	5006.840229034424
9517	5342.794895172119
9517	5342.794895172119
9518	5308.917284011841
9518	5308.917284011841
9519	4932.484865188599
9519	4932.484865188599
9520	6261.957883834839
9520	6261.957883834839
9521	4811.021566390991
9521	4811.021566390991
9522	5020.509719848633
9522	5020.509719848633
9523	4776.075601577759
9523	4776.075601577759
9524	5169.716358184814
9524	5169.716358184814
9525	5498.25382232666
9525	5498.25382232666
9526	5126.303195953369
9526	5126.303195953369
9527	5216.607570648193
9527	5216.607570648193
9528	4934.669494628906
9528	4934.669494628906
9529	5528.718948364258
9529	5528.718948364258
9530	6567.642450332642
9530	6567.642450332642
9531	5090.658664703369
9531	5090.658664703369
9532	4186.812400817871
9532	4186.812400817871
9533	5695.967435836792
9533	5695.967435836792
9534	5608.380317687988
9534	5608.380317687988
9535	4397.218704223633
9535	4397.218704223633
9536	6281.570911407471
9536	6281.570911407471
9537	5612.445831298828
9537	5612.445831298828
9538	4814.604997634888
9538	4814.604997634888
9539	5505.941390991211
9539	5505.941390991211
9540	6337.184429168701
9540	6337.184429168701
9541	5809.027433395386
9541	5809.027433395386
9542	5723.089694976807
9542	5723.089694976807
9543	5770.094156265259
9543	5770.094156265259
9544	5576.068162918091
9544	5576.068162918091
9545	5364.900350570679
9545	5364.900350570679
9546	5539.534091949463
9546	5539.534091949463
9547	5356.306076049805
9547	5356.306076049805
9548	5972.299098968506
9548	5972.299098968506
9549	5606.273174285889
9549	5606.273174285889
9550	6681.986331939697
9550	6681.986331939697
9551	6143.770456314087
9551	6143.770456314087
9552	5884.496688842773
9552	5884.496688842773
9553	5935.54949760437
9553	5935.54949760437
9554	6079.658985137939
9554	6079.658985137939
9555	5326.156139373779
9555	5326.156139373779
9556	5884.194850921631
9556	5884.194850921631
9557	5774.349927902222
9557	5774.349927902222
9558	5775.45428276062
9558	5775.45428276062
9559	5694.233179092407
9559	5694.233179092407
9560	7392.921686172485
9560	7392.921686172485
9561	5400.559186935425
9561	5400.559186935425
9562	5810.112476348877
9562	5810.112476348877
9563	3716.907262802124
9563	3716.907262802124
9564	5664.238452911377
9564	5664.238452911377
9565	5639.63508605957
9565	5639.63508605957
9566	5480.5967807769775
9566	5480.5967807769775
9567	5587.9480838775635
9567	5587.9480838775635
9568	5444.252729415894
9568	5444.252729415894
9569	5766.699552536011
9569	5766.699552536011
9570	7104.9485206604
9570	7104.9485206604
9571	5540.2185916900635
9571	5540.2185916900635
9572	6251.161336898804
9572	6251.161336898804
9573	6509.8326206207275
9573	6509.8326206207275
9574	6209.436416625977
9574	6209.436416625977
9575	6092.7698612213135
9575	6092.7698612213135
9576	5398.619890213013
9576	5398.619890213013
9577	6460.139751434326
9577	6460.139751434326
9578	5652.759790420532
9578	5652.759790420532
9579	6280.61842918396
9579	6280.61842918396
9580	6682.275772094727
9580	6682.275772094727
9581	5976.62091255188
9581	5976.62091255188
9582	5880.2831172943115
9582	5880.2831172943115
9583	5231.083869934082
9583	5231.083869934082
9584	5313.738584518433
9584	5313.738584518433
9585	5913.88201713562
9585	5913.88201713562
9586	5288.850545883179
9586	5288.850545883179
9587	5151.135444641113
9587	5151.135444641113
9588	5715.743064880371
9588	5715.743064880371
9589	5385.869741439819
9589	5385.869741439819
9590	7059.141159057617
9590	7059.141159057617
9591	5375.697612762451
9591	5375.697612762451
9592	7013.791084289551
9592	7013.791084289551
9593	6581.786394119263
9593	6581.786394119263
9594	5489.5453453063965
9594	5489.5453453063965
9595	5776.630878448486
9595	5776.630878448486
9596	5708.797216415405
9596	5708.797216415405
9597	5853.956699371338
9597	5853.956699371338
9598	5456.424236297607
9598	5456.424236297607
9599	5597.81289100647
9599	5597.81289100647
9600	6455.1966190338135
9600	6455.1966190338135
9601	5938.669443130493
9601	5938.669443130493
9602	5312.964200973511
9602	5312.964200973511
9603	4563.269138336182
9603	4563.269138336182
9604	4762.645483016968
9604	4762.645483016968
9605	4197.148323059082
9605	4197.148323059082
9606	5099.207639694214
9606	5099.207639694214
9607	5592.819452285767
9607	5592.819452285767
9608	5459.381341934204
9608	5459.381341934204
9609	5536.249160766602
9609	5536.249160766602
9610	8406.752586364746
9610	8406.752586364746
9611	5771.11554145813
9611	5771.11554145813
9612	6047.358512878418
9612	6047.358512878418
9613	6180.0384521484375
9613	6180.0384521484375
9614	6239.181756973267
9614	6239.181756973267
9615	7123.122215270996
9615	7123.122215270996
9616	5501.457691192627
9616	5501.457691192627
9617	5584.344387054443
9617	5584.344387054443
9618	5713.154315948486
9618	5713.154315948486
9619	6053.068161010742
9619	6053.068161010742
9620	6796.261787414551
9620	6796.261787414551
9621	5985.801458358765
9621	5985.801458358765
9622	5352.851629257202
9622	5352.851629257202
9623	5543.763875961304
9623	5543.763875961304
9624	3753.8838386535645
9624	3753.8838386535645
9625	4983.837604522705
9625	4983.837604522705
9626	5037.921905517578
9626	5037.921905517578
9627	4880.28883934021
9627	4880.28883934021
9628	5562.661647796631
9628	5562.661647796631
9629	5863.779544830322
9629	5863.779544830322
9630	7313.618421554565
9630	7313.618421554565
9631	5796.703338623047
9631	5796.703338623047
9632	5344.247341156006
9632	5344.247341156006
9633	5588.6125564575195
9633	5588.6125564575195
9634	5593.574047088623
9634	5593.574047088623
9635	6064.2054080963135
9635	6064.2054080963135
9636	5497.025966644287
9636	5497.025966644287
9637	5780.7066440582275
9637	5780.7066440582275
9638	5657.268047332764
9638	5657.268047332764
9639	5434.449672698975
9639	5434.449672698975
9640	8169.3055629730225
9640	8169.3055629730225
9641	5760.901212692261
9641	5760.901212692261
9642	5630.823135375977
9642	5630.823135375977
9643	4432.7991008758545
9643	4432.7991008758545
9644	5692.401885986328
9644	5692.401885986328
9645	5509.941577911377
9645	5509.941577911377
9646	4309.017896652222
9646	4309.017896652222
9647	5184.917688369751
9647	5184.917688369751
9648	5239.524126052856
9648	5239.524126052856
9649	5405.959367752075
9649	5405.959367752075
9650	6765.794277191162
9650	6765.794277191162
9651	5687.441110610962
9651	5687.441110610962
9652	5569.361686706543
9652	5569.361686706543
9653	5541.92852973938
9653	5541.92852973938
9654	5500.778675079346
9654	5500.778675079346
9655	5895.977735519409
9655	5895.977735519409
9656	5545.839786529541
9656	5545.839786529541
9657	5860.886335372925
9657	5860.886335372925
9658	5478.696346282959
9658	5478.696346282959
9659	4633.127450942993
9659	4633.127450942993
9660	4971.291542053223
9660	4971.291542053223
9661	4568.2642459869385
9661	4568.2642459869385
9662	4010.9143257141113
9662	4010.9143257141113
9663	4298.208236694336
9663	4298.208236694336
9664	3592.618465423584
9664	3592.618465423584
9665	4231.533527374268
9665	4231.533527374268
9666	4384.209156036377
9666	4384.209156036377
9667	4624.889135360718
9667	4624.889135360718
9668	3609.923839569092
9668	3609.923839569092
9669	4458.139419555664
9669	4458.139419555664
9670	7233.741521835327
9670	7233.741521835327
9671	5043.900966644287
9671	5043.900966644287
9672	4634.983062744141
9672	4634.983062744141
9673	4293.280839920044
9673	4293.280839920044
9674	4966.648817062378
9674	4966.648817062378
9675	4718.830108642578
9675	4718.830108642578
9676	4184.542894363403
9676	4184.542894363403
9677	4349.480628967285
9677	4349.480628967285
9678	4602.761745452881
9678	4602.761745452881
9679	4550.7049560546875
9679	4550.7049560546875
9680	6351.089000701904
9680	6351.089000701904
9681	4209.096908569336
9681	4209.096908569336
9682	5392.103672027588
9682	5392.103672027588
9683	4772.814035415649
9683	4772.814035415649
9684	3893.861770629883
9684	3893.861770629883
9685	4510.822534561157
9685	4510.822534561157
9686	4371.066331863403
9686	4371.066331863403
9687	4418.100118637085
9687	4418.100118637085
9688	5285.804271697998
9688	5285.804271697998
9689	4781.877040863037
9689	4781.877040863037
9690	5767.412185668945
9690	5767.412185668945
9691	4094.7134494781494
9691	4094.7134494781494
9692	4342.822551727295
9692	4342.822551727295
9693	3963.799476623535
9693	3963.799476623535
9694	4928.246021270752
9694	4928.246021270752
9695	4902.874946594238
9695	4902.874946594238
9696	4111.240863800049
9696	4111.240863800049
9697	4212.583541870117
9697	4212.583541870117
9698	4290.070533752441
9698	4290.070533752441
9699	4523.246288299561
9699	4523.246288299561
9700	5879.704475402832
9700	5879.704475402832
9701	4967.861175537109
9701	4967.861175537109
9702	4022.597551345825
9702	4022.597551345825
9703	4445.963382720947
9703	4445.963382720947
9704	4292.361259460449
9704	4292.361259460449
9705	3822.6912021636963
9705	3822.6912021636963
9706	4533.787727355957
9706	4533.787727355957
9707	4545.740127563477
9707	4545.740127563477
9708	4404.35004234314
9708	4404.35004234314
9709	4497.852563858032
9709	4497.852563858032
9710	5656.080722808838
9710	5656.080722808838
9711	5805.490970611572
9711	5805.490970611572
9712	4039.0572547912598
9712	4039.0572547912598
9713	4088.2279872894287
9713	4088.2279872894287
9714	4564.652681350708
9714	4564.652681350708
9715	4453.650236129761
9715	4453.650236129761
9716	4114.424228668213
9716	4114.424228668213
9717	4218.970775604248
9717	4218.970775604248
9718	4476.288318634033
9718	4476.288318634033
9719	4722.904205322266
9719	4722.904205322266
9720	5300.826787948608
9720	5300.826787948608
9721	4319.717168807983
9721	4319.717168807983
9722	4496.024608612061
9722	4496.024608612061
9723	4638.7786865234375
9723	4638.7786865234375
9724	4591.848373413086
9724	4591.848373413086
9725	4433.528661727905
9725	4433.528661727905
9726	4477.638244628906
9726	4477.638244628906
9727	4421.957492828369
9727	4421.957492828369
9728	2681.2970638275146
9728	2681.2970638275146
9729	3215.475082397461
9729	3215.475082397461
9730	4327.26263999939
9730	4327.26263999939
9731	3299.102544784546
9731	3299.102544784546
9732	2373.863935470581
9732	2373.863935470581
9733	2499.685525894165
9733	2499.685525894165
9734	2225.9068489074707
9734	2225.9068489074707
9735	2340.8167362213135
9735	2340.8167362213135
9736	3183.8247776031494
9736	3183.8247776031494
9737	3077.73494720459
9737	3077.73494720459
9738	3201.0655403137207
9738	3201.0655403137207
9739	2969.813346862793
9739	2969.813346862793
9740	3542.58394241333
9740	3542.58394241333
9741	2949.1324424743652
9741	2949.1324424743652
9742	2876.728057861328
9742	2876.728057861328
9743	3103.2910346984863
9743	3103.2910346984863
9744	2812.577247619629
9744	2812.577247619629
9745	2289.367914199829
9745	2289.367914199829
9746	2341.510534286499
9746	2341.510534286499
9747	2715.219736099243
9747	2715.219736099243
9748	3000.967025756836
9748	3000.967025756836
9749	3000.584602355957
9749	3000.584602355957
9750	4695.284843444824
9750	4695.284843444824
9751	3142.669916152954
9751	3142.669916152954
9752	3039.0052795410156
9752	3039.0052795410156
9753	2886.4922523498535
9753	2886.4922523498535
9754	2233.914613723755
9754	2233.914613723755
9755	2855.259418487549
9755	2855.259418487549
9756	3018.5158252716064
9756	3018.5158252716064
9757	3015.639305114746
9757	3015.639305114746
9758	3378.6942958831787
9758	3378.6942958831787
9759	2922.6815700531006
9759	2922.6815700531006
9760	3694.2760944366455
9760	3694.2760944366455
9761	2687.124729156494
9761	2687.124729156494
9762	2846.2774753570557
9762	2846.2774753570557
9763	3892.6923274993896
9763	3892.6923274993896
9764	2604.708671569824
9764	2604.708671569824
9765	3470.9248542785645
9765	3470.9248542785645
9766	3390.416383743286
9766	3390.416383743286
9767	3293.6127185821533
9767	3293.6127185821533
9768	2940.401077270508
9768	2940.401077270508
9769	4089.4505977630615
9769	4089.4505977630615
9770	4717.087030410767
9770	4717.087030410767
9771	3300.3108501434326
9771	3300.3108501434326
9772	2582.791566848755
9772	2582.791566848755
9773	3389.7111415863037
9773	3389.7111415863037
9774	3939.2218589782715
9774	3939.2218589782715
9775	2913.250684738159
9775	2913.250684738159
9776	4016.528367996216
9776	4016.528367996216
9777	2995.973587036133
9777	2995.973587036133
9778	2974.59077835083
9778	2974.59077835083
9779	3285.663843154907
9779	3285.663843154907
9780	2905.449390411377
9780	2905.449390411377
9781	4277.3895263671875
9781	4277.3895263671875
9782	3024.9433517456055
9782	3024.9433517456055
9783	2713.818073272705
9783	2713.818073272705
9784	2497.5666999816895
9784	2497.5666999816895
9785	2599.1790294647217
9785	2599.1790294647217
9786	1970.686912536621
9786	1970.686912536621
9787	3035.104990005493
9787	3035.104990005493
9788	3633.3086490631104
9788	3633.3086490631104
9789	3179.6441078186035
9789	3179.6441078186035
9790	4733.711719512939
9790	4733.711719512939
9791	3193.854331970215
9791	3193.854331970215
9792	2936.2916946411133
9792	2936.2916946411133
9793	2626.8794536590576
9793	2626.8794536590576
9794	2187.66713142395
9794	2187.66713142395
9795	2962.665557861328
9795	2962.665557861328
9796	2537.1146202087402
9796	2537.1146202087402
9797	2282.42564201355
9797	2282.42564201355
9798	2874.717950820923
9798	2874.717950820923
9799	2589.198350906372
9799	2589.198350906372
9800	3569.610357284546
9800	3569.610357284546
9801	3073.636770248413
9801	3073.636770248413
9802	2444.640874862671
9802	2444.640874862671
9803	2752.384901046753
9803	2752.384901046753
9804	3416.9881343841553
9804	3416.9881343841553
9805	2567.979335784912
9805	2567.979335784912
9806	2536.8528366088867
9806	2536.8528366088867
9807	2830.359935760498
9807	2830.359935760498
9808	2655.329942703247
9808	2655.329942703247
9809	2491.6863441467285
9809	2491.6863441467285
9810	2832.836627960205
9810	2832.836627960205
9811	3485.844612121582
9811	3485.844612121582
9812	3025.54988861084
9812	3025.54988861084
9813	2823.072910308838
9813	2823.072910308838
9814	4125.021696090698
9814	4125.021696090698
9815	3322.8912353515625
9815	3322.8912353515625
9816	3402.9159545898438
9816	3402.9159545898438
9817	3130.1774978637695
9817	3130.1774978637695
9818	3828.317642211914
9818	3828.317642211914
9819	3582.5793743133545
9819	3582.5793743133545
9820	4059.680223464966
9820	4059.680223464966
9821	3767.549514770508
9821	3767.549514770508
9822	3535.2821350097656
9822	3535.2821350097656
9823	3393.6524391174316
9823	3393.6524391174316
9824	4197.043895721436
9824	4197.043895721436
9825	3371.8209266662598
9825	3371.8209266662598
9826	3667.4036979675293
9826	3667.4036979675293
9827	3335.7832431793213
9827	3335.7832431793213
9828	4019.2558765411377
9828	4019.2558765411377
9829	4096.0118770599365
9829	4096.0118770599365
9830	5505.114316940308
9830	5505.114316940308
9831	5526.205062866211
9831	5526.205062866211
9832	4487.691402435303
9832	4487.691402435303
9833	4018.1002616882324
9833	4018.1002616882324
9834	4437.8180503845215
9834	4437.8180503845215
9835	4359.9724769592285
9835	4359.9724769592285
9836	2828.979730606079
9836	2828.979730606079
9837	3699.2359161376953
9837	3699.2359161376953
9838	4020.2877521514893
9838	4020.2877521514893
9839	4146.909475326538
9839	4146.909475326538
9840	5037.152290344238
9840	5037.152290344238
9841	4025.2556800842285
9841	4025.2556800842285
9842	3626.8341541290283
9842	3626.8341541290283
9843	4075.983762741089
9843	4075.983762741089
9844	4315.529346466064
9844	4315.529346466064
9845	3491.945743560791
9845	3491.945743560791
9846	4723.687410354614
9846	4723.687410354614
9847	5953.804731369019
9847	5953.804731369019
9848	5580.827236175537
9848	5580.827236175537
9849	3868.589401245117
9849	3868.589401245117
9850	4973.314046859741
9850	4973.314046859741
9851	3660.37654876709
9851	3660.37654876709
9852	4678.520202636719
9852	4678.520202636719
9853	4076.274871826172
9853	4076.274871826172
9854	5195.77956199646
9854	5195.77956199646
9855	4935.821056365967
9855	4935.821056365967
9856	4287.700653076172
9856	4287.700653076172
9857	4523.25963973999
9857	4523.25963973999
9858	4899.542570114136
9858	4899.542570114136
9859	5256.8347454071045
9859	5256.8347454071045
9860	5155.606985092163
9860	5155.606985092163
9861	4403.259038925171
9861	4403.259038925171
9862	4028.181552886963
9862	4028.181552886963
9863	4046.3383197784424
9863	4046.3383197784424
9864	4072.615385055542
9864	4072.615385055542
9865	3544.0096855163574
9865	3544.0096855163574
9866	4399.431467056274
9866	4399.431467056274
9867	4578.185081481934
9867	4578.185081481934
9868	4300.268888473511
9868	4300.268888473511
9869	4318.356513977051
9869	4318.356513977051
9870	5011.192083358765
9870	5011.192083358765
9871	3741.0237789154053
9871	3741.0237789154053
9872	3798.62380027771
9872	3798.62380027771
9873	4091.36962890625
9873	4091.36962890625
9874	4333.23860168457
9874	4333.23860168457
9875	3943.7501430511475
9875	3943.7501430511475
9876	4428.591012954712
9876	4428.591012954712
9877	4569.209575653076
9877	4569.209575653076
9878	4203.255414962769
9878	4203.255414962769
9879	4402.762174606323
9879	4402.762174606323
9880	5822.962760925293
9880	5822.962760925293
9881	4654.569625854492
9881	4654.569625854492
9882	2627.2759437561035
9882	2627.2759437561035
9883	4305.071592330933
9883	4305.071592330933
9884	3459.7980976104736
9884	3459.7980976104736
9885	3714.020013809204
9885	3714.020013809204
9886	4615.5595779418945
9886	4615.5595779418945
9887	4370.711088180542
9887	4370.711088180542
9888	4365.814208984375
9888	4365.814208984375
9889	4365.229606628418
9889	4365.229606628418
9890	4527.363300323486
9890	4527.363300323486
9891	4280.502796173096
9891	4280.502796173096
9892	4242.218971252441
9892	4242.218971252441
9893	4343.063116073608
9893	4343.063116073608
9894	3693.333148956299
9894	3693.333148956299
9895	4372.632026672363
9895	4372.632026672363
9896	3981.9765090942383
9896	3981.9765090942383
9897	4041.0821437835693
9897	4041.0821437835693
9898	4393.665552139282
9898	4393.665552139282
9899	4158.4718227386475
9899	4158.4718227386475
9900	5532.397985458374
9900	5532.397985458374
9901	3963.371992111206
9901	3963.371992111206
9902	4219.770669937134
9902	4219.770669937134
9903	4095.158815383911
9903	4095.158815383911
9904	5088.280200958252
9904	5088.280200958252
9905	4981.791734695435
9905	4981.791734695435
9906	5013.628244400024
9906	5013.628244400024
9907	5122.830867767334
9907	5122.830867767334
9908	4127.065658569336
9908	4127.065658569336
9909	4404.590606689453
9909	4404.590606689453
9910	4369.7521686553955
9910	4369.7521686553955
9911	4408.637762069702
9911	4408.637762069702
9912	3621.4685440063477
9912	3621.4685440063477
9913	4212.670564651489
9913	4212.670564651489
9914	4351.405143737793
9914	4351.405143737793
9915	4228.43599319458
9915	4228.43599319458
9916	4180.553674697876
9916	4180.553674697876
9917	4327.176094055176
9917	4327.176094055176
9918	4430.2802085876465
9918	4430.2802085876465
9919	4457.862138748169
9919	4457.862138748169
9920	5511.990785598755
9920	5511.990785598755
9921	4928.446531295776
9921	4928.446531295776
9922	4233.164310455322
9922	4233.164310455322
9923	3990.0143146514893
9923	3990.0143146514893
9924	4846.178293228149
9924	4846.178293228149
9925	4266.21413230896
9925	4266.21413230896
9926	3944.560766220093
9926	3944.560766220093
9927	4568.456411361694
9927	4568.456411361694
9928	3954.6332359313965
9928	3954.6332359313965
9929	3001.0833740234375
9929	3001.0833740234375
9930	4817.45982170105
9930	4817.45982170105
9931	4265.980958938599
9931	4265.980958938599
9932	4159.852504730225
9932	4159.852504730225
9933	4153.642654418945
9933	4153.642654418945
9934	4487.759828567505
9934	4487.759828567505
9935	4235.941648483276
9935	4235.941648483276
9936	3684.3180656433105
9936	3684.3180656433105
9937	4088.7069702148438
9937	4088.7069702148438
9938	4010.7717514038086
9938	4010.7717514038086
9939	4055.004596710205
9939	4055.004596710205
9940	4846.570014953613
9940	4846.570014953613
9941	4834.907054901123
9941	4834.907054901123
9942	3537.5916957855225
9942	3537.5916957855225
9943	4103.763580322266
9943	4103.763580322266
9944	4048.147678375244
9944	4048.147678375244
9945	4486.393690109253
9945	4486.393690109253
9946	3735.427141189575
9946	3735.427141189575
9947	4029.4809341430664
9947	4029.4809341430664
9948	3807.6419830322266
9948	3807.6419830322266
9949	4145.4174518585205
9949	4145.4174518585205
9950	5019.517660140991
9950	5019.517660140991
9951	4095.7841873168945
9951	4095.7841873168945
9952	3862.4086380004883
9952	3862.4086380004883
9953	3770.3161239624023
9953	3770.3161239624023
9954	3471.7307090759277
9954	3471.7307090759277
9955	3879.972457885742
9955	3879.972457885742
9956	4054.0120601654053
9956	4054.0120601654053
9957	4062.8528594970703
9957	4062.8528594970703
9958	4102.535724639893
9958	4102.535724639893
9959	3802.3669719696045
9959	3802.3669719696045
9960	4956.737756729126
9960	4956.737756729126
9961	3924.9117374420166
9961	3924.9117374420166
9962	3854.8498153686523
9962	3854.8498153686523
9963	4544.764518737793
9963	4544.764518737793
9964	4163.906097412109
9964	4163.906097412109
9965	3855.693578720093
9965	3855.693578720093
9966	4040.825605392456
9966	4040.825605392456
9967	3955.749034881592
9967	3955.749034881592
9968	4047.9159355163574
9968	4047.9159355163574
9969	4202.109575271606
9969	4202.109575271606
9970	4943.453788757324
9970	4943.453788757324
9971	4273.701906204224
9971	4273.701906204224
9972	4014.0016078948975
9972	4014.0016078948975
9973	4054.1138648986816
9973	4054.1138648986816
9974	2957.416534423828
9974	2957.416534423828
9975	4401.466846466064
9975	4401.466846466064
9976	2788.3734703063965
9976	2788.3734703063965
9977	4184.528827667236
9977	4184.528827667236
9978	4207.693576812744
9978	4207.693576812744
9979	3974.7588634490967
9979	3974.7588634490967
9980	4431.357860565186
9980	4431.357860565186
9981	3921.4043617248535
9981	3921.4043617248535
9982	3926.1913299560547
9982	3926.1913299560547
9983	3582.298994064331
9983	3582.298994064331
9984	4186.069011688232
9984	4186.069011688232
9985	3720.963716506958
9985	3720.963716506958
9986	3288.4347438812256
9986	3288.4347438812256
9987	4018.8980102539062
9987	4018.8980102539062
9988	4476.734638214111
9988	4476.734638214111
9989	3856.327772140503
9989	3856.327772140503
9990	5081.596612930298
9990	5081.596612930298
9991	4061.422824859619
9991	4061.422824859619
9992	4168.884992599487
9992	4168.884992599487
9993	4019.0136432647705
9993	4019.0136432647705
9994	4090.301513671875
9994	4090.301513671875
9995	3616.5101528167725
9995	3616.5101528167725
9996	3628.6532878875732
9996	3628.6532878875732
9997	3665.9882068634033
9997	3665.9882068634033
9998	4146.921873092651
9998	4146.921873092651
9999	4253.407716751099
9999	4253.407716751099
10000	28648.069858551025
10000	28648.069858551025
10001	4212.31484413147
10001	4212.31484413147
10002	4369.044065475464
10002	4369.044065475464
10003	4710.558652877808
10003	4710.558652877808
10004	4399.714708328247
10004	4399.714708328247
10005	4176.366806030273
10005	4176.366806030273
10006	4806.082248687744
10006	4806.082248687744
10007	5022.28856086731
10007	5022.28856086731
10008	4585.779666900635
10008	4585.779666900635
10009	4585.806369781494
10009	4585.806369781494
10010	7370.418310165405
10010	7370.418310165405
10011	6268.874645233154
10011	6268.874645233154
10012	5995.337724685669
10012	5995.337724685669
10013	5416.945695877075
10013	5416.945695877075
10014	5694.282054901123
10014	5694.282054901123
10015	5302.1416664123535
10015	5302.1416664123535
10016	5385.416269302368
10016	5385.416269302368
10017	5188.603162765503
10017	5188.603162765503
10018	4002.269744873047
10018	4002.269744873047
10019	4693.7761306762695
10019	4693.7761306762695
10020	5077.6097774505615
10020	5077.6097774505615
10021	4438.857078552246
10021	4438.857078552246
10022	4040.5960083007812
10022	4040.5960083007812
10023	3103.240489959717
10023	3103.240489959717
10024	5118.75319480896
10024	5118.75319480896
10025	4905.953168869019
10025	4905.953168869019
10026	4091.667890548706
10026	4091.667890548706
10027	5209.395170211792
10027	5209.395170211792
10028	5360.84771156311
10028	5360.84771156311
10029	3938.0831718444824
10029	3938.0831718444824
10030	5621.7145919799805
10030	5621.7145919799805
10031	4917.144298553467
10031	4917.144298553467
10032	4629.127502441406
10032	4629.127502441406
10033	4623.353958129883
10033	4623.353958129883
10034	3208.5132598876953
10034	3208.5132598876953
10035	3411.6125106811523
10035	3411.6125106811523
10036	2976.299285888672
10036	2976.299285888672
10037	3039.477825164795
10037	3039.477825164795
10038	3035.411834716797
10038	3035.411834716797
10039	2481.677532196045
10039	2481.677532196045
10040	3823.924779891968
10040	3823.924779891968
10041	2998.8858699798584
10041	2998.8858699798584
10042	3523.0395793914795
10042	3523.0395793914795
10043	2497.5686073303223
10043	2497.5686073303223
10044	2374.633550643921
10044	2374.633550643921
10045	3093.742847442627
10045	3093.742847442627
10046	2846.876859664917
10046	2846.876859664917
10047	2749.316930770874
10047	2749.316930770874
10048	3794.013261795044
10048	3794.013261795044
10049	3385.685682296753
10049	3385.685682296753
10050	4103.080749511719
10050	4103.080749511719
10051	3383.772611618042
10051	3383.772611618042
10052	2601.5141010284424
10052	2601.5141010284424
10053	4174.040794372559
10053	4174.040794372559
10054	2872.9774951934814
10054	2872.9774951934814
10055	3474.3473529815674
10055	3474.3473529815674
10056	3556.5669536590576
10056	3556.5669536590576
10057	3806.760787963867
10057	3806.760787963867
10058	2562.0219707489014
10058	2562.0219707489014
10059	3883.272647857666
10059	3883.272647857666
10060	4632.452964782715
10060	4632.452964782715
10061	3020.5962657928467
10061	3020.5962657928467
10062	3596.705675125122
10062	3596.705675125122
10063	3737.940788269043
10063	3737.940788269043
10064	2714.4694328308105
10064	2714.4694328308105
10065	3194.6375370025635
10065	3194.6375370025635
10066	2592.7631855010986
10066	2592.7631855010986
10067	2948.995590209961
10067	2948.995590209961
10068	3110.180139541626
10068	3110.180139541626
10069	2701.4248371124268
10069	2701.4248371124268
10070	4511.167287826538
10070	4511.167287826538
10071	2904.489040374756
10071	2904.489040374756
10072	2447.6723670959473
10072	2447.6723670959473
10073	3134.843587875366
10073	3134.843587875366
10074	3068.979501724243
10074	3068.979501724243
10075	2653.5804271698
10075	2653.5804271698
10076	2605.452299118042
10076	2605.452299118042
10077	2402.934789657593
10077	2402.934789657593
10078	2998.621702194214
10078	2998.621702194214
10079	2746.781349182129
10079	2746.781349182129
10080	5045.140981674194
10080	5045.140981674194
10081	3380.993366241455
10081	3380.993366241455
10082	2865.8342361450195
10082	2865.8342361450195
10083	3123.8152980804443
10083	3123.8152980804443
10084	2597.435712814331
10084	2597.435712814331
10085	2789.9234294891357
10085	2789.9234294891357
10086	2871.429443359375
10086	2871.429443359375
10087	2796.5588569641113
10087	2796.5588569641113
10088	3833.916425704956
10088	3833.916425704956
10089	3357.9084873199463
10089	3357.9084873199463
10090	5725.848197937012
10090	5725.848197937012
10091	3553.9135932922363
10091	3553.9135932922363
10092	2492.443561553955
10092	2492.443561553955
10093	3099.2815494537354
10093	3099.2815494537354
10094	2347.520112991333
10094	2347.520112991333
10095	3404.5212268829346
10095	3404.5212268829346
10096	3186.31649017334
10096	3186.31649017334
10097	3242.0663833618164
10097	3242.0663833618164
10098	3787.7187728881836
10098	3787.7187728881836
10099	3340.3377532958984
10099	3340.3377532958984
10100	4213.180303573608
10100	4213.180303573608
10101	2595.1669216156006
10101	2595.1669216156006
10102	2576.594829559326
10102	2576.594829559326
10103	2721.9016551971436
10103	2721.9016551971436
10104	2388.986349105835
10104	2388.986349105835
10105	2227.484941482544
10105	2227.484941482544
10106	2307.356357574463
10106	2307.356357574463
10107	3056.6606521606445
10107	3056.6606521606445
10108	3873.098611831665
10108	3873.098611831665
10109	2915.114402770996
10109	2915.114402770996
10110	3871.5033531188965
10110	3871.5033531188965
10111	3257.0254802703857
10111	3257.0254802703857
10112	3389.752149581909
10112	3389.752149581909
10113	3040.1999950408936
10113	3040.1999950408936
10114	3278.416633605957
10114	3278.416633605957
10115	2982.051134109497
10115	2982.051134109497
10116	2123.3394145965576
10116	2123.3394145965576
10117	2831.4247131347656
10117	2831.4247131347656
10118	2692.535877227783
10118	2692.535877227783
10119	2661.21506690979
10119	2661.21506690979
10120	4123.416423797607
10120	4123.416423797607
10121	2277.0752906799316
10121	2277.0752906799316
10122	2763.8700008392334
10122	2763.8700008392334
10123	3804.5809268951416
10123	3804.5809268951416
10124	2198.566198348999
10124	2198.566198348999
10125	2750.028371810913
10125	2750.028371810913
10126	2968.417167663574
10126	2968.417167663574
10127	2476.583242416382
10127	2476.583242416382
10128	2894.8073387145996
10128	2894.8073387145996
10129	3741.0080432891846
10129	3741.0080432891846
10130	2823.7144947052
10130	2823.7144947052
10131	2932.9049587249756
10131	2932.9049587249756
10132	3451.09224319458
10132	3451.09224319458
10133	3962.7139568328857
10133	3962.7139568328857
10134	3506.0479640960693
10134	3506.0479640960693
10135	4597.159147262573
10135	4597.159147262573
10136	3493.5708045959473
10136	3493.5708045959473
10137	4712.847948074341
10137	4712.847948074341
10138	3406.9533348083496
10138	3406.9533348083496
10139	3505.134344100952
10139	3505.134344100952
10140	5111.352443695068
10140	5111.352443695068
10141	4956.145763397217
10141	4956.145763397217
10142	4668.572425842285
10142	4668.572425842285
10143	4800.54235458374
10143	4800.54235458374
10144	4963.195085525513
10144	4963.195085525513
10145	4790.934324264526
10145	4790.934324264526
10146	4905.458450317383
10146	4905.458450317383
10147	4985.708236694336
10147	4985.708236694336
10148	4696.363687515259
10148	4696.363687515259
10149	4619.790077209473
10149	4619.790077209473
10150	5796.593189239502
10150	5796.593189239502
10151	4301.60927772522
10151	4301.60927772522
10152	4019.6986198425293
10152	4019.6986198425293
10153	3935.8458518981934
10153	3935.8458518981934
10154	3963.84859085083
10154	3963.84859085083
10155	3689.649820327759
10155	3689.649820327759
10156	4722.644805908203
10156	4722.644805908203
10157	4576.474666595459
10157	4576.474666595459
10158	4290.826797485352
10158	4290.826797485352
10159	4281.900882720947
10159	4281.900882720947
10160	5993.133306503296
10160	5993.133306503296
10161	3822.7322101593018
10161	3822.7322101593018
10162	4057.209014892578
10162	4057.209014892578
10163	4257.030248641968
10163	4257.030248641968
10164	3904.3736457824707
10164	3904.3736457824707
10165	4070.502758026123
10165	4070.502758026123
10166	3117.1796321868896
10166	3117.1796321868896
10167	4171.561241149902
10167	4171.561241149902
10168	4787.506580352783
10168	4787.506580352783
10169	3550.7614612579346
10169	3550.7614612579346
10170	4202.633619308472
10170	4202.633619308472
10171	4253.419637680054
10171	4253.419637680054
10172	4113.301753997803
10172	4113.301753997803
10173	4374.539613723755
10173	4374.539613723755
10174	4620.999813079834
10174	4620.999813079834
10175	4666.616201400757
10175	4666.616201400757
10176	4126.599311828613
10176	4126.599311828613
10177	4787.05096244812
10177	4787.05096244812
10178	4155.121326446533
10178	4155.121326446533
10179	4266.472101211548
10179	4266.472101211548
10180	5002.6726722717285
10180	5002.6726722717285
10181	3889.988899230957
10181	3889.988899230957
10182	4517.494440078735
10182	4517.494440078735
10183	4713.912487030029
10183	4713.912487030029
10184	4658.504486083984
10184	4658.504486083984
10185	4503.644943237305
10185	4503.644943237305
10186	4845.672130584717
10186	4845.672130584717
10187	4569.71287727356
10187	4569.71287727356
10188	3856.637716293335
10188	3856.637716293335
10189	3994.645118713379
10189	3994.645118713379
10190	5165.048837661743
10190	5165.048837661743
10191	4117.00177192688
10191	4117.00177192688
10192	4070.5060958862305
10192	4070.5060958862305
10193	4186.383962631226
10193	4186.383962631226
10194	4659.6128940582275
10194	4659.6128940582275
10195	4257.330894470215
10195	4257.330894470215
10196	3840.3611183166504
10196	3840.3611183166504
10197	4597.125768661499
10197	4597.125768661499
10198	4037.7357006073
10198	4037.7357006073
10199	4485.489130020142
10199	4485.489130020142
10200	4225.644588470459
10200	4225.644588470459
10201	4484.504222869873
10201	4484.504222869873
10202	4028.7063121795654
10202	4028.7063121795654
10203	4077.8825283050537
10203	4077.8825283050537
10204	3981.3876152038574
10204	3981.3876152038574
10205	3773.2198238372803
10205	3773.2198238372803
10206	3709.627389907837
10206	3709.627389907837
10207	4240.124702453613
10207	4240.124702453613
10208	3982.8524589538574
10208	3982.8524589538574
10209	3651.3702869415283
10209	3651.3702869415283
10210	4934.443950653076
10210	4934.443950653076
10211	4062.114477157593
10211	4062.114477157593
10212	4243.774652481079
10212	4243.774652481079
10213	4410.937309265137
10213	4410.937309265137
10214	3998.1532096862793
10214	3998.1532096862793
10215	4666.597366333008
10215	4666.597366333008
10216	4788.6927127838135
10216	4788.6927127838135
10217	3805.0012588500977
10217	3805.0012588500977
10218	4810.595989227295
10218	4810.595989227295
10219	4629.905223846436
10219	4629.905223846436
10220	5072.120666503906
10220	5072.120666503906
10221	5115.454435348511
10221	5115.454435348511
10222	4581.826448440552
10222	4581.826448440552
10223	4570.600271224976
10223	4570.600271224976
10224	2987.5564575195312
10224	2987.5564575195312
10225	3813.1861686706543
10225	3813.1861686706543
10226	3899.996519088745
10226	3899.996519088745
10227	3936.202049255371
10227	3936.202049255371
10228	3333.4572315216064
10228	3333.4572315216064
10229	4252.539157867432
10229	4252.539157867432
10230	5336.9460105896
10230	5336.9460105896
10231	4323.415279388428
10231	4323.415279388428
10232	4555.982351303101
10232	4555.982351303101
10233	4510.857820510864
10233	4510.857820510864
10234	4395.977735519409
10234	4395.977735519409
10235	3900.452136993408
10235	3900.452136993408
10236	4101.044654846191
10236	4101.044654846191
10237	2942.5477981567383
10237	2942.5477981567383
10238	2868.759870529175
10238	2868.759870529175
10239	3019.780158996582
10239	3019.780158996582
10240	3674.052953720093
10240	3674.052953720093
10241	3247.7612495422363
10241	3247.7612495422363
10242	2985.1245880126953
10242	2985.1245880126953
10243	2028.5756587982178
10243	2028.5756587982178
10244	2110.476016998291
10244	2110.476016998291
10245	2853.4040451049805
10245	2853.4040451049805
10246	2326.0412216186523
10246	2326.0412216186523
10247	3231.173276901245
10247	3231.173276901245
10248	1800.7116317749023
10248	1800.7116317749023
10249	2055.2403926849365
10249	2055.2403926849365
10250	3612.144708633423
10250	3612.144708633423
10251	2899.2700576782227
10251	2899.2700576782227
10252	2328.2086849212646
10252	2328.2086849212646
10253	2510.239601135254
10253	2510.239601135254
10254	2674.6606826782227
10254	2674.6606826782227
10255	2685.7283115386963
10255	2685.7283115386963
10256	2317.8207874298096
10256	2317.8207874298096
10257	2886.3518238067627
10257	2886.3518238067627
10258	2776.4976024627686
10258	2776.4976024627686
10259	3532.5920581817627
10259	3532.5920581817627
10260	3157.6595306396484
10260	3157.6595306396484
10261	2459.67435836792
10261	2459.67435836792
10262	2185.3621006011963
10262	2185.3621006011963
10263	3312.721014022827
10263	3312.721014022827
10264	3027.14467048645
10264	3027.14467048645
10265	2318.8347816467285
10265	2318.8347816467285
10266	2593.512773513794
10266	2593.512773513794
10267	2791.774272918701
10267	2791.774272918701
10268	2947.7782249450684
10268	2947.7782249450684
10269	2457.469701766968
10269	2457.469701766968
10270	4105.369806289673
10270	4105.369806289673
10271	3381.232500076294
10271	3381.232500076294
10272	2689.438581466675
10272	2689.438581466675
10273	2407.886743545532
10273	2407.886743545532
10274	2836.5890979766846
10274	2836.5890979766846
10275	2187.1979236602783
10275	2187.1979236602783
10276	2572.1592903137207
10276	2572.1592903137207
10277	1926.1317253112793
10277	1926.1317253112793
10278	2595.775842666626
10278	2595.775842666626
10279	2738.30509185791
10279	2738.30509185791
10280	3702.8071880340576
10280	3702.8071880340576
10281	2288.1531715393066
10281	2288.1531715393066
10282	2815.1495456695557
10282	2815.1495456695557
10283	3016.619920730591
10283	3016.619920730591
10284	2605.825662612915
10284	2605.825662612915
10285	2610.0194454193115
10285	2610.0194454193115
10286	2539.1297340393066
10286	2539.1297340393066
10287	2395.420551300049
10287	2395.420551300049
10288	2330.634355545044
10288	2330.634355545044
10289	2391.3748264312744
10289	2391.3748264312744
10290	3418.994188308716
10290	3418.994188308716
10291	2134.54270362854
10291	2134.54270362854
10292	2023.8978862762451
10292	2023.8978862762451
10293	2894.441843032837
10293	2894.441843032837
10294	2178.7641048431396
10294	2178.7641048431396
10295	2873.5098838806152
10295	2873.5098838806152
10296	3677.436351776123
10296	3677.436351776123
10297	3771.9674110412598
10297	3771.9674110412598
10298	1642.8954601287842
10298	1642.8954601287842
10299	1813.1828308105469
10299	1813.1828308105469
10300	3095.3359603881836
10300	3095.3359603881836
10301	2787.8429889678955
10301	2787.8429889678955
10302	2519.562244415283
10302	2519.562244415283
10303	2903.580665588379
10303	2903.580665588379
10304	2598.0825424194336
10304	2598.0825424194336
10305	4355.186223983765
10305	4355.186223983765
10306	2789.511203765869
10306	2789.511203765869
10307	2569.3044662475586
10307	2569.3044662475586
10308	2272.540330886841
10308	2272.540330886841
10309	3367.689371109009
10309	3367.689371109009
10310	4159.217119216919
10310	4159.217119216919
10311	3446.5982913970947
10311	3446.5982913970947
10312	3494.0121173858643
10312	3494.0121173858643
10313	3250.584602355957
10313	3250.584602355957
10314	2475.135326385498
10314	2475.135326385498
10315	2556.643486022949
10315	2556.643486022949
10316	2635.946273803711
10316	2635.946273803711
10317	2622.2057342529297
10317	2622.2057342529297
10318	2596.3761806488037
10318	2596.3761806488037
10319	2442.875623703003
10319	2442.875623703003
10320	3810.1351261138916
10320	3810.1351261138916
10321	2917.8903102874756
10321	2917.8903102874756
10322	2722.4056720733643
10322	2722.4056720733643
10323	2711.658000946045
10323	2711.658000946045
10324	2540.706157684326
10324	2540.706157684326
10325	2834.9804878234863
10325	2834.9804878234863
10326	2937.3228549957275
10326	2937.3228549957275
10327	2494.5995807647705
10327	2494.5995807647705
10328	2245.0637817382812
10328	2245.0637817382812
10329	2480.802297592163
10329	2480.802297592163
10330	3551.4776706695557
10330	3551.4776706695557
10331	2282.6802730560303
10331	2282.6802730560303
10332	2411.684989929199
10332	2411.684989929199
10333	2940.852165222168
10333	2940.852165222168
10334	2650.3007411956787
10334	2650.3007411956787
10335	2859.9579334259033
10335	2859.9579334259033
10336	3094.992160797119
10336	3094.992160797119
10337	2436.1870288848877
10337	2436.1870288848877
10338	2858.337640762329
10338	2858.337640762329
10339	2003.319501876831
10339	2003.319501876831
10340	2456.8850994110107
10340	2456.8850994110107
10341	1893.0120468139648
10341	1893.0120468139648
10342	1517.542839050293
10342	1517.542839050293
10343	1565.0520324707031
10343	1565.0520324707031
10344	1530.8165550231934
10344	1530.8165550231934
10345	1608.1211566925049
10345	1608.1211566925049
10346	1738.1031513214111
10346	1738.1031513214111
10347	1976.630687713623
10347	1976.630687713623
10348	1692.744493484497
10348	1692.744493484497
10349	1781.731367111206
10349	1781.731367111206
10350	2389.3561363220215
10350	2389.3561363220215
10351	1662.3883247375488
10351	1662.3883247375488
10352	1589.1854763031006
10352	1589.1854763031006
10353	1458.3351612091064
10353	1458.3351612091064
10354	1608.9708805084229
10354	1608.9708805084229
10355	1633.4559917449951
10355	1633.4559917449951
10356	1818.9005851745605
10356	1818.9005851745605
10357	1718.9216613769531
10357	1718.9216613769531
10358	1689.0993118286133
10358	1689.0993118286133
10359	1704.1552066802979
10359	1704.1552066802979
10360	2009.9132061004639
10360	2009.9132061004639
10361	1339.1637802124023
10361	1339.1637802124023
10362	1478.2617092132568
10362	1478.2617092132568
10363	1638.3090019226074
10363	1638.3090019226074
10364	1413.153886795044
10364	1413.153886795044
10365	1471.9810485839844
10365	1471.9810485839844
10366	1400.0935554504395
10366	1400.0935554504395
10367	1379.72092628479
10367	1379.72092628479
10368	1479.8924922943115
10368	1479.8924922943115
10369	1653.9087295532227
10369	1653.9087295532227
10370	2841.094493865967
10370	2841.094493865967
10371	1527.5030136108398
10371	1527.5030136108398
10372	1711.4794254302979
10372	1711.4794254302979
10373	1581.352710723877
10373	1581.352710723877
10374	1614.4061088562012
10374	1614.4061088562012
10375	1704.1113376617432
10375	1704.1113376617432
10376	1862.7233505249023
10376	1862.7233505249023
10377	1471.2154865264893
10377	1471.2154865264893
10378	1678.4768104553223
10378	1678.4768104553223
10379	1578.8235664367676
10379	1578.8235664367676
10380	2358.7634563446045
10380	2358.7634563446045
10381	1463.566780090332
10381	1463.566780090332
10382	1638.1268501281738
10382	1638.1268501281738
10383	1597.6448059082031
10383	1597.6448059082031
10384	1444.9009895324707
10384	1444.9009895324707
10385	1843.3446884155273
10385	1843.3446884155273
10386	1612.8807067871094
10386	1612.8807067871094
10387	1467.5252437591553
10387	1467.5252437591553
10388	1621.9303607940674
10388	1621.9303607940674
10389	1618.5262203216553
10389	1618.5262203216553
10390	2144.5233821868896
10390	2144.5233821868896
10391	1684.9291324615479
10391	1684.9291324615479
10392	1937.6611709594727
10392	1937.6611709594727
10393	1780.346393585205
10393	1780.346393585205
10394	1766.3886547088623
10394	1766.3886547088623
10395	1523.7812995910645
10395	1523.7812995910645
10396	1689.5325183868408
10396	1689.5325183868408
10397	1748.3115196228027
10397	1748.3115196228027
10398	1554.4586181640625
10398	1554.4586181640625
10399	1572.624921798706
10399	1572.624921798706
10400	2665.2185916900635
10400	2665.2185916900635
10401	1648.8971710205078
10401	1648.8971710205078
10402	1812.7572536468506
10402	1812.7572536468506
10403	1912.2068881988525
10403	1912.2068881988525
10404	1549.342393875122
10404	1549.342393875122
10405	1422.3668575286865
10405	1422.3668575286865
10406	1610.4624271392822
10406	1610.4624271392822
10407	1669.6114540100098
10407	1669.6114540100098
10408	1953.4382820129395
10408	1953.4382820129395
10409	1439.6007061004639
10409	1439.6007061004639
10410	2351.0756492614746
10410	2351.0756492614746
10411	1540.879726409912
10411	1540.879726409912
10412	1635.0924968719482
10412	1635.0924968719482
10413	3102.1957397460938
10413	3102.1957397460938
10414	1911.8216037750244
10414	1911.8216037750244
10415	1549.8619079589844
10415	1549.8619079589844
10416	3256.7238807678223
10416	3256.7238807678223
10417	1544.5847511291504
10417	1544.5847511291504
10418	1998.8112449645996
10418	1998.8112449645996
10419	1597.6498126983643
10419	1597.6498126983643
10420	3250.3628730773926
10420	3250.3628730773926
10421	3115.036964416504
10421	3115.036964416504
10422	1684.800148010254
10422	1684.800148010254
10423	2182.0809841156006
10423	2182.0809841156006
10424	1393.3939933776855
10424	1393.3939933776855
10425	1401.2343883514404
10425	1401.2343883514404
10426	1440.2141571044922
10426	1440.2141571044922
10427	1940.0272369384766
10427	1940.0272369384766
10428	2344.5639610290527
10428	2344.5639610290527
10429	1917.1268939971924
10429	1917.1268939971924
10430	2978.8734912872314
10430	2978.8734912872314
10431	1878.631353378296
10431	1878.631353378296
10432	1742.0082092285156
10432	1742.0082092285156
10433	1460.2775573730469
10433	1460.2775573730469
10434	1662.1270179748535
10434	1662.1270179748535
10435	1728.3134460449219
10435	1728.3134460449219
10436	1862.086296081543
10436	1862.086296081543
10437	1762.7904415130615
10437	1762.7904415130615
10438	1678.6696910858154
10438	1678.6696910858154
10439	1468.646764755249
10439	1468.646764755249
10440	2073.298692703247
10440	2073.298692703247
10441	1473.7296104431152
10441	1473.7296104431152
10442	1618.499755859375
10442	1618.499755859375
10443	1462.073802947998
10443	1462.073802947998
10444	1412.9464626312256
10444	1412.9464626312256
10445	1471.6498851776123
10445	1471.6498851776123
10446	1666.9468879699707
10446	1666.9468879699707
10447	1215.5086994171143
10447	1215.5086994171143
10448	1218.536138534546
10448	1218.536138534546
10449	1163.8057231903076
10449	1163.8057231903076
10450	2648.0915546417236
10450	2648.0915546417236
10451	1596.7326164245605
10451	1596.7326164245605
10452	1810.7266426086426
10452	1810.7266426086426
10453	1454.3874263763428
10453	1454.3874263763428
10454	2168.0729389190674
10454	2168.0729389190674
10455	1942.1026706695557
10455	1942.1026706695557
10456	1579.8180103302002
10456	1579.8180103302002
10457	1798.0363368988037
10457	1798.0363368988037
10458	1414.0079021453857
10458	1414.0079021453857
10459	1744.3876266479492
10459	1744.3876266479492
10460	2403.1007289886475
10460	2403.1007289886475
10461	1734.1837882995605
10461	1734.1837882995605
10462	1706.747055053711
10462	1706.747055053711
10463	1716.9671058654785
10463	1716.9671058654785
10464	1890.5317783355713
10464	1890.5317783355713
10465	1534.0344905853271
10465	1534.0344905853271
10466	1541.15891456604
10466	1541.15891456604
10467	2617.6536083221436
10467	2617.6536083221436
10468	2022.261142730713
10468	2022.261142730713
10469	1703.4378051757812
10469	1703.4378051757812
10470	2565.8650398254395
10470	2565.8650398254395
10471	2651.1495113372803
10471	2651.1495113372803
10472	2657.191753387451
10472	2657.191753387451
10473	2195.124626159668
10473	2195.124626159668
10474	2290.9793853759766
10474	2290.9793853759766
10475	2155.1666259765625
10475	2155.1666259765625
10476	2198.819875717163
10476	2198.819875717163
10477	2582.7298164367676
10477	2582.7298164367676
10478	3089.273691177368
10478	3089.273691177368
10479	2796.093702316284
10479	2796.093702316284
10480	3687.2200965881348
10480	3687.2200965881348
10481	3181.4801692962646
10481	3181.4801692962646
10482	2798.996686935425
10482	2798.996686935425
10483	2880.0058364868164
10483	2880.0058364868164
10484	2727.2815704345703
10484	2727.2815704345703
10485	2716.1614894866943
10485	2716.1614894866943
10486	2842.1790599823
10486	2842.1790599823
10487	2781.264305114746
10487	2781.264305114746
10488	2768.2857513427734
10488	2768.2857513427734
10489	2591.801166534424
10489	2591.801166534424
10490	3394.777774810791
10490	3394.777774810791
10491	2707.5140476226807
10491	2707.5140476226807
10492	2051.5565872192383
10492	2051.5565872192383
10493	2857.452630996704
10493	2857.452630996704
10494	2463.564157485962
10494	2463.564157485962
10495	2039.1411781311035
10495	2039.1411781311035
10496	2830.734968185425
10496	2830.734968185425
10497	2433.9447021484375
10497	2433.9447021484375
10498	2636.9149684906006
10498	2636.9149684906006
10499	2777.1072387695312
10499	2777.1072387695312
10500	10979.143857955933
10500	10979.143857955933
10501	2691.326379776001
10501	2691.326379776001
10502	2579.3843269348145
10502	2579.3843269348145
10503	2725.306987762451
10503	2725.306987762451
10504	2854.2027473449707
10504	2854.2027473449707
10505	3040.7299995422363
10505	3040.7299995422363
10506	2968.8916206359863
10506	2968.8916206359863
10507	2773.8187313079834
10507	2773.8187313079834
10508	2740.1695251464844
10508	2740.1695251464844
10509	2806.224822998047
10509	2806.224822998047
10510	6339.988470077515
10510	6339.988470077515
10511	2428.5919666290283
10511	2428.5919666290283
10512	2967.2393798828125
10512	2967.2393798828125
10513	2590.764045715332
10513	2590.764045715332
10514	3529.3490886688232
10514	3529.3490886688232
10515	2533.5984230041504
10515	2533.5984230041504
10516	2314.192533493042
10516	2314.192533493042
10517	2979.206085205078
10517	2979.206085205078
10518	2329.6751976013184
10518	2329.6751976013184
10519	3361.555576324463
10519	3361.555576324463
10520	3199.617624282837
10520	3199.617624282837
10521	2334.894895553589
10521	2334.894895553589
10522	2618.119716644287
10522	2618.119716644287
10523	3707.1568965911865
10523	3707.1568965911865
10524	2810.9123706817627
10524	2810.9123706817627
10525	3355.4890155792236
10525	3355.4890155792236
10526	2997.112274169922
10526	2997.112274169922
10527	2736.8509769439697
10527	2736.8509769439697
10528	2806.464433670044
10528	2806.464433670044
10529	2691.3557052612305
10529	2691.3557052612305
10530	2549.4654178619385
10530	2549.4654178619385
10531	2345.3164100646973
10531	2345.3164100646973
10532	2555.5624961853027
10532	2555.5624961853027
10533	2654.4506549835205
10533	2654.4506549835205
10534	2791.5191650390625
10534	2791.5191650390625
10535	2307.234287261963
10535	2307.234287261963
10536	2592.8757190704346
10536	2592.8757190704346
10537	2617.605686187744
10537	2617.605686187744
10538	3154.719829559326
10538	3154.719829559326
10539	1998.1536865234375
10539	1998.1536865234375
10540	3305.6347370147705
10540	3305.6347370147705
10541	2766.216039657593
10541	2766.216039657593
10542	3071.906566619873
10542	3071.906566619873
10543	3201.1289596557617
10543	3201.1289596557617
10544	3301.361322402954
10544	3301.361322402954
10545	2335.6029987335205
10545	2335.6029987335205
10546	2539.0992164611816
10546	2539.0992164611816
10547	2228.3456325531006
10547	2228.3456325531006
10548	2413.363218307495
10548	2413.363218307495
10549	2020.005464553833
10549	2020.005464553833
10550	3375.3387928009033
10550	3375.3387928009033
10551	2159.364938735962
10551	2159.364938735962
10552	2618.9897060394287
10552	2618.9897060394287
10553	2146.01469039917
10553	2146.01469039917
10554	2625.2214908599854
10554	2625.2214908599854
10555	2766.1681175231934
10555	2766.1681175231934
10556	2796.874761581421
10556	2796.874761581421
10557	2570.392370223999
10557	2570.392370223999
10558	2993.3762550354004
10558	2993.3762550354004
10559	2636.0926628112793
10559	2636.0926628112793
10560	3634.730100631714
10560	3634.730100631714
10561	2682.2268962860107
10561	2682.2268962860107
10562	2105.741500854492
10562	2105.741500854492
10563	2051.9144535064697
10563	2051.9144535064697
10564	2354.686975479126
10564	2354.686975479126
10565	3136.2245082855225
10565	3136.2245082855225
10566	2530.273914337158
10566	2530.273914337158
10567	2630.0978660583496
10567	2630.0978660583496
10568	2639.892339706421
10568	2639.892339706421
10569	2980.97825050354
10569	2980.97825050354
10570	3528.4061431884766
10570	3528.4061431884766
10571	2410.215139389038
10571	2410.215139389038
10572	2744.338274002075
10572	2744.338274002075
10573	2658.6861610412598
10573	2658.6861610412598
10574	2598.5543727874756
10574	2598.5543727874756
10575	2622.6675510406494
10575	2622.6675510406494
10576	2780.129909515381
10576	2780.129909515381
10577	2742.487668991089
10577	2742.487668991089
10578	2558.065176010132
10578	2558.065176010132
10579	2202.0318508148193
10579	2202.0318508148193
10580	2882.0292949676514
10580	2882.0292949676514
10581	2467.170476913452
10581	2467.170476913452
10582	2810.48583984375
10582	2810.48583984375
10583	2544.428586959839
10583	2544.428586959839
10584	2476.4599800109863
10584	2476.4599800109863
10585	2630.952835083008
10585	2630.952835083008
10586	2614.973783493042
10586	2614.973783493042
10587	2789.5021438598633
10587	2789.5021438598633
10588	2765.2690410614014
10588	2765.2690410614014
10589	2674.980878829956
10589	2674.980878829956
10590	4000.9870529174805
10590	4000.9870529174805
10591	2608.116626739502
10591	2608.116626739502
10592	2857.4867248535156
10592	2857.4867248535156
10593	2662.997245788574
10593	2662.997245788574
10594	2850.6405353546143
10594	2850.6405353546143
10595	2399.5964527130127
10595	2399.5964527130127
10596	2408.7188243865967
10596	2408.7188243865967
10597	2407.5419902801514
10597	2407.5419902801514
10598	2385.1864337921143
10598	2385.1864337921143
10599	2881.3867568969727
10599	2881.3867568969727
10600	3172.868490219116
10600	3172.868490219116
10601	2534.34157371521
10601	2534.34157371521
10602	2630.4197311401367
10602	2630.4197311401367
10603	2597.177267074585
10603	2597.177267074585
10604	2563.7238025665283
10604	2563.7238025665283
10605	2720.665454864502
10605	2720.665454864502
10606	2763.6802196502686
10606	2763.6802196502686
10607	2738.147020339966
10607	2738.147020339966
10608	2644.690990447998
10608	2644.690990447998
10609	2957.840919494629
10609	2957.840919494629
10610	3550.8692264556885
10610	3550.8692264556885
10611	2890.610456466675
10611	2890.610456466675
10612	2631.85977935791
10612	2631.85977935791
10613	2230.4611206054688
10613	2230.4611206054688
10614	2501.8482208251953
10614	2501.8482208251953
10615	3032.727003097534
10615	3032.727003097534
10616	2456.9084644317627
10616	2456.9084644317627
10617	2526.395320892334
10617	2526.395320892334
10618	2688.0218982696533
10618	2688.0218982696533
10619	1833.66060256958
10619	1833.66060256958
10620	3220.792293548584
10620	3220.792293548584
10621	2650.8712768554688
10621	2650.8712768554688
10622	2797.2350120544434
10622	2797.2350120544434
10623	2838.3545875549316
10623	2838.3545875549316
10624	2733.2093715667725
10624	2733.2093715667725
10625	2703.2997608184814
10625	2703.2997608184814
10626	2775.9671211242676
10626	2775.9671211242676
10627	2529.055595397949
10627	2529.055595397949
10628	2891.291379928589
10628	2891.291379928589
10629	2672.7733612060547
10629	2672.7733612060547
10630	3264.6963596343994
10630	3264.6963596343994
10631	2648.529529571533
10631	2648.529529571533
10632	2110.1608276367188
10632	2110.1608276367188
10633	2284.320116043091
10633	2284.320116043091
10634	2556.9238662719727
10634	2556.9238662719727
10635	2553.382396697998
10635	2553.382396697998
10636	2462.7225399017334
10636	2462.7225399017334
10637	2232.1276664733887
10637	2232.1276664733887
10638	2621.0124492645264
10638	2621.0124492645264
10639	2507.5039863586426
10639	2507.5039863586426
10640	3505.662202835083
10640	3505.662202835083
10641	2684.2823028564453
10641	2684.2823028564453
10642	2759.6867084503174
10642	2759.6867084503174
10643	2730.6735515594482
10643	2730.6735515594482
10644	2799.971342086792
10644	2799.971342086792
10645	2637.5348567962646
10645	2637.5348567962646
10646	2897.2184658050537
10646	2897.2184658050537
10647	2624.798536300659
10647	2624.798536300659
10648	2594.5611000061035
10648	2594.5611000061035
10649	2569.8394775390625
10649	2569.8394775390625
10650	3301.0499477386475
10650	3301.0499477386475
10651	2104.9957275390625
10651	2104.9957275390625
10652	2301.1136054992676
10652	2301.1136054992676
10653	2230.386734008789
10653	2230.386734008789
10654	2544.8946952819824
10654	2544.8946952819824
10655	2881.110906600952
10655	2881.110906600952
10656	2632.4586868286133
10656	2632.4586868286133
10657	2644.77276802063
10657	2644.77276802063
10658	2644.648790359497
10658	2644.648790359497
10659	2853.865146636963
10659	2853.865146636963
10660	3598.119020462036
10660	3598.119020462036
10661	3166.6364669799805
10661	3166.6364669799805
10662	2091.688871383667
10662	2091.688871383667
10663	2382.4589252471924
10663	2382.4589252471924
10664	3108.0715656280518
10664	3108.0715656280518
10665	2729.3434143066406
10665	2729.3434143066406
10666	2114.7336959838867
10666	2114.7336959838867
10667	2003.0739307403564
10667	2003.0739307403564
10668	2223.7844467163086
10668	2223.7844467163086
10669	2566.957712173462
10669	2566.957712173462
10670	4200.673341751099
10670	4200.673341751099
10671	2673.0029582977295
10671	2673.0029582977295
10672	2190.112352371216
10672	2190.112352371216
10673	3373.901844024658
10673	3373.901844024658
10674	3278.2280445098877
10674	3278.2280445098877
10675	3291.5596961975098
10675	3291.5596961975098
10676	2508.6658000946045
10676	2508.6658000946045
10677	1757.7664852142334
10677	1757.7664852142334
10678	1976.1788845062256
10678	1976.1788845062256
10679	1842.5159454345703
10679	1842.5159454345703
10680	2710.467576980591
10680	2710.467576980591
10681	1859.4183921813965
10681	1859.4183921813965
10682	1738.7127876281738
10682	1738.7127876281738
10683	1823.4343528747559
10683	1823.4343528747559
10684	1732.0163249969482
10684	1732.0163249969482
10685	1873.6381530761719
10685	1873.6381530761719
10686	1749.1741180419922
10686	1749.1741180419922
10687	1611.4275455474854
10687	1611.4275455474854
10688	1699.9104022979736
10688	1699.9104022979736
10689	2083.686113357544
10689	2083.686113357544
10690	2430.8440685272217
10690	2430.8440685272217
10691	2064.3529891967773
10691	2064.3529891967773
10692	1718.9576625823975
10692	1718.9576625823975
10693	1517.374038696289
10693	1517.374038696289
10694	2007.4059963226318
10694	2007.4059963226318
10695	1754.3606758117676
10695	1754.3606758117676
10696	1577.4126052856445
10696	1577.4126052856445
10697	1830.6431770324707
10697	1830.6431770324707
10698	1464.2798900604248
10698	1464.2798900604248
10699	1381.0527324676514
10699	1381.0527324676514
10700	2880.580425262451
10700	2880.580425262451
10701	1649.8768329620361
10701	1649.8768329620361
10702	2018.296480178833
10702	2018.296480178833
10703	1943.4044361114502
10703	1943.4044361114502
10704	1590.6376838684082
10704	1590.6376838684082
10705	1658.029556274414
10705	1658.029556274414
10706	2073.77028465271
10706	2073.77028465271
10707	1720.4132080078125
10707	1720.4132080078125
10708	1740.7617568969727
10708	1740.7617568969727
10709	1696.1305141448975
10709	1696.1305141448975
10710	2287.7819538116455
10710	2287.7819538116455
10711	1739.5713329315186
10711	1739.5713329315186
10712	1744.24147605896
10712	1744.24147605896
10713	1918.5903072357178
10713	1918.5903072357178
10714	1849.5774269104004
10714	1849.5774269104004
10715	1880.420446395874
10715	1880.420446395874
10716	1945.8038806915283
10716	1945.8038806915283
10717	2013.066291809082
10717	2013.066291809082
10718	2825.0532150268555
10718	2825.0532150268555
10719	1866.6458129882812
10719	1866.6458129882812
10720	2647.2649574279785
10720	2647.2649574279785
10721	1728.3780574798584
10721	1728.3780574798584
10722	2105.7958602905273
10722	2105.7958602905273
10723	1747.286081314087
10723	1747.286081314087
10724	1659.7378253936768
10724	1659.7378253936768
10725	1778.8302898406982
10725	1778.8302898406982
10726	2277.9593467712402
10726	2277.9593467712402
10727	2353.9538383483887
10727	2353.9538383483887
10728	1999.121904373169
10728	1999.121904373169
10729	2504.997730255127
10729	2504.997730255127
10730	2493.3528900146484
10730	2493.3528900146484
10731	1776.7696380615234
10731	1776.7696380615234
10732	1812.2706413269043
10732	1812.2706413269043
10733	1694.608211517334
10733	1694.608211517334
10734	2417.8783893585205
10734	2417.8783893585205
10735	2154.88600730896
10735	2154.88600730896
10736	1957.9782485961914
10736	1957.9782485961914
10737	1916.8298244476318
10737	1916.8298244476318
10738	1674.2393970489502
10738	1674.2393970489502
10739	1892.7311897277832
10739	1892.7311897277832
10740	2999.462366104126
10740	2999.462366104126
10741	2038.0215644836426
10741	2038.0215644836426
10742	1855.9207916259766
10742	1855.9207916259766
10743	1677.1271228790283
10743	1677.1271228790283
10744	1999.3901252746582
10744	1999.3901252746582
10745	1763.606309890747
10745	1763.606309890747
10746	1959.1381549835205
10746	1959.1381549835205
10747	1727.6387214660645
10747	1727.6387214660645
10748	1863.54398727417
10748	1863.54398727417
10749	1750.6296634674072
10749	1750.6296634674072
10750	2808.8905811309814
10750	2808.8905811309814
10751	1719.9149131774902
10751	1719.9149131774902
10752	1697.18599319458
10752	1697.18599319458
10753	2337.85343170166
10753	2337.85343170166
10754	1824.7079849243164
10754	1824.7079849243164
10755	2222.2249507904053
10755	2222.2249507904053
10756	1854.0096282958984
10756	1854.0096282958984
10757	2110.1276874542236
10757	2110.1276874542236
10758	1690.171718597412
10758	1690.171718597412
10759	1624.856948852539
10759	1624.856948852539
10760	2542.839288711548
10760	2542.839288711548
10761	1853.2161712646484
10761	1853.2161712646484
10762	1983.471393585205
10762	1983.471393585205
10763	1633.349895477295
10763	1633.349895477295
10764	1941.1053657531738
10764	1941.1053657531738
10765	1493.7527179718018
10765	1493.7527179718018
10766	1672.3580360412598
10766	1672.3580360412598
10767	1644.2618370056152
10767	1644.2618370056152
10768	1812.819004058838
10768	1812.819004058838
10769	1711.1330032348633
10769	1711.1330032348633
10770	2407.1075916290283
10770	2407.1075916290283
10771	1412.142276763916
10771	1412.142276763916
10772	1603.0502319335938
10772	1603.0502319335938
10773	1398.3569145202637
10773	1398.3569145202637
10774	1904.7939777374268
10774	1904.7939777374268
10775	1785.5257987976074
10775	1785.5257987976074
10776	1724.6472835540771
10776	1724.6472835540771
10777	1822.8437900543213
10777	1822.8437900543213
10778	1683.504581451416
10778	1683.504581451416
10779	1723.9813804626465
10779	1723.9813804626465
10780	2885.146379470825
10780	2885.146379470825
10781	1765.934705734253
10781	1765.934705734253
10782	1752.2943019866943
10782	1752.2943019866943
10783	1807.016134262085
10783	1807.016134262085
10784	1846.817970275879
10784	1846.817970275879
10785	1574.4860172271729
10785	1574.4860172271729
10786	1806.0894012451172
10786	1806.0894012451172
10787	2158.719301223755
10787	2158.719301223755
10788	1855.5879592895508
10788	1855.5879592895508
10789	2299.8476028442383
10789	2299.8476028442383
10790	3396.2438106536865
10790	3396.2438106536865
10791	1796.5800762176514
10791	1796.5800762176514
10792	1833.6589336395264
10792	1833.6589336395264
10793	2591.1688804626465
10793	2591.1688804626465
10794	2433.213949203491
10794	2433.213949203491
10795	1825.042963027954
10795	1825.042963027954
10796	1911.1266136169434
10796	1911.1266136169434
10797	1618.042230606079
10797	1618.042230606079
10798	1922.4786758422852
10798	1922.4786758422852
10799	2059.2265129089355
10799	2059.2265129089355
10800	3391.280174255371
10800	3391.280174255371
10801	2921.652317047119
10801	2921.652317047119
10802	2348.31166267395
10802	2348.31166267395
10803	2714.881181716919
10803	2714.881181716919
10804	2611.678123474121
10804	2611.678123474121
10805	3285.937786102295
10805	3285.937786102295
10806	1930.1865100860596
10806	1930.1865100860596
10807	3186.7542266845703
10807	3186.7542266845703
10808	2665.0805473327637
10808	2665.0805473327637
10809	2555.7239055633545
10809	2555.7239055633545
10810	4666.939258575439
10810	4666.939258575439
10811	2738.565683364868
10811	2738.565683364868
10812	2184.215784072876
10812	2184.215784072876
10813	2121.150016784668
10813	2121.150016784668
10814	2298.0477809906006
10814	2298.0477809906006
10815	2921.0853576660156
10815	2921.0853576660156
10816	3269.8869705200195
10816	3269.8869705200195
10817	2321.227788925171
10817	2321.227788925171
10818	2502.34055519104
10818	2502.34055519104
10819	2453.6263942718506
10819	2453.6263942718506
10820	3174.5247840881348
10820	3174.5247840881348
10821	2748.0506896972656
10821	2748.0506896972656
10822	2343.705892562866
10822	2343.705892562866
10823	2909.3570709228516
10823	2909.3570709228516
10824	2879.788398742676
10824	2879.788398742676
10825	3084.5048427581787
10825	3084.5048427581787
10826	3077.4967670440674
10826	3077.4967670440674
10827	2418.6270236968994
10827	2418.6270236968994
10828	3212.303638458252
10828	3212.303638458252
10829	2742.966890335083
10829	2742.966890335083
10830	3632.6167583465576
10830	3632.6167583465576
10831	2668.1571006774902
10831	2668.1571006774902
10832	2332.385540008545
10832	2332.385540008545
10833	2428.208827972412
10833	2428.208827972412
10834	2424.0939617156982
10834	2424.0939617156982
10835	3100.6717681884766
10835	3100.6717681884766
10836	2269.3428993225098
10836	2269.3428993225098
10837	3200.432777404785
10837	3200.432777404785
10838	2450.441837310791
10838	2450.441837310791
10839	2889.8866176605225
10839	2889.8866176605225
10840	3697.8752613067627
10840	3697.8752613067627
10841	2495.4183101654053
10841	2495.4183101654053
10842	2849.4861125946045
10842	2849.4861125946045
10843	2412.6641750335693
10843	2412.6641750335693
10844	2270.813226699829
10844	2270.813226699829
10845	2060.2781772613525
10845	2060.2781772613525
10846	2583.401918411255
10846	2583.401918411255
10847	2910.524606704712
10847	2910.524606704712
10848	2389.404296875
10848	2389.404296875
10849	2349.0710258483887
10849	2349.0710258483887
10850	2469.0773487091064
10850	2469.0773487091064
10851	3117.8841590881348
10851	3117.8841590881348
10852	2857.5174808502197
10852	2857.5174808502197
10853	2832.648277282715
10853	2832.648277282715
10854	3024.6832370758057
10854	3024.6832370758057
10855	2947.0226764678955
10855	2947.0226764678955
10856	2682.513952255249
10856	2682.513952255249
10857	3079.639196395874
10857	3079.639196395874
10858	2526.418447494507
10858	2526.418447494507
10859	2449.4001865386963
10859	2449.4001865386963
10860	3313.2705688476562
10860	3313.2705688476562
10861	3278.6738872528076
10861	3278.6738872528076
10862	2491.810083389282
10862	2491.810083389282
10863	2409.724473953247
10863	2409.724473953247
10864	1970.1228141784668
10864	1970.1228141784668
10865	2909.518003463745
10865	2909.518003463745
10866	2816.559314727783
10866	2816.559314727783
10867	2931.3735961914062
10867	2931.3735961914062
10868	2982.630729675293
10868	2982.630729675293
10869	2651.6079902648926
10869	2651.6079902648926
10870	3698.6031532287598
10870	3698.6031532287598
10871	3123.6846446990967
10871	3123.6846446990967
10872	2858.9413166046143
10872	2858.9413166046143
10873	2958.7419033050537
10873	2958.7419033050537
10874	2829.146385192871
10874	2829.146385192871
10875	2688.0433559417725
10875	2688.0433559417725
10876	2419.4793701171875
10876	2419.4793701171875
10877	2826.4636993408203
10877	2826.4636993408203
10878	2942.807197570801
10878	2942.807197570801
10879	3013.8323307037354
10879	3013.8323307037354
10880	3569.9567794799805
10880	3569.9567794799805
10881	3309.800148010254
10881	3309.800148010254
10882	3102.5350093841553
10882	3102.5350093841553
10883	1953.7057876586914
10883	1953.7057876586914
10884	2620.926856994629
10884	2620.926856994629
10885	2289.8831367492676
10885	2289.8831367492676
10886	2202.888250350952
10886	2202.888250350952
10887	2890.0601863861084
10887	2890.0601863861084
10888	2453.312873840332
10888	2453.312873840332
10889	2910.74800491333
10889	2910.74800491333
10890	3962.3029232025146
10890	3962.3029232025146
10891	1969.059705734253
10891	1969.059705734253
10892	2338.061571121216
10892	2338.061571121216
10893	2559.079885482788
10893	2559.079885482788
10894	3024.4688987731934
10894	3024.4688987731934
10895	2764.8820877075195
10895	2764.8820877075195
10896	2679.457664489746
10896	2679.457664489746
10897	2826.3680934906006
10897	2826.3680934906006
10898	2833.0225944519043
10898	2833.0225944519043
10899	1958.404779434204
10899	1958.404779434204
10900	2963.0794525146484
10900	2963.0794525146484
10901	3050.3790378570557
10901	3050.3790378570557
10902	2878.535270690918
10902	2878.535270690918
10903	2368.061304092407
10903	2368.061304092407
10904	2514.9717330932617
10904	2514.9717330932617
10905	3081.1169147491455
10905	3081.1169147491455
10906	2395.839214324951
10906	2395.839214324951
10907	3042.4108505249023
10907	3042.4108505249023
10908	2946.009397506714
10908	2946.009397506714
10909	2835.4876041412354
10909	2835.4876041412354
10910	3628.356695175171
10910	3628.356695175171
10911	2961.3847732543945
10911	2961.3847732543945
10912	3127.9964447021484
10912	3127.9964447021484
10913	2517.41361618042
10913	2517.41361618042
10914	2811.6796016693115
10914	2811.6796016693115
10915	3225.660562515259
10915	3225.660562515259
10916	2698.2791423797607
10916	2698.2791423797607
10917	2950.610399246216
10917	2950.610399246216
10918	2735.241174697876
10918	2735.241174697876
10919	2502.2029876708984
10919	2502.2029876708984
10920	2824.2805004119873
10920	2824.2805004119873
10921	1895.796298980713
10921	1895.796298980713
10922	2503.9541721343994
10922	2503.9541721343994
10923	2613.001585006714
10923	2613.001585006714
10924	2491.910219192505
10924	2491.910219192505
10925	2480.308771133423
10925	2480.308771133423
10926	2771.9404697418213
10926	2771.9404697418213
10927	2538.7911796569824
10927	2538.7911796569824
10928	2776.153802871704
10928	2776.153802871704
10929	2621.122121810913
10929	2621.122121810913
10930	3261.662006378174
10930	3261.662006378174
10931	2937.3767375946045
10931	2937.3767375946045
10932	2718.1971073150635
10932	2718.1971073150635
10933	2779.616355895996
10933	2779.616355895996
10934	3026.390552520752
10934	3026.390552520752
10935	2932.793140411377
10935	2932.793140411377
10936	1939.3353462219238
10936	1939.3353462219238
10937	2354.644298553467
10937	2354.644298553467
10938	2296.6628074645996
10938	2296.6628074645996
10939	2449.542760848999
10939	2449.542760848999
10940	2826.6921043395996
10940	2826.6921043395996
10941	2775.9666442871094
10941	2775.9666442871094
10942	2907.940149307251
10942	2907.940149307251
10943	3066.9467449188232
10943	3066.9467449188232
10944	2419.2378520965576
10944	2419.2378520965576
10945	2981.2705516815186
10945	2981.2705516815186
10946	2302.58846282959
10946	2302.58846282959
10947	3303.5895824432373
10947	3303.5895824432373
10948	2104.9201488494873
10948	2104.9201488494873
10949	2198.4314918518066
10949	2198.4314918518066
10950	2807.695150375366
10950	2807.695150375366
10951	2839.998245239258
10951	2839.998245239258
10952	3073.9543437957764
10952	3073.9543437957764
10953	2420.4025268554688
10953	2420.4025268554688
10954	2764.6484375
10954	2764.6484375
10955	2654.9508571624756
10955	2654.9508571624756
10956	2604.3100357055664
10956	2604.3100357055664
10957	3034.252643585205
10957	3034.252643585205
10958	2041.597843170166
10958	2041.597843170166
10959	2723.9444255828857
10959	2723.9444255828857
10960	2651.8335342407227
10960	2651.8335342407227
10961	2260.8392238616943
10961	2260.8392238616943
10962	2069.0665245056152
10962	2069.0665245056152
10963	2123.6701011657715
10963	2123.6701011657715
10964	1733.2124710083008
10964	1733.2124710083008
10965	2371.2995052337646
10965	2371.2995052337646
10966	2869.5342540740967
10966	2869.5342540740967
10967	2471.703052520752
10967	2471.703052520752
10968	3002.279043197632
10968	3002.279043197632
10969	2114.6535873413086
10969	2114.6535873413086
10970	3730.0424575805664
10970	3730.0424575805664
10971	3105.262041091919
10971	3105.262041091919
10972	2523.2338905334473
10972	2523.2338905334473
10973	2680.900812149048
10973	2680.900812149048
10974	2538.8526916503906
10974	2538.8526916503906
10975	2741.366386413574
10975	2741.366386413574
10976	3112.1978759765625
10976	3112.1978759765625
10977	2672.764778137207
10977	2672.764778137207
10978	2334.5439434051514
10978	2334.5439434051514
10979	2936.448574066162
10979	2936.448574066162
10980	2893.798351287842
10980	2893.798351287842
10981	2575.028657913208
10981	2575.028657913208
10982	2477.1909713745117
10982	2477.1909713745117
10983	2864.056348800659
10983	2864.056348800659
10984	1798.42209815979
10984	1798.42209815979
10985	2513.829231262207
10985	2513.829231262207
10986	3052.863597869873
10986	3052.863597869873
10987	2289.069414138794
10987	2289.069414138794
10988	2761.4474296569824
10988	2761.4474296569824
10989	2710.0632190704346
10989	2710.0632190704346
10990	3519.4098949432373
10990	3519.4098949432373
10991	2543.644905090332
10991	2543.644905090332
10992	2752.946138381958
10992	2752.946138381958
10993	2572.296142578125
10993	2572.296142578125
10994	2791.067361831665
10994	2791.067361831665
10995	2856.5235137939453
10995	2856.5235137939453
10996	2853.675127029419
10996	2853.675127029419
10997	2239.5973205566406
10997	2239.5973205566406
10998	1858.0000400543213
10998	1858.0000400543213
10999	1771.9602584838867
10999	1771.9602584838867
11000	20073.463916778564
11000	20073.463916778564
11001	2340.564966201782
11001	2340.564966201782
11002	2008.8245868682861
11002	2008.8245868682861
11003	1584.320068359375
11003	1584.320068359375
11004	1783.902883529663
11004	1783.902883529663
11005	1527.735948562622
11005	1527.735948562622
11006	1499.7694492340088
11006	1499.7694492340088
11007	1894.221305847168
11007	1894.221305847168
11008	1418.030023574829
11008	1418.030023574829
11009	1779.200792312622
11009	1779.200792312622
11010	4303.397178649902
11010	4303.397178649902
11011	2375.6046295166016
11011	2375.6046295166016
11012	1921.8714237213135
11012	1921.8714237213135
11013	1671.3275909423828
11013	1671.3275909423828
11014	1924.9598979949951
11014	1924.9598979949951
11015	1684.5979690551758
11015	1684.5979690551758
11016	1405.2355289459229
11016	1405.2355289459229
11017	2021.772861480713
11017	2021.772861480713
11018	1717.3576354980469
11018	1717.3576354980469
11019	1597.3107814788818
11019	1597.3107814788818
11020	2704.354763031006
11020	2704.354763031006
11021	2731.386423110962
11021	2731.386423110962
11022	2727.25248336792
11022	2727.25248336792
11023	1614.7284507751465
11023	1614.7284507751465
11024	2886.33394241333
11024	2886.33394241333
11025	1403.975486755371
11025	1403.975486755371
11026	1910.6481075286865
11026	1910.6481075286865
11027	2823.4219551086426
11027	2823.4219551086426
11028	1724.6878147125244
11028	1724.6878147125244
11029	2462.412118911743
11029	2462.412118911743
11030	3497.4215030670166
11030	3497.4215030670166
11031	2389.8608684539795
11031	2389.8608684539795
11032	2008.8860988616943
11032	2008.8860988616943
11033	1756.6916942596436
11033	1756.6916942596436
11034	2402.895212173462
11034	2402.895212173462
11035	1814.0382766723633
11035	1814.0382766723633
11036	1715.252161026001
11036	1715.252161026001
11037	1684.518814086914
11037	1684.518814086914
11038	1635.300874710083
11038	1635.300874710083
11039	1644.1776752471924
11039	1644.1776752471924
11040	2965.7750129699707
11040	2965.7750129699707
11041	1532.2535037994385
11041	1532.2535037994385
11042	1457.9205513000488
11042	1457.9205513000488
11043	1379.3003559112549
11043	1379.3003559112549
11044	2220.2489376068115
11044	2220.2489376068115
11045	1942.157506942749
11045	1942.157506942749
11046	1545.9725856781006
11046	1545.9725856781006
11047	2412.9230976104736
11047	2412.9230976104736
11048	1766.3342952728271
11048	1766.3342952728271
11049	1668.8811779022217
11049	1668.8811779022217
11050	2566.969394683838
11050	2566.969394683838
11051	1482.1395874023438
11051	1482.1395874023438
11052	1595.1228141784668
11052	1595.1228141784668
11053	1635.0185871124268
11053	1635.0185871124268
11054	1835.7994556427002
11054	1835.7994556427002
11055	1745.1128959655762
11055	1745.1128959655762
11056	1615.7188415527344
11056	1615.7188415527344
11057	1531.2507152557373
11057	1531.2507152557373
11058	1778.937816619873
11058	1778.937816619873
11059	1730.046272277832
11059	1730.046272277832
11060	2782.407760620117
11060	2782.407760620117
11061	1730.393648147583
11061	1730.393648147583
11062	1530.1408767700195
11062	1530.1408767700195
11063	1410.3116989135742
11063	1410.3116989135742
11064	1599.447250366211
11064	1599.447250366211
11065	1640.0084495544434
11065	1640.0084495544434
11066	1581.8657875061035
11066	1581.8657875061035
11067	1584.9640369415283
11067	1584.9640369415283
11068	1543.1103706359863
11068	1543.1103706359863
11069	1821.5608596801758
11069	1821.5608596801758
11070	2353.0678749084473
11070	2353.0678749084473
11071	1588.3183479309082
11071	1588.3183479309082
11072	1673.5329627990723
11072	1673.5329627990723
11073	1714.508295059204
11073	1714.508295059204
11074	1645.42818069458
11074	1645.42818069458
11075	1644.669532775879
11075	1644.669532775879
11076	1573.8167762756348
11076	1573.8167762756348
11077	1531.4977169036865
11077	1531.4977169036865
11078	1639.699935913086
11078	1639.699935913086
11079	1845.1440334320068
11079	1845.1440334320068
11080	2258.8863372802734
11080	2258.8863372802734
11081	1571.2804794311523
11081	1571.2804794311523
11082	1259.230136871338
11082	1259.230136871338
11083	1401.5324115753174
11083	1401.5324115753174
11084	1547.6608276367188
11084	1547.6608276367188
11085	1264.9426460266113
11085	1264.9426460266113
11086	1457.0705890655518
11086	1457.0705890655518
11087	1422.081708908081
11087	1422.081708908081
11088	1412.5945568084717
11088	1412.5945568084717
11089	1630.3722858428955
11089	1630.3722858428955
11090	2719.0098762512207
11090	2719.0098762512207
11091	1184.4103336334229
11091	1184.4103336334229
11092	1503.0879974365234
11092	1503.0879974365234
11093	1684.2591762542725
11093	1684.2591762542725
11094	1598.120927810669
11094	1598.120927810669
11095	1676.3975620269775
11095	1676.3975620269775
11096	1702.6705741882324
11096	1702.6705741882324
11097	1804.5506477355957
11097	1804.5506477355957
11098	1763.296365737915
11098	1763.296365737915
11099	1639.357089996338
11099	1639.357089996338
11100	2944.5412158966064
11100	2944.5412158966064
11101	2416.731357574463
11101	2416.731357574463
11102	1561.3348484039307
11102	1561.3348484039307
11103	2229.928731918335
11103	2229.928731918335
11104	2216.5963649749756
11104	2216.5963649749756
11105	1529.8287868499756
11105	1529.8287868499756
11106	2090.1803970336914
11106	2090.1803970336914
11107	1606.6761016845703
11107	1606.6761016845703
11108	1648.5931873321533
11108	1648.5931873321533
11109	1656.214952468872
11109	1656.214952468872
11110	2621.3719844818115
11110	2621.3719844818115
11111	1731.2133312225342
11111	1731.2133312225342
11112	2561.589241027832
11112	2561.589241027832
11113	2271.8849182128906
11113	2271.8849182128906
11114	1642.6494121551514
11114	1642.6494121551514
11115	2363.8765811920166
11115	2363.8765811920166
11116	1822.5398063659668
11116	1822.5398063659668
11117	1953.3743858337402
11117	1953.3743858337402
11118	1752.248764038086
11118	1752.248764038086
11119	1398.1976509094238
11119	1398.1976509094238
11120	2539.879322052002
11120	2539.879322052002
11121	2170.427083969116
11121	2170.427083969116
11122	2112.423896789551
11122	2112.423896789551
11123	2694.2243576049805
11123	2694.2243576049805
11124	2688.551902770996
11124	2688.551902770996
11125	2600.590229034424
11125	2600.590229034424
11126	2693.7007904052734
11126	2693.7007904052734
11127	2672.309398651123
11127	2672.309398651123
11128	2138.6613845825195
11128	2138.6613845825195
11129	2680.4916858673096
11129	2680.4916858673096
11130	2982.968330383301
11130	2982.968330383301
11131	2733.2820892333984
11131	2733.2820892333984
11132	2944.6277618408203
11132	2944.6277618408203
11133	2369.6346282958984
11133	2369.6346282958984
11134	2946.2811946868896
11134	2946.2811946868896
11135	2518.8755989074707
11135	2518.8755989074707
11136	2617.8462505340576
11136	2617.8462505340576
11137	3389.690399169922
11137	3389.690399169922
11138	2857.3124408721924
11138	2857.3124408721924
11139	2427.53005027771
11139	2427.53005027771
11140	2678.6134243011475
11140	2678.6134243011475
11141	2499.974489212036
11141	2499.974489212036
11142	2040.0443077087402
11142	2040.0443077087402
11143	2621.325731277466
11143	2621.325731277466
11144	2191.551923751831
11144	2191.551923751831
11145	2306.2028884887695
11145	2306.2028884887695
11146	2979.1316986083984
11146	2979.1316986083984
11147	2652.459144592285
11147	2652.459144592285
11148	2517.897367477417
11148	2517.897367477417
11149	2830.132007598877
11149	2830.132007598877
11150	3776.782512664795
11150	3776.782512664795
11151	2730.97825050354
11151	2730.97825050354
11152	2443.617105484009
11152	2443.617105484009
11153	2542.0632362365723
11153	2542.0632362365723
11154	3027.6858806610107
11154	3027.6858806610107
11155	2871.1907863616943
11155	2871.1907863616943
11156	2854.5408248901367
11156	2854.5408248901367
11157	2534.2681407928467
11157	2534.2681407928467
11158	2374.220132827759
11158	2374.220132827759
11159	2770.1594829559326
11159	2770.1594829559326
11160	3403.1355381011963
11160	3403.1355381011963
11161	2622.14732170105
11161	2622.14732170105
11162	2101.8424034118652
11162	2101.8424034118652
11163	2670.0055599212646
11163	2670.0055599212646
11164	2195.542335510254
11164	2195.542335510254
11165	2603.999137878418
11165	2603.999137878418
11166	2643.4011459350586
11166	2643.4011459350586
11167	2474.475145339966
11167	2474.475145339966
11168	2945.366144180298
11168	2945.366144180298
11169	2593.6059951782227
11169	2593.6059951782227
11170	4043.8830852508545
11170	4043.8830852508545
11171	2990.375518798828
11171	2990.375518798828
11172	3037.421703338623
11172	3037.421703338623
11173	2880.6827068328857
11173	2880.6827068328857
11174	2744.8394298553467
11174	2744.8394298553467
11175	2328.0386924743652
11175	2328.0386924743652
11176	2814.549446105957
11176	2814.549446105957
11177	2475.7750034332275
11177	2475.7750034332275
11178	2838.162422180176
11178	2838.162422180176
11179	2432.3813915252686
11179	2432.3813915252686
11180	3440.580129623413
11180	3440.580129623413
11181	2861.011743545532
11181	2861.011743545532
11182	2648.884057998657
11182	2648.884057998657
11183	2757.3509216308594
11183	2757.3509216308594
11184	2798.4414100646973
11184	2798.4414100646973
11185	2826.6372680664062
11185	2826.6372680664062
11186	2549.7829914093018
11186	2549.7829914093018
11187	3404.8361778259277
11187	3404.8361778259277
11188	3022.5110054016113
11188	3022.5110054016113
11189	2867.8314685821533
11189	2867.8314685821533
11190	3528.2232761383057
11190	3528.2232761383057
11191	2585.7994556427
11191	2585.7994556427
11192	2729.7627925872803
11192	2729.7627925872803
11193	2366.0407066345215
11193	2366.0407066345215
11194	3051.579713821411
11194	3051.579713821411
11195	2563.8198852539062
11195	2563.8198852539062
11196	2524.1634845733643
11196	2524.1634845733643
11197	2626.3034343719482
11197	2626.3034343719482
11198	2667.7613258361816
11198	2667.7613258361816
11199	2516.289234161377
11199	2516.289234161377
11200	3631.373167037964
11200	3631.373167037964
11201	2857.264518737793
11201	2857.264518737793
11202	2777.6176929473877
11202	2777.6176929473877
11203	2860.4586124420166
11203	2860.4586124420166
11204	2814.608573913574
11204	2814.608573913574
11205	2523.050308227539
11205	2523.050308227539
11206	3154.625415802002
11206	3154.625415802002
11207	2730.7353019714355
11207	2730.7353019714355
11208	2897.2911834716797
11208	2897.2911834716797
11209	2465.834617614746
11209	2465.834617614746
11210	3531.4667224884033
11210	3531.4667224884033
11211	2877.272129058838
11211	2877.272129058838
11212	2253.6020278930664
11212	2253.6020278930664
11213	2618.286371231079
11213	2618.286371231079
11214	2661.7791652679443
11214	2661.7791652679443
11215	2274.4340896606445
11215	2274.4340896606445
11216	2723.270893096924
11216	2723.270893096924
11217	2710.153102874756
11217	2710.153102874756
11218	3074.26381111145
11218	3074.26381111145
11219	3030.1525592803955
11219	3030.1525592803955
11220	2882.3139667510986
11220	2882.3139667510986
11221	2663.3641719818115
11221	2663.3641719818115
11222	2950.289726257324
11222	2950.289726257324
11223	2237.3764514923096
11223	2237.3764514923096
11224	2675.8761405944824
11224	2675.8761405944824
11225	2225.4059314727783
11225	2225.4059314727783
11226	2313.4334087371826
11226	2313.4334087371826
11227	2548.4683513641357
11227	2548.4683513641357
11228	2388.319969177246
11228	2388.319969177246
11229	2725.083827972412
11229	2725.083827972412
11230	3342.397689819336
11230	3342.397689819336
11231	2995.4583644866943
11231	2995.4583644866943
11232	1852.1676063537598
11232	1852.1676063537598
11233	2395.2436447143555
11233	2395.2436447143555
11234	2903.8028717041016
11234	2903.8028717041016
11235	2498.3952045440674
11235	2498.3952045440674
11236	3184.9565505981445
11236	3184.9565505981445
11237	1951.8182277679443
11237	1951.8182277679443
11238	2946.556568145752
11238	2946.556568145752
11239	2822.2575187683105
11239	2822.2575187683105
11240	3523.2810974121094
11240	3523.2810974121094
11241	2565.8323764801025
11241	2565.8323764801025
11242	2339.8520946502686
11242	2339.8520946502686
11243	2579.0271759033203
11243	2579.0271759033203
11244	2374.9310970306396
11244	2374.9310970306396
11245	2453.0391693115234
11245	2453.0391693115234
11246	2690.4685497283936
11246	2690.4685497283936
11247	1914.7319793701172
11247	1914.7319793701172
11248	2656.129837036133
11248	2656.129837036133
11249	3019.010305404663
11249	3019.010305404663
11250	3358.196973800659
11250	3358.196973800659
11251	2284.7189903259277
11251	2284.7189903259277
11252	2885.2012157440186
11252	2885.2012157440186
11253	2813.758134841919
11253	2813.758134841919
11254	1870.478630065918
11254	1870.478630065918
11255	2188.5547637939453
11255	2188.5547637939453
11256	2144.416332244873
11256	2144.416332244873
11257	2273.775100708008
11257	2273.775100708008
11258	1736.2663745880127
11258	1736.2663745880127
11259	2692.8770542144775
11259	2692.8770542144775
11260	3448.3890533447266
11260	3448.3890533447266
11261	2098.1056690216064
11261	2098.1056690216064
11262	2699.3842124938965
11262	2699.3842124938965
11263	2911.0493659973145
11263	2911.0493659973145
11264	1605.0562858581543
11264	1605.0562858581543
11265	2982.4767112731934
11265	2982.4767112731934
11266	2719.461441040039
11266	2719.461441040039
11267	2811.7904663085938
11267	2811.7904663085938
11268	2272.2811698913574
11268	2272.2811698913574
11269	2423.9940643310547
11269	2423.9940643310547
11270	3207.996129989624
11270	3207.996129989624
11271	2578.3369541168213
11271	2578.3369541168213
11272	2153.8405418395996
11272	2153.8405418395996
11273	2577.4943828582764
11273	2577.4943828582764
11274	2420.4752445220947
11274	2420.4752445220947
11275	2555.664300918579
11275	2555.664300918579
11276	3012.746572494507
11276	3012.746572494507
11277	2442.411184310913
11277	2442.411184310913
11278	3098.170518875122
11278	3098.170518875122
11279	2737.8618717193604
11279	2737.8618717193604
11280	3396.5301513671875
11280	3396.5301513671875
11281	2511.8257999420166
11281	2511.8257999420166
11282	3495.0497150421143
11282	3495.0497150421143
11283	2584.1543674468994
11283	2584.1543674468994
11284	2346.6947078704834
11284	2346.6947078704834
11285	2680.978536605835
11285	2680.978536605835
11286	1859.0078353881836
11286	1859.0078353881836
11287	2585.55006980896
11287	2585.55006980896
11288	2226.2768745422363
11288	2226.2768745422363
11289	2643.7368392944336
11289	2643.7368392944336
11290	3928.6608695983887
11290	3928.6608695983887
11291	4570.5859661102295
11291	4570.5859661102295
11292	4282.352447509766
11292	4282.352447509766
11293	2781.585931777954
11293	2781.585931777954
11294	2926.7334938049316
11294	2926.7334938049316
11295	2936.4311695098877
11295	2936.4311695098877
11296	2194.027900695801
11296	2194.027900695801
11297	2681.8628311157227
11297	2681.8628311157227
11298	2931.6091537475586
11298	2931.6091537475586
11299	2430.3245544433594
11299	2430.3245544433594
11300	4684.696435928345
11300	4684.696435928345
11301	2365.9417629241943
11301	2365.9417629241943
11302	2854.501247406006
11302	2854.501247406006
11303	2345.8526134490967
11303	2345.8526134490967
11304	2676.036596298218
11304	2676.036596298218
11305	2852.9698848724365
11305	2852.9698848724365
11306	4286.176443099976
11306	4286.176443099976
11307	3346.778154373169
11307	3346.778154373169
11308	2320.046901702881
11308	2320.046901702881
11309	3039.562463760376
11309	3039.562463760376
11310	4938.178300857544
11310	4938.178300857544
11311	3122.012138366699
11311	3122.012138366699
11312	2753.448247909546
11312	2753.448247909546
11313	2933.516502380371
11313	2933.516502380371
11314	2425.2395629882812
11314	2425.2395629882812
11315	2320.612668991089
11315	2320.612668991089
11316	2390.848398208618
11316	2390.848398208618
11317	2792.9022312164307
11317	2792.9022312164307
11318	2359.7095012664795
11318	2359.7095012664795
11319	2648.242235183716
11319	2648.242235183716
11320	2798.3238697052
11320	2798.3238697052
11321	2471.517562866211
11321	2471.517562866211
11322	3860.238790512085
11322	3860.238790512085
11323	2303.382158279419
11323	2303.382158279419
11324	3055.934190750122
11324	3055.934190750122
11325	2494.091272354126
11325	2494.091272354126
11326	2432.983875274658
11326	2432.983875274658
11327	2340.7089710235596
11327	2340.7089710235596
11328	2122.206449508667
11328	2122.206449508667
11329	1896.3828086853027
11329	1896.3828086853027
11330	2382.0042610168457
11330	2382.0042610168457
11331	1570.8577632904053
11331	1570.8577632904053
11332	1503.1449794769287
11332	1503.1449794769287
11333	1422.9354858398438
11333	1422.9354858398438
11334	1874.9513626098633
11334	1874.9513626098633
11335	1605.902910232544
11335	1605.902910232544
11336	1517.6434516906738
11336	1517.6434516906738
11337	1714.5721912384033
11337	1714.5721912384033
11338	1631.810188293457
11338	1631.810188293457
11339	1341.6459560394287
11339	1341.6459560394287
11340	2034.5323085784912
11340	2034.5323085784912
11341	1325.0060081481934
11341	1325.0060081481934
11342	1455.2977085113525
11342	1455.2977085113525
11343	1344.0213203430176
11343	1344.0213203430176
11344	1327.0809650421143
11344	1327.0809650421143
11345	1565.2024745941162
11345	1565.2024745941162
11346	1141.897201538086
11346	1141.897201538086
11347	1050.4872798919678
11347	1050.4872798919678
11348	984.7593307495117
11348	984.7593307495117
11349	1106.0478687286377
11349	1106.0478687286377
11350	1922.5785732269287
11350	1922.5785732269287
11351	1308.3817958831787
11351	1308.3817958831787
11352	1301.6748428344727
11352	1301.6748428344727
11353	1214.4391536712646
11353	1214.4391536712646
11354	1459.1479301452637
11354	1459.1479301452637
11355	1290.7392978668213
11355	1290.7392978668213
11356	1289.982557296753
11356	1289.982557296753
11357	1175.5692958831787
11357	1175.5692958831787
11358	1225.2323627471924
11358	1225.2323627471924
11359	1056.7967891693115
11359	1056.7967891693115
11360	1656.5983295440674
11360	1656.5983295440674
11361	1234.7373962402344
11361	1234.7373962402344
11362	1057.7130317687988
11362	1057.7130317687988
11363	1095.2279567718506
11363	1095.2279567718506
11364	1059.6623420715332
11364	1059.6623420715332
11365	1237.85400390625
11365	1237.85400390625
11366	1100.9933948516846
11366	1100.9933948516846
11367	1085.3972434997559
11367	1085.3972434997559
11368	1055.3770065307617
11368	1055.3770065307617
11369	1054.2023181915283
11369	1054.2023181915283
11370	1790.0712490081787
11370	1790.0712490081787
11371	1055.0851821899414
11371	1055.0851821899414
11372	1056.626319885254
11372	1056.626319885254
11373	1197.0863342285156
11373	1197.0863342285156
11374	1085.1750373840332
11374	1085.1750373840332
11375	1076.563835144043
11375	1076.563835144043
11376	1025.3465175628662
11376	1025.3465175628662
11377	1589.322805404663
11377	1589.322805404663
11378	1563.2829666137695
11378	1563.2829666137695
11379	1545.1948642730713
11379	1545.1948642730713
11380	2092.7107334136963
11380	2092.7107334136963
11381	1655.9062004089355
11381	1655.9062004089355
11382	1424.4575500488281
11382	1424.4575500488281
11383	1444.7362422943115
11383	1444.7362422943115
11384	1367.6609992980957
11384	1367.6609992980957
11385	1491.2607669830322
11385	1491.2607669830322
11386	1569.3650245666504
11386	1569.3650245666504
11387	1445.4584121704102
11387	1445.4584121704102
11388	1507.2166919708252
11388	1507.2166919708252
11389	1523.5121250152588
11389	1523.5121250152588
11390	2243.2122230529785
11390	2243.2122230529785
11391	1510.8342170715332
11391	1510.8342170715332
11392	1361.363172531128
11392	1361.363172531128
11393	1506.723165512085
11393	1506.723165512085
11394	1599.8778343200684
11394	1599.8778343200684
11395	1375.0691413879395
11395	1375.0691413879395
11396	1455.0247192382812
11396	1455.0247192382812
11397	1473.3023643493652
11397	1473.3023643493652
11398	1316.9760704040527
11398	1316.9760704040527
11399	1600.048542022705
11399	1600.048542022705
11400	2130.530595779419
11400	2130.530595779419
11401	1523.8544940948486
11401	1523.8544940948486
11402	1693.03297996521
11402	1693.03297996521
11403	1230.2396297454834
11403	1230.2396297454834
11404	1545.882225036621
11404	1545.882225036621
11405	1481.2424182891846
11405	1481.2424182891846
11406	1603.590488433838
11406	1603.590488433838
11407	1528.2478332519531
11407	1528.2478332519531
11408	1579.6501636505127
11408	1579.6501636505127
11409	1502.9423236846924
11409	1502.9423236846924
11410	2261.4657878875732
11410	2261.4657878875732
11411	1334.0485095977783
11411	1334.0485095977783
11412	1325.6967067718506
11412	1325.6967067718506
11413	1526.16286277771
11413	1526.16286277771
11414	1496.0823059082031
11414	1496.0823059082031
11415	1525.589942932129
11415	1525.589942932129
11416	1534.224033355713
11416	1534.224033355713
11417	1458.643913269043
11417	1458.643913269043
11418	1687.4773502349854
11418	1687.4773502349854
11419	1525.2985954284668
11419	1525.2985954284668
11420	2059.666872024536
11420	2059.666872024536
11421	1567.0559406280518
11421	1567.0559406280518
11422	1470.7443714141846
11422	1470.7443714141846
11423	1406.2669277191162
11423	1406.2669277191162
11424	1646.93284034729
11424	1646.93284034729
11425	1617.347240447998
11425	1617.347240447998
11426	1703.2928466796875
11426	1703.2928466796875
11427	1516.2293910980225
11427	1516.2293910980225
11428	1393.216848373413
11428	1393.216848373413
11429	1500.488042831421
11429	1500.488042831421
11430	2396.127462387085
11430	2396.127462387085
11431	1452.242136001587
11431	1452.242136001587
11432	1488.656997680664
11432	1488.656997680664
11433	1505.2778720855713
11433	1505.2778720855713
11434	1538.553237915039
11434	1538.553237915039
11435	1456.70485496521
11435	1456.70485496521
11436	1534.5585346221924
11436	1534.5585346221924
11437	1544.10719871521
11437	1544.10719871521
11438	1553.4369945526123
11438	1553.4369945526123
11439	1573.7414360046387
11439	1573.7414360046387
11440	2037.3377799987793
11440	2037.3377799987793
11441	1699.4500160217285
11441	1699.4500160217285
11442	1589.4293785095215
11442	1589.4293785095215
11443	1330.7735919952393
11443	1330.7735919952393
11444	1461.6174697875977
11444	1461.6174697875977
11445	1552.2758960723877
11445	1552.2758960723877
11446	1539.8876667022705
11446	1539.8876667022705
11447	1531.982421875
11447	1531.982421875
11448	1475.0792980194092
11448	1475.0792980194092
11449	1488.2071018218994
11449	1488.2071018218994
11450	2161.5514755249023
11450	2161.5514755249023
11451	1493.974208831787
11451	1493.974208831787
11452	1371.4241981506348
11452	1371.4241981506348
11453	1635.8509063720703
11453	1635.8509063720703
11454	1306.0367107391357
11454	1306.0367107391357
11455	1764.4524574279785
11455	1764.4524574279785
11456	1456.847906112671
11456	1456.847906112671
11457	1343.834638595581
11457	1343.834638595581
11458	1321.882724761963
11458	1321.882724761963
11459	1737.9093170166016
11459	1737.9093170166016
11460	2367.8653240203857
11460	2367.8653240203857
11461	1467.9028987884521
11461	1467.9028987884521
11462	1527.0106792449951
11462	1527.0106792449951
11463	2562.9260540008545
11463	2562.9260540008545
11464	1516.0729885101318
11464	1516.0729885101318
11465	1593.0817127227783
11465	1593.0817127227783
11466	1249.6390342712402
11466	1249.6390342712402
11467	1684.0109825134277
11467	1684.0109825134277
11468	1440.38724899292
11468	1440.38724899292
11469	1456.7198753356934
11469	1456.7198753356934
11470	2301.996946334839
11470	2301.996946334839
11471	1553.7755489349365
11471	1553.7755489349365
11472	1407.7415466308594
11472	1407.7415466308594
11473	1540.426254272461
11473	1540.426254272461
11474	1549.9253273010254
11474	1549.9253273010254
11475	1522.5262641906738
11475	1522.5262641906738
11476	1490.7259941101074
11476	1490.7259941101074
11477	1637.427568435669
11477	1637.427568435669
11478	1558.9938163757324
11478	1558.9938163757324
11479	1489.3620014190674
11479	1489.3620014190674
11480	2195.9235668182373
11480	2195.9235668182373
11481	1674.1068363189697
11481	1674.1068363189697
11482	1468.116044998169
11482	1468.116044998169
11483	1519.3939208984375
11483	1519.3939208984375
11484	1497.1022605895996
11484	1497.1022605895996
11485	1718.656301498413
11485	1718.656301498413
11486	1401.953935623169
11486	1401.953935623169
11487	1869.3270683288574
11487	1869.3270683288574
11488	1490.178108215332
11488	1490.178108215332
11489	1472.6200103759766
11489	1472.6200103759766
11490	2564.283847808838
11490	2564.283847808838
11491	2174.337148666382
11491	2174.337148666382
11492	2477.968454360962
11492	2477.968454360962
11493	2369.196653366089
11493	2369.196653366089
11494	2323.530912399292
11494	2323.530912399292
11495	2580.933094024658
11495	2580.933094024658
11496	2702.834129333496
11496	2702.834129333496
11497	2668.08819770813
11497	2668.08819770813
11498	2571.0837841033936
11498	2571.0837841033936
11499	2623.323440551758
11499	2623.323440551758
11500	9962.620735168457
11500	9962.620735168457
11501	2526.2410640716553
11501	2526.2410640716553
11502	2481.579065322876
11502	2481.579065322876
11503	2686.8653297424316
11503	2686.8653297424316
11504	2717.9222106933594
11504	2717.9222106933594
11505	2350.4178524017334
11505	2350.4178524017334
11506	2611.0081672668457
11506	2611.0081672668457
11507	2696.3932514190674
11507	2696.3932514190674
11508	2869.4868087768555
11508	2869.4868087768555
11509	2670.4108715057373
11509	2670.4108715057373
11510	2931.9427013397217
11510	2931.9427013397217
11511	2526.7815589904785
11511	2526.7815589904785
11512	2100.970983505249
11512	2100.970983505249
11513	2528.1894207000732
11513	2528.1894207000732
11514	2359.9753379821777
11514	2359.9753379821777
11515	2558.8510036468506
11515	2558.8510036468506
11516	2625.4358291625977
11516	2625.4358291625977
11517	2598.4673500061035
11517	2598.4673500061035
11518	2632.356882095337
11518	2632.356882095337
11519	2664.822578430176
11519	2664.822578430176
11520	3380.2578449249268
11520	3380.2578449249268
11521	2454.5657634735107
11521	2454.5657634735107
11522	2661.8032455444336
11522	2661.8032455444336
11523	2486.4180088043213
11523	2486.4180088043213
11524	2663.0449295043945
11524	2663.0449295043945
11525	2740.483522415161
11525	2740.483522415161
11526	2739.995002746582
11526	2739.995002746582
11527	2709.4314098358154
11527	2709.4314098358154
11528	2285.7396602630615
11528	2285.7396602630615
11529	1964.6658897399902
11529	1964.6658897399902
11530	2652.8806686401367
11530	2652.8806686401367
11531	2440.8257007598877
11531	2440.8257007598877
11532	2671.372175216675
11532	2671.372175216675
11533	2586.7936611175537
11533	2586.7936611175537
11534	2458.4527015686035
11534	2458.4527015686035
11535	2723.125457763672
11535	2723.125457763672
11536	2597.529411315918
11536	2597.529411315918
11537	2570.9636211395264
11537	2570.9636211395264
11538	2552.8993606567383
11538	2552.8993606567383
11539	2443.833589553833
11539	2443.833589553833
11540	3338.531017303467
11540	3338.531017303467
11541	2725.1336574554443
11541	2725.1336574554443
11542	2715.1713371276855
11542	2715.1713371276855
11543	2844.2740440368652
11543	2844.2740440368652
11544	2403.8357734680176
11544	2403.8357734680176
11545	2684.826612472534
11545	2684.826612472534
11546	2681.4980506896973
11546	2681.4980506896973
11547	2442.463159561157
11547	2442.463159561157
11548	2474.607467651367
11548	2474.607467651367
11549	2574.054002761841
11549	2574.054002761841
11550	3383.556127548218
11550	3383.556127548218
11551	2580.291271209717
11551	2580.291271209717
11552	2630.4216384887695
11552	2630.4216384887695
11553	2789.8271083831787
11553	2789.8271083831787
11554	2680.948257446289
11554	2680.948257446289
11555	2573.164224624634
11555	2573.164224624634
11556	2663.7375354766846
11556	2663.7375354766846
11557	2709.9623680114746
11557	2709.9623680114746
11558	2687.9806518554688
11558	2687.9806518554688
11559	2789.585590362549
11559	2789.585590362549
11560	3428.180694580078
11560	3428.180694580078
11561	2495.990753173828
11561	2495.990753173828
11562	2725.4769802093506
11562	2725.4769802093506
11563	2829.582691192627
11563	2829.582691192627
11564	2770.2181339263916
11564	2770.2181339263916
11565	2354.4116020202637
11565	2354.4116020202637
11566	2352.653980255127
11566	2352.653980255127
11567	2154.2482376098633
11567	2154.2482376098633
11568	2505.962371826172
11568	2505.962371826172
11569	2506.2077045440674
11569	2506.2077045440674
11570	3314.563989639282
11570	3314.563989639282
11571	2619.662284851074
11571	2619.662284851074
11572	2391.977071762085
11572	2391.977071762085
11573	2643.9218521118164
11573	2643.9218521118164
11574	2562.2684955596924
11574	2562.2684955596924
11575	2627.4447441101074
11575	2627.4447441101074
11576	4139.822721481323
11576	4139.822721481323
11577	2682.298421859741
11577	2682.298421859741
11578	2377.955913543701
11578	2377.955913543701
11579	2581.3252925872803
11579	2581.3252925872803
11580	3545.2005863189697
11580	3545.2005863189697
11581	3398.482084274292
11581	3398.482084274292
11582	3085.3381156921387
11582	3085.3381156921387
11583	2526.6354084014893
11583	2526.6354084014893
11584	2517.716884613037
11584	2517.716884613037
11585	2712.352991104126
11585	2712.352991104126
11586	3218.4770107269287
11586	3218.4770107269287
11587	2830.0042152404785
11587	2830.0042152404785
11588	2898.810386657715
11588	2898.810386657715
11589	2923.2146739959717
11589	2923.2146739959717
11590	2859.8999977111816
11590	2859.8999977111816
11591	2304.062843322754
11591	2304.062843322754
11592	2342.604875564575
11592	2342.604875564575
11593	2687.5994205474854
11593	2687.5994205474854
11594	2712.848901748657
11594	2712.848901748657
11595	2638.928174972534
11595	2638.928174972534
11596	2897.1996307373047
11596	2897.1996307373047
11597	2245.7058429718018
11597	2245.7058429718018
11598	2307.1258068084717
11598	2307.1258068084717
11599	2185.05859375
11599	2185.05859375
11600	2993.366003036499
11600	2993.366003036499
11601	2446.453332901001
11601	2446.453332901001
11602	2558.6788654327393
11602	2558.6788654327393
11603	2814.5177364349365
11603	2814.5177364349365
11604	2700.9363174438477
11604	2700.9363174438477
11605	2600.510835647583
11605	2600.510835647583
11606	2621.6084957122803
11606	2621.6084957122803
11607	2602.752208709717
11607	2602.752208709717
11608	2692.7194595336914
11608	2692.7194595336914
11609	2494.0032958984375
11609	2494.0032958984375
11610	3473.067045211792
11610	3473.067045211792
11611	2723.8521575927734
11611	2723.8521575927734
11612	2709.2387676239014
11612	2709.2387676239014
11613	2679.9399852752686
11613	2679.9399852752686
11614	2802.6809692382812
11614	2802.6809692382812
11615	2043.210744857788
11615	2043.210744857788
11616	2343.003511428833
11616	2343.003511428833
11617	2489.558219909668
11617	2489.558219909668
11618	2507.3208808898926
11618	2507.3208808898926
11619	2508.4192752838135
11619	2508.4192752838135
11620	3298.3789443969727
11620	3298.3789443969727
11621	2641.8368816375732
11621	2641.8368816375732
11622	2334.606885910034
11622	2334.606885910034
11623	2610.6040477752686
11623	2610.6040477752686
11624	2577.712297439575
11624	2577.712297439575
11625	2168.1268215179443
11625	2168.1268215179443
11626	2180.705785751343
11626	2180.705785751343
11627	2372.023344039917
11627	2372.023344039917
11628	2545.807123184204
11628	2545.807123184204
11629	2327.5654315948486
11629	2327.5654315948486
11630	3390.3164863586426
11630	3390.3164863586426
11631	2530.857801437378
11631	2530.857801437378
11632	2480.821132659912
11632	2480.821132659912
11633	2643.108606338501
11633	2643.108606338501
11634	2818.3999061584473
11634	2818.3999061584473
11635	2747.896432876587
11635	2747.896432876587
11636	2465.484619140625
11636	2465.484619140625
11637	2686.2289905548096
11637	2686.2289905548096
11638	2823.963165283203
11638	2823.963165283203
11639	2752.815008163452
11639	2752.815008163452
11640	3477.4980545043945
11640	3477.4980545043945
11641	2704.759359359741
11641	2704.759359359741
11642	2528.1949043273926
11642	2528.1949043273926
11643	2228.6014556884766
11643	2228.6014556884766
11644	2364.4580841064453
11644	2364.4580841064453
11645	2439.955711364746
11645	2439.955711364746
11646	2292.367458343506
11646	2292.367458343506
11647	2683.3183765411377
11647	2683.3183765411377
11648	2557.744026184082
11648	2557.744026184082
11649	2592.824935913086
11649	2592.824935913086
11650	3212.8429412841797
11650	3212.8429412841797
11651	2478.672742843628
11651	2478.672742843628
11652	2679.044008255005
11652	2679.044008255005
11653	2649.3091583251953
11653	2649.3091583251953
11654	2856.698513031006
11654	2856.698513031006
11655	2456.9787979125977
11655	2456.9787979125977
11656	2707.1242332458496
11656	2707.1242332458496
11657	2694.740056991577
11657	2694.740056991577
11658	2491.1179542541504
11658	2491.1179542541504
11659	2700.1326084136963
11659	2700.1326084136963
11660	3288.529634475708
11660	3288.529634475708
11661	2186.6064071655273
11661	2186.6064071655273
11662	2335.2279663085938
11662	2335.2279663085938
11663	2463.1857872009277
11663	2463.1857872009277
11664	2652.279853820801
11664	2652.279853820801
11665	2567.4304962158203
11665	2567.4304962158203
11666	2596.7493057250977
11666	2596.7493057250977
11667	2478.999137878418
11667	2478.999137878418
11668	2703.962564468384
11668	2703.962564468384
11669	2638.6518478393555
11669	2638.6518478393555
11670	3074.805974960327
11670	3074.805974960327
11671	2759.265422821045
11671	2759.265422821045
11672	2568.6938762664795
11672	2568.6938762664795
11673	2455.1303386688232
11673	2455.1303386688232
11674	2722.945213317871
11674	2722.945213317871
11675	2845.0112342834473
11675	2845.0112342834473
11676	2749.4964599609375
11676	2749.4964599609375
11677	2338.7691974639893
11677	2338.7691974639893
11678	2102.4255752563477
11678	2102.4255752563477
11679	2490.485429763794
11679	2490.485429763794
11680	2895.252227783203
11680	2895.252227783203
11681	2650.744676589966
11681	2650.744676589966
11682	2427.3970127105713
11682	2427.3970127105713
11683	2618.521213531494
11683	2618.521213531494
11684	2536.414384841919
11684	2536.414384841919
11685	2653.6102294921875
11685	2653.6102294921875
11686	2504.121780395508
11686	2504.121780395508
11687	2432.366132736206
11687	2432.366132736206
11688	2675.0993728637695
11688	2675.0993728637695
11689	2559.617757797241
11689	2559.617757797241
11690	3279.247760772705
11690	3279.247760772705
11691	2657.611608505249
11691	2657.611608505249
11692	2724.1902351379395
11692	2724.1902351379395
11693	1335.4005813598633
11693	1335.4005813598633
11694	1386.8615627288818
11694	1386.8615627288818
11695	1498.7804889678955
11695	1498.7804889678955
11696	1542.8564548492432
11696	1542.8564548492432
11697	1543.4317588806152
11697	1543.4317588806152
11698	1594.7411060333252
11698	1594.7411060333252
11699	1707.6468467712402
11699	1707.6468467712402
11700	2077.648639678955
11700	2077.648639678955
11701	1519.0389156341553
11701	1519.0389156341553
11702	1552.8700351715088
11702	1552.8700351715088
11703	1914.4861698150635
11703	1914.4861698150635
11704	1563.6239051818848
11704	1563.6239051818848
11705	1427.999496459961
11705	1427.999496459961
11706	1728.402853012085
11706	1728.402853012085
11707	1521.2621688842773
11707	1521.2621688842773
11708	1618.7498569488525
11708	1618.7498569488525
11709	1476.4361381530762
11709	1476.4361381530762
11710	2080.165386199951
11710	2080.165386199951
11711	1809.6668720245361
11711	1809.6668720245361
11712	1485.8264923095703
11712	1485.8264923095703
11713	1417.2258377075195
11713	1417.2258377075195
11714	2648.0178833007812
11714	2648.0178833007812
11715	1453.5794258117676
11715	1453.5794258117676
11716	1348.1969833374023
11716	1348.1969833374023
11717	1493.9525127410889
11717	1493.9525127410889
11718	1622.9100227355957
11718	1622.9100227355957
11719	1408.0750942230225
11719	1408.0750942230225
11720	2141.8776512145996
11720	2141.8776512145996
11721	1688.600778579712
11721	1688.600778579712
11722	1187.7110004425049
11722	1187.7110004425049
11723	1324.089527130127
11723	1324.089527130127
11724	1455.4455280303955
11724	1455.4455280303955
11725	1337.2306823730469
11725	1337.2306823730469
11726	1208.6641788482666
11726	1208.6641788482666
11727	1299.7868061065674
11727	1299.7868061065674
11728	1369.2266941070557
11728	1369.2266941070557
11729	1319.8323249816895
11729	1319.8323249816895
11730	2415.9584045410156
11730	2415.9584045410156
11731	1366.3699626922607
11731	1366.3699626922607
11732	1571.5117454528809
11732	1571.5117454528809
11733	1519.7954177856445
11733	1519.7954177856445
11734	1671.9293594360352
11734	1671.9293594360352
11735	1545.3288555145264
11735	1545.3288555145264
11736	1505.0694942474365
11736	1505.0694942474365
11737	1596.0469245910645
11737	1596.0469245910645
11738	1453.2837867736816
11738	1453.2837867736816
11739	1399.4297981262207
11739	1399.4297981262207
11740	2268.6946392059326
11740	2268.6946392059326
11741	1475.433111190796
11741	1475.433111190796
11742	1507.394552230835
11742	1507.394552230835
11743	1536.849021911621
11743	1536.849021911621
11744	1547.6622581481934
11744	1547.6622581481934
11745	1510.3869438171387
11745	1510.3869438171387
11746	1437.354326248169
11746	1437.354326248169
11747	1604.8831939697266
11747	1604.8831939697266
11748	1430.474042892456
11748	1430.474042892456
11749	1513.34547996521
11749	1513.34547996521
11750	2258.54229927063
11750	2258.54229927063
11751	1496.1028099060059
11751	1496.1028099060059
11752	1552.771806716919
11752	1552.771806716919
11753	1494.8301315307617
11753	1494.8301315307617
11754	1469.5262908935547
11754	1469.5262908935547
11755	1521.073818206787
11755	1521.073818206787
11756	1651.3705253601074
11756	1651.3705253601074
11757	1413.4187698364258
11757	1413.4187698364258
11758	1515.6853199005127
11758	1515.6853199005127
11759	1481.6300868988037
11759	1481.6300868988037
11760	2205.660343170166
11760	2205.660343170166
11761	1485.6359958648682
11761	1485.6359958648682
11762	1699.7582912445068
11762	1699.7582912445068
11763	1513.094425201416
11763	1513.094425201416
11764	1573.8255977630615
11764	1573.8255977630615
11765	1508.5711479187012
11765	1508.5711479187012
11766	1560.6915950775146
11766	1560.6915950775146
11767	1332.7102661132812
11767	1332.7102661132812
11768	1474.3952751159668
11768	1474.3952751159668
11769	1536.639928817749
11769	1536.639928817749
11770	2239.8135662078857
11770	2239.8135662078857
11771	1527.080774307251
11771	1527.080774307251
11772	1536.1912250518799
11772	1536.1912250518799
11773	1551.6667366027832
11773	1551.6667366027832
11774	1409.0368747711182
11774	1409.0368747711182
11775	1536.6029739379883
11775	1536.6029739379883
11776	1539.2608642578125
11776	1539.2608642578125
11777	1450.1655101776123
11777	1450.1655101776123
11778	1483.6137294769287
11778	1483.6137294769287
11779	1535.1932048797607
11779	1535.1932048797607
11780	2174.1816997528076
11780	2174.1816997528076
11781	1339.8330211639404
11781	1339.8330211639404
11782	1412.1627807617188
11782	1412.1627807617188
11783	1564.502239227295
11783	1564.502239227295
11784	1522.9864120483398
11784	1522.9864120483398
11785	1463.3293151855469
11785	1463.3293151855469
11786	1674.0341186523438
11786	1674.0341186523438
11787	1559.4189167022705
11787	1559.4189167022705
11788	1372.8554248809814
11788	1372.8554248809814
11789	1597.2859859466553
11789	1597.2859859466553
11790	2079.2758464813232
11790	2079.2758464813232
11791	1512.8514766693115
11791	1512.8514766693115
11792	1707.3819637298584
11792	1707.3819637298584
11793	1592.5877094268799
11793	1592.5877094268799
11794	1468.9698219299316
11794	1468.9698219299316
11795	1483.8533401489258
11795	1483.8533401489258
11796	1551.307201385498
11796	1551.307201385498
11797	1569.169282913208
11797	1569.169282913208
11798	1353.125810623169
11798	1353.125810623169
11799	1566.2305355072021
11799	1566.2305355072021
11800	2188.3485317230225
11800	2188.3485317230225
11801	1472.604513168335
11801	1472.604513168335
11802	1623.718500137329
11802	1623.718500137329
11803	1521.914005279541
11803	1521.914005279541
11804	1497.4546432495117
11804	1497.4546432495117
11805	1300.5447387695312
11805	1300.5447387695312
11806	1387.8421783447266
11806	1387.8421783447266
11807	1295.7983016967773
11807	1295.7983016967773
11808	1323.1890201568604
11808	1323.1890201568604
11809	1360.3339195251465
11809	1360.3339195251465
11810	1946.3400840759277
11810	1946.3400840759277
11811	1321.6965198516846
11811	1321.6965198516846
11812	1332.3838710784912
11812	1332.3838710784912
11813	1509.4468593597412
11813	1509.4468593597412
11814	1013.7965679168701
11814	1013.7965679168701
11815	1214.3690586090088
11815	1214.3690586090088
11816	1516.9587135314941
11816	1516.9587135314941
11817	1607.6948642730713
11817	1607.6948642730713
11818	1623.194932937622
11818	1623.194932937622
11819	1408.8518619537354
11819	1408.8518619537354
11820	2137.3353004455566
11820	2137.3353004455566
11821	1630.990982055664
11821	1630.990982055664
11822	1638.2222175598145
11822	1638.2222175598145
11823	1447.95560836792
11823	1447.95560836792
11824	1680.6378364562988
11824	1680.6378364562988
11825	1590.5218124389648
11825	1590.5218124389648
11826	1665.8687591552734
11826	1665.8687591552734
11827	1431.9806098937988
11827	1431.9806098937988
11828	1543.8899993896484
11828	1543.8899993896484
11829	1382.5578689575195
11829	1382.5578689575195
11830	2250.459909439087
11830	2250.459909439087
11831	1555.4358959197998
11831	1555.4358959197998
11832	1522.7766036987305
11832	1522.7766036987305
11833	1525.040864944458
11833	1525.040864944458
11834	1806.2994480133057
11834	1806.2994480133057
11835	1494.8434829711914
11835	1494.8434829711914
11836	1368.2899475097656
11836	1368.2899475097656
11837	1481.8413257598877
11837	1481.8413257598877
11838	1571.8247890472412
11838	1571.8247890472412
11839	1588.874101638794
11839	1588.874101638794
11840	2382.840633392334
11840	2382.840633392334
11841	1532.4938297271729
11841	1532.4938297271729
11842	1472.2764492034912
11842	1472.2764492034912
11843	1804.5449256896973
11843	1804.5449256896973
11844	1337.8193378448486
11844	1337.8193378448486
11845	1508.7924003601074
11845	1508.7924003601074
11846	1762.1965408325195
11846	1762.1965408325195
11847	1572.0014572143555
11847	1572.0014572143555
11848	1622.3623752593994
11848	1622.3623752593994
11849	1359.4348430633545
11849	1359.4348430633545
11850	2423.6721992492676
11850	2423.6721992492676
11851	1827.2371292114258
11851	1827.2371292114258
11852	2435.0075721740723
11852	2435.0075721740723
11853	2387.8390789031982
11853	2387.8390789031982
11854	2178.102970123291
11854	2178.102970123291
11855	2314.3749237060547
11855	2314.3749237060547
11856	2571.052312850952
11856	2571.052312850952
11857	2546.118974685669
11857	2546.118974685669
11858	2629.7333240509033
11858	2629.7333240509033
11859	2500.9524822235107
11859	2500.9524822235107
11860	2912.4255180358887
11860	2912.4255180358887
11861	2601.88627243042
11861	2601.88627243042
11862	2737.3156547546387
11862	2737.3156547546387
11863	2457.596778869629
11863	2457.596778869629
11864	2732.3150634765625
11864	2732.3150634765625
11865	2837.8329277038574
11865	2837.8329277038574
11866	3105.799913406372
11866	3105.799913406372
11867	2707.832098007202
11867	2707.832098007202
11868	2504.969835281372
11868	2504.969835281372
11869	1918.0512428283691
11869	1918.0512428283691
11870	2948.383331298828
11870	2948.383331298828
11871	2265.58518409729
11871	2265.58518409729
11872	2032.2797298431396
11872	2032.2797298431396
11873	2466.216564178467
11873	2466.216564178467
11874	2955.350399017334
11874	2955.350399017334
11875	2675.0364303588867
11875	2675.0364303588867
11876	2594.7000980377197
11876	2594.7000980377197
11877	2658.531427383423
11877	2658.531427383423
11878	2645.5657482147217
11878	2645.5657482147217
11879	2442.1098232269287
11879	2442.1098232269287
11880	3199.4237899780273
11880	3199.4237899780273
11881	2651.228427886963
11881	2651.228427886963
11882	2587.524652481079
11882	2587.524652481079
11883	2966.3846492767334
11883	2966.3846492767334
11884	2734.102964401245
11884	2734.102964401245
11885	2538.5780334472656
11885	2538.5780334472656
11886	2034.4038009643555
11886	2034.4038009643555
11887	2243.8411712646484
11887	2243.8411712646484
11888	2418.692111968994
11888	2418.692111968994
11889	2526.2627601623535
11889	2526.2627601623535
11890	2965.590476989746
11890	2965.590476989746
11891	2525.0070095062256
11891	2525.0070095062256
11892	2760.6422901153564
11892	2760.6422901153564
11893	2638.2596492767334
11893	2638.2596492767334
11894	2609.408378601074
11894	2609.408378601074
11895	2627.7880668640137
11895	2627.7880668640137
11896	2671.689748764038
11896	2671.689748764038
11897	2707.669258117676
11897	2707.669258117676
11898	2780.3308963775635
11898	2780.3308963775635
11899	2779.559850692749
11899	2779.559850692749
11900	3090.979814529419
11900	3090.979814529419
11901	2672.6884841918945
11901	2672.6884841918945
11902	2680.522680282593
11902	2680.522680282593
11903	2665.437698364258
11903	2665.437698364258
11904	2207.1640491485596
11904	2207.1640491485596
11905	2497.2803592681885
11905	2497.2803592681885
11906	2429.1000366210938
11906	2429.1000366210938
11907	2345.458984375
11907	2345.458984375
11908	2684.781312942505
11908	2684.781312942505
11909	2665.386438369751
11909	2665.386438369751
11910	3225.961923599243
11910	3225.961923599243
11911	2643.8772678375244
11911	2643.8772678375244
11912	2638.460397720337
11912	2638.460397720337
11913	2704.653263092041
11913	2704.653263092041
11914	2680.199146270752
11914	2680.199146270752
11915	2306.4115047454834
11915	2306.4115047454834
11916	2727.786064147949
11916	2727.786064147949
11917	2767.1031951904297
11917	2767.1031951904297
11918	2624.6871948242188
11918	2624.6871948242188
11919	2732.093572616577
11919	2732.093572616577
11920	3478.416919708252
11920	3478.416919708252
11921	2083.8191509246826
11921	2083.8191509246826
11922	2272.684097290039
11922	2272.684097290039
11923	2599.275827407837
11923	2599.275827407837
11924	2539.1643047332764
11924	2539.1643047332764
11925	2545.4256534576416
11925	2545.4256534576416
11926	2618.159294128418
11926	2618.159294128418
11927	2770.8065509796143
11927	2770.8065509796143
11928	2508.305549621582
11928	2508.305549621582
11929	2675.3079891204834
11929	2675.3079891204834
11930	3192.476749420166
11930	3192.476749420166
11931	2477.407217025757
11931	2477.407217025757
11932	2536.025047302246
11932	2536.025047302246
11933	2773.205280303955
11933	2773.205280303955
11934	2654.2811393737793
11934	2654.2811393737793
11935	2209.93709564209
11935	2209.93709564209
11936	2273.8800048828125
11936	2273.8800048828125
11937	2504.0061473846436
11937	2504.0061473846436
11938	2347.015142440796
11938	2347.015142440796
11939	2632.354974746704
11939	2632.354974746704
11940	3193.7527656555176
11940	3193.7527656555176
11941	2542.7889823913574
11941	2542.7889823913574
11942	2745.4264163970947
11942	2745.4264163970947
11943	2853.3835411071777
11943	2853.3835411071777
11944	2816.203832626343
11944	2816.203832626343
11945	2827.5070190429688
11945	2827.5070190429688
11946	2653.1879901885986
11946	2653.1879901885986
11947	2696.4268684387207
11947	2696.4268684387207
11948	3113.746166229248
11948	3113.746166229248
11949	2498.3489513397217
11949	2498.3489513397217
11950	3342.536211013794
11950	3342.536211013794
11951	2708.4720134735107
11951	2708.4720134735107
11952	2658.9415073394775
11952	2658.9415073394775
11953	2525.139331817627
11953	2525.139331817627
11954	2152.402639389038
11954	2152.402639389038
11955	2276.4732837677
11955	2276.4732837677
11956	2265.1500701904297
11956	2265.1500701904297
11957	2456.130027770996
11957	2456.130027770996
11958	2653.2819271087646
11958	2653.2819271087646
11959	2369.3900108337402
11959	2369.3900108337402
11960	3376.3179779052734
11960	3376.3179779052734
11961	2639.569044113159
11961	2639.569044113159
11962	2653.193473815918
11962	2653.193473815918
11963	2670.8507537841797
11963	2670.8507537841797
11964	2624.0267753601074
11964	2624.0267753601074
11965	2776.7012119293213
11965	2776.7012119293213
11966	2446.115493774414
11966	2446.115493774414
11967	2783.8830947875977
11967	2783.8830947875977
11968	2222.49698638916
11968	2222.49698638916
11969	2294.9979305267334
11969	2294.9979305267334
11970	2960.03794670105
11970	2960.03794670105
11971	2271.4967727661133
11971	2271.4967727661133
11972	2377.66695022583
11972	2377.66695022583
11973	2550.3599643707275
11973	2550.3599643707275
11974	2630.5861473083496
11974	2630.5861473083496
11975	2641.061544418335
11975	2641.061544418335
11976	2748.0628490448
11976	2748.0628490448
11977	2765.615701675415
11977	2765.615701675415
11978	2741.854667663574
11978	2741.854667663574
11979	2512.8684043884277
11979	2512.8684043884277
11980	3378.5300254821777
11980	3378.5300254821777
11981	2718.9013957977295
11981	2718.9013957977295
11982	2614.978313446045
11982	2614.978313446045
11983	2745.5389499664307
11983	2745.5389499664307
11984	2730.4091453552246
11984	2730.4091453552246
11985	2238.546133041382
11985	2238.546133041382
11986	2196.9590187072754
11986	2196.9590187072754
11987	2107.360601425171
11987	2107.360601425171
11988	2267.24910736084
11988	2267.24910736084
11989	2460.6597423553467
11989	2460.6597423553467
11990	3219.433546066284
11990	3219.433546066284
11991	2730.482816696167
11991	2730.482816696167
11992	2453.0515670776367
11992	2453.0515670776367
11993	2572.359085083008
11993	2572.359085083008
11994	2742.0012950897217
11994	2742.0012950897217
11995	2862.5571727752686
11995	2862.5571727752686
11996	2675.9188175201416
11996	2675.9188175201416
11997	2680.140733718872
11997	2680.140733718872
11998	2882.6658725738525
11998	2882.6658725738525
11999	2770.6234455108643
11999	2770.6234455108643
12000	17046.75245285034
12000	17046.75245285034
12001	2254.9185752868652
12001	2254.9185752868652
12002	2451.191186904907
12002	2451.191186904907
12003	2268.425941467285
12003	2268.425941467285
12004	2310.5719089508057
12004	2310.5719089508057
12005	2300.3177642822266
12005	2300.3177642822266
12006	2352.5893688201904
12006	2352.5893688201904
12007	2671.525478363037
12007	2671.525478363037
12008	2776.718854904175
12008	2776.718854904175
12009	2575.8941173553467
12009	2575.8941173553467
12010	3336.4579677581787
12010	3336.4579677581787
12011	2697.026491165161
12011	2697.026491165161
12012	2726.776599884033
12012	2726.776599884033
12013	2676.288604736328
12013	2676.288604736328
12014	2702.4636268615723
12014	2702.4636268615723
12015	2700.5276679992676
12015	2700.5276679992676
12016	2705.531597137451
12016	2705.531597137451
12017	2573.035955429077
12017	2573.035955429077
12018	2815.1848316192627
12018	2815.1848316192627
12019	1922.2068786621094
12019	1922.2068786621094
12020	2912.9648208618164
12020	2912.9648208618164
12021	2438.755989074707
12021	2438.755989074707
12022	2206.982135772705
12022	2206.982135772705
12023	2344.081401824951
12023	2344.081401824951
12024	2734.914779663086
12024	2734.914779663086
12025	2433.413028717041
12025	2433.413028717041
12026	2602.760076522827
12026	2602.760076522827
12027	2673.673629760742
12027	2673.673629760742
12028	2637.255907058716
12028	2637.255907058716
12029	2678.5123348236084
12029	2678.5123348236084
12030	3305.3925037384033
12030	3305.3925037384033
12031	2717.667579650879
12031	2717.667579650879
12032	2749.8505115509033
12032	2749.8505115509033
12033	2682.66224861145
12033	2682.66224861145
12034	2792.797565460205
12034	2792.797565460205
12035	2674.1764545440674
12035	2674.1764545440674
12036	2361.189365386963
12036	2361.189365386963
12037	2060.5227947235107
12037	2060.5227947235107
12038	2392.7836418151855
12038	2392.7836418151855
12039	2443.415641784668
12039	2443.415641784668
12040	3108.086347579956
12040	3108.086347579956
12041	2519.4995403289795
12041	2519.4995403289795
12042	2491.3575649261475
12042	2491.3575649261475
12043	2548.0315685272217
12043	2548.0315685272217
12044	2797.644853591919
12044	2797.644853591919
12045	2214.395761489868
12045	2214.395761489868
12046	2662.1577739715576
12046	2662.1577739715576
12047	2642.62318611145
12047	2642.62318611145
12048	2527.2388458251953
12048	2527.2388458251953
12049	2655.195713043213
12049	2655.195713043213
12050	3539.613723754883
12050	3539.613723754883
12051	1943.922758102417
12051	1943.922758102417
12052	1560.5425834655762
12052	1560.5425834655762
12053	1587.1164798736572
12053	1587.1164798736572
12054	1580.1007747650146
12054	1580.1007747650146
12055	1525.5672931671143
12055	1525.5672931671143
12056	1552.7160167694092
12056	1552.7160167694092
12057	1522.799015045166
12057	1522.799015045166
12058	1728.1057834625244
12058	1728.1057834625244
12059	1446.467399597168
12059	1446.467399597168
12060	2255.585193634033
12060	2255.585193634033
12061	1578.2933235168457
12061	1578.2933235168457
12062	1603.9044857025146
12062	1603.9044857025146
12063	1541.3708686828613
12063	1541.3708686828613
12064	1403.7189483642578
12064	1403.7189483642578
12065	1544.9457168579102
12065	1544.9457168579102
12066	1489.987850189209
12066	1489.987850189209
12067	1519.9921131134033
12067	1519.9921131134033
12068	1356.5492630004883
12068	1356.5492630004883
12069	1536.625623703003
12069	1536.625623703003
12070	2216.4735794067383
12070	2216.4735794067383
12071	1598.6931324005127
12071	1598.6931324005127
12072	1512.5446319580078
12072	1512.5446319580078
12073	1523.4615802764893
12073	1523.4615802764893
12074	1301.7895221710205
12074	1301.7895221710205
12075	1305.1133155822754
12075	1305.1133155822754
12076	1319.1273212432861
12076	1319.1273212432861
12077	1327.6212215423584
12077	1327.6212215423584
12078	1452.2933959960938
12078	1452.2933959960938
12079	1261.8048191070557
12079	1261.8048191070557
12080	2023.2598781585693
12080	2023.2598781585693
12081	1327.2144794464111
12081	1327.2144794464111
12082	1070.17183303833
12082	1070.17183303833
12083	1072.91841506958
12083	1072.91841506958
12084	1579.1258811950684
12084	1579.1258811950684
12085	1345.8507061004639
12085	1345.8507061004639
12086	1560.617446899414
12086	1560.617446899414
12087	1493.1516647338867
12087	1493.1516647338867
12088	1354.3312549591064
12088	1354.3312549591064
12089	1526.9935131072998
12089	1526.9935131072998
12090	2262.0296478271484
12090	2262.0296478271484
12091	1500.8413791656494
12091	1500.8413791656494
12092	1500.504493713379
12092	1500.504493713379
12093	1367.4108982086182
12093	1367.4108982086182
12094	1481.5394878387451
12094	1481.5394878387451
12095	1602.9090881347656
12095	1602.9090881347656
12096	1305.6528568267822
12096	1305.6528568267822
12097	1347.1360206604004
12097	1347.1360206604004
12098	1482.0218086242676
12098	1482.0218086242676
12099	1433.8600635528564
12099	1433.8600635528564
12100	2203.404664993286
12100	2203.404664993286
12101	1651.8745422363281
12101	1651.8745422363281
12102	1555.9489727020264
12102	1555.9489727020264
12103	1573.7152099609375
12103	1573.7152099609375
12104	1686.8131160736084
12104	1686.8131160736084
12105	1518.8803672790527
12105	1518.8803672790527
12106	1495.8162307739258
12106	1495.8162307739258
12107	1537.243127822876
12107	1537.243127822876
12108	1386.655330657959
12108	1386.655330657959
12109	1538.6033058166504
12109	1538.6033058166504
12110	2208.0326080322266
12110	2208.0326080322266
12111	1457.2904109954834
12111	1457.2904109954834
12112	1568.2826042175293
12112	1568.2826042175293
12113	1432.5177669525146
12113	1432.5177669525146
12114	1464.0562534332275
12114	1464.0562534332275
12115	1508.9302062988281
12115	1508.9302062988281
12116	1514.9271488189697
12116	1514.9271488189697
12117	1543.9233779907227
12117	1543.9233779907227
12118	1345.973014831543
12118	1345.973014831543
12119	1454.1902542114258
12119	1454.1902542114258
12120	2117.9158687591553
12120	2117.9158687591553
12121	1638.6067867279053
12121	1638.6067867279053
12122	1489.8900985717773
12122	1489.8900985717773
12123	1486.3619804382324
12123	1486.3619804382324
12124	1722.837209701538
12124	1722.837209701538
12125	1570.051908493042
12125	1570.051908493042
12126	2690.3905868530273
12126	2690.3905868530273
12127	1792.7742004394531
12127	1792.7742004394531
12128	1336.7455005645752
12128	1336.7455005645752
12129	1329.4548988342285
12129	1329.4548988342285
12130	3152.4438858032227
12130	3152.4438858032227
12131	1513.484239578247
12131	1513.484239578247
12132	1651.0224342346191
12132	1651.0224342346191
12133	1312.429428100586
12133	1312.429428100586
12134	1566.1194324493408
12134	1566.1194324493408
12135	1607.9325675964355
12135	1607.9325675964355
12136	1466.7630195617676
12136	1466.7630195617676
12137	1446.2769031524658
12137	1446.2769031524658
12138	1455.446720123291
12138	1455.446720123291
12139	1326.8239498138428
12139	1326.8239498138428
12140	2191.2641525268555
12140	2191.2641525268555
12141	1536.7016792297363
12141	1536.7016792297363
12142	1514.1069889068604
12142	1514.1069889068604
12143	1539.6199226379395
12143	1539.6199226379395
12144	1597.3999500274658
12144	1597.3999500274658
12145	1593.5311317443848
12145	1593.5311317443848
12146	1640.0885581970215
12146	1640.0885581970215
12147	1492.290735244751
12147	1492.290735244751
12148	1513.4081840515137
12148	1513.4081840515137
12149	1464.6825790405273
12149	1464.6825790405273
12150	2189.957857131958
12150	2189.957857131958
12151	1339.858055114746
12151	1339.858055114746
12152	1486.1619472503662
12152	1486.1619472503662
12153	1445.7406997680664
12153	1445.7406997680664
12154	1429.1481971740723
12154	1429.1481971740723
12155	1464.9429321289062
12155	1464.9429321289062
12156	1545.6032752990723
12156	1545.6032752990723
12157	1311.4936351776123
12157	1311.4936351776123
12158	1503.3791065216064
12158	1503.3791065216064
12159	1180.0460815429688
12159	1180.0460815429688
12160	2132.495880126953
12160	2132.495880126953
12161	1344.7017669677734
12161	1344.7017669677734
12162	1205.62744140625
12162	1205.62744140625
12163	1367.2842979431152
12163	1367.2842979431152
12164	1309.9250793457031
12164	1309.9250793457031
12165	1654.5510292053223
12165	1654.5510292053223
12166	1524.8172283172607
12166	1524.8172283172607
12167	1467.7388668060303
12167	1467.7388668060303
12168	1585.3984355926514
12168	1585.3984355926514
12169	1574.8956203460693
12169	1574.8956203460693
12170	2097.9762077331543
12170	2097.9762077331543
12171	1490.9937381744385
12171	1490.9937381744385
12172	1529.2949676513672
12172	1529.2949676513672
12173	1413.9595031738281
12173	1413.9595031738281
12174	1508.9101791381836
12174	1508.9101791381836
12175	1467.6377773284912
12175	1467.6377773284912
12176	1514.8820877075195
12176	1514.8820877075195
12177	1592.4556255340576
12177	1592.4556255340576
12178	1596.6198444366455
12178	1596.6198444366455
12179	1621.1144924163818
12179	1621.1144924163818
12180	2450.054407119751
12180	2450.054407119751
12181	1495.5224990844727
12181	1495.5224990844727
12182	1469.1402912139893
12182	1469.1402912139893
12183	1507.6100826263428
12183	1507.6100826263428
12184	1601.9344329833984
12184	1601.9344329833984
12185	1562.9158020019531
12185	1562.9158020019531
12186	1497.443437576294
12186	1497.443437576294
12187	1344.3913459777832
12187	1344.3913459777832
12188	1505.6650638580322
12188	1505.6650638580322
12189	1537.231683731079
12189	1537.231683731079
12190	2178.6322593688965
12190	2178.6322593688965
12191	1700.4354000091553
12191	1700.4354000091553
12192	1565.596103668213
12192	1565.596103668213
12193	1474.5864868164062
12193	1474.5864868164062
12194	1583.9288234710693
12194	1583.9288234710693
12195	1465.205430984497
12195	1465.205430984497
12196	1516.704797744751
12196	1516.704797744751
12197	1639.4708156585693
12197	1639.4708156585693
12198	1513.679027557373
12198	1513.679027557373
12199	1548.2676029205322
12199	1548.2676029205322
12200	2218.5590267181396
12200	2218.5590267181396
12201	1652.2722244262695
12201	1652.2722244262695
12202	1489.995002746582
12202	1489.995002746582
12203	1564.3079280853271
12203	1564.3079280853271
12204	1408.7567329406738
12204	1408.7567329406738
12205	1599.8308658599854
12205	1599.8308658599854
12206	1607.0592403411865
12206	1607.0592403411865
12207	2101.417064666748
12207	2101.417064666748
12208	1638.8213634490967
12208	1638.8213634490967
12209	1361.7043495178223
12209	1361.7043495178223
12210	2707.737922668457
12210	2707.737922668457
12211	2188.7543201446533
12211	2188.7543201446533
12212	2319.390296936035
12212	2319.390296936035
12213	2200.510025024414
12213	2200.510025024414
12214	2508.1067085266113
12214	2508.1067085266113
12215	2427.2310733795166
12215	2427.2310733795166
12216	2464.6401405334473
12216	2464.6401405334473
12217	2641.1359310150146
12217	2641.1359310150146
12218	2384.1397762298584
12218	2384.1397762298584
12219	2445.197343826294
12219	2445.197343826294
12220	3342.28253364563
12220	3342.28253364563
12221	2683.7737560272217
12221	2683.7737560272217
12222	1862.6513481140137
12222	1862.6513481140137
12223	2660.688877105713
12223	2660.688877105713
12224	2692.556381225586
12224	2692.556381225586
12225	2847.857713699341
12225	2847.857713699341
12226	2708.570957183838
12226	2708.570957183838
12227	2704.667568206787
12227	2704.667568206787
12228	1860.7068061828613
12228	1860.7068061828613
12229	1951.969861984253
12229	1951.969861984253
12230	3090.5978679656982
12230	3090.5978679656982
12231	2566.8516159057617
12231	2566.8516159057617
12232	2483.590602874756
12232	2483.590602874756
12233	2724.51114654541
12233	2724.51114654541
12234	2602.999210357666
12234	2602.999210357666
12235	2641.395330429077
12235	2641.395330429077
12236	2545.848846435547
12236	2545.848846435547
12237	2597.623109817505
12237	2597.623109817505
12238	2737.304210662842
12238	2737.304210662842
12239	2432.6820373535156
12239	2432.6820373535156
12240	3404.526948928833
12240	3404.526948928833
12241	2660.8119010925293
12241	2660.8119010925293
12242	2519.2723274230957
12242	2519.2723274230957
12243	2772.105932235718
12243	2772.105932235718
12244	2489.589214324951
12244	2489.589214324951
12245	2672.373056411743
12245	2672.373056411743
12246	2564.5670890808105
12246	2564.5670890808105
12247	2053.422689437866
12247	2053.422689437866
12248	2418.8828468322754
12248	2418.8828468322754
12249	2420.386552810669
12249	2420.386552810669
12250	3206.362247467041
12250	3206.362247467041
12251	2506.5133571624756
12251	2506.5133571624756
12252	2672.121286392212
12252	2672.121286392212
12253	2605.868339538574
12253	2605.868339538574
12254	2644.51265335083
12254	2644.51265335083
12255	2844.2931175231934
12255	2844.2931175231934
12256	2537.6644134521484
12256	2537.6644134521484
12257	2694.1254138946533
12257	2694.1254138946533
12258	2667.2611236572266
12258	2667.2611236572266
12259	2793.4131622314453
12259	2793.4131622314453
12260	3347.926139831543
12260	3347.926139831543
12261	2737.980365753174
12261	2737.980365753174
12262	2484.2381477355957
12262	2484.2381477355957
12263	2685.8510971069336
12263	2685.8510971069336
12264	2191.09845161438
12264	2191.09845161438
12265	2211.3168239593506
12265	2211.3168239593506
12266	2598.5195636749268
12266	2598.5195636749268
12267	2460.541248321533
12267	2460.541248321533
12268	2575.265645980835
12268	2575.265645980835
12269	2676.3534545898438
12269	2676.3534545898438
12270	3278.8498401641846
12270	3278.8498401641846
12271	2416.3665771484375
12271	2416.3665771484375
12272	2585.1404666900635
12272	2585.1404666900635
12273	2769.2770957946777
12273	2769.2770957946777
12274	2846.229314804077
12274	2846.229314804077
12275	2649.0819454193115
12275	2649.0819454193115
12276	2819.9400901794434
12276	2819.9400901794434
12277	2728.451728820801
12277	2728.451728820801
12278	2864.0799522399902
12278	2864.0799522399902
12279	2665.1015281677246
12279	2665.1015281677246
12280	3302.7853965759277
12280	3302.7853965759277
12281	3795.04656791687
12281	3795.04656791687
12282	2505.241632461548
12282	2505.241632461548
12283	2969.3589210510254
12283	2969.3589210510254
12284	1972.5792407989502
12284	1972.5792407989502
12285	1760.4875564575195
12285	1760.4875564575195
12286	2625.49090385437
12286	2625.49090385437
12287	2705.1916122436523
12287	2705.1916122436523
12288	2299.3268966674805
12288	2299.3268966674805
12289	2909.111499786377
12289	2909.111499786377
12290	3494.471549987793
12290	3494.471549987793
12291	2710.8113765716553
12291	2710.8113765716553
12292	2874.3042945861816
12292	2874.3042945861816
12293	2710.6640338897705
12293	2710.6640338897705
12294	2622.4381923675537
12294	2622.4381923675537
12295	2896.164655685425
12295	2896.164655685425
12296	2743.443250656128
12296	2743.443250656128
12297	2732.144355773926
12297	2732.144355773926
12298	2721.050262451172
12298	2721.050262451172
12299	2768.5513496398926
12299	2768.5513496398926
12300	3020.7197666168213
12300	3020.7197666168213
12301	2387.86244392395
12301	2387.86244392395
12302	2432.584047317505
12302	2432.584047317505
12303	2688.894510269165
12303	2688.894510269165
12304	2410.007953643799
12304	2410.007953643799
12305	2588.3898735046387
12305	2588.3898735046387
12306	2784.8808765411377
12306	2784.8808765411377
12307	2403.036594390869
12307	2403.036594390869
12308	2591.853380203247
12308	2591.853380203247
12309	2775.486946105957
12309	2775.486946105957
12310	3323.280096054077
12310	3323.280096054077
12311	2731.578588485718
12311	2731.578588485718
12312	2683.6960315704346
12312	2683.6960315704346
12313	2734.621524810791
12313	2734.621524810791
12314	2811.659812927246
12314	2811.659812927246
12315	2610.87965965271
12315	2610.87965965271
12316	2496.95086479187
12316	2496.95086479187
12317	2917.649507522583
12317	2917.649507522583
12318	2163.7771129608154
12318	2163.7771129608154
12319	2299.389600753784
12319	2299.389600753784
12320	3139.538288116455
12320	3139.538288116455
12321	2511.6190910339355
12321	2511.6190910339355
12322	2538.0799770355225
12322	2538.0799770355225
12323	2543.638229370117
12323	2543.638229370117
12324	2533.006191253662
12324	2533.006191253662
12325	2807.3127269744873
12325	2807.3127269744873
12326	2618.5853481292725
12326	2618.5853481292725
12327	2663.234233856201
12327	2663.234233856201
12328	2812.281847000122
12328	2812.281847000122
12329	2687.3440742492676
12329	2687.3440742492676
12330	3510.143756866455
12330	3510.143756866455
12331	2711.757183074951
12331	2711.757183074951
12332	2737.327814102173
12332	2737.327814102173
12333	2866.048812866211
12333	2866.048812866211
12334	2511.383056640625
12334	2511.383056640625
12335	2205.4221630096436
12335	2205.4221630096436
12336	2432.941198348999
12336	2432.941198348999
12337	2325.091600418091
12337	2325.091600418091
12338	2486.0763549804688
12338	2486.0763549804688
12339	2383.781909942627
12339	2383.781909942627
12340	3032.1688652038574
12340	3032.1688652038574
12341	2525.9900093078613
12341	2525.9900093078613
12342	2610.4822158813477
12342	2610.4822158813477
12343	2494.523525238037
12343	2494.523525238037
12344	2795.900583267212
12344	2795.900583267212
12345	2752.1915435791016
12345	2752.1915435791016
12346	2673.051595687866
12346	2673.051595687866
12347	2683.854103088379
12347	2683.854103088379
12348	2484.7681522369385
12348	2484.7681522369385
12349	2713.8383388519287
12349	2713.8383388519287
12350	3295.6974506378174
12350	3295.6974506378174
12351	2702.3611068725586
12351	2702.3611068725586
12352	2528.7554264068604
12352	2528.7554264068604
12353	2219.742774963379
12353	2219.742774963379
12354	2536.8449687957764
12354	2536.8449687957764
12355	2295.088529586792
12355	2295.088529586792
12356	2398.784875869751
12356	2398.784875869751
12357	2792.8431034088135
12357	2792.8431034088135
12358	2598.3362197875977
12358	2598.3362197875977
12359	2522.263288497925
12359	2522.263288497925
12360	3247.6770877838135
12360	3247.6770877838135
12361	2671.2427139282227
12361	2671.2427139282227
12362	2601.3741493225098
12362	2601.3741493225098
12363	2681.868076324463
12363	2681.868076324463
12364	2744.8601722717285
12364	2744.8601722717285
12365	2355.919122695923
12365	2355.919122695923
12366	2122.683048248291
12366	2122.683048248291
12367	2247.774124145508
12367	2247.774124145508
12368	2700.275659561157
12368	2700.275659561157
12369	2663.1147861480713
12369	2663.1147861480713
12370	3416.423797607422
12370	3416.423797607422
12371	2686.845302581787
12371	2686.845302581787
12372	2434.221029281616
12372	2434.221029281616
12373	2777.428150177002
12373	2777.428150177002
12374	2746.6416358947754
12374	2746.6416358947754
12375	2545.1159477233887
12375	2545.1159477233887
12376	2282.2818756103516
12376	2282.2818756103516
12377	2288.0828380584717
12377	2288.0828380584717
12378	2438.251495361328
12378	2438.251495361328
12379	2542.247533798218
12379	2542.247533798218
12380	3209.188938140869
12380	3209.188938140869
12381	2426.201105117798
12381	2426.201105117798
12382	2662.4574661254883
12382	2662.4574661254883
12383	2542.3309803009033
12383	2542.3309803009033
12384	2638.1707191467285
12384	2638.1707191467285
12385	2483.6912155151367
12385	2483.6912155151367
12386	2860.980749130249
12386	2860.980749130249
12387	2651.2372493743896
12387	2651.2372493743896
12388	2669.5170402526855
12388	2669.5170402526855
12389	2526.870012283325
12389	2526.870012283325
12390	3427.631616592407
12390	3427.631616592407
12391	2860.682249069214
12391	2860.682249069214
12392	2675.229072570801
12392	2675.229072570801
12393	2282.1829319000244
12393	2282.1829319000244
12394	2661.4842414855957
12394	2661.4842414855957
12395	2405.4577350616455
12395	2405.4577350616455
12396	2527.7223587036133
12396	2527.7223587036133
12397	2545.1512336730957
12397	2545.1512336730957
12398	2651.850938796997
12398	2651.850938796997
12399	2632.328748703003
12399	2632.328748703003
12400	3267.698287963867
12400	3267.698287963867
12401	2739.3112182617188
12401	2739.3112182617188
12402	2481.0328483581543
12402	2481.0328483581543
12403	2758.262872695923
12403	2758.262872695923
12404	2923.6958026885986
12404	2923.6958026885986
12405	2663.0914211273193
12405	2663.0914211273193
12406	2721.7321395874023
12406	2721.7321395874023
12407	2839.9906158447266
12407	2839.9906158447266
12408	2478.1219959259033
12408	2478.1219959259033
12409	2706.068515777588
12409	2706.068515777588
12410	3101.3288497924805
12410	3101.3288497924805
12411	1951.549768447876
12411	1951.549768447876
12412	2551.954746246338
12412	2551.954746246338
12413	2362.9934787750244
12413	2362.9934787750244
12414	2574.122667312622
12414	2574.122667312622
12415	2453.969955444336
12415	2453.969955444336
12416	2588.7115001678467
12416	2588.7115001678467
12417	2610.363483428955
12417	2610.363483428955
12418	2426.78165435791
12418	2426.78165435791
12419	2526.66974067688
12419	2526.66974067688
12420	3274.644374847412
12420	3274.644374847412
12421	3031.874656677246
12421	3031.874656677246
12422	1554.1880130767822
12422	1554.1880130767822
12423	1747.2901344299316
12423	1747.2901344299316
12424	1767.9061889648438
12424	1767.9061889648438
12425	1523.9009857177734
12425	1523.9009857177734
12426	1617.4428462982178
12426	1617.4428462982178
12427	1717.3335552215576
12427	1717.3335552215576
12428	1522.787094116211
12428	1522.787094116211
12429	1397.9127407073975
12429	1397.9127407073975
12430	2156.010150909424
12430	2156.010150909424
12431	1501.523494720459
12431	1501.523494720459
12432	1385.486364364624
12432	1385.486364364624
12433	1394.5086002349854
12433	1394.5086002349854
12434	1322.2270011901855
12434	1322.2270011901855
12435	1375.5767345428467
12435	1375.5767345428467
12436	1396.4109420776367
12436	1396.4109420776367
12437	1484.253168106079
12437	1484.253168106079
12438	1230.8869361877441
12438	1230.8869361877441
12439	1339.3242359161377
12439	1339.3242359161377
12440	2047.0376014709473
12440	2047.0376014709473
12441	1664.7837162017822
12441	1664.7837162017822
12442	1355.055570602417
12442	1355.055570602417
12443	1558.5544109344482
12443	1558.5544109344482
12444	1525.5959033966064
12444	1525.5959033966064
12445	1317.8303241729736
12445	1317.8303241729736
12446	1462.8701210021973
12446	1462.8701210021973
12447	1524.5819091796875
12447	1524.5819091796875
12448	1495.9769248962402
12448	1495.9769248962402
12449	1498.9361763000488
12449	1498.9361763000488
12450	2332.868814468384
12450	2332.868814468384
12451	1501.0020732879639
12451	1501.0020732879639
12452	1611.2189292907715
12452	1611.2189292907715
12453	1355.7326793670654
12453	1355.7326793670654
12454	1661.8194580078125
12454	1661.8194580078125
12455	1663.3143424987793
12455	1663.3143424987793
12456	1626.9845962524414
12456	1626.9845962524414
12457	1580.0490379333496
12457	1580.0490379333496
12458	1695.4751014709473
12458	1695.4751014709473
12459	1549.2730140686035
12459	1549.2730140686035
12460	2200.148105621338
12460	2200.148105621338
12461	1557.4860572814941
12461	1557.4860572814941
12462	1495.453119277954
12462	1495.453119277954
12463	1514.7058963775635
12463	1514.7058963775635
12464	1441.3199424743652
12464	1441.3199424743652
12465	1512.1843814849854
12465	1512.1843814849854
12466	1731.3270568847656
12466	1731.3270568847656
12467	1499.152421951294
12467	1499.152421951294
12468	1426.4888763427734
12468	1426.4888763427734
12469	1306.185007095337
12469	1306.185007095337
12470	2180.016279220581
12470	2180.016279220581
12471	1518.0644989013672
12471	1518.0644989013672
12472	1562.7992153167725
12472	1562.7992153167725
12473	1555.8388233184814
12473	1555.8388233184814
12474	1266.5603160858154
12474	1266.5603160858154
12475	1519.5074081420898
12475	1519.5074081420898
12476	1648.780345916748
12476	1648.780345916748
12477	1507.371187210083
12477	1507.371187210083
12478	1497.4699020385742
12478	1497.4699020385742
12479	1476.1292934417725
12479	1476.1292934417725
12480	2182.863235473633
12480	2182.863235473633
12481	1584.5305919647217
12481	1584.5305919647217
12482	1564.094066619873
12482	1564.094066619873
12483	1714.2302989959717
12483	1714.2302989959717
12484	1390.6614780426025
12484	1390.6614780426025
12485	1581.7031860351562
12485	1581.7031860351562
12486	1460.494041442871
12486	1460.494041442871
12487	1539.2811298370361
12487	1539.2811298370361
12488	1602.7071475982666
12488	1602.7071475982666
12489	1589.479923248291
12489	1589.479923248291
12490	2140.808582305908
12490	2140.808582305908
12491	1576.838731765747
12491	1576.838731765747
12492	1524.45650100708
12492	1524.45650100708
12493	1623.8312721252441
12493	1623.8312721252441
12494	1547.583818435669
12494	1547.583818435669
12495	1423.278570175171
12495	1423.278570175171
12496	1569.3480968475342
12496	1569.3480968475342
12497	1585.4551792144775
12497	1585.4551792144775
12498	1546.072244644165
12498	1546.072244644165
12499	1443.1049823760986
12499	1443.1049823760986
12500	7274.730920791626
12500	7274.730920791626
12501	1617.8135871887207
12501	1617.8135871887207
12502	1608.7543964385986
12502	1608.7543964385986
12503	1358.5429191589355
12503	1358.5429191589355
12504	1271.855115890503
12504	1271.855115890503
12505	1198.763132095337
12505	1198.763132095337
12506	1366.1446571350098
12506	1366.1446571350098
12507	1515.1786804199219
12507	1515.1786804199219
12508	1358.4606647491455
12508	1358.4606647491455
12509	1324.225902557373
12509	1324.225902557373
12510	2088.8562202453613
12510	2088.8562202453613
12511	1338.5179042816162
12511	1338.5179042816162
12512	1788.386583328247
12512	1788.386583328247
12513	1083.4095478057861
12513	1083.4095478057861
12514	1088.7527465820312
12514	1088.7527465820312
12515	1528.0611515045166
12515	1528.0611515045166
12516	1441.861867904663
12516	1441.861867904663
12517	1701.824426651001
12517	1701.824426651001
12518	1482.8650951385498
12518	1482.8650951385498
12519	1449.2506980895996
12519	1449.2506980895996
12520	2408.379554748535
12520	2408.379554748535
12521	1515.0971412658691
12521	1515.0971412658691
12522	1505.8112144470215
12522	1505.8112144470215
12523	1456.8228721618652
12523	1456.8228721618652
12524	1742.429494857788
12524	1742.429494857788
12525	1427.4921417236328
12525	1427.4921417236328
12526	1641.5233612060547
12526	1641.5233612060547
12527	1489.5622730255127
12527	1489.5622730255127
12528	1497.5831508636475
12528	1497.5831508636475
12529	1634.8261833190918
12529	1634.8261833190918
12530	2030.7044982910156
12530	2030.7044982910156
12531	1553.452491760254
12531	1553.452491760254
12532	1537.5754833221436
12532	1537.5754833221436
12533	1518.0511474609375
12533	1518.0511474609375
12534	1452.2864818572998
12534	1452.2864818572998
12535	1462.1610641479492
12535	1462.1610641479492
12536	1583.4259986877441
12536	1583.4259986877441
12537	1406.6143035888672
12537	1406.6143035888672
12538	1570.0714588165283
12538	1570.0714588165283
12539	1462.066888809204
12539	1462.066888809204
12540	2159.230947494507
12540	2159.230947494507
12541	1651.3538360595703
12541	1651.3538360595703
12542	1567.5525665283203
12542	1567.5525665283203
12543	1370.2738285064697
12543	1370.2738285064697
12544	1515.8114433288574
12544	1515.8114433288574
12545	1508.4187984466553
12545	1508.4187984466553
12546	1480.7970523834229
12546	1480.7970523834229
12547	1516.33882522583
12547	1516.33882522583
12548	1500.1215934753418
12548	1500.1215934753418
12549	1570.4693794250488
12549	1570.4693794250488
12550	2213.6447429656982
12550	2213.6447429656982
12551	1552.616834640503
12551	1552.616834640503
12552	1561.854362487793
12552	1561.854362487793
12553	1343.315601348877
12553	1343.315601348877
12554	1777.7080535888672
12554	1777.7080535888672
12555	1773.5278606414795
12555	1773.5278606414795
12556	1587.218999862671
12556	1587.218999862671
12557	1329.1378021240234
12557	1329.1378021240234
12558	1547.1851825714111
12558	1547.1851825714111
12559	1953.7365436553955
12559	1953.7365436553955
12560	2326.2312412261963
12560	2326.2312412261963
12561	2233.949661254883
12561	2233.949661254883
12562	2254.1399002075195
12562	2254.1399002075195
12563	2573.42267036438
12563	2573.42267036438
12564	2614.812135696411
12564	2614.812135696411
12565	2111.395835876465
12565	2111.395835876465
12566	2618.1600093841553
12566	2618.1600093841553
12567	2238.2287979125977
12567	2238.2287979125977
12568	2350.8548736572266
12568	2350.8548736572266
12569	2773.7324237823486
12569	2773.7324237823486
12570	3327.904224395752
12570	3327.904224395752
12571	2192.222833633423
12571	2192.222833633423
12572	2634.610652923584
12572	2634.610652923584
12573	2690.2666091918945
12573	2690.2666091918945
12574	2629.3864250183105
12574	2629.3864250183105
12575	2891.219139099121
12575	2891.219139099121
12576	2459.2201709747314
12576	2459.2201709747314
12577	2759.225368499756
12577	2759.225368499756
12578	2882.5666904449463
12578	2882.5666904449463
12579	2756.0460567474365
12579	2756.0460567474365
12580	3115.5271530151367
12580	3115.5271530151367
12581	2274.4147777557373
12581	2274.4147777557373
12582	2468.9056873321533
12582	2468.9056873321533
12583	2312.7269744873047
12583	2312.7269744873047
12584	2618.102550506592
12584	2618.102550506592
12585	2784.8665714263916
12585	2784.8665714263916
12586	2437.150716781616
12586	2437.150716781616
12587	2538.560628890991
12587	2538.560628890991
12588	2721.1124897003174
12588	2721.1124897003174
12589	2740.629196166992
12589	2740.629196166992
12590	3483.854055404663
12590	3483.854055404663
12591	2474.126100540161
12591	2474.126100540161
12592	2367.849111557007
12592	2367.849111557007
12593	2097.7890491485596
12593	2097.7890491485596
12594	2496.8209266662598
12594	2496.8209266662598
12595	2705.9662342071533
12595	2705.9662342071533
12596	2687.9889965057373
12596	2687.9889965057373
12597	2383.918285369873
12597	2383.918285369873
12598	2573.164224624634
12598	2573.164224624634
12599	2427.570581436157
12599	2427.570581436157
12600	3258.793354034424
12600	3258.793354034424
12601	2500.1206398010254
12601	2500.1206398010254
12602	2557.999610900879
12602	2557.999610900879
12603	2703.824996948242
12603	2703.824996948242
12604	2652.4600982666016
12604	2652.4600982666016
12605	2737.104892730713
12605	2737.104892730713
12606	2740.631580352783
12606	2740.631580352783
12607	2639.021158218384
12607	2639.021158218384
12608	2721.9207286834717
12608	2721.9207286834717
12609	2360.9468936920166
12609	2360.9468936920166
12610	3027.8561115264893
12610	3027.8561115264893
12611	2570.094585418701
12611	2570.094585418701
12612	2461.986780166626
12612	2461.986780166626
12613	2547.6598739624023
12613	2547.6598739624023
12614	2631.129264831543
12614	2631.129264831543
12615	2657.8614711761475
12615	2657.8614711761475
12616	2508.5813999176025
12616	2508.5813999176025
12617	2906.667709350586
12617	2906.667709350586
12618	2891.134262084961
12618	2891.134262084961
12619	2598.5419750213623
12619	2598.5419750213623
12620	3623.946189880371
12620	3623.946189880371
12621	2897.540330886841
12621	2897.540330886841
12622	2897.7644443511963
12622	2897.7644443511963
12623	2646.9197273254395
12623	2646.9197273254395
12624	3030.397891998291
12624	3030.397891998291
12625	2851.0141372680664
12625	2851.0141372680664
12626	3061.58709526062
12626	3061.58709526062
12627	2914.858102798462
12627	2914.858102798462
12628	2348.588705062866
12628	2348.588705062866
12629	2530.0028324127197
12629	2530.0028324127197
12630	2808.7339401245117
12630	2808.7339401245117
12631	2460.0324630737305
12631	2460.0324630737305
12632	2627.9854774475098
12632	2627.9854774475098
12633	2609.5492839813232
12633	2609.5492839813232
12634	2451.932191848755
12634	2451.932191848755
12635	2435.7211589813232
12635	2435.7211589813232
12636	2694.929599761963
12636	2694.929599761963
12637	2470.020294189453
12637	2470.020294189453
12638	2661.775827407837
12638	2661.775827407837
12639	2723.3331203460693
12639	2723.3331203460693
12640	3374.7177124023438
12640	3374.7177124023438
12641	2625.7247924804688
12641	2625.7247924804688
12642	2469.5188999176025
12642	2469.5188999176025
12643	2965.134620666504
12643	2965.134620666504
12644	2805.7923316955566
12644	2805.7923316955566
12645	2693.3541297912598
12645	2693.3541297912598
12646	2221.078395843506
12646	2221.078395843506
12647	2401.362180709839
12647	2401.362180709839
12648	2393.8159942626953
12648	2393.8159942626953
12649	2310.694932937622
12649	2310.694932937622
12650	3369.7853088378906
12650	3369.7853088378906
12651	2637.3913288116455
12651	2637.3913288116455
12652	2807.9769611358643
12652	2807.9769611358643
12653	2651.902675628662
12653	2651.902675628662
12654	2433.757781982422
12654	2433.757781982422
12655	2799.0493774414062
12655	2799.0493774414062
12656	2457.677125930786
12656	2457.677125930786
12657	2789.757013320923
12657	2789.757013320923
12658	2485.9707355499268
12658	2485.9707355499268
12659	2731.8241596221924
12659	2731.8241596221924
12660	3392.5468921661377
12660	3392.5468921661377
12661	2286.2863540649414
12661	2286.2863540649414
12662	2112.049102783203
12662	2112.049102783203
12663	2218.6412811279297
12663	2218.6412811279297
12664	2560.825824737549
12664	2560.825824737549
12665	2405.8690071105957
12665	2405.8690071105957
12666	2399.8067378997803
12666	2399.8067378997803
12667	2813.978433609009
12667	2813.978433609009
12668	2422.302007675171
12668	2422.302007675171
12669	2677.5431632995605
12669	2677.5431632995605
12670	3272.643804550171
12670	3272.643804550171
12671	2845.6311225891113
12671	2845.6311225891113
12672	2625.6330013275146
12672	2625.6330013275146
12673	2707.7267169952393
12673	2707.7267169952393
12674	2821.725606918335
12674	2821.725606918335
12675	2713.1078243255615
12675	2713.1078243255615
12676	2604.412317276001
12676	2604.412317276001
12677	2717.1969413757324
12677	2717.1969413757324
12678	2170.7510948181152
12678	2170.7510948181152
12679	2393.91827583313
12679	2393.91827583313
12680	2958.914041519165
12680	2958.914041519165
12681	2462.031602859497
12681	2462.031602859497
12682	2613.466739654541
12682	2613.466739654541
12683	2678.143262863159
12683	2678.143262863159
12684	2389.1348838806152
12684	2389.1348838806152
12685	2652.2834300994873
12685	2652.2834300994873
12686	2703.9051055908203
12686	2703.9051055908203
12687	2656.9647789001465
12687	2656.9647789001465
12688	2685.237169265747
12688	2685.237169265747
12689	2682.246685028076
12689	2682.246685028076
12690	3540.186643600464
12690	3540.186643600464
12691	2317.7413940429688
12691	2317.7413940429688
12692	2809.6909523010254
12692	2809.6909523010254
12693	2814.1298294067383
12693	2814.1298294067383
12694	2556.854486465454
12694	2556.854486465454
12695	2820.9571838378906
12695	2820.9571838378906
12696	2253.6725997924805
12696	2253.6725997924805
12697	2358.66641998291
12697	2358.66641998291
12698	2535.7396602630615
12698	2535.7396602630615
12699	2493.716239929199
12699	2493.716239929199
12700	3318.8281059265137
12700	3318.8281059265137
12701	2336.5888595581055
12701	2336.5888595581055
12702	2557.798147201538
12702	2557.798147201538
12703	2580.585241317749
12703	2580.585241317749
12704	2523.6141681671143
12704	2523.6141681671143
12705	2704.631805419922
12705	2704.631805419922
12706	2626.0523796081543
12706	2626.0523796081543
12707	2690.8531188964844
12707	2690.8531188964844
12708	2514.7504806518555
12708	2514.7504806518555
12709	2242.098331451416
12709	2242.098331451416
12710	3135.246753692627
12710	3135.246753692627
12711	2597.503662109375
12711	2597.503662109375
12712	2521.226406097412
12712	2521.226406097412
12713	2698.7714767456055
12713	2698.7714767456055
12714	2627.5177001953125
12714	2627.5177001953125
12715	2830.1334381103516
12715	2830.1334381103516
12716	2684.4613552093506
12716	2684.4613552093506
12717	2676.706314086914
12717	2676.706314086914
12718	2632.8563690185547
12718	2632.8563690185547
12719	2801.424026489258
12719	2801.424026489258
12720	3258.78643989563
12720	3258.78643989563
12721	2751.3427734375
12721	2751.3427734375
12722	2876.9147396087646
12722	2876.9147396087646
12723	2733.0198287963867
12723	2733.0198287963867
12724	2729.796886444092
12724	2729.796886444092
12725	2264.4059658050537
12725	2264.4059658050537
12726	1931.7264556884766
12726	1931.7264556884766
12727	2433.513641357422
12727	2433.513641357422
12728	2454.3559551239014
12728	2454.3559551239014
12729	2429.459810256958
12729	2429.459810256958
12730	3395.211696624756
12730	3395.211696624756
12731	2632.488250732422
12731	2632.488250732422
12732	2609.7187995910645
12732	2609.7187995910645
12733	2609.5571517944336
12733	2609.5571517944336
12734	2743.530750274658
12734	2743.530750274658
12735	2631.5271854400635
12735	2631.5271854400635
12736	2852.600574493408
12736	2852.600574493408
12737	2672.2357273101807
12737	2672.2357273101807
12738	2583.158254623413
12738	2583.158254623413
12739	2703.7129402160645
12739	2703.7129402160645
12740	3455.1806449890137
12740	3455.1806449890137
12741	2737.877607345581
12741	2737.877607345581
12742	2625.3621578216553
12742	2625.3621578216553
12743	2010.8091831207275
12743	2010.8091831207275
12744	2304.152250289917
12744	2304.152250289917
12745	2337.1403217315674
12745	2337.1403217315674
12746	2318.3751106262207
12746	2318.3751106262207
12747	2332.6759338378906
12747	2332.6759338378906
12748	2654.445171356201
12748	2654.445171356201
12749	2639.620542526245
12749	2639.620542526245
12750	3473.076820373535
12750	3473.076820373535
12751	2722.862958908081
12751	2722.862958908081
12752	2583.4290981292725
12752	2583.4290981292725
12753	2639.4190788269043
12753	2639.4190788269043
12754	2833.66322517395
12754	2833.66322517395
12755	2711.465358734131
12755	2711.465358734131
12756	2737.370491027832
12756	2737.370491027832
12757	2746.479272842407
12757	2746.479272842407
12758	2792.0167446136475
12758	2792.0167446136475
12759	2169.940233230591
12759	2169.940233230591
12760	2966.9604301452637
12760	2966.9604301452637
12761	2569.5509910583496
12761	2569.5509910583496
12762	2402.252674102783
12762	2402.252674102783
12763	2534.7986221313477
12763	2534.7986221313477
12764	2468.3234691619873
12764	2468.3234691619873
12765	2579.8895359039307
12765	2579.8895359039307
12766	2813.4679794311523
12766	2813.4679794311523
12767	2652.2603034973145
12767	2652.2603034973145
12768	2564.584493637085
12768	2564.584493637085
12769	2566.089630126953
12769	2566.089630126953
12770	3385.0605487823486
12770	3385.0605487823486
12771	1637.4166011810303
12771	1637.4166011810303
12772	1554.654598236084
12772	1554.654598236084
12773	1726.4866828918457
12773	1726.4866828918457
12774	1537.6572608947754
12774	1537.6572608947754
12775	1330.704689025879
12775	1330.704689025879
12776	1333.2853317260742
12776	1333.2853317260742
12777	1570.7988739013672
12777	1570.7988739013672
12778	1553.4777641296387
12778	1553.4777641296387
12779	1562.3717308044434
12779	1562.3717308044434
12780	1976.1641025543213
12780	1976.1641025543213
12781	1229.8388481140137
12781	1229.8388481140137
12782	1350.341558456421
12782	1350.341558456421
12783	1348.330020904541
12783	1348.330020904541
12784	1340.578317642212
12784	1340.578317642212
12785	1220.8356857299805
12785	1220.8356857299805
12786	1379.0419101715088
12786	1379.0419101715088
12787	1689.9497509002686
12787	1689.9497509002686
12788	1100.7122993469238
12788	1100.7122993469238
12789	974.8179912567139
12789	974.8179912567139
12790	1986.3898754119873
12790	1986.3898754119873
12791	1586.8785381317139
12791	1586.8785381317139
12792	1360.1481914520264
12792	1360.1481914520264
12793	1530.9600830078125
12793	1530.9600830078125
12794	1577.6019096374512
12794	1577.6019096374512
12795	1492.5906658172607
12795	1492.5906658172607
12796	1709.4249725341797
12796	1709.4249725341797
12797	1544.4529056549072
12797	1544.4529056549072
12798	1504.0361881256104
12798	1504.0361881256104
12799	1485.6410026550293
12799	1485.6410026550293
12800	2252.0933151245117
12800	2252.0933151245117
12801	1523.702621459961
12801	1523.702621459961
12802	1474.473237991333
12802	1474.473237991333
12803	1358.928918838501
12803	1358.928918838501
12804	1459.4049453735352
12804	1459.4049453735352
12805	1619.8961734771729
12805	1619.8961734771729
12806	1496.90580368042
12806	1496.90580368042
12807	1472.8302955627441
12807	1472.8302955627441
12808	1721.0612297058105
12808	1721.0612297058105
12809	1574.9590396881104
12809	1574.9590396881104
12810	2366.0595417022705
12810	2366.0595417022705
12811	1351.3383865356445
12811	1351.3383865356445
12812	1741.2660121917725
12812	1741.2660121917725
12813	1377.7806758880615
12813	1377.7806758880615
12814	1849.6720790863037
12814	1849.6720790863037
12815	1762.613296508789
12815	1762.613296508789
12816	1572.4635124206543
12816	1572.4635124206543
12817	1606.2448024749756
12817	1606.2448024749756
12818	1526.9746780395508
12818	1526.9746780395508
12819	1547.8787422180176
12819	1547.8787422180176
12820	2675.7044792175293
12820	2675.7044792175293
12821	1499.847173690796
12821	1499.847173690796
12822	1534.9915027618408
12822	1534.9915027618408
12823	1455.927848815918
12823	1455.927848815918
12824	1477.1144390106201
12824	1477.1144390106201
12825	1506.3045024871826
12825	1506.3045024871826
12826	1746.2124824523926
12826	1746.2124824523926
12827	1616.39404296875
12827	1616.39404296875
12828	1939.657211303711
12828	1939.657211303711
12829	1535.5098247528076
12829	1535.5098247528076
12830	2286.163091659546
12830	2286.163091659546
12831	1538.1696224212646
12831	1538.1696224212646
12832	1489.213228225708
12832	1489.213228225708
12833	1531.0239791870117
12833	1531.0239791870117
12834	1493.7407970428467
12834	1493.7407970428467
12835	1497.3115921020508
12835	1497.3115921020508
12836	1458.1568241119385
12836	1458.1568241119385
12837	1380.7575702667236
12837	1380.7575702667236
12838	1561.0415935516357
12838	1561.0415935516357
12839	1564.4638538360596
12839	1564.4638538360596
12840	2152.7931690216064
12840	2152.7931690216064
12841	1530.9083461761475
12841	1530.9083461761475
12842	1513.6775970458984
12842	1513.6775970458984
12843	1517.1780586242676
12843	1517.1780586242676
12844	1540.7335758209229
12844	1540.7335758209229
12845	1549.2887496948242
12845	1549.2887496948242
12846	1515.5985355377197
12846	1515.5985355377197
12847	1854.7837734222412
12847	1854.7837734222412
12848	1869.4407939910889
12848	1869.4407939910889
12849	1500.049352645874
12849	1500.049352645874
12850	2202.033042907715
12850	2202.033042907715
12851	1926.9700050354004
12851	1926.9700050354004
12852	1423.1064319610596
12852	1423.1064319610596
12853	1639.0817165374756
12853	1639.0817165374756
12854	1653.9359092712402
12854	1653.9359092712402
12855	1582.7970504760742
12855	1582.7970504760742
12856	1734.4400882720947
12856	1734.4400882720947
12857	1583.1432342529297
12857	1583.1432342529297
12858	1523.2064723968506
12858	1523.2064723968506
12859	1381.195068359375
12859	1381.195068359375
12860	2254.035472869873
12860	2254.035472869873
12861	1333.7087631225586
12861	1333.7087631225586
12862	1334.5057964324951
12862	1334.5057964324951
12863	1315.0193691253662
12863	1315.0193691253662
12864	1339.4675254821777
12864	1339.4675254821777
12865	1495.295524597168
12865	1495.295524597168
12866	1351.4773845672607
12866	1351.4773845672607
12867	1362.3766899108887
12867	1362.3766899108887
12868	1464.216947555542
12868	1464.216947555542
12869	1586.2312316894531
12869	1586.2312316894531
12870	2299.0477085113525
12870	2299.0477085113525
12871	1469.038724899292
12871	1469.038724899292
12872	1400.554895401001
12872	1400.554895401001
12873	1607.0165634155273
12873	1607.0165634155273
12874	1641.5205001831055
12874	1641.5205001831055
12875	1558.3903789520264
12875	1558.3903789520264
12876	1634.6435546875
12876	1634.6435546875
12877	1560.3036880493164
12877	1560.3036880493164
12878	1529.855728149414
12878	1529.855728149414
12879	1571.0251331329346
12879	1571.0251331329346
12880	2183.537483215332
12880	2183.537483215332
12881	1538.4395122528076
12881	1538.4395122528076
12882	1567.7366256713867
12882	1567.7366256713867
12883	1515.8476829528809
12883	1515.8476829528809
12884	1645.209789276123
12884	1645.209789276123
12885	1767.056941986084
12885	1767.056941986084
12886	1578.139066696167
12886	1578.139066696167
12887	1567.5263404846191
12887	1567.5263404846191
12888	1587.0702266693115
12888	1587.0702266693115
12889	1584.3403339385986
12889	1584.3403339385986
12890	2180.0947189331055
12890	2180.0947189331055
12891	1650.3758430480957
12891	1650.3758430480957
12892	1489.7797107696533
12892	1489.7797107696533
12893	1569.9701309204102
12893	1569.9701309204102
12894	1631.150245666504
12894	1631.150245666504
12895	1524.0073204040527
12895	1524.0073204040527
12896	1542.154312133789
12896	1542.154312133789
12897	1488.830804824829
12897	1488.830804824829
12898	1567.9011344909668
12898	1567.9011344909668
12899	1666.9185161590576
12899	1666.9185161590576
12900	2142.373561859131
12900	2142.373561859131
12901	1505.6531429290771
12901	1505.6531429290771
12902	1463.2883071899414
12902	1463.2883071899414
12903	1510.0972652435303
12903	1510.0972652435303
12904	1592.1416282653809
12904	1592.1416282653809
12905	1329.2491436004639
12905	1329.2491436004639
12906	1452.4040222167969
12906	1452.4040222167969
12907	1536.1125469207764
12907	1536.1125469207764
12908	1376.2197494506836
12908	1376.2197494506836
12909	1512.420415878296
12909	1512.420415878296
12910	2378.281593322754
12910	2378.281593322754
12911	1584.407091140747
12911	1584.407091140747
12912	1460.2501392364502
12912	1460.2501392364502
12913	1436.3043308258057
12913	1436.3043308258057
12914	1668.0207252502441
12914	1668.0207252502441
12915	1427.7091026306152
12915	1427.7091026306152
12916	1596.3637828826904
12916	1596.3637828826904
12917	1546.3066101074219
12917	1546.3066101074219
12918	1991.4979934692383
12918	1991.4979934692383
12919	1395.9579467773438
12919	1395.9579467773438
12920	2428.2734394073486
12920	2428.2734394073486
12921	2211.8709087371826
12921	2211.8709087371826
12922	2271.2202072143555
12922	2271.2202072143555
12923	2462.0532989501953
12923	2462.0532989501953
12924	2504.920721054077
12924	2504.920721054077
12925	2618.2644367218018
12925	2618.2644367218018
12926	2598.7513065338135
12926	2598.7513065338135
12927	2650.9852409362793
12927	2650.9852409362793
12928	2676.079511642456
12928	2676.079511642456
12929	2701.9121646881104
12929	2701.9121646881104
12930	3515.8488750457764
12930	3515.8488750457764
12931	2790.5375957489014
12931	2790.5375957489014
12932	2162.851572036743
12932	2162.851572036743
12933	2490.701198577881
12933	2490.701198577881
12934	2930.323839187622
12934	2930.323839187622
12935	2730.074882507324
12935	2730.074882507324
12936	2485.2161407470703
12936	2485.2161407470703
12937	2724.9183654785156
12937	2724.9183654785156
12938	3036.9315147399902
12938	3036.9315147399902
12939	2516.8681144714355
12939	2516.8681144714355
12940	2944.016933441162
12940	2944.016933441162
12941	2423.3484268188477
12941	2423.3484268188477
12942	2638.0019187927246
12942	2638.0019187927246
12943	2895.9076404571533
12943	2895.9076404571533
12944	3094.484567642212
12944	3094.484567642212
12945	2616.901159286499
12945	2616.901159286499
12946	2636.1074447631836
12946	2636.1074447631836
12947	2690.164804458618
12947	2690.164804458618
12948	2867.6581382751465
12948	2867.6581382751465
12949	2736.111879348755
12949	2736.111879348755
12950	3818.037509918213
12950	3818.037509918213
12951	2300.821542739868
12951	2300.821542739868
12952	2221.6744422912598
12952	2221.6744422912598
12953	2341.8686389923096
12953	2341.8686389923096
12954	2636.4431381225586
12954	2636.4431381225586
12955	2562.844753265381
12955	2562.844753265381
12956	2427.9677867889404
12956	2427.9677867889404
12957	2618.473529815674
12957	2618.473529815674
12958	2549.9508380889893
12958	2549.9508380889893
12959	2832.3097229003906
12959	2832.3097229003906
12960	3361.8009090423584
12960	3361.8009090423584
12961	2640.5575275421143
12961	2640.5575275421143
12962	2749.3395805358887
12962	2749.3395805358887
12963	2627.948522567749
12963	2627.948522567749
12964	2708.305835723877
12964	2708.305835723877
12965	2669.9836254119873
12965	2669.9836254119873
12966	2866.320848464966
12966	2866.320848464966
12967	2858.276844024658
12967	2858.276844024658
12968	3160.3469848632812
12968	3160.3469848632812
12969	2500.455379486084
12969	2500.455379486084
12970	3328.726291656494
12970	3328.726291656494
12971	2507.8799724578857
12971	2507.8799724578857
12972	2733.511447906494
12972	2733.511447906494
12973	2713.4928703308105
12973	2713.4928703308105
12974	3047.0809936523438
12974	3047.0809936523438
12975	2179.260730743408
12975	2179.260730743408
12976	1935.340404510498
12976	1935.340404510498
12977	2659.125328063965
12977	2659.125328063965
12978	2544.49200630188
12978	2544.49200630188
12979	3140.031576156616
12979	3140.031576156616
12980	4501.670360565186
12980	4501.670360565186
12981	2594.956636428833
12981	2594.956636428833
12982	2705.080032348633
12982	2705.080032348633
12983	2988.6815547943115
12983	2988.6815547943115
12984	2762.356996536255
12984	2762.356996536255
12985	2827.1219730377197
12985	2827.1219730377197
12986	2268.327236175537
12986	2268.327236175537
12987	2383.405923843384
12987	2383.405923843384
12988	2552.0379543304443
12988	2552.0379543304443
12989	2414.7391319274902
12989	2414.7391319274902
12990	3454.578638076782
12990	3454.578638076782
12991	2670.8996295928955
12991	2670.8996295928955
12992	2676.8767833709717
12992	2676.8767833709717
12993	2725.1527309417725
12993	2725.1527309417725
12994	2846.8313217163086
12994	2846.8313217163086
12995	2720.0534343719482
12995	2720.0534343719482
12996	2674.274682998657
12996	2674.274682998657
12997	2589.8687839508057
12997	2589.8687839508057
12998	2719.924211502075
12998	2719.924211502075
12999	2872.422456741333
12999	2872.422456741333
13000	16572.588205337524
13000	16572.588205337524
13001	2485.915422439575
13001	2485.915422439575
13002	2693.999767303467
13002	2693.999767303467
13003	2559.370994567871
13003	2559.370994567871
13004	2764.915704727173
13004	2764.915704727173
13005	2623.61216545105
13005	2623.61216545105
13006	2670.750856399536
13006	2670.750856399536
13007	2735.858917236328
13007	2735.858917236328
13008	2759.5956325531006
13008	2759.5956325531006
13009	2181.363821029663
13009	2181.363821029663
13010	3029.515027999878
13010	3029.515027999878
13011	2414.890766143799
13011	2414.890766143799
13012	2630.8305263519287
13012	2630.8305263519287
13013	2544.5594787597656
13013	2544.5594787597656
13014	2709.723711013794
13014	2709.723711013794
13015	2859.8310947418213
13015	2859.8310947418213
13016	2547.9323863983154
13016	2547.9323863983154
13017	2670.787572860718
13017	2670.787572860718
13018	2751.8110275268555
13018	2751.8110275268555
13019	2511.591672897339
13019	2511.591672897339
13020	3601.6669273376465
13020	3601.6669273376465
13021	2786.1151695251465
13021	2786.1151695251465
13022	2777.8847217559814
13022	2777.8847217559814
13023	2718.367338180542
13023	2718.367338180542
13024	2918.1768894195557
13024	2918.1768894195557
13025	2761.434316635132
13025	2761.434316635132
13026	2514.3866539001465
13026	2514.3866539001465
13027	2297.3029613494873
13027	2297.3029613494873
13028	2312.321901321411
13028	2312.321901321411
13029	2603.637218475342
13029	2603.637218475342
13030	3166.7661666870117
13030	3166.7661666870117
13031	2602.998971939087
13031	2602.998971939087
13032	2398.691415786743
13032	2398.691415786743
13033	2583.8069915771484
13033	2583.8069915771484
13034	3202.077865600586
13034	3202.077865600586
13035	2651.601791381836
13035	2651.601791381836
13036	2541.590929031372
13036	2541.590929031372
13037	2645.6832885742188
13037	2645.6832885742188
13038	2928.7185668945312
13038	2928.7185668945312
13039	2643.6634063720703
13039	2643.6634063720703
13040	3021.761417388916
13040	3021.761417388916
13041	2377.8085708618164
13041	2377.8085708618164
13042	2568.3913230895996
13042	2568.3913230895996
13043	2797.0898151397705
13043	2797.0898151397705
13044	2196.976661682129
13044	2196.976661682129
13045	2330.764055252075
13045	2330.764055252075
13046	2272.594451904297
13046	2272.594451904297
13047	2607.910394668579
13047	2607.910394668579
13048	2533.2326889038086
13048	2533.2326889038086
13049	2627.485752105713
13049	2627.485752105713
13050	3309.6063137054443
13050	3309.6063137054443
13051	2433.4497451782227
13051	2433.4497451782227
13052	2587.4321460723877
13052	2587.4321460723877
13053	2683.0079555511475
13053	2683.0079555511475
13054	2740.9486770629883
13054	2740.9486770629883
13055	2191.776752471924
13055	2191.776752471924
13056	2362.544059753418
13056	2362.544059753418
13057	2303.7447929382324
13057	2303.7447929382324
13058	2349.9743938446045
13058	2349.9743938446045
13059	2666.4490699768066
13059	2666.4490699768066
13060	3166.8970584869385
13060	3166.8970584869385
13061	2670.5591678619385
13061	2670.5591678619385
13062	2606.785297393799
13062	2606.785297393799
13063	2560.1069927215576
13063	2560.1069927215576
13064	2460.3123664855957
13064	2460.3123664855957
13065	2453.0115127563477
13065	2453.0115127563477
13066	2139.2269134521484
13066	2139.2269134521484
13067	2172.4202632904053
13067	2172.4202632904053
13068	2396.723747253418
13068	2396.723747253418
13069	2548.8343238830566
13069	2548.8343238830566
13070	3231.9397926330566
13070	3231.9397926330566
13071	2694.4496631622314
13071	2694.4496631622314
13072	2605.0853729248047
13072	2605.0853729248047
13073	2567.4378871917725
13073	2567.4378871917725
13074	2565.6511783599854
13074	2565.6511783599854
13075	2740.5378818511963
13075	2740.5378818511963
13076	2623.643636703491
13076	2623.643636703491
13077	2422.436475753784
13077	2422.436475753784
13078	2616.189479827881
13078	2616.189479827881
13079	2760.341167449951
13079	2760.341167449951
13080	3320.2998638153076
13080	3320.2998638153076
13081	2797.797918319702
13081	2797.797918319702
13082	2713.273525238037
13082	2713.273525238037
13083	2228.670835494995
13083	2228.670835494995
13084	2349.0805625915527
13084	2349.0805625915527
13085	2178.990602493286
13085	2178.990602493286
13086	2505.63645362854
13086	2505.63645362854
13087	2668.534517288208
13087	2668.534517288208
13088	2644.791841506958
13088	2644.791841506958
13089	2699.7158527374268
13089	2699.7158527374268
13090	3301.3432025909424
13090	3301.3432025909424
13091	2691.667318344116
13091	2691.667318344116
13092	2704.0786743164062
13092	2704.0786743164062
13093	2717.195510864258
13093	2717.195510864258
13094	2734.5950603485107
13094	2734.5950603485107
13095	2643.566370010376
13095	2643.566370010376
13096	2747.941017150879
13096	2747.941017150879
13097	2724.2977619171143
13097	2724.2977619171143
13098	2886.453866958618
13098	2886.453866958618
13099	2822.5371837615967
13099	2822.5371837615967
13100	3553.9824962615967
13100	3553.9824962615967
13101	2261.16943359375
13101	2261.16943359375
13102	2486.9847297668457
13102	2486.9847297668457
13103	2514.0528678894043
13103	2514.0528678894043
13104	2181.1017990112305
13104	2181.1017990112305
13105	2538.6242866516113
13105	2538.6242866516113
13106	2318.3789253234863
13106	2318.3789253234863
13107	2598.5870361328125
13107	2598.5870361328125
13108	2628.5643577575684
13108	2628.5643577575684
13109	2743.288040161133
13109	2743.288040161133
13110	3266.785144805908
13110	3266.785144805908
13111	2703.5934925079346
13111	2703.5934925079346
13112	2580.523729324341
13112	2580.523729324341
13113	1696.1472034454346
13113	1696.1472034454346
13114	1528.1963348388672
13114	1528.1963348388672
13115	1630.3777694702148
13115	1630.3777694702148
13116	1518.9869403839111
13116	1518.9869403839111
13117	1583.306074142456
13117	1583.306074142456
13118	1518.8889503479004
13118	1518.8889503479004
13119	1486.2110614776611
13119	1486.2110614776611
13120	2208.8332176208496
13120	2208.8332176208496
13121	1332.04984664917
13121	1332.04984664917
13122	1391.2315368652344
13122	1391.2315368652344
13123	1250.985860824585
13123	1250.985860824585
13124	1482.6204776763916
13124	1482.6204776763916
13125	1378.129005432129
13125	1378.129005432129
13126	1388.0815505981445
13126	1388.0815505981445
13127	1536.2296104431152
13127	1536.2296104431152
13128	1406.3427448272705
13128	1406.3427448272705
13129	1482.4185371398926
13129	1482.4185371398926
13130	2310.906171798706
13130	2310.906171798706
13131	1365.4489517211914
13131	1365.4489517211914
13132	1692.2049522399902
13132	1692.2049522399902
13133	1431.6582679748535
13133	1431.6582679748535
13134	1609.618902206421
13134	1609.618902206421
13135	1614.9423122406006
13135	1614.9423122406006
13136	1585.702657699585
13136	1585.702657699585
13137	1561.9633197784424
13137	1561.9633197784424
13138	1482.475757598877
13138	1482.475757598877
13139	1640.3687000274658
13139	1640.3687000274658
13140	2110.3575229644775
13140	2110.3575229644775
13141	1496.8199729919434
13141	1496.8199729919434
13142	1380.3915977478027
13142	1380.3915977478027
13143	1620.3217506408691
13143	1620.3217506408691
13144	1517.540454864502
13144	1517.540454864502
13145	1472.5284576416016
13145	1472.5284576416016
13146	1513.730764389038
13146	1513.730764389038
13147	1553.574800491333
13147	1553.574800491333
13148	1531.7480564117432
13148	1531.7480564117432
13149	1646.9335556030273
13149	1646.9335556030273
13150	2328.9339542388916
13150	2328.9339542388916
13151	1533.4453582763672
13151	1533.4453582763672
13152	1547.5077629089355
13152	1547.5077629089355
13153	1459.6061706542969
13153	1459.6061706542969
13154	1712.5425338745117
13154	1712.5425338745117
13155	1481.9610118865967
13155	1481.9610118865967
13156	1476.1438369750977
13156	1476.1438369750977
13157	1377.0813941955566
13157	1377.0813941955566
13158	1371.251106262207
13158	1371.251106262207
13159	1719.4178104400635
13159	1719.4178104400635
13160	2342.439889907837
13160	2342.439889907837
13161	1569.458246231079
13161	1569.458246231079
13162	1510.2055072784424
13162	1510.2055072784424
13163	1492.624282836914
13163	1492.624282836914
13164	1521.5356349945068
13164	1521.5356349945068
13165	1583.5905075073242
13165	1583.5905075073242
13166	1800.9095191955566
13166	1800.9095191955566
13167	1565.7374858856201
13167	1565.7374858856201
13168	1784.5473289489746
13168	1784.5473289489746
13169	1494.5383071899414
13169	1494.5383071899414
13170	2113.325357437134
13170	2113.325357437134
13171	1661.7817878723145
13171	1661.7817878723145
13172	1557.4886798858643
13172	1557.4886798858643
13173	1709.0299129486084
13173	1709.0299129486084
13174	1600.5337238311768
13174	1600.5337238311768
13175	1545.4301834106445
13175	1545.4301834106445
13176	1926.689624786377
13176	1926.689624786377
13177	1550.4209995269775
13177	1550.4209995269775
13178	1639.2600536346436
13178	1639.2600536346436
13179	1581.7134380340576
13179	1581.7134380340576
13180	2318.1686401367188
13180	2318.1686401367188
13181	1544.407844543457
13181	1544.407844543457
13182	1672.0781326293945
13182	1672.0781326293945
13183	1598.2704162597656
13183	1598.2704162597656
13184	1407.0379734039307
13184	1407.0379734039307
13185	1527.3845195770264
13185	1527.3845195770264
13186	1485.3227138519287
13186	1485.3227138519287
13187	1790.9421920776367
13187	1790.9421920776367
13188	1610.236644744873
13188	1610.236644744873
13189	1506.7150592803955
13189	1506.7150592803955
13190	2190.7293796539307
13190	2190.7293796539307
13191	1630.1565170288086
13191	1630.1565170288086
13192	1479.984998703003
13192	1479.984998703003
13193	1592.9017066955566
13193	1592.9017066955566
13194	1514.7781372070312
13194	1514.7781372070312
13195	1532.2651863098145
13195	1532.2651863098145
13196	1600.2411842346191
13196	1600.2411842346191
13197	1532.7587127685547
13197	1532.7587127685547
13198	1488.3863925933838
13198	1488.3863925933838
13199	1492.1553134918213
13199	1492.1553134918213
13200	2068.16029548645
13200	2068.16029548645
13201	1309.0910911560059
13201	1309.0910911560059
13202	1374.9876022338867
13202	1374.9876022338867
13203	1234.6365451812744
13203	1234.6365451812744
13204	1228.6479473114014
13204	1228.6479473114014
13205	1221.1391925811768
13205	1221.1391925811768
13206	1341.085433959961
13206	1341.085433959961
13207	1509.692907333374
13207	1509.692907333374
13208	1045.9606647491455
13208	1045.9606647491455
13209	1246.4125156402588
13209	1246.4125156402588
13210	2224.022150039673
13210	2224.022150039673
13211	1382.2968006134033
13211	1382.2968006134033
13212	1488.2497787475586
13212	1488.2497787475586
13213	1515.697956085205
13213	1515.697956085205
13214	1560.5132579803467
13214	1560.5132579803467
13215	1705.3284645080566
13215	1705.3284645080566
13216	1556.0119152069092
13216	1556.0119152069092
13217	1473.7963676452637
13217	1473.7963676452637
13218	1601.1912822723389
13218	1601.1912822723389
13219	1497.4448680877686
13219	1497.4448680877686
13220	2166.942358016968
13220	2166.942358016968
13221	1627.087116241455
13221	1627.087116241455
13222	1545.7260608673096
13222	1545.7260608673096
13223	1509.582281112671
13223	1509.582281112671
13224	1523.2198238372803
13224	1523.2198238372803
13225	1616.1813735961914
13225	1616.1813735961914
13226	1532.2630405426025
13226	1532.2630405426025
13227	1543.7862873077393
13227	1543.7862873077393
13228	1749.0322589874268
13228	1749.0322589874268
13229	1405.8773517608643
13229	1405.8773517608643
13230	2131.98184967041
13230	2131.98184967041
13231	1588.5488986968994
13231	1588.5488986968994
13232	1588.70267868042
13232	1588.70267868042
13233	1465.7564163208008
13233	1465.7564163208008
13234	1603.628158569336
13234	1603.628158569336
13235	1362.9519939422607
13235	1362.9519939422607
13236	1703.5176753997803
13236	1703.5176753997803
13237	1375.7708072662354
13237	1375.7708072662354
13238	1370.8629608154297
13238	1370.8629608154297
13239	1500.1709461212158
13239	1500.1709461212158
13240	2239.166736602783
13240	2239.166736602783
13241	1487.7138137817383
13241	1487.7138137817383
13242	1676.9709587097168
13242	1676.9709587097168
13243	1556.9145679473877
13243	1556.9145679473877
13244	1663.1512641906738
13244	1663.1512641906738
13245	1548.4390258789062
13245	1548.4390258789062
13246	1541.6045188903809
13246	1541.6045188903809
13247	1636.8107795715332
13247	1636.8107795715332
13248	1561.9525909423828
13248	1561.9525909423828
13249	1654.935359954834
13249	1654.935359954834
13250	2011.427402496338
13250	2011.427402496338
13251	1477.0901203155518
13251	1477.0901203155518
13252	1463.0744457244873
13252	1463.0744457244873
13253	1506.2477588653564
13253	1506.2477588653564
13254	1650.738000869751
13254	1650.738000869751
13255	1675.3015518188477
13255	1675.3015518188477
13256	1352.1828651428223
13256	1352.1828651428223
13257	1413.9268398284912
13257	1413.9268398284912
13258	1620.9585666656494
13258	1620.9585666656494
13259	1358.708381652832
13259	1358.708381652832
13260	1973.1712341308594
13260	1973.1712341308594
13261	1729.719638824463
13261	1729.719638824463
13262	1562.4217987060547
13262	1562.4217987060547
13263	1606.7421436309814
13263	1606.7421436309814
13264	1430.396318435669
13264	1430.396318435669
13265	1558.3312511444092
13265	1558.3312511444092
13266	1822.6752281188965
13266	1822.6752281188965
13267	2200.8259296417236
13267	2200.8259296417236
13268	1785.1850986480713
13268	1785.1850986480713
13269	1640.0878429412842
13269	1640.0878429412842
13270	2265.824317932129
13270	2265.824317932129
13271	1506.1702728271484
13271	1506.1702728271484
13272	2161.2484455108643
13272	2161.2484455108643
13273	2203.5417556762695
13273	2203.5417556762695
13274	2129.7740936279297
13274	2129.7740936279297
13275	2380.009412765503
13275	2380.009412765503
13276	2523.676633834839
13276	2523.676633834839
13277	2557.446241378784
13277	2557.446241378784
13278	2574.2123126983643
13278	2574.2123126983643
13279	2574.1450786590576
13279	2574.1450786590576
13280	3371.9091415405273
13280	3371.9091415405273
13281	2742.1371936798096
13281	2742.1371936798096
13282	2310.9123706817627
13282	2310.9123706817627
13283	2713.979482650757
13283	2713.979482650757
13284	2692.521333694458
13284	2692.521333694458
13285	2631.829261779785
13285	2631.829261779785
13286	2588.261842727661
13286	2588.261842727661
13287	2829.9171924591064
13287	2829.9171924591064
13288	2532.1080684661865
13288	2532.1080684661865
13289	2648.483991622925
13289	2648.483991622925
13290	2990.2684688568115
13290	2990.2684688568115
13291	2200.4640102386475
13291	2200.4640102386475
13292	2400.3560543060303
13292	2400.3560543060303
13293	2118.3760166168213
13293	2118.3760166168213
13294	2252.1376609802246
13294	2252.1376609802246
13295	2791.9273376464844
13295	2791.9273376464844
13296	2808.1793785095215
13296	2808.1793785095215
13297	2721.745252609253
13297	2721.745252609253
13298	2878.4964084625244
13298	2878.4964084625244
13299	2830.491304397583
13299	2830.491304397583
13300	3665.7793521881104
13300	3665.7793521881104
13301	2856.0593128204346
13301	2856.0593128204346
13302	2889.5130157470703
13302	2889.5130157470703
13303	2846.0533618927
13303	2846.0533618927
13304	2845.149278640747
13304	2845.149278640747
13305	2983.6690425872803
13305	2983.6690425872803
13306	2549.2053031921387
13306	2549.2053031921387
13307	2209.4063758850098
13307	2209.4063758850098
13308	2224.9603271484375
13308	2224.9603271484375
13309	2347.409963607788
13309	2347.409963607788
13310	3168.4184074401855
13310	3168.4184074401855
13311	2550.7240295410156
13311	2550.7240295410156
13312	2424.2706298828125
13312	2424.2706298828125
13313	2858.9069843292236
13313	2858.9069843292236
13314	2616.149425506592
13314	2616.149425506592
13315	2826.3115882873535
13315	2826.3115882873535
13316	2635.4496479034424
13316	2635.4496479034424
13317	2712.212562561035
13317	2712.212562561035
13318	2686.8085861206055
13318	2686.8085861206055
13319	2692.8319931030273
13319	2692.8319931030273
13320	3372.7574348449707
13320	3372.7574348449707
13321	2566.131114959717
13321	2566.131114959717
13322	2742.5434589385986
13322	2742.5434589385986
13323	2627.573251724243
13323	2627.573251724243
13324	2776.935338973999
13324	2776.935338973999
13325	2363.831043243408
13325	2363.831043243408
13326	2446.1727142333984
13326	2446.1727142333984
13327	2619.666814804077
13327	2619.666814804077
13328	2588.932991027832
13328	2588.932991027832
13329	3162.6346111297607
13329	3162.6346111297607
13330	3119.333505630493
13330	3119.333505630493
13331	2428.4379482269287
13331	2428.4379482269287
13332	2686.378240585327
13332	2686.378240585327
13333	2864.4471168518066
13333	2864.4471168518066
13334	2504.7950744628906
13334	2504.7950744628906
13335	2860.705852508545
13335	2860.705852508545
13336	2715.007781982422
13336	2715.007781982422
13337	2679.3925762176514
13337	2679.3925762176514
13338	2639.258861541748
13338	2639.258861541748
13339	2784.489154815674
13339	2784.489154815674
13340	3158.034563064575
13340	3158.034563064575
13341	2573.3697414398193
13341	2573.3697414398193
13342	2367.4824237823486
13342	2367.4824237823486
13343	2276.04079246521
13343	2276.04079246521
13344	2364.6018505096436
13344	2364.6018505096436
13345	2804.137945175171
13345	2804.137945175171
13346	2566.7920112609863
13346	2566.7920112609863
13347	2842.593193054199
13347	2842.593193054199
13348	2574.126720428467
13348	2574.126720428467
13349	2647.2864151000977
13349	2647.2864151000977
13350	3381.4990520477295
13350	3381.4990520477295
13351	2724.8780727386475
13351	2724.8780727386475
13352	2801.11026763916
13352	2801.11026763916
13353	2719.835042953491
13353	2719.835042953491
13354	2611.354112625122
13354	2611.354112625122
13355	2810.4634284973145
13355	2810.4634284973145
13356	2511.833429336548
13356	2511.833429336548
13357	2954.979181289673
13357	2954.979181289673
13358	2795.401096343994
13358	2795.401096343994
13359	2600.0077724456787
13359	2600.0077724456787
13360	3404.6239852905273
13360	3404.6239852905273
13361	2389.050006866455
13361	2389.050006866455
13362	2144.00577545166
13362	2144.00577545166
13363	2477.1299362182617
13363	2477.1299362182617
13364	2648.4391689300537
13364	2648.4391689300537
13365	2679.723024368286
13365	2679.723024368286
13366	2428.9700984954834
13366	2428.9700984954834
13367	2659.22212600708
13367	2659.22212600708
13368	2539.644956588745
13368	2539.644956588745
13369	2672.1630096435547
13369	2672.1630096435547
13370	3334.841012954712
13370	3334.841012954712
13371	2282.8667163848877
13371	2282.8667163848877
13372	2457.9436779022217
13372	2457.9436779022217
13373	2311.8133544921875
13373	2311.8133544921875
13374	2667.025566101074
13374	2667.025566101074
13375	2547.1584796905518
13375	2547.1584796905518
13376	2825.23775100708
13376	2825.23775100708
13377	2630.6002140045166
13377	2630.6002140045166
13378	2657.4583053588867
13378	2657.4583053588867
13379	2685.0454807281494
13379	2685.0454807281494
13380	3284.6839427948
13380	3284.6839427948
13381	2721.1902141571045
13381	2721.1902141571045
13382	2747.0855712890625
13382	2747.0855712890625
13383	2710.2956771850586
13383	2710.2956771850586
13384	2510.9686851501465
13384	2510.9686851501465
13385	2632.763624191284
13385	2632.763624191284
13386	2633.241891860962
13386	2633.241891860962
13387	2808.818817138672
13387	2808.818817138672
13388	3009.4234943389893
13388	3009.4234943389893
13389	2082.3378562927246
13389	2082.3378562927246
13390	3103.1079292297363
13390	3103.1079292297363
13391	2496.78635597229
13391	2496.78635597229
13392	2590.8029079437256
13392	2590.8029079437256
13393	2686.922550201416
13393	2686.922550201416
13394	2635.793924331665
13394	2635.793924331665
13395	2632.1282386779785
13395	2632.1282386779785
13396	2527.1761417388916
13396	2527.1761417388916
13397	2549.210786819458
13397	2549.210786819458
13398	2665.5664443969727
13398	2665.5664443969727
13399	2208.4927558898926
13399	2208.4927558898926
13400	2944.5743560791016
13400	2944.5743560791016
13401	2606.1766147613525
13401	2606.1766147613525
13402	2580.8677673339844
13402	2580.8677673339844
13403	2736.9322776794434
13403	2736.9322776794434
13404	2675.7731437683105
13404	2675.7731437683105
13405	2746.654748916626
13405	2746.654748916626
13406	2718.0957794189453
13406	2718.0957794189453
13407	2917.8779125213623
13407	2917.8779125213623
13408	2183.185338973999
13408	2183.185338973999
13409	2440.6113624572754
13409	2440.6113624572754
13410	2899.8332023620605
13410	2899.8332023620605
13411	2581.5351009368896
13411	2581.5351009368896
13412	2657.1319103240967
13412	2657.1319103240967
13413	2639.8894786834717
13413	2639.8894786834717
13414	2440.4361248016357
13414	2440.4361248016357
13415	2833.2457542419434
13415	2833.2457542419434
13416	2749.4566440582275
13416	2749.4566440582275
13417	2851.485252380371
13417	2851.485252380371
13418	2322.3984241485596
13418	2322.3984241485596
13419	2090.485095977783
13419	2090.485095977783
13420	3029.5281410217285
13420	3029.5281410217285
13421	2511.448860168457
13421	2511.448860168457
13422	2322.4406242370605
13422	2322.4406242370605
13423	2567.504405975342
13423	2567.504405975342
13424	2634.758710861206
13424	2634.758710861206
13425	2716.7088985443115
13425	2716.7088985443115
13426	2705.244541168213
13426	2705.244541168213
13427	2859.022617340088
13427	2859.022617340088
13428	2701.4989852905273
13428	2701.4989852905273
13429	2834.4597816467285
13429	2834.4597816467285
13430	3264.218330383301
13430	3264.218330383301
13431	2620.8975315093994
13431	2620.8975315093994
13432	2060.450315475464
13432	2060.450315475464
13433	2275.120973587036
13433	2275.120973587036
13434	2232.811689376831
13434	2232.811689376831
13435	2314.8388862609863
13435	2314.8388862609863
13436	2393.7160968780518
13436	2393.7160968780518
13437	2700.8445262908936
13437	2700.8445262908936
13438	2568.917989730835
13438	2568.917989730835
13439	2909.7206592559814
13439	2909.7206592559814
13440	3243.717670440674
13440	3243.717670440674
13441	2676.0685443878174
13441	2676.0685443878174
13442	2641.9460773468018
13442	2641.9460773468018
13443	2712.3489379882812
13443	2712.3489379882812
13444	2864.4862174987793
13444	2864.4862174987793
13445	2758.7199211120605
13445	2758.7199211120605
13446	2623.117208480835
13446	2623.117208480835
13447	2629.380702972412
13447	2629.380702972412
13448	2956.327438354492
13448	2956.327438354492
13449	2750.6532669067383
13449	2750.6532669067383
13450	3086.836338043213
13450	3086.836338043213
13451	2333.4085941314697
13451	2333.4085941314697
13452	2134.368658065796
13452	2134.368658065796
13453	2501.0018348693848
13453	2501.0018348693848
13454	2523.984909057617
13454	2523.984909057617
13455	2547.166347503662
13455	2547.166347503662
13456	2629.535675048828
13456	2629.535675048828
13457	2566.480875015259
13457	2566.480875015259
13458	2524.540424346924
13458	2524.540424346924
13459	2652.679204940796
13459	2652.679204940796
13460	3343.707323074341
13460	3343.707323074341
13461	2796.0002422332764
13461	2796.0002422332764
13462	2657.156467437744
13462	2657.156467437744
13463	2228.87921333313
13463	2228.87921333313
13464	1509.5057487487793
13464	1509.5057487487793
13465	1506.8085193634033
13465	1506.8085193634033
13466	1341.4766788482666
13466	1341.4766788482666
13467	1346.7352390289307
13467	1346.7352390289307
13468	1239.8707866668701
13468	1239.8707866668701
13469	1355.6251525878906
13469	1355.6251525878906
13470	2000.6706714630127
13470	2000.6706714630127
13471	1367.4747943878174
13471	1367.4747943878174
13472	1370.7773685455322
13472	1370.7773685455322
13473	2018.8653469085693
13473	2018.8653469085693
13474	1104.231357574463
13474	1104.231357574463
13475	1159.7936153411865
13475	1159.7936153411865
13476	1573.8580226898193
13476	1573.8580226898193
13477	1538.3563041687012
13477	1538.3563041687012
13478	1520.79176902771
13478	1520.79176902771
13479	1555.7215213775635
13479	1555.7215213775635
13480	2202.5110721588135
13480	2202.5110721588135
13481	1447.7458000183105
13481	1447.7458000183105
13482	1496.1740970611572
13482	1496.1740970611572
13483	1545.1881885528564
13483	1545.1881885528564
13484	1733.9775562286377
13484	1733.9775562286377
13485	1517.1613693237305
13485	1517.1613693237305
13486	2492.656707763672
13486	2492.656707763672
13487	1597.6495742797852
13487	1597.6495742797852
13488	1739.0820980072021
13488	1739.0820980072021
13489	1541.4986610412598
13489	1541.4986610412598
13490	2213.9739990234375
13490	2213.9739990234375
13491	1518.500804901123
13491	1518.500804901123
13492	1513.1845474243164
13492	1513.1845474243164
13493	1628.920316696167
13493	1628.920316696167
13494	1497.0295429229736
13494	1497.0295429229736
13495	1504.0907859802246
13495	1504.0907859802246
13496	1565.6366348266602
13496	1565.6366348266602
13497	1519.7851657867432
13497	1519.7851657867432
13498	1729.5966148376465
13498	1729.5966148376465
13499	1559.518814086914
13499	1559.518814086914
13500	7063.501358032227
13500	7063.501358032227
13501	1532.7880382537842
13501	1532.7880382537842
13502	1638.4165287017822
13502	1638.4165287017822
13503	1513.9188766479492
13503	1513.9188766479492
13504	1549.0314960479736
13504	1549.0314960479736
13505	1524.7340202331543
13505	1524.7340202331543
13506	1595.0119495391846
13506	1595.0119495391846
13507	1537.6694202423096
13507	1537.6694202423096
13508	1694.5850849151611
13508	1694.5850849151611
13509	1567.9035186767578
13509	1567.9035186767578
13510	2263.6780738830566
13510	2263.6780738830566
13511	1625.2741813659668
13511	1625.2741813659668
13512	1552.69193649292
13512	1552.69193649292
13513	1657.1650505065918
13513	1657.1650505065918
13514	1589.5426273345947
13514	1589.5426273345947
13515	1567.9993629455566
13515	1567.9993629455566
13516	1615.6010627746582
13516	1615.6010627746582
13517	1578.8817405700684
13517	1578.8817405700684
13518	1603.980541229248
13518	1603.980541229248
13519	1460.1070880889893
13519	1460.1070880889893
13520	2190.742015838623
13520	2190.742015838623
13521	1675.5669116973877
13521	1675.5669116973877
13522	1430.988073348999
13522	1430.988073348999
13523	1508.5961818695068
13523	1508.5961818695068
13524	1617.8231239318848
13524	1617.8231239318848
13525	1956.0980796813965
13525	1956.0980796813965
13526	1570.8580017089844
13526	1570.8580017089844
13527	1707.582950592041
13527	1707.582950592041
13528	1576.2202739715576
13528	1576.2202739715576
13529	1754.5342445373535
13529	1754.5342445373535
13530	2162.6195907592773
13530	2162.6195907592773
13531	1561.1472129821777
13531	1561.1472129821777
13532	1590.3255939483643
13532	1590.3255939483643
13533	1473.1452465057373
13533	1473.1452465057373
13534	1609.499216079712
13534	1609.499216079712
13535	1473.7818241119385
13535	1473.7818241119385
13536	1506.0160160064697
13536	1506.0160160064697
13537	1292.9997444152832
13537	1292.9997444152832
13538	1372.3337650299072
13538	1372.3337650299072
13539	1381.6232681274414
13539	1381.6232681274414
13540	2110.9137535095215
13540	2110.9137535095215
13541	1416.142225265503
13541	1416.142225265503
13542	1245.365858078003
13542	1245.365858078003
13543	1367.5618171691895
13543	1367.5618171691895
13544	1520.5333232879639
13544	1520.5333232879639
13545	1455.0361633300781
13545	1455.0361633300781
13546	1528.9599895477295
13546	1528.9599895477295
13547	1429.5175075531006
13547	1429.5175075531006
13548	1647.7768421173096
13548	1647.7768421173096
13549	1621.6797828674316
13549	1621.6797828674316
13550	2179.427146911621
13550	2179.427146911621
13551	1693.0453777313232
13551	1693.0453777313232
13552	1556.3950538635254
13552	1556.3950538635254
13553	1495.4984188079834
13553	1495.4984188079834
13554	1366.140604019165
13554	1366.140604019165
13555	1679.405689239502
13555	1679.405689239502
13556	1602.9112339019775
13556	1602.9112339019775
13557	1687.6380443572998
13557	1687.6380443572998
13558	1566.8046474456787
13558	1566.8046474456787
13559	1519.9060440063477
13559	1519.9060440063477
13560	2202.092409133911
13560	2202.092409133911
13561	1532.881498336792
13561	1532.881498336792
13562	1578.4087181091309
13562	1578.4087181091309
13563	1509.4809532165527
13563	1509.4809532165527
13564	1575.0792026519775
13564	1575.0792026519775
13565	1561.8565082550049
13565	1561.8565082550049
13566	1616.529941558838
13566	1616.529941558838
13567	1358.3967685699463
13567	1358.3967685699463
13568	1588.7022018432617
13568	1588.7022018432617
13569	1513.2966041564941
13569	1513.2966041564941
13570	2231.1642169952393
13570	2231.1642169952393
13571	1500.6895065307617
13571	1500.6895065307617
13572	1660.4840755462646
13572	1660.4840755462646
13573	1576.7834186553955
13573	1576.7834186553955
13574	1793.4794425964355
13574	1793.4794425964355
13575	1530.8468341827393
13575	1530.8468341827393
13576	1662.2040271759033
13576	1662.2040271759033
13577	1409.7621440887451
13577	1409.7621440887451
13578	1685.8248710632324
13578	1685.8248710632324
13579	1560.3435039520264
13579	1560.3435039520264
13580	2319.8957443237305
13580	2319.8957443237305
13581	1526.5884399414062
13581	1526.5884399414062
13582	1437.6261234283447
13582	1437.6261234283447
13583	1671.144962310791
13583	1671.144962310791
13584	1569.6842670440674
13584	1569.6842670440674
13585	1504.6494007110596
13585	1504.6494007110596
13586	1595.8867073059082
13586	1595.8867073059082
13587	1566.5771961212158
13587	1566.5771961212158
13588	1524.9526500701904
13588	1524.9526500701904
13589	1644.402265548706
13589	1644.402265548706
13590	2190.6967163085938
13590	2190.6967163085938
13591	1573.951244354248
13591	1573.951244354248
13592	1565.347671508789
13592	1565.347671508789
13593	1421.0641384124756
13593	1421.0641384124756
13594	1564.3365383148193
13594	1564.3365383148193
13595	1568.9313411712646
13595	1568.9313411712646
13596	1815.4292106628418
13596	1815.4292106628418
13597	1588.9739990234375
13597	1588.9739990234375
13598	1541.8634414672852
13598	1541.8634414672852
13599	2206.7434787750244
13599	2206.7434787750244
13600	2838.9296531677246
13600	2838.9296531677246
13601	2371.4816570281982
13601	2371.4816570281982
13602	2718.5847759246826
13602	2718.5847759246826
13603	2485.9955310821533
13603	2485.9955310821533
13604	2658.015012741089
13604	2658.015012741089
13605	2417.052984237671
13605	2417.052984237671
13606	2732.534170150757
13606	2732.534170150757
13607	2593.2536125183105
13607	2593.2536125183105
13608	2370.7449436187744
13608	2370.7449436187744
13609	2454.601049423218
13609	2454.601049423218
13610	3429.1203022003174
13610	3429.1203022003174
13611	2825.4683017730713
13611	2825.4683017730713
13612	2774.4030952453613
13612	2774.4030952453613
13613	2874.04465675354
13613	2874.04465675354
13614	2742.7642345428467
13614	2742.7642345428467
13615	2640.925884246826
13615	2640.925884246826
13616	2553.2054901123047
13616	2553.2054901123047
13617	2157.5207710266113
13617	2157.5207710266113
13618	2302.0858764648438
13618	2302.0858764648438
13619	2639.948606491089
13619	2639.948606491089
13620	3221.872568130493
13620	3221.872568130493
13621	2609.4603538513184
13621	2609.4603538513184
13622	2606.750249862671
13622	2606.750249862671
13623	2592.616081237793
13623	2592.616081237793
13624	2707.6616287231445
13624	2707.6616287231445
13625	2613.6510372161865
13625	2613.6510372161865
13626	2665.0004386901855
13626	2665.0004386901855
13627	2784.985303878784
13627	2784.985303878784
13628	3005.610942840576
13628	3005.610942840576
13629	2544.705867767334
13629	2544.705867767334
13630	3534.280776977539
13630	3534.280776977539
13631	1993.9327239990234
13631	1993.9327239990234
13632	2332.211494445801
13632	2332.211494445801
13633	2483.3033084869385
13633	2483.3033084869385
13634	2639.4641399383545
13634	2639.4641399383545
13635	2696.303367614746
13635	2696.303367614746
13636	2651.2627601623535
13636	2651.2627601623535
13637	2399.8770713806152
13637	2399.8770713806152
13638	2659.114122390747
13638	2659.114122390747
13639	2666.426420211792
13639	2666.426420211792
13640	3350.4889011383057
13640	3350.4889011383057
13641	2790.693998336792
13641	2790.693998336792
13642	2863.8086318969727
13642	2863.8086318969727
13643	2867.2001361846924
13643	2867.2001361846924
13644	2881.4468383789062
13644	2881.4468383789062
13645	3090.9583568573
13645	3090.9583568573
13646	2387.7243995666504
13646	2387.7243995666504
13647	3064.1798973083496
13647	3064.1798973083496
13648	2625.887632369995
13648	2625.887632369995
13649	2498.9311695098877
13649	2498.9311695098877
13650	3046.7007160186768
13650	3046.7007160186768
13651	2781.507968902588
13651	2781.507968902588
13652	2139.1968727111816
13652	2139.1968727111816
13653	2242.2287464141846
13653	2242.2287464141846
13654	2545.863389968872
13654	2545.863389968872
13655	2693.4807300567627
13655	2693.4807300567627
13656	2884.5415115356445
13656	2884.5415115356445
13657	2704.4014930725098
13657	2704.4014930725098
13658	2887.0315551757812
13658	2887.0315551757812
13659	2981.5902709960938
13659	2981.5902709960938
13660	3010.6704235076904
13660	3010.6704235076904
13661	2469.8736667633057
13661	2469.8736667633057
13662	2509.509563446045
13662	2509.509563446045
13663	2536.1053943634033
13663	2536.1053943634033
13664	2423.4542846679688
13664	2423.4542846679688
13665	2639.402389526367
13665	2639.402389526367
13666	2736.91987991333
13666	2736.91987991333
13667	2817.6393508911133
13667	2817.6393508911133
13668	2722.6626873016357
13668	2722.6626873016357
13669	2486.332893371582
13669	2486.332893371582
13670	3100.935220718384
13670	3100.935220718384
13671	2343.0542945861816
13671	2343.0542945861816
13672	2741.337299346924
13672	2741.337299346924
13673	2747.968912124634
13673	2747.968912124634
13674	2526.01957321167
13674	2526.01957321167
13675	2605.327606201172
13675	2605.327606201172
13676	2779.731035232544
13676	2779.731035232544
13677	2749.1614818573
13677	2749.1614818573
13678	2773.080587387085
13678	2773.080587387085
13679	2302.7565479278564
13679	2302.7565479278564
13680	2828.3324241638184
13680	2828.3324241638184
13681	2545.1340675354004
13681	2545.1340675354004
13682	2566.1187171936035
13682	2566.1187171936035
13683	2762.2318267822266
13683	2762.2318267822266
13684	2688.8606548309326
13684	2688.8606548309326
13685	2640.1612758636475
13685	2640.1612758636475
13686	2278.907060623169
13686	2278.907060623169
13687	2555.9568405151367
13687	2555.9568405151367
13688	2657.7463150024414
13688	2657.7463150024414
13689	2711.7886543273926
13689	2711.7886543273926
13690	3423.2828617095947
13690	3423.2828617095947
13691	2943.8374042510986
13691	2943.8374042510986
13692	2163.6321544647217
13692	2163.6321544647217
13693	2257.631301879883
13693	2257.631301879883
13694	2287.5678539276123
13694	2287.5678539276123
13695	2448.4879970550537
13695	2448.4879970550537
13696	2360.626697540283
13696	2360.626697540283
13697	2737.5857830047607
13697	2737.5857830047607
13698	2451.657772064209
13698	2451.657772064209
13699	2762.591600418091
13699	2762.591600418091
13700	3463.7420177459717
13700	3463.7420177459717
13701	2717.1249389648438
13701	2717.1249389648438
13702	2577.000856399536
13702	2577.000856399536
13703	2727.1018028259277
13703	2727.1018028259277
13704	2884.3512535095215
13704	2884.3512535095215
13705	2548.1998920440674
13705	2548.1998920440674
13706	2835.20245552063
13706	2835.20245552063
13707	2763.909101486206
13707	2763.909101486206
13708	2820.7521438598633
13708	2820.7521438598633
13709	2534.649610519409
13709	2534.649610519409
13710	2975.8822917938232
13710	2975.8822917938232
13711	2352.3166179656982
13711	2352.3166179656982
13712	2433.549642562866
13712	2433.549642562866
13713	2581.2268257141113
13713	2581.2268257141113
13714	2457.41868019104
13714	2457.41868019104
13715	2631.783962249756
13715	2631.783962249756
13716	2669.8505878448486
13716	2669.8505878448486
13717	2813.0316734313965
13717	2813.0316734313965
13718	2446.742057800293
13718	2446.742057800293
13719	2817.5313472747803
13719	2817.5313472747803
13720	3139.511823654175
13720	3139.511823654175
13721	2701.111078262329
13721	2701.111078262329
13722	2678.558349609375
13722	2678.558349609375
13723	2829.2219638824463
13723	2829.2219638824463
13724	2517.6029205322266
13724	2517.6029205322266
13725	2520.8170413970947
13725	2520.8170413970947
13726	2767.6985263824463
13726	2767.6985263824463
13727	2127.76255607605
13727	2127.76255607605
13728	2316.0219192504883
13728	2316.0219192504883
13729	2459.4671726226807
13729	2459.4671726226807
13730	3282.8004360198975
13730	3282.8004360198975
13731	2348.036289215088
13731	2348.036289215088
13732	2754.0550231933594
13732	2754.0550231933594
13733	2716.5913581848145
13733	2716.5913581848145
13734	2315.992593765259
13734	2315.992593765259
13735	2667.6836013793945
13735	2667.6836013793945
13736	2582.791805267334
13736	2582.791805267334
13737	2591.8030738830566
13737	2591.8030738830566
13738	2805.877447128296
13738	2805.877447128296
13739	2706.7484855651855
13739	2706.7484855651855
13740	4506.9756507873535
13740	4506.9756507873535
13741	2691.791534423828
13741	2691.791534423828
13742	2673.0849742889404
13742	2673.0849742889404
13743	2933.131456375122
13743	2933.131456375122
13744	2244.7457313537598
13744	2244.7457313537598
13745	2357.8503131866455
13745	2357.8503131866455
13746	2294.1129207611084
13746	2294.1129207611084
13747	2321.247100830078
13747	2321.247100830078
13748	2578.932285308838
13748	2578.932285308838
13749	2727.7591228485107
13749	2727.7591228485107
13750	3233.8168621063232
13750	3233.8168621063232
13751	2431.8840503692627
13751	2431.8840503692627
13752	2691.333770751953
13752	2691.333770751953
13753	2465.1455879211426
13753	2465.1455879211426
13754	2723.1106758117676
13754	2723.1106758117676
13755	2475.1646518707275
13755	2475.1646518707275
13756	2717.7562713623047
13756	2717.7562713623047
13757	2784.7864627838135
13757	2784.7864627838135
13758	2578.29213142395
13758	2578.29213142395
13759	2937.878131866455
13759	2937.878131866455
13760	2924.384832382202
13760	2924.384832382202
13761	2111.724376678467
13761	2111.724376678467
13762	2499.7429847717285
13762	2499.7429847717285
13763	2539.193868637085
13763	2539.193868637085
13764	2721.381425857544
13764	2721.381425857544
13765	2689.5203590393066
13765	2689.5203590393066
13766	2852.4415493011475
13766	2852.4415493011475
13767	2581.4666748046875
13767	2581.4666748046875
13768	2616.2619590759277
13768	2616.2619590759277
13769	2612.666130065918
13769	2612.666130065918
13770	3362.6344203948975
13770	3362.6344203948975
13771	2719.292402267456
13771	2719.292402267456
13772	2531.3479900360107
13772	2531.3479900360107
13773	2638.972520828247
13773	2638.972520828247
13774	2832.815170288086
13774	2832.815170288086
13775	2553.6699295043945
13775	2553.6699295043945
13776	2749.7713565826416
13776	2749.7713565826416
13777	2710.3755474090576
13777	2710.3755474090576
13778	2273.7386226654053
13778	2273.7386226654053
13779	2370.123863220215
13779	2370.123863220215
13780	3191.0104751586914
13780	3191.0104751586914
13781	2710.9673023223877
13781	2710.9673023223877
13782	2734.365701675415
13782	2734.365701675415
13783	2774.374485015869
13783	2774.374485015869
13784	2682.1553707122803
13784	2682.1553707122803
13785	3438.3397102355957
13785	3438.3397102355957
13786	3138.3931636810303
13786	3138.3931636810303
13787	3354.482889175415
13787	3354.482889175415
13788	3202.7952671051025
13788	3202.7952671051025
13789	2402.1875858306885
13789	2402.1875858306885
13790	3911.207437515259
13790	3911.207437515259
13791	3254.6026706695557
13791	3254.6026706695557
13792	3198.4987258911133
13792	3198.4987258911133
13793	2550.931692123413
13793	2550.931692123413
13794	3878.173589706421
13794	3878.173589706421
13795	2745.6459999084473
13795	2745.6459999084473
13796	2207.907199859619
13796	2207.907199859619
13797	2553.6153316497803
13797	2553.6153316497803
13798	2662.9230976104736
13798	2662.9230976104736
13799	3351.992607116699
13799	3351.992607116699
13800	3308.609962463379
13800	3308.609962463379
13801	3465.4147624969482
13801	3465.4147624969482
13802	3116.8181896209717
13802	3116.8181896209717
13803	2590.465307235718
13803	2590.465307235718
13804	2951.946496963501
13804	2951.946496963501
13805	2882.3156356811523
13805	2882.3156356811523
13806	2603.6336421966553
13806	2603.6336421966553
13807	1767.9460048675537
13807	1767.9460048675537
13808	1667.2053337097168
13808	1667.2053337097168
13809	1892.8964138031006
13809	1892.8964138031006
13810	3118.0076599121094
13810	3118.0076599121094
13811	1906.7718982696533
13811	1906.7718982696533
13812	1926.8009662628174
13812	1926.8009662628174
13813	1831.1355113983154
13813	1831.1355113983154
13814	1790.0974750518799
13814	1790.0974750518799
13815	2122.706413269043
13815	2122.706413269043
13816	2307.1858882904053
13816	2307.1858882904053
13817	1894.3102359771729
13817	1894.3102359771729
13818	2037.8332138061523
13818	2037.8332138061523
13819	2368.901252746582
13819	2368.901252746582
13820	3247.422695159912
13820	3247.422695159912
13821	2371.764659881592
13821	2371.764659881592
13822	2155.1427841186523
13822	2155.1427841186523
13823	2497.4162578582764
13823	2497.4162578582764
13824	1740.4496669769287
13824	1740.4496669769287
13825	2279.7775268554688
13825	2279.7775268554688
13826	2341.9761657714844
13826	2341.9761657714844
13827	2025.855541229248
13827	2025.855541229248
13828	2181.727170944214
13828	2181.727170944214
13829	2683.2847595214844
13829	2683.2847595214844
13830	4197.460174560547
13830	4197.460174560547
13831	1782.132625579834
13831	1782.132625579834
13832	2485.6302738189697
13832	2485.6302738189697
13833	2025.9873867034912
13833	2025.9873867034912
13834	2569.7059631347656
13834	2569.7059631347656
13835	2333.3654403686523
13835	2333.3654403686523
13836	2005.6920051574707
13836	2005.6920051574707
13837	2278.7632942199707
13837	2278.7632942199707
13838	1810.5263710021973
13838	1810.5263710021973
13839	2360.1419925689697
13839	2360.1419925689697
13840	3230.4515838623047
13840	3230.4515838623047
13841	1945.2946186065674
13841	1945.2946186065674
13842	2310.408115386963
13842	2310.408115386963
13843	2452.6381492614746
13843	2452.6381492614746
13844	2291.445255279541
13844	2291.445255279541
13845	1685.7893466949463
13845	1685.7893466949463
13846	2251.2459754943848
13846	2251.2459754943848
13847	1994.0450191497803
13847	1994.0450191497803
13848	1956.0496807098389
13848	1956.0496807098389
13849	1931.4782619476318
13849	1931.4782619476318
13850	2879.417896270752
13850	2879.417896270752
13851	1937.8015995025635
13851	1937.8015995025635
13852	1898.688554763794
13852	1898.688554763794
13853	2444.791793823242
13853	2444.791793823242
13854	1902.3149013519287
13854	1902.3149013519287
13855	2467.744827270508
13855	2467.744827270508
13856	2176.278829574585
13856	2176.278829574585
13857	2154.9274921417236
13857	2154.9274921417236
13858	2125.2493858337402
13858	2125.2493858337402
13859	1982.414960861206
13859	1982.414960861206
13860	3158.4112644195557
13860	3158.4112644195557
13861	1650.7642269134521
13861	1650.7642269134521
13862	2169.758081436157
13862	2169.758081436157
13863	1831.9063186645508
13863	1831.9063186645508
13864	2223.552942276001
13864	2223.552942276001
13865	1967.8401947021484
13865	1967.8401947021484
13866	2008.0454349517822
13866	2008.0454349517822
13867	1954.3266296386719
13867	1954.3266296386719
13868	2003.9498805999756
13868	2003.9498805999756
13869	1852.8659343719482
13869	1852.8659343719482
13870	2700.709342956543
13870	2700.709342956543
13871	2251.2519359588623
13871	2251.2519359588623
13872	2000.6582736968994
13872	2000.6582736968994
13873	1873.4076023101807
13873	1873.4076023101807
13874	1773.7014293670654
13874	1773.7014293670654
13875	1739.825963973999
13875	1739.825963973999
13876	1692.0301914215088
13876	1692.0301914215088
13877	1774.9590873718262
13877	1774.9590873718262
13878	1859.5492839813232
13878	1859.5492839813232
13879	1701.0881900787354
13879	1701.0881900787354
13880	2536.417007446289
13880	2536.417007446289
13881	2112.85400390625
13881	2112.85400390625
13882	2061.521053314209
13882	2061.521053314209
13883	1361.0739707946777
13883	1361.0739707946777
13884	1440.0806427001953
13884	1440.0806427001953
13885	1997.6117610931396
13885	1997.6117610931396
13886	1953.6354541778564
13886	1953.6354541778564
13887	2065.080165863037
13887	2065.080165863037
13888	2008.1555843353271
13888	2008.1555843353271
13889	2259.1423988342285
13889	2259.1423988342285
13890	2792.9928302764893
13890	2792.9928302764893
13891	1846.327781677246
13891	1846.327781677246
13892	1874.258279800415
13892	1874.258279800415
13893	1886.439323425293
13893	1886.439323425293
13894	1713.573694229126
13894	1713.573694229126
13895	2196.5575218200684
13895	2196.5575218200684
13896	1957.258701324463
13896	1957.258701324463
13897	1877.211332321167
13897	1877.211332321167
13898	1645.920753479004
13898	1645.920753479004
13899	2094.470262527466
13899	2094.470262527466
13900	2766.313076019287
13900	2766.313076019287
13901	2003.2861232757568
13901	2003.2861232757568
13902	1933.5131645202637
13902	1933.5131645202637
13903	1796.036720275879
13903	1796.036720275879
13904	2062.4711513519287
13904	2062.4711513519287
13905	1956.7596912384033
13905	1956.7596912384033
13906	1751.2586116790771
13906	1751.2586116790771
13907	2953.8114070892334
13907	2953.8114070892334
13908	2652.2982120513916
13908	2652.2982120513916
13909	2620.072841644287
13909	2620.072841644287
13910	2764.7478580474854
13910	2764.7478580474854
13911	1859.3335151672363
13911	1859.3335151672363
13912	1870.6152439117432
13912	1870.6152439117432
13913	3003.2365322113037
13913	3003.2365322113037
13914	1836.7936611175537
13914	1836.7936611175537
13915	1993.086814880371
13915	1993.086814880371
13916	2357.264280319214
13916	2357.264280319214
13917	2653.48219871521
13917	2653.48219871521
13918	2494.737386703491
13918	2494.737386703491
13919	2222.6433753967285
13919	2222.6433753967285
13920	3633.484363555908
13920	3633.484363555908
13921	2777.18448638916
13921	2777.18448638916
13922	3191.988945007324
13922	3191.988945007324
13923	3169.0070629119873
13923	3169.0070629119873
13924	2150.571346282959
13924	2150.571346282959
13925	3130.772829055786
13925	3130.772829055786
13926	2614.7403717041016
13926	2614.7403717041016
13927	3309.368371963501
13927	3309.368371963501
13928	3430.748701095581
13928	3430.748701095581
13929	3120.638132095337
13929	3120.638132095337
13930	5882.026672363281
13930	5882.026672363281
13931	2442.389726638794
13931	2442.389726638794
13932	2970.7701206207275
13932	2970.7701206207275
13933	1945.4452991485596
13933	1945.4452991485596
13934	3103.6581993103027
13934	3103.6581993103027
13935	3176.3317584991455
13935	3176.3317584991455
13936	3405.454635620117
13936	3405.454635620117
13937	3150.9358882904053
13937	3150.9358882904053
13938	2432.065725326538
13938	2432.065725326538
13939	3104.398250579834
13939	3104.398250579834
13940	4495.392799377441
13940	4495.392799377441
13941	2529.139995574951
13941	2529.139995574951
13942	3367.7005767822266
13942	3367.7005767822266
13943	3052.6857376098633
13943	3052.6857376098633
13944	2505.6064128875732
13944	2505.6064128875732
13945	3209.6478939056396
13945	3209.6478939056396
13946	2545.7096099853516
13946	2545.7096099853516
13947	2868.5810565948486
13947	2868.5810565948486
13948	1997.2736835479736
13948	1997.2736835479736
13949	2426.445722579956
13949	2426.445722579956
13950	3966.7251110076904
13950	3966.7251110076904
13951	3024.613380432129
13951	3024.613380432129
13952	2870.3811168670654
13952	2870.3811168670654
13953	2685.546636581421
13953	2685.546636581421
13954	3026.165723800659
13954	3026.165723800659
13955	2518.1643962860107
13955	2518.1643962860107
13956	3220.780611038208
13956	3220.780611038208
13957	2644.887685775757
13957	2644.887685775757
13958	3051.4817237854004
13958	3051.4817237854004
13959	2808.1119060516357
13959	2808.1119060516357
13960	3696.6214179992676
13960	3696.6214179992676
13961	2267.0741081237793
13961	2267.0741081237793
13962	2760.2221965789795
13962	2760.2221965789795
13963	2443.8705444335938
13963	2443.8705444335938
13964	2127.1145343780518
13964	2127.1145343780518
13965	1881.077766418457
13965	1881.077766418457
13966	2761.5435123443604
13966	2761.5435123443604
13967	2860.9423637390137
13967	2860.9423637390137
13968	3012.3846530914307
13968	3012.3846530914307
13969	2844.3498611450195
13969	2844.3498611450195
13970	3908.8869094848633
13970	3908.8869094848633
13971	3353.2016277313232
13971	3353.2016277313232
13972	3098.4106063842773
13972	3098.4106063842773
13973	3412.6081466674805
13973	3412.6081466674805
13974	3311.8560314178467
13974	3311.8560314178467
13975	3002.6252269744873
13975	3002.6252269744873
13976	3205.4452896118164
13976	3205.4452896118164
13977	3009.016990661621
13977	3009.016990661621
13978	2483.7865829467773
13978	2483.7865829467773
13979	3324.1493701934814
13979	3324.1493701934814
13980	5965.471029281616
13980	5965.471029281616
13981	3334.15150642395
13981	3334.15150642395
13982	2615.3934001922607
13982	2615.3934001922607
13983	2799.9374866485596
13983	2799.9374866485596
13984	4381.709814071655
13984	4381.709814071655
13985	3259.934663772583
13985	3259.934663772583
13986	2840.041160583496
13986	2840.041160583496
13987	3100.508213043213
13987	3100.508213043213
13988	2217.181444168091
13988	2217.181444168091
13989	3270.266532897949
13989	3270.266532897949
13990	4198.123455047607
13990	4198.123455047607
13991	2635.7944011688232
13991	2635.7944011688232
13992	1962.808609008789
13992	1962.808609008789
13993	2903.7365913391113
13993	2903.7365913391113
13994	3237.3828887939453
13994	3237.3828887939453
13995	2351.421594619751
13995	2351.421594619751
13996	2803.858995437622
13996	2803.858995437622
13997	3001.054048538208
13997	3001.054048538208
13998	2204.946756362915
13998	2204.946756362915
13999	2863.1789684295654
13999	2863.1789684295654
14000	20996.878623962402
14000	20996.878623962402
14001	2489.72487449646
14001	2489.72487449646
14002	2706.407308578491
14002	2706.407308578491
14003	2718.613624572754
14003	2718.613624572754
14004	2549.518346786499
14004	2549.518346786499
14005	3688.5533332824707
14005	3688.5533332824707
14006	3046.948194503784
14006	3046.948194503784
14007	2391.489267349243
14007	2391.489267349243
14008	2974.975347518921
14008	2974.975347518921
14009	3084.118604660034
14009	3084.118604660034
14010	4025.299310684204
14010	4025.299310684204
14011	2777.4200439453125
14011	2777.4200439453125
14012	2932.5954914093018
14012	2932.5954914093018
14013	2901.958227157593
14013	2901.958227157593
14014	3020.3869342803955
14014	3020.3869342803955
14015	3068.56632232666
14015	3068.56632232666
14016	2538.0640029907227
14016	2538.0640029907227
14017	2859.602212905884
14017	2859.602212905884
14018	2303.5354614257812
14018	2303.5354614257812
14019	2739.931344985962
14019	2739.931344985962
14020	4416.497230529785
14020	4416.497230529785
14021	2606.149673461914
14021	2606.149673461914
14022	1961.677074432373
14022	1961.677074432373
14023	2723.275899887085
14023	2723.275899887085
14024	2798.1932163238525
14024	2798.1932163238525
14025	3460.918188095093
14025	3460.918188095093
14026	2896.4970111846924
14026	2896.4970111846924
14027	3036.9632244110107
14027	3036.9632244110107
14028	3104.7935485839844
14028	3104.7935485839844
14029	3056.610107421875
14029	3056.610107421875
14030	3450.364112854004
14030	3450.364112854004
14031	2594.6044921875
14031	2594.6044921875
14032	2497.0703125
14032	2497.0703125
14033	2437.9642009735107
14033	2437.9642009735107
14034	2704.4882774353027
14034	2704.4882774353027
14035	2187.1578693389893
14035	2187.1578693389893
14036	2815.7787322998047
14036	2815.7787322998047
14037	2689.188241958618
14037	2689.188241958618
14038	2999.493360519409
14038	2999.493360519409
14039	2987.5502586364746
14039	2987.5502586364746
14040	3189.600944519043
14040	3189.600944519043
14041	3153.9480686187744
14041	3153.9480686187744
14042	2870.1658248901367
14042	2870.1658248901367
14043	2841.707944869995
14043	2841.707944869995
14044	2930.7687282562256
14044	2930.7687282562256
14045	2919.7182655334473
14045	2919.7182655334473
14046	3343.3358669281006
14046	3343.3358669281006
14047	3138.124465942383
14047	3138.124465942383
14048	2477.4422645568848
14048	2477.4422645568848
14049	1808.2375526428223
14049	1808.2375526428223
14050	3449.322462081909
14050	3449.322462081909
14051	2640.800714492798
14051	2640.800714492798
14052	2684.314727783203
14052	2684.314727783203
14053	2800.6348609924316
14053	2800.6348609924316
14054	3123.0080127716064
14054	3123.0080127716064
14055	2433.581590652466
14055	2433.581590652466
14056	2603.7490367889404
14056	2603.7490367889404
14057	2861.726999282837
14057	2861.726999282837
14058	2767.7688598632812
14058	2767.7688598632812
14059	2905.1311016082764
14059	2905.1311016082764
14060	4094.4507122039795
14060	4094.4507122039795
14061	2976.8974781036377
14061	2976.8974781036377
14062	2501.4302730560303
14062	2501.4302730560303
14063	3158.0862998962402
14063	3158.0862998962402
14064	2486.3834381103516
14064	2486.3834381103516
14065	2934.027671813965
14065	2934.027671813965
14066	2932.972192764282
14066	2932.972192764282
14067	3229.593515396118
14067	3229.593515396118
14068	3376.7526149749756
14068	3376.7526149749756
14069	2632.2624683380127
14069	2632.2624683380127
14070	3137.470483779907
14070	3137.470483779907
14071	3004.5974254608154
14071	3004.5974254608154
14072	2977.4558544158936
14072	2977.4558544158936
14073	2191.880226135254
14073	2191.880226135254
14074	3443.854570388794
14074	3443.854570388794
14075	2821.5761184692383
14075	2821.5761184692383
14076	2917.457342147827
14076	2917.457342147827
14077	2760.5977058410645
14077	2760.5977058410645
14078	2717.2787189483643
14078	2717.2787189483643
14079	2190.4666423797607
14079	2190.4666423797607
14080	3162.229299545288
14080	3162.229299545288
14081	2493.917226791382
14081	2493.917226791382
14082	2238.9116287231445
14082	2238.9116287231445
14083	2536.5688800811768
14083	2536.5688800811768
14084	3115.5080795288086
14084	3115.5080795288086
14085	2785.1240634918213
14085	2785.1240634918213
14086	2653.2416343688965
14086	2653.2416343688965
14087	2592.3664569854736
14087	2592.3664569854736
14088	3047.642469406128
14088	3047.642469406128
14089	2239.125967025757
14089	2239.125967025757
14090	3606.3966751098633
14090	3606.3966751098633
14091	2627.380847930908
14091	2627.380847930908
14092	3371.016502380371
14092	3371.016502380371
14093	3064.289093017578
14093	3064.289093017578
14094	3313.210964202881
14094	3313.210964202881
14095	2010.3747844696045
14095	2010.3747844696045
14096	2953.188180923462
14096	2953.188180923462
14097	2745.206594467163
14097	2745.206594467163
14098	2439.541816711426
14098	2439.541816711426
14099	2459.7060680389404
14099	2459.7060680389404
14100	4130.671262741089
14100	4130.671262741089
14101	1702.3017406463623
14101	1702.3017406463623
14102	1797.0240116119385
14102	1797.0240116119385
14103	2663.5119915008545
14103	2663.5119915008545
14104	2899.2133140563965
14104	2899.2133140563965
14105	2924.776554107666
14105	2924.776554107666
14106	2546.6527938842773
14106	2546.6527938842773
14107	2654.3755531311035
14107	2654.3755531311035
14108	1649.0533351898193
14108	1649.0533351898193
14109	3657.1130752563477
14109	3657.1130752563477
14110	2426.8414974212646
14110	2426.8414974212646
14111	1764.8897171020508
14111	1764.8897171020508
14112	1541.4838790893555
14112	1541.4838790893555
14113	1610.257863998413
14113	1610.257863998413
14114	1381.831169128418
14114	1381.831169128418
14115	1690.596342086792
14115	1690.596342086792
14116	1473.7904071807861
14116	1473.7904071807861
14117	1590.5017852783203
14117	1590.5017852783203
14118	1851.348876953125
14118	1851.348876953125
14119	1692.5263404846191
14119	1692.5263404846191
14120	2133.786916732788
14120	2133.786916732788
14121	1894.0002918243408
14121	1894.0002918243408
14122	1729.0613651275635
14122	1729.0613651275635
14123	1865.2575016021729
14123	1865.2575016021729
14124	1572.0534324645996
14124	1572.0534324645996
14125	1656.2268733978271
14125	1656.2268733978271
14126	1971.5111255645752
14126	1971.5111255645752
14127	1657.2716236114502
14127	1657.2716236114502
14128	1902.7252197265625
14128	1902.7252197265625
14129	1603.957176208496
14129	1603.957176208496
14130	2485.743284225464
14130	2485.743284225464
14131	1918.47825050354
14131	1918.47825050354
14132	1844.8421955108643
14132	1844.8421955108643
14133	1604.0894985198975
14133	1604.0894985198975
14134	1625.2861022949219
14134	1625.2861022949219
14135	1701.6732692718506
14135	1701.6732692718506
14136	1499.9346733093262
14136	1499.9346733093262
14137	1526.127576828003
14137	1526.127576828003
14138	2009.9658966064453
14138	2009.9658966064453
14139	1725.6617546081543
14139	1725.6617546081543
14140	2523.9508152008057
14140	2523.9508152008057
14141	1856.281042098999
14141	1856.281042098999
14142	1771.2197303771973
14142	1771.2197303771973
14143	1922.9543209075928
14143	1922.9543209075928
14144	1715.383768081665
14144	1715.383768081665
14145	1504.317283630371
14145	1504.317283630371
14146	1886.1148357391357
14146	1886.1148357391357
14147	1682.9638481140137
14147	1682.9638481140137
14148	2178.9820194244385
14148	2178.9820194244385
14149	3083.6360454559326
14149	3083.6360454559326
14150	2628.8387775421143
14150	2628.8387775421143
14151	1858.9646816253662
14151	1858.9646816253662
14152	1801.5246391296387
14152	1801.5246391296387
14153	2173.677682876587
14153	2173.677682876587
14154	1850.1615524291992
14154	1850.1615524291992
14155	2060.4374408721924
14155	2060.4374408721924
14156	1815.636157989502
14156	1815.636157989502
14157	1893.075942993164
14157	1893.075942993164
14158	1978.520154953003
14158	1978.520154953003
14159	2112.7917766571045
14159	2112.7917766571045
14160	2267.1613693237305
14160	2267.1613693237305
14161	3217.3314094543457
14161	3217.3314094543457
14162	1754.0452480316162
14162	1754.0452480316162
14163	2593.0490493774414
14163	2593.0490493774414
14164	1635.2546215057373
14164	1635.2546215057373
14165	1646.0611820220947
14165	1646.0611820220947
14166	1769.3040370941162
14166	1769.3040370941162
14167	1709.2885971069336
14167	1709.2885971069336
14168	1649.5451927185059
14168	1649.5451927185059
14169	1500.8125305175781
14169	1500.8125305175781
14170	2379.045009613037
14170	2379.045009613037
14171	1744.2398071289062
14171	1744.2398071289062
14172	1470.8151817321777
14172	1470.8151817321777
14173	1615.4968738555908
14173	1615.4968738555908
14174	1505.699872970581
14174	1505.699872970581
14175	1530.9913158416748
14175	1530.9913158416748
14176	1614.7277355194092
14176	1614.7277355194092
14177	1677.520990371704
14177	1677.520990371704
14178	1791.6333675384521
14178	1791.6333675384521
14179	1673.2699871063232
14179	1673.2699871063232
14180	2760.9622478485107
14180	2760.9622478485107
14181	1739.5670413970947
14181	1739.5670413970947
14182	1570.8212852478027
14182	1570.8212852478027
14183	1453.2816410064697
14183	1453.2816410064697
14184	2072.3636150360107
14184	2072.3636150360107
14185	1976.1040210723877
14185	1976.1040210723877
14186	1558.2623481750488
14186	1558.2623481750488
14187	1464.9271965026855
14187	1464.9271965026855
14188	1682.6364994049072
14188	1682.6364994049072
14189	1967.0159816741943
14189	1967.0159816741943
14190	2539.1950607299805
14190	2539.1950607299805
14191	1841.102123260498
14191	1841.102123260498
14192	1627.7520656585693
14192	1627.7520656585693
14193	2001.8830299377441
14193	2001.8830299377441
14194	2035.459041595459
14194	2035.459041595459
14195	1615.4141426086426
14195	1615.4141426086426
14196	1735.0943088531494
14196	1735.0943088531494
14197	1677.370309829712
14197	1677.370309829712
14198	1434.2856407165527
14198	1434.2856407165527
14199	1922.8737354278564
14199	1922.8737354278564
14200	2558.962345123291
14200	2558.962345123291
14201	1760.6971263885498
14201	1760.6971263885498
14202	1701.871633529663
14202	1701.871633529663
14203	2090.2645587921143
14203	2090.2645587921143
14204	1690.007209777832
14204	1690.007209777832
14205	1869.6131706237793
14205	1869.6131706237793
14206	1968.519926071167
14206	1968.519926071167
14207	1847.1248149871826
14207	1847.1248149871826
14208	1570.8799362182617
14208	1570.8799362182617
14209	2783.693552017212
14209	2783.693552017212
14210	2864.342451095581
14210	2864.342451095581
14211	1840.9099578857422
14211	1840.9099578857422
14212	1632.453441619873
14212	1632.453441619873
14213	1806.8296909332275
14213	1806.8296909332275
14214	1685.633897781372
14214	1685.633897781372
14215	1738.3718490600586
14215	1738.3718490600586
14216	1672.1537113189697
14216	1672.1537113189697
14217	1524.803876876831
14217	1524.803876876831
14218	1858.3252429962158
14218	1858.3252429962158
14219	1687.612533569336
14219	1687.612533569336
14220	2547.7678775787354
14220	2547.7678775787354
14221	2149.6267318725586
14221	2149.6267318725586
14222	1583.9416980743408
14222	1583.9416980743408
14223	1931.6198825836182
14223	1931.6198825836182
14224	1632.0483684539795
14224	1632.0483684539795
14225	1779.0377140045166
14225	1779.0377140045166
14226	1653.6328792572021
14226	1653.6328792572021
14227	1718.916654586792
14227	1718.916654586792
14228	1867.6133155822754
14228	1867.6133155822754
14229	1606.9025993347168
14229	1606.9025993347168
14230	2391.1733627319336
14230	2391.1733627319336
14231	1910.5892181396484
14231	1910.5892181396484
14232	1692.8203105926514
14232	1692.8203105926514
14233	2008.756160736084
14233	2008.756160736084
14234	1583.5421085357666
14234	1583.5421085357666
14235	2135.4665756225586
14235	2135.4665756225586
14236	2394.5088386535645
14236	2394.5088386535645
14237	2527.6997089385986
14237	2527.6997089385986
14238	2450.8655071258545
14238	2450.8655071258545
14239	2775.4926681518555
14239	2775.4926681518555
14240	3896.822929382324
14240	3896.822929382324
14241	2492.579698562622
14241	2492.579698562622
14242	2740.772247314453
14242	2740.772247314453
14243	2891.3252353668213
14243	2891.3252353668213
14244	2717.994213104248
14244	2717.994213104248
14245	2887.174129486084
14245	2887.174129486084
14246	2333.4388732910156
14246	2333.4388732910156
14247	3042.4411296844482
14247	3042.4411296844482
14248	2350.2886295318604
14248	2350.2886295318604
14249	3095.7608222961426
14249	3095.7608222961426
14250	3628.462553024292
14250	3628.462553024292
14251	3307.911157608032
14251	3307.911157608032
14252	1730.422019958496
14252	1730.422019958496
14253	1929.1326999664307
14253	1929.1326999664307
14254	2560.258626937866
14254	2560.258626937866
14255	2884.5579624176025
14255	2884.5579624176025
14256	2933.7308406829834
14256	2933.7308406829834
14257	3061.07759475708
14257	3061.07759475708
14258	2105.6137084960938
14258	2105.6137084960938
14259	2851.6228199005127
14259	2851.6228199005127
14260	3348.421573638916
14260	3348.421573638916
14261	2628.108501434326
14261	2628.108501434326
14262	2888.777256011963
14262	2888.777256011963
14263	2467.365264892578
14263	2467.365264892578
14264	2887.4499797821045
14264	2887.4499797821045
14265	2987.8439903259277
14265	2987.8439903259277
14266	3288.741111755371
14266	3288.741111755371
14267	2889.430046081543
14267	2889.430046081543
14268	2490.7238483428955
14268	2490.7238483428955
14269	2222.5608825683594
14269	2222.5608825683594
14270	3313.260555267334
14270	3313.260555267334
14271	2529.702663421631
14271	2529.702663421631
14272	2621.600866317749
14272	2621.600866317749
14273	2353.320598602295
14273	2353.320598602295
14274	3122.0877170562744
14274	3122.0877170562744
14275	2832.339286804199
14275	2832.339286804199
14276	2749.641180038452
14276	2749.641180038452
14277	2728.7402153015137
14277	2728.7402153015137
14278	2968.2881832122803
14278	2968.2881832122803
14279	2512.8157138824463
14279	2512.8157138824463
14280	3299.0362644195557
14280	3299.0362644195557
14281	2919.766902923584
14281	2919.766902923584
14282	2868.7682151794434
14282	2868.7682151794434
14283	2151.5302658081055
14283	2151.5302658081055
14284	2569.810152053833
14284	2569.810152053833
14285	2895.6868648529053
14285	2895.6868648529053
14286	2717.2019481658936
14286	2717.2019481658936
14287	2125.7011890411377
14287	2125.7011890411377
14288	3380.6746006011963
14288	3380.6746006011963
14289	2766.0887241363525
14289	2766.0887241363525
14290	3349.6222496032715
14290	3349.6222496032715
14291	2413.38849067688
14291	2413.38849067688
14292	2698.3821392059326
14292	2698.3821392059326
14293	2903.6471843719482
14293	2903.6471843719482
14294	2890.131950378418
14294	2890.131950378418
14295	2590.233325958252
14295	2590.233325958252
14296	2234.8220348358154
14296	2234.8220348358154
14297	2990.7751083374023
14297	2990.7751083374023
14298	2815.3738975524902
14298	2815.3738975524902
14299	2909.9960327148438
14299	2909.9960327148438
14300	3255.1252841949463
14300	3255.1252841949463
14301	2497.4749088287354
14301	2497.4749088287354
14302	2264.2505168914795
14302	2264.2505168914795
14303	2418.2522296905518
14303	2418.2522296905518
14304	2678.286075592041
14304	2678.286075592041
14305	2763.911485671997
14305	2763.911485671997
14306	2292.515277862549
14306	2292.515277862549
14307	2396.2152004241943
14307	2396.2152004241943
14308	2828.1402587890625
14308	2828.1402587890625
14309	3030.7326316833496
14309	3030.7326316833496
14310	3954.6451568603516
14310	3954.6451568603516
14311	2890.3586864471436
14311	2890.3586864471436
14312	2847.813606262207
14312	2847.813606262207
14313	2804.5849800109863
14313	2804.5849800109863
14314	2731.8825721740723
14314	2731.8825721740723
14315	2931.658983230591
14315	2931.658983230591
14316	2130.042791366577
14316	2130.042791366577
14317	2899.841070175171
14317	2899.841070175171
14318	2570.3349113464355
14318	2570.3349113464355
14319	2541.93115234375
14319	2541.93115234375
14320	3933.2566261291504
14320	3933.2566261291504
14321	2557.78431892395
14321	2557.78431892395
14322	2760.042905807495
14322	2760.042905807495
14323	2622.6987838745117
14323	2622.6987838745117
14324	2826.049327850342
14324	2826.049327850342
14325	2864.757537841797
14325	2864.757537841797
14326	2831.655740737915
14326	2831.655740737915
14327	2878.8275718688965
14327	2878.8275718688965
14328	2864.302635192871
14328	2864.302635192871
14329	2833.1103324890137
14329	2833.1103324890137
14330	2863.243818283081
14330	2863.243818283081
14331	2463.184118270874
14331	2463.184118270874
14332	3711.4837169647217
14332	3711.4837169647217
14333	2829.054355621338
14333	2829.054355621338
14334	2283.8993072509766
14334	2283.8993072509766
14335	2666.17488861084
14335	2666.17488861084
14336	2436.298370361328
14336	2436.298370361328
14337	2761.0795497894287
14337	2761.0795497894287
14338	2554.457664489746
14338	2554.457664489746
14339	2822.2784996032715
14339	2822.2784996032715
14340	3588.6247158050537
14340	3588.6247158050537
14341	2686.3725185394287
14341	2686.3725185394287
14342	2809.4727993011475
14342	2809.4727993011475
14343	2990.158796310425
14343	2990.158796310425
14344	3179.6131134033203
14344	3179.6131134033203
14345	2953.7112712860107
14345	2953.7112712860107
14346	3109.6863746643066
14346	3109.6863746643066
14347	2424.7512817382812
14347	2424.7512817382812
14348	2233.4647178649902
14348	2233.4647178649902
14349	2096.233129501343
14349	2096.233129501343
14350	3493.0877685546875
14350	3493.0877685546875
14351	2921.2403297424316
14351	2921.2403297424316
14352	2695.4312324523926
14352	2695.4312324523926
14353	3066.4820671081543
14353	3066.4820671081543
14354	2749.61256980896
14354	2749.61256980896
14355	2188.953161239624
14355	2188.953161239624
14356	3115.910530090332
14356	3115.910530090332
14357	3072.178840637207
14357	3072.178840637207
14358	3089.446783065796
14358	3089.446783065796
14359	2843.4228897094727
14359	2843.4228897094727
14360	4342.994213104248
14360	4342.994213104248
14361	3289.626121520996
14361	3289.626121520996
14362	2794.748306274414
14362	2794.748306274414
14363	3391.4709091186523
14363	3391.4709091186523
14364	3605.9484481811523
14364	3605.9484481811523
14365	3210.5979919433594
14365	3210.5979919433594
14366	2583.9388370513916
14366	2583.9388370513916
14367	3529.2649269104004
14367	3529.2649269104004
14368	3153.191089630127
14368	3153.191089630127
14369	3290.217876434326
14369	3290.217876434326
14370	4003.257989883423
14370	4003.257989883423
14371	2773.8747596740723
14371	2773.8747596740723
14372	2848.5798835754395
14372	2848.5798835754395
14373	3803.377389907837
14373	3803.377389907837
14374	2596.571207046509
14374	2596.571207046509
14375	3198.9614963531494
14375	3198.9614963531494
14376	3096.452474594116
14376	3096.452474594116
14377	3608.0687046051025
14377	3608.0687046051025
14378	2761.3120079040527
14378	2761.3120079040527
14379	2967.4947261810303
14379	2967.4947261810303
14380	4353.09362411499
14380	4353.09362411499
14381	3972.1667766571045
14381	3972.1667766571045
14382	3195.223569869995
14382	3195.223569869995
14383	2122.237205505371
14383	2122.237205505371
14384	2796.198844909668
14384	2796.198844909668
14385	2494.7707653045654
14385	2494.7707653045654
14386	3471.914768218994
14386	3471.914768218994
14387	3285.182476043701
14387	3285.182476043701
14388	2907.9878330230713
14388	2907.9878330230713
14389	3171.2899208068848
14389	3171.2899208068848
14390	4183.694839477539
14390	4183.694839477539
14391	2079.3492794036865
14391	2079.3492794036865
14392	3625.1673698425293
14392	3625.1673698425293
14393	3211.2460136413574
14393	3211.2460136413574
14394	3134.6280574798584
14394	3134.6280574798584
14395	2712.0490074157715
14395	2712.0490074157715
14396	3640.0086879730225
14396	3640.0086879730225
14397	2855.7076454162598
14397	2855.7076454162598
14398	3380.713701248169
14398	3380.713701248169
14399	3984.88712310791
14399	3984.88712310791
14400	4246.856451034546
14400	4246.856451034546
14401	3361.9704246520996
14401	3361.9704246520996
14402	3024.6503353118896
14402	3024.6503353118896
14403	3507.000684738159
14403	3507.000684738159
14404	2802.8156757354736
14404	2802.8156757354736
14405	3971.5285301208496
14405	3971.5285301208496
14406	3104.1111946105957
14406	3104.1111946105957
14407	2788.9480590820312
14407	2788.9480590820312
14408	2981.682538986206
14408	2981.682538986206
14409	3040.264129638672
14409	3040.264129638672
14410	4736.770868301392
14410	4736.770868301392
14411	2932.753324508667
14411	2932.753324508667
14412	2688.514471054077
14412	2688.514471054077
14413	3073.3537673950195
14413	3073.3537673950195
14414	2701.185941696167
14414	2701.185941696167
14415	3140.6495571136475
14415	3140.6495571136475
14416	3184.9241256713867
14416	3184.9241256713867
14417	3187.859296798706
14417	3187.859296798706
14418	3784.641981124878
14418	3784.641981124878
14419	3455.793619155884
14419	3455.793619155884
14420	3663.1929874420166
14420	3663.1929874420166
14421	1673.9482879638672
14421	1673.9482879638672
14422	2413.8541221618652
14422	2413.8541221618652
14423	1915.431022644043
14423	1915.431022644043
14424	1837.627649307251
14424	1837.627649307251
14425	1993.8368797302246
14425	1993.8368797302246
14426	1981.748342514038
14426	1981.748342514038
14427	2147.8703022003174
14427	2147.8703022003174
14428	2251.290798187256
14428	2251.290798187256
14429	1817.8715705871582
14429	1817.8715705871582
14430	3374.8996257781982
14430	3374.8996257781982
14431	2332.9243659973145
14431	2332.9243659973145
14432	1891.8018341064453
14432	1891.8018341064453
14433	2201.3766765594482
14433	2201.3766765594482
14434	2083.49347114563
14434	2083.49347114563
14435	1870.194673538208
14435	1870.194673538208
14436	2139.6546363830566
14436	2139.6546363830566
14437	2192.143678665161
14437	2192.143678665161
14438	1908.066987991333
14438	1908.066987991333
14439	2249.135971069336
14439	2249.135971069336
14440	3091.7344093322754
14440	3091.7344093322754
14441	2308.654546737671
14441	2308.654546737671
14442	1900.428295135498
14442	1900.428295135498
14443	1993.2587146759033
14443	1993.2587146759033
14444	2395.3263759613037
14444	2395.3263759613037
14445	2296.7898845672607
14445	2296.7898845672607
14446	1790.907382965088
14446	1790.907382965088
14447	2068.6745643615723
14447	2068.6745643615723
14448	2001.0085105895996
14448	2001.0085105895996
14449	2180.6089878082275
14449	2180.6089878082275
14450	3766.244888305664
14450	3766.244888305664
14451	1749.9752044677734
14451	1749.9752044677734
14452	1837.6944065093994
14452	1837.6944065093994
14453	2037.916898727417
14453	2037.916898727417
14454	1954.5581340789795
14454	1954.5581340789795
14455	2189.234972000122
14455	2189.234972000122
14456	2027.9631614685059
14456	2027.9631614685059
14457	1991.0001754760742
14457	1991.0001754760742
14458	2092.6530361175537
14458	2092.6530361175537
14459	1888.6520862579346
14459	1888.6520862579346
14460	3194.274425506592
14460	3194.274425506592
14461	2121.9680309295654
14461	2121.9680309295654
14462	1945.5664157867432
14462	1945.5664157867432
14463	1915.3156280517578
14463	1915.3156280517578
14464	1683.6192607879639
14464	1683.6192607879639
14465	1920.3193187713623
14465	1920.3193187713623
14466	1768.122911453247
14466	1768.122911453247
14467	1810.5037212371826
14467	1810.5037212371826
14468	2005.8202743530273
14468	2005.8202743530273
14469	1837.3463153839111
14469	1837.3463153839111
14470	3013.7581825256348
14470	3013.7581825256348
14471	1534.5537662506104
14471	1534.5537662506104
14472	1509.0489387512207
14472	1509.0489387512207
14473	1786.1385345458984
14473	1786.1385345458984
14474	2061.2406730651855
14474	2061.2406730651855
14475	2407.975673675537
14475	2407.975673675537
14476	2132.14111328125
14476	2132.14111328125
14477	2301.483154296875
14477	2301.483154296875
14478	2075.444221496582
14478	2075.444221496582
14479	1857.5701713562012
14479	1857.5701713562012
14480	3031.0306549072266
14480	3031.0306549072266
14481	1779.3707847595215
14481	1779.3707847595215
14482	1762.9351615905762
14482	1762.9351615905762
14483	1907.9437255859375
14483	1907.9437255859375
14484	1896.7807292938232
14484	1896.7807292938232
14485	2152.414321899414
14485	2152.414321899414
14486	2338.0541801452637
14486	2338.0541801452637
14487	2132.9004764556885
14487	2132.9004764556885
14488	1877.601146697998
14488	1877.601146697998
14489	1813.4148120880127
14489	1813.4148120880127
14490	3023.890733718872
14490	3023.890733718872
14491	1901.5605449676514
14491	1901.5605449676514
14492	1815.4957294464111
14492	1815.4957294464111
14493	2207.751512527466
14493	2207.751512527466
14494	1911.3340377807617
14494	1911.3340377807617
14495	2029.9744606018066
14495	2029.9744606018066
14496	1895.2054977416992
14496	1895.2054977416992
14497	1938.664436340332
14497	1938.664436340332
14498	2584.9266052246094
14498	2584.9266052246094
14499	1800.304651260376
14499	1800.304651260376
14500	8581.353664398193
14500	8581.353664398193
14501	2212.7788066864014
14501	2212.7788066864014
14502	2102.192163467407
14502	2102.192163467407
14503	1932.6255321502686
14503	1932.6255321502686
14504	1894.9966430664062
14504	1894.9966430664062
14505	1735.1088523864746
14505	1735.1088523864746
14506	2248.0990886688232
14506	2248.0990886688232
14507	2104.3360233306885
14507	2104.3360233306885
14508	3040.70782661438
14508	3040.70782661438
14509	2300.912618637085
14509	2300.912618637085
14510	4207.7155113220215
14510	4207.7155113220215
14511	2967.339277267456
14511	2967.339277267456
14512	2343.980312347412
14512	2343.980312347412
14513	2555.4099082946777
14513	2555.4099082946777
14514	2223.8569259643555
14514	2223.8569259643555
14515	3202.026128768921
14515	3202.026128768921
14516	2776.557207107544
14516	2776.557207107544
14517	2938.4398460388184
14517	2938.4398460388184
14518	3196.3179111480713
14518	3196.3179111480713
14519	3243.762969970703
14519	3243.762969970703
14520	4104.5215129852295
14520	4104.5215129852295
14521	2932.7023029327393
14521	2932.7023029327393
14522	2906.1203002929688
14522	2906.1203002929688
14523	3169.604778289795
14523	3169.604778289795
14524	2883.4400177001953
14524	2883.4400177001953
14525	3014.4264698028564
14525	3014.4264698028564
14526	2897.4554538726807
14526	2897.4554538726807
14527	3315.5786991119385
14527	3315.5786991119385
14528	2457.7789306640625
14528	2457.7789306640625
14529	2631.2243938446045
14529	2631.2243938446045
14530	3742.7337169647217
14530	3742.7337169647217
14531	2965.9676551818848
14531	2965.9676551818848
14532	2125.783920288086
14532	2125.783920288086
14533	2936.2971782684326
14533	2936.2971782684326
14534	3268.125295639038
14534	3268.125295639038
14535	3739.4726276397705
14535	3739.4726276397705
14536	3284.8079204559326
14536	3284.8079204559326
14537	2603.5361289978027
14537	2603.5361289978027
14538	2044.0587997436523
14538	2044.0587997436523
14539	3025.273323059082
14539	3025.273323059082
14540	3954.826593399048
14540	3954.826593399048
14541	3114.043712615967
14541	3114.043712615967
14542	2925.595283508301
14542	2925.595283508301
14543	2728.4328937530518
14543	2728.4328937530518
14544	2872.467041015625
14544	2872.467041015625
14545	3245.314359664917
14545	3245.314359664917
14546	2990.7100200653076
14546	2990.7100200653076
14547	3021.3191509246826
14547	3021.3191509246826
14548	2309.8602294921875
14548	2309.8602294921875
14549	3159.0890884399414
14549	3159.0890884399414
14550	3587.0652198791504
14550	3587.0652198791504
14551	2086.259126663208
14551	2086.259126663208
14552	2341.08304977417
14552	2341.08304977417
14553	2543.170690536499
14553	2543.170690536499
14554	2724.2956161499023
14554	2724.2956161499023
14555	3266.132354736328
14555	3266.132354736328
14556	2392.54093170166
14556	2392.54093170166
14557	3608.5827350616455
14557	3608.5827350616455
14558	2699.014902114868
14558	2699.014902114868
14559	3034.2540740966797
14559	3034.2540740966797
14560	3830.220937728882
14560	3830.220937728882
14561	2718.6601161956787
14561	2718.6601161956787
14562	3089.2653465270996
14562	3089.2653465270996
14563	2412.5633239746094
14563	2412.5633239746094
14564	2958.5468769073486
14564	2958.5468769073486
14565	2915.8267974853516
14565	2915.8267974853516
14566	2146.7690467834473
14566	2146.7690467834473
14567	2674.7379302978516
14567	2674.7379302978516
14568	2258.779287338257
14568	2258.779287338257
14569	2134.085178375244
14569	2134.085178375244
14570	2886.5885734558105
14570	2886.5885734558105
14571	2805.8836460113525
14571	2805.8836460113525
14572	2832.840919494629
14572	2832.840919494629
14573	2703.1707763671875
14573	2703.1707763671875
14574	2540.968179702759
14574	2540.968179702759
14575	2570.3959465026855
14575	2570.3959465026855
14576	2973.069429397583
14576	2973.069429397583
14577	2837.4836444854736
14577	2837.4836444854736
14578	2771.2979316711426
14578	2771.2979316711426
14579	3108.6230278015137
14579	3108.6230278015137
14580	3796.5970039367676
14580	3796.5970039367676
14581	3269.4387435913086
14581	3269.4387435913086
14582	3000.5030632019043
14582	3000.5030632019043
14583	2968.6052799224854
14583	2968.6052799224854
14584	3036.1859798431396
14584	3036.1859798431396
14585	2708.4133625030518
14585	2708.4133625030518
14586	2151.597499847412
14586	2151.597499847412
14587	2534.576416015625
14587	2534.576416015625
14588	2800.3745079040527
14588	2800.3745079040527
14589	2687.3722076416016
14589	2687.3722076416016
14590	4180.374383926392
14590	4180.374383926392
14591	2142.7090167999268
14591	2142.7090167999268
14592	2872.4465370178223
14592	2872.4465370178223
14593	2546.3383197784424
14593	2546.3383197784424
14594	2907.379388809204
14594	2907.379388809204
14595	2858.293056488037
14595	2858.293056488037
14596	2987.828016281128
14596	2987.828016281128
14597	2992.882251739502
14597	2992.882251739502
14598	1785.3424549102783
14598	1785.3424549102783
14599	1983.5824966430664
14599	1983.5824966430664
14600	3266.8020725250244
14600	3266.8020725250244
14601	2329.0855884552
14601	2329.0855884552
14602	2217.378616333008
14602	2217.378616333008
14603	1915.5473709106445
14603	1915.5473709106445
14604	2676.6605377197266
14604	2676.6605377197266
14605	1891.7572498321533
14605	1891.7572498321533
14606	2454.198122024536
14606	2454.198122024536
14607	2595.3660011291504
14607	2595.3660011291504
14608	2521.2438106536865
14608	2521.2438106536865
14609	3141.507625579834
14609	3141.507625579834
14610	3937.464952468872
14610	3937.464952468872
14611	2477.9231548309326
14611	2477.9231548309326
14612	2307.1272373199463
14612	2307.1272373199463
14613	3312.476873397827
14613	3312.476873397827
14614	2639.3609046936035
14614	2639.3609046936035
14615	2849.5326042175293
14615	2849.5326042175293
14616	2684.8435401916504
14616	2684.8435401916504
14617	2417.337656021118
14617	2417.337656021118
14618	2806.4560890197754
14618	2806.4560890197754
14619	2650.3448486328125
14619	2650.3448486328125
14620	2795.7584857940674
14620	2795.7584857940674
14621	2890.9428119659424
14621	2890.9428119659424
14622	2940.7947063446045
14622	2940.7947063446045
14623	2802.5643825531006
14623	2802.5643825531006
14624	3412.658929824829
14624	3412.658929824829
14625	2747.774600982666
14625	2747.774600982666
14626	3019.5422172546387
14626	3019.5422172546387
14627	3348.715305328369
14627	3348.715305328369
14628	3395.6751823425293
14628	3395.6751823425293
14629	3017.871856689453
14629	3017.871856689453
14630	3654.9127101898193
14630	3654.9127101898193
14631	3384.56392288208
14631	3384.56392288208
14632	2303.367853164673
14632	2303.367853164673
14633	2383.5625648498535
14633	2383.5625648498535
14634	2392.143726348877
14634	2392.143726348877
14635	3041.4934158325195
14635	3041.4934158325195
14636	2411.4022254943848
14636	2411.4022254943848
14637	2587.021827697754
14637	2587.021827697754
14638	2432.7995777130127
14638	2432.7995777130127
14639	3321.671485900879
14639	3321.671485900879
14640	3645.5934047698975
14640	3645.5934047698975
14641	2870.9843158721924
14641	2870.9843158721924
14642	2876.6376972198486
14642	2876.6376972198486
14643	2677.7560710906982
14643	2677.7560710906982
14644	2971.5659618377686
14644	2971.5659618377686
14645	3517.751455307007
14645	3517.751455307007
14646	2608.2351207733154
14646	2608.2351207733154
14647	2645.681619644165
14647	2645.681619644165
14648	2773.042917251587
14648	2773.042917251587
14649	2382.6403617858887
14649	2382.6403617858887
14650	3690.803289413452
14650	3690.803289413452
14651	2758.1946849823
14651	2758.1946849823
14652	2802.507162094116
14652	2802.507162094116
14653	2796.8101501464844
14653	2796.8101501464844
14654	3115.114688873291
14654	3115.114688873291
14655	3041.7392253875732
14655	3041.7392253875732
14656	3070.484399795532
14656	3070.484399795532
14657	3043.992042541504
14657	3043.992042541504
14658	2768.8071727752686
14658	2768.8071727752686
14659	2318.453073501587
14659	2318.453073501587
14660	3390.0539875030518
14660	3390.0539875030518
14661	2719.841718673706
14661	2719.841718673706
14662	2699.314594268799
14662	2699.314594268799
14663	3011.016845703125
14663	3011.016845703125
14664	2901.7364978790283
14664	2901.7364978790283
14665	2579.174280166626
14665	2579.174280166626
14666	3153.5048484802246
14666	3153.5048484802246
14667	3082.7460289001465
14667	3082.7460289001465
14668	3089.421033859253
14668	3089.421033859253
14669	3037.3153686523438
14669	3037.3153686523438
14670	3207.371473312378
14670	3207.371473312378
14671	2172.3580360412598
14671	2172.3580360412598
14672	3049.243211746216
14672	3049.243211746216
14673	1770.7617282867432
14673	1770.7617282867432
14674	2541.579484939575
14674	2541.579484939575
14675	2686.1090660095215
14675	2686.1090660095215
14676	2616.934299468994
14676	2616.934299468994
14677	2740.4510974884033
14677	2740.4510974884033
14678	3051.093816757202
14678	3051.093816757202
14679	2760.5950832366943
14679	2760.5950832366943
14680	3770.782470703125
14680	3770.782470703125
14681	2907.366991043091
14681	2907.366991043091
14682	2766.608953475952
14682	2766.608953475952
14683	5161.984205245972
14683	5161.984205245972
14684	2901.911735534668
14684	2901.911735534668
14685	2419.644832611084
14685	2419.644832611084
14686	2728.245973587036
14686	2728.245973587036
14687	3049.851179122925
14687	3049.851179122925
14688	2635.5795860290527
14688	2635.5795860290527
14689	2739.919424057007
14689	2739.919424057007
14690	3599.2209911346436
14690	3599.2209911346436
14691	2556.9489002227783
14691	2556.9489002227783
14692	2710.575580596924
14692	2710.575580596924
14693	2315.922737121582
14693	2315.922737121582
14694	1742.3067092895508
14694	1742.3067092895508
14695	2064.676523208618
14695	2064.676523208618
14696	1789.1931533813477
14696	1789.1931533813477
14697	1866.220235824585
14697	1866.220235824585
14698	1792.2751903533936
14698	1792.2751903533936
14699	1601.0780334472656
14699	1601.0780334472656
14700	2542.7000522613525
14700	2542.7000522613525
14701	1684.5335960388184
14701	1684.5335960388184
14702	1805.250883102417
14702	1805.250883102417
14703	1658.8208675384521
14703	1658.8208675384521
14704	1972.9504585266113
14704	1972.9504585266113
14705	1692.9426193237305
14705	1692.9426193237305
14706	1634.0532302856445
14706	1634.0532302856445
14707	1653.8379192352295
14707	1653.8379192352295
14708	1759.2158317565918
14708	1759.2158317565918
14709	1831.6166400909424
14709	1831.6166400909424
14710	2684.77463722229
14710	2684.77463722229
14711	1694.5393085479736
14711	1694.5393085479736
14712	1822.890281677246
14712	1822.890281677246
14713	1576.4942169189453
14713	1576.4942169189453
14714	1691.3201808929443
14714	1691.3201808929443
14715	1714.003086090088
14715	1714.003086090088
14716	1780.7176113128662
14716	1780.7176113128662
14717	1728.6992073059082
14717	1728.6992073059082
14718	2111.048460006714
14718	2111.048460006714
14719	1885.767936706543
14719	1885.767936706543
14720	2437.6635551452637
14720	2437.6635551452637
14721	1708.0705165863037
14721	1708.0705165863037
14722	1907.1228504180908
14722	1907.1228504180908
14723	1793.7192916870117
14723	1793.7192916870117
14724	1653.414249420166
14724	1653.414249420166
14725	1544.2149639129639
14725	1544.2149639129639
14726	1721.3544845581055
14726	1721.3544845581055
14727	1896.263837814331
14727	1896.263837814331
14728	1739.2430305480957
14728	1739.2430305480957
14729	1676.8722534179688
14729	1676.8722534179688
14730	2414.0822887420654
14730	2414.0822887420654
14731	1774.3616104125977
14731	1774.3616104125977
14732	1625.6787776947021
14732	1625.6787776947021
14733	1797.0943450927734
14733	1797.0943450927734
14734	1666.0282611846924
14734	1666.0282611846924
14735	1586.5871906280518
14735	1586.5871906280518
14736	1742.008924484253
14736	1742.008924484253
14737	1911.6559028625488
14737	1911.6559028625488
14738	1765.1033401489258
14738	1765.1033401489258
14739	1801.4228343963623
14739	1801.4228343963623
14740	2696.885347366333
14740	2696.885347366333
14741	1618.4601783752441
14741	1618.4601783752441
14742	1573.122262954712
14742	1573.122262954712
14743	1551.2778759002686
14743	1551.2778759002686
14744	1673.2776165008545
14744	1673.2776165008545
14745	1727.6246547698975
14745	1727.6246547698975
14746	1612.2064590454102
14746	1612.2064590454102
14747	1498.4595775604248
14747	1498.4595775604248
14748	1497.6019859313965
14748	1497.6019859313965
14749	1724.99418258667
14749	1724.99418258667
14750	2765.9695148468018
14750	2765.9695148468018
14751	1718.3024883270264
14751	1718.3024883270264
14752	1856.3964366912842
14752	1856.3964366912842
14753	1682.2128295898438
14753	1682.2128295898438
14754	1757.7745914459229
14754	1757.7745914459229
14755	1818.4702396392822
14755	1818.4702396392822
14756	1569.2384243011475
14756	1569.2384243011475
14757	1829.963207244873
14757	1829.963207244873
14758	1658.1909656524658
14758	1658.1909656524658
14759	1718.5187339782715
14759	1718.5187339782715
14760	2454.188585281372
14760	2454.188585281372
14761	1802.243709564209
14761	1802.243709564209
14762	1969.940185546875
14762	1969.940185546875
14763	1718.2912826538086
14763	1718.2912826538086
14764	1821.3915824890137
14764	1821.3915824890137
14765	1847.994327545166
14765	1847.994327545166
14766	1727.1044254302979
14766	1727.1044254302979
14767	1717.984676361084
14767	1717.984676361084
14768	1594.4631099700928
14768	1594.4631099700928
14769	1734.5380783081055
14769	1734.5380783081055
14770	2848.7815856933594
14770	2848.7815856933594
14771	1739.229440689087
14771	1739.229440689087
14772	1867.8040504455566
14772	1867.8040504455566
14773	1777.2512435913086
14773	1777.2512435913086
14774	1550.3215789794922
14774	1550.3215789794922
14775	1643.136739730835
14775	1643.136739730835
14776	1894.991397857666
14776	1894.991397857666
14777	2061.619520187378
14777	2061.619520187378
14778	2308.784246444702
14778	2308.784246444702
14779	1576.0414600372314
14779	1576.0414600372314
14780	2654.506206512451
14780	2654.506206512451
14781	2009.0935230255127
14781	2009.0935230255127
14782	1840.1823043823242
14782	1840.1823043823242
14783	1742.0341968536377
14783	1742.0341968536377
14784	2023.2374668121338
14784	2023.2374668121338
14785	2311.34033203125
14785	2311.34033203125
14786	2099.390745162964
14786	2099.390745162964
14787	1998.2717037200928
14787	1998.2717037200928
14788	1523.186445236206
14788	1523.186445236206
14789	1725.6884574890137
14789	1725.6884574890137
14790	2453.289747238159
14790	2453.289747238159
14791	1714.9198055267334
14791	1714.9198055267334
14792	1813.0080699920654
14792	1813.0080699920654
14793	1653.1834602355957
14793	1653.1834602355957
14794	1573.5859870910645
14794	1573.5859870910645
14795	1661.125898361206
14795	1661.125898361206
14796	2167.210578918457
14796	2167.210578918457
14797	1888.0126476287842
14797	1888.0126476287842
14798	1745.7168102264404
14798	1745.7168102264404
14799	1738.964319229126
14799	1738.964319229126
14800	2658.5631370544434
14800	2658.5631370544434
14801	1678.5190105438232
14801	1678.5190105438232
14802	1779.021978378296
14802	1779.021978378296
14803	2056.0688972473145
14803	2056.0688972473145
14804	1626.7030239105225
14804	1626.7030239105225
14805	1531.9502353668213
14805	1531.9502353668213
14806	1620.5332279205322
14806	1620.5332279205322
14807	1674.8237609863281
14807	1674.8237609863281
14808	1980.0662994384766
14808	1980.0662994384766
14809	1720.238447189331
14809	1720.238447189331
14810	2453.8166522979736
14810	2453.8166522979736
14811	1749.8953342437744
14811	1749.8953342437744
14812	2114.5107746124268
14812	2114.5107746124268
14813	1553.2963275909424
14813	1553.2963275909424
14814	1548.1088161468506
14814	1548.1088161468506
14815	1519.0186500549316
14815	1519.0186500549316
14816	1476.592779159546
14816	1476.592779159546
14817	1709.9220752716064
14817	1709.9220752716064
14818	1835.3052139282227
14818	1835.3052139282227
14819	1582.4477672576904
14819	1582.4477672576904
14820	2510.5175971984863
14820	2510.5175971984863
14821	1168.8642501831055
14821	1168.8642501831055
14822	1217.6380157470703
14822	1217.6380157470703
14823	1800.3394603729248
14823	1800.3394603729248
14824	2196.5909004211426
14824	2196.5909004211426
14825	2364.2542362213135
14825	2364.2542362213135
14826	2645.3213691711426
14826	2645.3213691711426
14827	2859.332799911499
14827	2859.332799911499
14828	2778.733491897583
14828	2778.733491897583
14829	2630.887746810913
14829	2630.887746810913
14830	3516.9613361358643
14830	3516.9613361358643
14831	2127.6462078094482
14831	2127.6462078094482
14832	2576.5674114227295
14832	2576.5674114227295
14833	2830.521821975708
14833	2830.521821975708
14834	2907.618284225464
14834	2907.618284225464
14835	2405.949592590332
14835	2405.949592590332
14836	3253.977060317993
14836	3253.977060317993
14837	2758.01944732666
14837	2758.01944732666
14838	2947.166919708252
14838	2947.166919708252
14839	2735.1489067077637
14839	2735.1489067077637
14840	3323.7953186035156
14840	3323.7953186035156
14841	2085.3092670440674
14841	2085.3092670440674
14842	2586.0660076141357
14842	2586.0660076141357
14843	2413.325548171997
14843	2413.325548171997
14844	2623.699903488159
14844	2623.699903488159
14845	2381.0858726501465
14845	2381.0858726501465
14846	2771.4760303497314
14846	2771.4760303497314
14847	2739.6838665008545
14847	2739.6838665008545
14848	2759.45782661438
14848	2759.45782661438
14849	2796.7705726623535
14849	2796.7705726623535
14850	3901.142358779907
14850	3901.142358779907
14851	2634.2031955718994
14851	2634.2031955718994
14852	2834.3379497528076
14852	2834.3379497528076
14853	2503.751277923584
14853	2503.751277923584
14854	2727.336883544922
14854	2727.336883544922
14855	2310.851573944092
14855	2310.851573944092
14856	2657.4478149414062
14856	2657.4478149414062
14857	3129.1306018829346
14857	3129.1306018829346
14858	2479.173183441162
14858	2479.173183441162
14859	2908.4830284118652
14859	2908.4830284118652
14860	3732.443332672119
14860	3732.443332672119
14861	3238.658905029297
14861	3238.658905029297
14862	2608.0431938171387
14862	2608.0431938171387
14863	2808.0978393554688
14863	2808.0978393554688
14864	3012.4893188476562
14864	3012.4893188476562
14865	2912.9867553710938
14865	2912.9867553710938
14866	3053.9376735687256
14866	3053.9376735687256
14867	3129.875659942627
14867	3129.875659942627
14868	2149.033784866333
14868	2149.033784866333
14869	2412.6181602478027
14869	2412.6181602478027
14870	3280.789613723755
14870	3280.789613723755
14871	2749.1443157196045
14871	2749.1443157196045
14872	2641.8304443359375
14872	2641.8304443359375
14873	2835.639715194702
14873	2835.639715194702
14874	3061.906099319458
14874	3061.906099319458
14875	2758.4242820739746
14875	2758.4242820739746
14876	3008.4269046783447
14876	3008.4269046783447
14877	3329.094171524048
14877	3329.094171524048
14878	2877.047538757324
14878	2877.047538757324
14879	2861.5851402282715
14879	2861.5851402282715
14880	3657.294750213623
14880	3657.294750213623
14881	2858.341693878174
14881	2858.341693878174
14882	2576.4529705047607
14882	2576.4529705047607
14883	3274.5754718780518
14883	3274.5754718780518
14884	2968.749761581421
14884	2968.749761581421
14885	2558.1576824188232
14885	2558.1576824188232
14886	2570.103883743286
14886	2570.103883743286
14887	2801.103353500366
14887	2801.103353500366
14888	3079.556941986084
14888	3079.556941986084
14889	3361.603021621704
14889	3361.603021621704
14890	8377.186059951782
14890	8377.186059951782
14891	4691.579818725586
14891	4691.579818725586
14892	3282.636880874634
14892	3282.636880874634
14893	3900.1762866973877
14893	3900.1762866973877
14894	3123.551368713379
14894	3123.551368713379
14895	3085.012912750244
14895	3085.012912750244
14896	3805.948257446289
14896	3805.948257446289
14897	3438.8861656188965
14897	3438.8861656188965
14898	3254.284620285034
14898	3254.284620285034
14899	3035.524845123291
14899	3035.524845123291
14900	4676.559686660767
14900	4676.559686660767
14901	2747.480869293213
14901	2747.480869293213
14902	3240.001678466797
14902	3240.001678466797
14903	3201.061964035034
14903	3201.061964035034
14904	2972.6345539093018
14904	2972.6345539093018
14905	3271.8605995178223
14905	3271.8605995178223
14906	3881.4334869384766
14906	3881.4334869384766
14907	3257.0297718048096
14907	3257.0297718048096
14908	2684.8533153533936
14908	2684.8533153533936
14909	3274.461269378662
14909	3274.461269378662
14910	5145.310640335083
14910	5145.310640335083
14911	3388.383626937866
14911	3388.383626937866
14912	3854.097843170166
14912	3854.097843170166
14913	3700.6804943084717
14913	3700.6804943084717
14914	3097.273826599121
14914	3097.273826599121
14915	2722.2163677215576
14915	2722.2163677215576
14916	2693.528175354004
14916	2693.528175354004
14917	3469.250440597534
14917	3469.250440597534
14918	3687.532901763916
14918	3687.532901763916
14919	2830.1377296447754
14919	2830.1377296447754
14920	4441.9684410095215
14920	4441.9684410095215
14921	2701.4105319976807
14921	2701.4105319976807
14922	3010.33878326416
14922	3010.33878326416
14923	2886.3511085510254
14923	2886.3511085510254
14924	2832.6265811920166
14924	2832.6265811920166
14925	3403.0423164367676
14925	3403.0423164367676
14926	3251.194953918457
14926	3251.194953918457
14927	3219.14005279541
14927	3219.14005279541
14928	3582.923173904419
14928	3582.923173904419
14929	2414.2298698425293
14929	2414.2298698425293
14930	3816.0154819488525
14930	3816.0154819488525
14931	2603.165864944458
14931	2603.165864944458
14932	3165.740966796875
14932	3165.740966796875
14933	3468.963384628296
14933	3468.963384628296
14934	2427.2260665893555
14934	2427.2260665893555
14935	3442.922353744507
14935	3442.922353744507
14936	2313.650369644165
14936	2313.650369644165
14937	3090.4181003570557
14937	3090.4181003570557
14938	3416.057586669922
14938	3416.057586669922
14939	2876.6050338745117
14939	2876.6050338745117
14940	2933.6233139038086
14940	2933.6233139038086
14941	3345.6368446350098
14941	3345.6368446350098
14942	2436.418294906616
14942	2436.418294906616
14943	2715.9423828125
14943	2715.9423828125
14944	2854.285478591919
14944	2854.285478591919
14945	3976.1271476745605
14945	3976.1271476745605
14946	2265.0575637817383
14946	2265.0575637817383
14947	2818.2990550994873
14947	2818.2990550994873
14948	2361.3367080688477
14948	2361.3367080688477
14949	3299.4840145111084
14949	3299.4840145111084
14950	3884.518623352051
14950	3884.518623352051
14951	3312.1373653411865
14951	3312.1373653411865
14952	3582.3566913604736
14952	3582.3566913604736
14953	3300.4021644592285
14953	3300.4021644592285
14954	2986.4633083343506
14954	2986.4633083343506
14955	2760.089874267578
14955	2760.089874267578
14956	3441.305160522461
14956	3441.305160522461
14957	3191.293239593506
14957	3191.293239593506
14958	3205.0511837005615
14958	3205.0511837005615
14959	3806.3292503356934
14959	3806.3292503356934
14960	4484.600782394409
14960	4484.600782394409
14961	3196.261405944824
14961	3196.261405944824
14962	2660.3167057037354
14962	2660.3167057037354
14963	3464.261054992676
14963	3464.261054992676
14964	2811.2754821777344
14964	2811.2754821777344
14965	2856.83536529541
14965	2856.83536529541
14966	3395.444393157959
14966	3395.444393157959
14967	2877.289295196533
14967	2877.289295196533
14968	2804.903507232666
14968	2804.903507232666
14969	2798.527956008911
14969	2798.527956008911
14970	4329.631328582764
14970	4329.631328582764
14971	2598.9959239959717
14971	2598.9959239959717
14972	3432.105302810669
14972	3432.105302810669
14973	3537.686347961426
14973	3537.686347961426
14974	3124.892473220825
14974	3124.892473220825
14975	3097.1646308898926
14975	3097.1646308898926
14976	3368.0951595306396
14976	3368.0951595306396
14977	3471.445322036743
14977	3471.445322036743
14978	2706.2408924102783
14978	2706.2408924102783
14979	2914.903163909912
14979	2914.903163909912
14980	4048.348903656006
14980	4048.348903656006
14981	2430.112838745117
14981	2430.112838745117
14982	2965.0282859802246
14982	2965.0282859802246
14983	3064.3951892852783
14983	3064.3951892852783
14984	2886.0363960266113
14984	2886.0363960266113
14985	3101.3617515563965
14985	3101.3617515563965
14986	3363.6462688446045
14986	3363.6462688446045
14987	2902.5347232818604
14987	2902.5347232818604
14988	3221.590518951416
14988	3221.590518951416
14989	3411.1738204956055
14989	3411.1738204956055
14990	3933.277368545532
14990	3933.277368545532
14991	2426.9773960113525
14991	2426.9773960113525
14992	2581.2575817108154
14992	2581.2575817108154
14993	3513.429641723633
14993	3513.429641723633
14994	3018.95809173584
14994	3018.95809173584
14995	2303.4274578094482
14995	2303.4274578094482
14996	3056.9114685058594
14996	3056.9114685058594
14997	3127.3717880249023
14997	3127.3717880249023
14998	3026.8352031707764
14998	3026.8352031707764
14999	3348.3564853668213
14999	3348.3564853668213
15000	17500.592708587646
15000	17500.592708587646
15001	1776.4294147491455
15001	1776.4294147491455
15002	2138.5719776153564
15002	2138.5719776153564
15003	2006.385326385498
15003	2006.385326385498
15004	1863.7914657592773
15004	1863.7914657592773
15005	2383.7242126464844
15005	2383.7242126464844
15006	1981.032371520996
15006	1981.032371520996
15007	1707.1592807769775
15007	1707.1592807769775
15008	2179.734945297241
15008	2179.734945297241
15009	2105.3996086120605
15009	2105.3996086120605
15010	2728.9068698883057
15010	2728.9068698883057
15011	1839.7276401519775
15011	1839.7276401519775
15012	2218.406915664673
15012	2218.406915664673
15013	2154.9112796783447
15013	2154.9112796783447
15014	2087.754487991333
15014	2087.754487991333
15015	2152.414321899414
15015	2152.414321899414
15016	2056.8184852600098
15016	2056.8184852600098
15017	1965.8198356628418
15017	1965.8198356628418
15018	2135.92529296875
15018	2135.92529296875
15019	1780.278205871582
15019	1780.278205871582
15020	2493.781566619873
15020	2493.781566619873
15021	1764.6594047546387
15021	1764.6594047546387
15022	1909.372329711914
15022	1909.372329711914
15023	1550.011157989502
15023	1550.011157989502
15024	1764.282464981079
15024	1764.282464981079
15025	2291.9154167175293
15025	2291.9154167175293
15026	1548.5384464263916
15026	1548.5384464263916
15027	1552.3548126220703
15027	1552.3548126220703
15028	2074.422597885132
15028	2074.422597885132
15029	1876.582384109497
15029	1876.582384109497
15030	2792.228937149048
15030	2792.228937149048
15031	1877.1421909332275
15031	1877.1421909332275
15032	2169.5680618286133
15032	2169.5680618286133
15033	1817.3272609710693
15033	1817.3272609710693
15034	1892.7829265594482
15034	1892.7829265594482
15035	2201.5528678894043
15035	2201.5528678894043
15036	1747.1888065338135
15036	1747.1888065338135
15037	2044.4509983062744
15037	2044.4509983062744
15038	2107.3410511016846
15038	2107.3410511016846
15039	2060.7974529266357
15039	2060.7974529266357
15040	3206.103563308716
15040	3206.103563308716
15041	1898.9455699920654
15041	1898.9455699920654
15042	1750.6697177886963
15042	1750.6697177886963
15043	1839.4083976745605
15043	1839.4083976745605
15044	1831.277847290039
15044	1831.277847290039
15045	2003.558874130249
15045	2003.558874130249
15046	2117.2258853912354
15046	2117.2258853912354
15047	1953.6616802215576
15047	1953.6616802215576
15048	2028.0194282531738
15048	2028.0194282531738
15049	1804.5423030853271
15049	1804.5423030853271
15050	2895.555019378662
15050	2895.555019378662
15051	1949.3310451507568
15051	1949.3310451507568
15052	1654.6142101287842
15052	1654.6142101287842
15053	1898.252010345459
15053	1898.252010345459
15054	1874.3891716003418
15054	1874.3891716003418
15055	1889.7154331207275
15055	1889.7154331207275
15056	1800.0907897949219
15056	1800.0907897949219
15057	1884.7861289978027
15057	1884.7861289978027
15058	1750.7779598236084
15058	1750.7779598236084
15059	1893.1360244750977
15059	1893.1360244750977
15060	2528.50604057312
15060	2528.50604057312
15061	1888.3728981018066
15061	1888.3728981018066
15062	1841.6831493377686
15062	1841.6831493377686
15063	1804.5854568481445
15063	1804.5854568481445
15064	1830.8987617492676
15064	1830.8987617492676
15065	1830.6660652160645
15065	1830.6660652160645
15066	1896.1243629455566
15066	1896.1243629455566
15067	1858.9990139007568
15067	1858.9990139007568
15068	1922.9085445404053
15068	1922.9085445404053
15069	1873.6681938171387
15069	1873.6681938171387
15070	2490.27943611145
15070	2490.27943611145
15071	2061.2411499023438
15071	2061.2411499023438
15072	1739.8459911346436
15072	1739.8459911346436
15073	1978.147268295288
15073	1978.147268295288
15074	2000.0450611114502
15074	2000.0450611114502
15075	1711.733341217041
15075	1711.733341217041
15076	1915.5917167663574
15076	1915.5917167663574
15077	1952.1782398223877
15077	1952.1782398223877
15078	1727.7495861053467
15078	1727.7495861053467
15079	2281.461477279663
15079	2281.461477279663
15080	2954.6473026275635
15080	2954.6473026275635
15081	2006.9499015808105
15081	2006.9499015808105
15082	2053.4048080444336
15082	2053.4048080444336
15083	2276.073932647705
15083	2276.073932647705
15084	1837.9096984863281
15084	1837.9096984863281
15085	1634.4776153564453
15085	1634.4776153564453
15086	2081.3848972320557
15086	2081.3848972320557
15087	1597.2599983215332
15087	1597.2599983215332
15088	1759.7098350524902
15088	1759.7098350524902
15089	1825.8976936340332
15089	1825.8976936340332
15090	2730.32283782959
15090	2730.32283782959
15091	1765.235424041748
15091	1765.235424041748
15092	1802.3457527160645
15092	1802.3457527160645
15093	1819.786548614502
15093	1819.786548614502
15094	2189.88037109375
15094	2189.88037109375
15095	1914.5493507385254
15095	1914.5493507385254
15096	1793.858289718628
15096	1793.858289718628
15097	2117.732524871826
15097	2117.732524871826
15098	2147.0680236816406
15098	2147.0680236816406
15099	1763.5245323181152
15099	1763.5245323181152
15100	5737.034559249878
15100	5737.034559249878
15101	1562.9966259002686
15101	1562.9966259002686
15102	2018.9323425292969
15102	2018.9323425292969
15103	1784.355878829956
15103	1784.355878829956
15104	2036.3621711730957
15104	2036.3621711730957
15105	1866.1742210388184
15105	1866.1742210388184
15106	2066.5173530578613
15106	2066.5173530578613
15107	2483.243942260742
15107	2483.243942260742
15108	2668.9376831054688
15108	2668.9376831054688
15109	2854.6626567840576
15109	2854.6626567840576
15110	3336.219072341919
15110	3336.219072341919
15111	2621.2098598480225
15111	2621.2098598480225
15112	2827.371597290039
15112	2827.371597290039
15113	2162.6768112182617
15113	2162.6768112182617
15114	3291.145086288452
15114	3291.145086288452
15115	3215.8427238464355
15115	3215.8427238464355
15116	2974.9395847320557
15116	2974.9395847320557
15117	2675.5945682525635
15117	2675.5945682525635
15118	3160.7253551483154
15118	3160.7253551483154
15119	2946.5818405151367
15119	2946.5818405151367
15120	3358.0896854400635
15120	3358.0896854400635
15121	3388.7460231781006
15121	3388.7460231781006
15122	2017.7221298217773
15122	2017.7221298217773
15123	2485.600471496582
15123	2485.600471496582
15124	2565.739154815674
15124	2565.739154815674
15125	4170.239686965942
15125	4170.239686965942
15126	2899.1992473602295
15126	2899.1992473602295
15127	2508.228302001953
15127	2508.228302001953
15128	2907.715320587158
15128	2907.715320587158
15129	3263.6702060699463
15129	3263.6702060699463
15130	2967.2927856445312
15130	2967.2927856445312
15131	2888.4799480438232
15131	2888.4799480438232
15132	2978.652000427246
15132	2978.652000427246
15133	3197.0160007476807
15133	3197.0160007476807
15134	2337.817430496216
15134	2337.817430496216
15135	2350.367307662964
15135	2350.367307662964
15136	3145.890474319458
15136	3145.890474319458
15137	3008.732318878174
15137	3008.732318878174
15138	2415.2586460113525
15138	2415.2586460113525
15139	2705.451250076294
15139	2705.451250076294
15140	3443.7408447265625
15140	3443.7408447265625
15141	3282.1426391601562
15141	3282.1426391601562
15142	3121.307373046875
15142	3121.307373046875
15143	2898.531913757324
15143	2898.531913757324
15144	2958.7161540985107
15144	2958.7161540985107
15145	3059.6444606781006
15145	3059.6444606781006
15146	2999.534845352173
15146	2999.534845352173
15147	3045.9001064300537
15147	3045.9001064300537
15148	2974.5001792907715
15148	2974.5001792907715
15149	2947.5388526916504
15149	2947.5388526916504
15150	3731.3928604125977
15150	3731.3928604125977
15151	2865.5030727386475
15151	2865.5030727386475
15152	3179.6464920043945
15152	3179.6464920043945
15153	3124.8021125793457
15153	3124.8021125793457
15154	2699.6920108795166
15154	2699.6920108795166
15155	2363.1751537323
15155	2363.1751537323
15156	2851.5310287475586
15156	2851.5310287475586
15157	2328.6354541778564
15157	2328.6354541778564
15158	2699.770927429199
15158	2699.770927429199
15159	2718.3797359466553
15159	2718.3797359466553
15160	4033.5214138031006
15160	4033.5214138031006
15161	2259.9730491638184
15161	2259.9730491638184
15162	2757.676124572754
15162	2757.676124572754
15163	3075.923442840576
15163	3075.923442840576
15164	2729.853630065918
15164	2729.853630065918
15165	3214.6224975585938
15165	3214.6224975585938
15166	2943.380117416382
15166	2943.380117416382
15167	2847.5899696350098
15167	2847.5899696350098
15168	2974.9786853790283
15168	2974.9786853790283
15169	2569.4518089294434
15169	2569.4518089294434
15170	3214.16974067688
15170	3214.16974067688
15171	2229.6009063720703
15171	2229.6009063720703
15172	2492.6841259002686
15172	2492.6841259002686
15173	2673.138380050659
15173	2673.138380050659
15174	2773.4456062316895
15174	2773.4456062316895
15175	2378.9608478546143
15175	2378.9608478546143
15176	3008.118152618408
15176	3008.118152618408
15177	2905.683755874634
15177	2905.683755874634
15178	2806.041955947876
15178	2806.041955947876
15179	3060.413599014282
15179	3060.413599014282
15180	3752.8693675994873
15180	3752.8693675994873
15181	3230.4255962371826
15181	3230.4255962371826
15182	2921.0047721862793
15182	2921.0047721862793
15183	2498.783826828003
15183	2498.783826828003
15184	2982.3901653289795
15184	2982.3901653289795
15185	2569.82421875
15185	2569.82421875
15186	2748.4562397003174
15186	2748.4562397003174
15187	2160.8455181121826
15187	2160.8455181121826
15188	2350.6710529327393
15188	2350.6710529327393
15189	2948.6074447631836
15189	2948.6074447631836
15190	3949.4762420654297
15190	3949.4762420654297
15191	2668.8883304595947
15191	2668.8883304595947
15192	2686.4421367645264
15192	2686.4421367645264
15193	2608.0310344696045
15193	2608.0310344696045
15194	2798.4888553619385
15194	2798.4888553619385
15195	2736.807346343994
15195	2736.807346343994
15196	2647.0274925231934
15196	2647.0274925231934
15197	3104.975938796997
15197	3104.975938796997
15198	3026.512622833252
15198	3026.512622833252
15199	3048.4373569488525
15199	3048.4373569488525
15200	3149.2786407470703
15200	3149.2786407470703
15201	2498.432397842407
15201	2498.432397842407
15202	2712.644338607788
15202	2712.644338607788
15203	1871.899127960205
15203	1871.899127960205
15204	3216.752767562866
15204	3216.752767562866
15205	2272.6035118103027
15205	2272.6035118103027
15206	2163.628339767456
15206	2163.628339767456
15207	2535.5403423309326
15207	2535.5403423309326
15208	3211.979389190674
15208	3211.979389190674
15209	2916.5728092193604
15209	2916.5728092193604
15210	3700.3211975097656
15210	3700.3211975097656
15211	2656.5253734588623
15211	2656.5253734588623
15212	2596.4856147766113
15212	2596.4856147766113
15213	3318.9148902893066
15213	3318.9148902893066
15214	2963.697910308838
15214	2963.697910308838
15215	2744.720458984375
15215	2744.720458984375
15216	2651.0255336761475
15216	2651.0255336761475
15217	2484.671115875244
15217	2484.671115875244
15218	2540.1461124420166
15218	2540.1461124420166
15219	2564.4519329071045
15219	2564.4519329071045
15220	3509.860038757324
15220	3509.860038757324
15221	2543.6840057373047
15221	2543.6840057373047
15222	2793.6413288116455
15222	2793.6413288116455
15223	2678.795099258423
15223	2678.795099258423
15224	2708.789825439453
15224	2708.789825439453
15225	2955.698251724243
15225	2955.698251724243
15226	2726.799249649048
15226	2726.799249649048
15227	2875.3716945648193
15227	2875.3716945648193
15228	3094.949722290039
15228	3094.949722290039
15229	2110.5690002441406
15229	2110.5690002441406
15230	3105.900287628174
15230	3105.900287628174
15231	2317.636728286743
15231	2317.636728286743
15232	2264.1289234161377
15232	2264.1289234161377
15233	2242.7773475646973
15233	2242.7773475646973
15234	2460.948944091797
15234	2460.948944091797
15235	2801.1813163757324
15235	2801.1813163757324
15236	2761.899948120117
15236	2761.899948120117
15237	2729.383945465088
15237	2729.383945465088
15238	2840.012311935425
15238	2840.012311935425
15239	2926.266670227051
15239	2926.266670227051
15240	3769.3099975585938
15240	3769.3099975585938
15241	2937.164068222046
15241	2937.164068222046
15242	3161.5679264068604
15242	3161.5679264068604
15243	3137.232780456543
15243	3137.232780456543
15244	2775.7701873779297
15244	2775.7701873779297
15245	2538.4089946746826
15245	2538.4089946746826
15246	2364.553451538086
15246	2364.553451538086
15247	2771.343231201172
15247	2771.343231201172
15248	2416.910409927368
15248	2416.910409927368
15249	2655.1551818847656
15249	2655.1551818847656
15250	3607.3896884918213
15250	3607.3896884918213
15251	2873.188257217407
15251	2873.188257217407
15252	2839.956045150757
15252	2839.956045150757
15253	2756.61563873291
15253	2756.61563873291
15254	3028.2750129699707
15254	3028.2750129699707
15255	3083.1258296966553
15255	3083.1258296966553
15256	2776.9877910614014
15256	2776.9877910614014
15257	2747.081756591797
15257	2747.081756591797
15258	2788.2912158966064
15258	2788.2912158966064
15259	3190.6864643096924
15259	3190.6864643096924
15260	3266.66259765625
15260	3266.66259765625
15261	2578.702449798584
15261	2578.702449798584
15262	2227.3693084716797
15262	2227.3693084716797
15263	2492.129325866699
15263	2492.129325866699
15264	2617.096185684204
15264	2617.096185684204
15265	2810.093402862549
15265	2810.093402862549
15266	2769.90008354187
15266	2769.90008354187
15267	3727.4301052093506
15267	3727.4301052093506
15268	2925.5168437957764
15268	2925.5168437957764
15269	2349.048137664795
15269	2349.048137664795
15270	3319.199562072754
15270	3319.199562072754
15271	2833.519697189331
15271	2833.519697189331
15272	2514.594316482544
15272	2514.594316482544
15273	2560.8181953430176
15273	2560.8181953430176
15274	2504.6656131744385
15274	2504.6656131744385
15275	2930.0055503845215
15275	2930.0055503845215
15276	3060.779333114624
15276	3060.779333114624
15277	2664.3545627593994
15277	2664.3545627593994
15278	3058.3062171936035
15278	3058.3062171936035
15279	2813.685417175293
15279	2813.685417175293
15280	3783.0822467803955
15280	3783.0822467803955
15281	2953.209400177002
15281	2953.209400177002
15282	3211.1730575561523
15282	3211.1730575561523
15283	2654.5839309692383
15283	2654.5839309692383
15284	2688.1000995635986
15284	2688.1000995635986
15285	2636.563539505005
15285	2636.563539505005
15286	2770.9343433380127
15286	2770.9343433380127
15287	2275.434732437134
15287	2275.434732437134
15288	2793.3974266052246
15288	2793.3974266052246
15289	2167.283535003662
15289	2167.283535003662
15290	3392.2207355499268
15290	3392.2207355499268
15291	2564.8293495178223
15291	2564.8293495178223
15292	2706.5653800964355
15292	2706.5653800964355
15293	2653.881072998047
15293	2653.881072998047
15294	2200.827121734619
15294	2200.827121734619
15295	3017.7135467529297
15295	3017.7135467529297
15296	2780.2703380584717
15296	2780.2703380584717
15297	2689.2833709716797
15297	2689.2833709716797
15298	1751.3277530670166
15298	1751.3277530670166
15299	1800.7831573486328
15299	1800.7831573486328
15300	2707.0960998535156
15300	2707.0960998535156
15301	1992.8779602050781
15301	1992.8779602050781
15302	1895.3888416290283
15302	1895.3888416290283
15303	1875.0243186950684
15303	1875.0243186950684
15304	1708.1327438354492
15304	1708.1327438354492
15305	1902.301549911499
15305	1902.301549911499
15306	1797.8096008300781
15306	1797.8096008300781
15307	1762.2785568237305
15307	1762.2785568237305
15308	1682.0878982543945
15308	1682.0878982543945
15309	1738.9850616455078
15309	1738.9850616455078
15310	2945.0252056121826
15310	2945.0252056121826
15311	1860.9845638275146
15311	1860.9845638275146
15312	1891.038179397583
15312	1891.038179397583
15313	1843.055248260498
15313	1843.055248260498
15314	1539.0331745147705
15314	1539.0331745147705
15315	1540.4753684997559
15315	1540.4753684997559
15316	1490.0789260864258
15316	1490.0789260864258
15317	1815.5467510223389
15317	1815.5467510223389
15318	1586.0655307769775
15318	1586.0655307769775
15319	1859.1229915618896
15319	1859.1229915618896
15320	2567.58189201355
15320	2567.58189201355
15321	1839.5335674285889
15321	1839.5335674285889
15322	2127.3021697998047
15322	2127.3021697998047
15323	1845.381259918213
15323	1845.381259918213
15324	1912.6827716827393
15324	1912.6827716827393
15325	1839.1902446746826
15325	1839.1902446746826
15326	2258.270025253296
15326	2258.270025253296
15327	1763.7701034545898
15327	1763.7701034545898
15328	1771.5463638305664
15328	1771.5463638305664
15329	1954.3602466583252
15329	1954.3602466583252
15330	2762.5436782836914
15330	2762.5436782836914
15331	1822.2801685333252
15331	1822.2801685333252
15332	1903.7957191467285
15332	1903.7957191467285
15333	2060.9216690063477
15333	2060.9216690063477
15334	2031.6669940948486
15334	2031.6669940948486
15335	1832.9832553863525
15335	1832.9832553863525
15336	1683.6352348327637
15336	1683.6352348327637
15337	1787.1577739715576
15337	1787.1577739715576
15338	1819.7295665740967
15338	1819.7295665740967
15339	1833.0426216125488
15339	1833.0426216125488
15340	2628.4632682800293
15340	2628.4632682800293
15341	1799.992322921753
15341	1799.992322921753
15342	2057.051420211792
15342	2057.051420211792
15343	2151.6401767730713
15343	2151.6401767730713
15344	1729.0747165679932
15344	1729.0747165679932
15345	1735.821008682251
15345	1735.821008682251
15346	3427.737236022949
15346	3427.737236022949
15347	1670.9041595458984
15347	1670.9041595458984
15348	1886.0890865325928
15348	1886.0890865325928
15349	1786.9548797607422
15349	1786.9548797607422
15350	2759.1981887817383
15350	2759.1981887817383
15351	2083.8115215301514
15351	2083.8115215301514
15352	1662.6808643341064
15352	1662.6808643341064
15353	1674.2424964904785
15353	1674.2424964904785
15354	1727.3337841033936
15354	1727.3337841033936
15355	1876.9381046295166
15355	1876.9381046295166
15356	1691.5266513824463
15356	1691.5266513824463
15357	1770.3251838684082
15357	1770.3251838684082
15358	1727.2346019744873
15358	1727.2346019744873
15359	2055.791139602661
15359	2055.791139602661
15360	3032.472848892212
15360	3032.472848892212
15361	1750.9105205535889
15361	1750.9105205535889
15362	1862.97607421875
15362	1862.97607421875
15363	2010.3013515472412
15363	2010.3013515472412
15364	1822.8306770324707
15364	1822.8306770324707
15365	1985.8043193817139
15365	1985.8043193817139
15366	1878.0584335327148
15366	1878.0584335327148
15367	2131.5884590148926
15367	2131.5884590148926
15368	1687.9725456237793
15368	1687.9725456237793
15369	1910.1746082305908
15369	1910.1746082305908
15370	2557.753324508667
15370	2557.753324508667
15371	1756.1790943145752
15371	1756.1790943145752
15372	1861.4685535430908
15372	1861.4685535430908
15373	1992.7747249603271
15373	1992.7747249603271
15374	1901.926040649414
15374	1901.926040649414
15375	1831.7229747772217
15375	1831.7229747772217
15376	1726.792573928833
15376	1726.792573928833
15377	1601.8683910369873
15377	1601.8683910369873
15378	1669.2907810211182
15378	1669.2907810211182
15379	1871.2494373321533
15379	1871.2494373321533
15380	2569.894552230835
15380	2569.894552230835
15381	1840.9678936004639
15381	1840.9678936004639
15382	1838.5872840881348
15382	1838.5872840881348
15383	1469.8915481567383
15383	1469.8915481567383
15384	1520.1873779296875
15384	1520.1873779296875
15385	2012.3424530029297
15385	2012.3424530029297
15386	1702.0025253295898
15386	1702.0025253295898
15387	2101.633071899414
15387	2101.633071899414
15388	2642.263889312744
15388	2642.263889312744
15389	1801.9497394561768
15389	1801.9497394561768
15390	3614.530563354492
15390	3614.530563354492
15391	2689.521551132202
15391	2689.521551132202
15392	2164.390802383423
15392	2164.390802383423
15393	2435.9235763549805
15393	2435.9235763549805
15394	2298.7003326416016
15394	2298.7003326416016
15395	2020.3406810760498
15395	2020.3406810760498
15396	2350.017309188843
15396	2350.017309188843
15397	2492.4352169036865
15397	2492.4352169036865
15398	1991.3668632507324
15398	1991.3668632507324
15399	1934.5169067382812
15399	1934.5169067382812
15400	3106.3573360443115
15400	3106.3573360443115
15401	2217.6082134246826
15401	2217.6082134246826
15402	2379.6777725219727
15402	2379.6777725219727
15403	1888.8623714447021
15403	1888.8623714447021
15404	2011.728048324585
15404	2011.728048324585
15405	1992.0949935913086
15405	1992.0949935913086
15406	2404.9999713897705
15406	2404.9999713897705
15407	2501.5313625335693
15407	2501.5313625335693
15408	2201.9758224487305
15408	2201.9758224487305
15409	3504.8539638519287
15409	3504.8539638519287
15410	3736.7618083953857
15410	3736.7618083953857
15411	2775.315284729004
15411	2775.315284729004
15412	2630.1958560943604
15412	2630.1958560943604
15413	2105.1032543182373
15413	2105.1032543182373
15414	2982.7778339385986
15414	2982.7778339385986
15415	2977.1063327789307
15415	2977.1063327789307
15416	2965.1944637298584
15416	2965.1944637298584
15417	2803.666353225708
15417	2803.666353225708
15418	3430.1071166992188
15418	3430.1071166992188
15419	2742.6717281341553
15419	2742.6717281341553
15420	4776.2603759765625
15420	4776.2603759765625
15421	3235.039472579956
15421	3235.039472579956
15422	3274.0230560302734
15422	3274.0230560302734
15423	3782.355308532715
15423	3782.355308532715
15424	3288.116455078125
15424	3288.116455078125
15425	2792.6552295684814
15425	2792.6552295684814
15426	3449.7692584991455
15426	3449.7692584991455
15427	3740.074872970581
15427	3740.074872970581
15428	3438.187599182129
15428	3438.187599182129
15429	3231.9955825805664
15429	3231.9955825805664
15430	4380.305290222168
15430	4380.305290222168
15431	2472.2509384155273
15431	2472.2509384155273
15432	3273.2093334198
15432	3273.2093334198
15433	3288.2752418518066
15433	3288.2752418518066
15434	2381.8180561065674
15434	2381.8180561065674
15435	2375.706911087036
15435	2375.706911087036
15436	2594.5723056793213
15436	2594.5723056793213
15437	2049.0002632141113
15437	2049.0002632141113
15438	2385.8227729797363
15438	2385.8227729797363
15439	2554.942846298218
15439	2554.942846298218
15440	4277.962684631348
15440	4277.962684631348
15441	4018.440008163452
15441	4018.440008163452
15442	2946.457862854004
15442	2946.457862854004
15443	2673.7442016601562
15443	2673.7442016601562
15444	3090.242624282837
15444	3090.242624282837
15445	3513.331890106201
15445	3513.331890106201
15446	2757.0505142211914
15446	2757.0505142211914
15447	2749.0224838256836
15447	2749.0224838256836
15448	3979.4790744781494
15448	3979.4790744781494
15449	3153.1314849853516
15449	3153.1314849853516
15450	4619.8625564575195
15450	4619.8625564575195
15451	3236.5450859069824
15451	3236.5450859069824
15452	3001.7354488372803
15452	3001.7354488372803
15453	3372.668504714966
15453	3372.668504714966
15454	3733.2332134246826
15454	3733.2332134246826
15455	2572.2126960754395
15455	2572.2126960754395
15456	3587.350368499756
15456	3587.350368499756
15457	3759.251356124878
15457	3759.251356124878
15458	3652.6222229003906
15458	3652.6222229003906
15459	3001.5158653259277
15459	3001.5158653259277
15460	3978.0828952789307
15460	3978.0828952789307
15461	3386.2669467926025
15461	3386.2669467926025
15462	3060.6417655944824
15462	3060.6417655944824
15463	2930.2191734313965
15463	2930.2191734313965
15464	3016.7791843414307
15464	3016.7791843414307
15465	2655.0612449645996
15465	2655.0612449645996
15466	3348.0710983276367
15466	3348.0710983276367
15467	2651.285171508789
15467	2651.285171508789
15468	3183.6915016174316
15468	3183.6915016174316
15469	3178.3528327941895
15469	3178.3528327941895
15470	5607.168674468994
15470	5607.168674468994
15471	3495.3653812408447
15471	3495.3653812408447
15472	4569.726467132568
15472	4569.726467132568
15473	3490.715980529785
15473	3490.715980529785
15474	3860.4953289031982
15474	3860.4953289031982
15475	3691.288948059082
15475	3691.288948059082
15476	3674.6065616607666
15476	3674.6065616607666
15477	3395.0846195220947
15477	3395.0846195220947
15478	3479.264259338379
15478	3479.264259338379
15479	3535.7823371887207
15479	3535.7823371887207
15480	4422.4255084991455
15480	4422.4255084991455
15481	2610.1534366607666
15481	2610.1534366607666
15482	2199.4614601135254
15482	2199.4614601135254
15483	2621.9863891601562
15483	2621.9863891601562
15484	2631.9727897644043
15484	2631.9727897644043
15485	3088.3095264434814
15485	3088.3095264434814
15486	3549.506902694702
15486	3549.506902694702
15487	2449.1260051727295
15487	2449.1260051727295
15488	3226.4230251312256
15488	3226.4230251312256
15489	3020.155668258667
15489	3020.155668258667
15490	5532.623052597046
15490	5532.623052597046
15491	3216.5725231170654
15491	3216.5725231170654
15492	3287.9929542541504
15492	3287.9929542541504
15493	2743.7055110931396
15493	2743.7055110931396
15494	3017.9381370544434
15494	3017.9381370544434
15495	2920.8247661590576
15495	2920.8247661590576
15496	3044.449806213379
15496	3044.449806213379
15497	2479.0050983428955
15497	2479.0050983428955
15498	2978.2776832580566
15498	2978.2776832580566
15499	3043.4043407440186
15499	3043.4043407440186
15500	11988.346576690674
15500	11988.346576690674
15501	2790.745735168457
15501	2790.745735168457
15502	3251.6753673553467
15502	3251.6753673553467
15503	3008.049488067627
15503	3008.049488067627
15504	2877.88462638855
15504	2877.88462638855
15505	3025.752544403076
15505	3025.752544403076
15506	3281.6619873046875
15506	3281.6619873046875
15507	2758.814573287964
15507	2758.814573287964
15508	3075.3982067108154
15508	3075.3982067108154
15509	2803.446054458618
15509	2803.446054458618
15510	4474.727630615234
15510	4474.727630615234
15511	2982.9189777374268
15511	2982.9189777374268
15512	2712.09454536438
15512	2712.09454536438
15513	3345.804214477539
15513	3345.804214477539
15514	2619.0292835235596
15514	2619.0292835235596
15515	2346.9765186309814
15515	2346.9765186309814
15516	3730.9398651123047
15516	3730.9398651123047
15517	2850.3658771514893
15517	2850.3658771514893
15518	2963.7155532836914
15518	2963.7155532836914
15519	3631.3252449035645
15519	3631.3252449035645
15520	4331.323862075806
15520	4331.323862075806
15521	2879.8487186431885
15521	2879.8487186431885
15522	2745.1066970825195
15522	2745.1066970825195
15523	2569.011449813843
15523	2569.011449813843
15524	2649.5981216430664
15524	2649.5981216430664
15525	2683.781385421753
15525	2683.781385421753
15526	3205.1949501037598
15526	3205.1949501037598
15527	2911.886215209961
15527	2911.886215209961
15528	3540.1172637939453
15528	3540.1172637939453
15529	3244.3361282348633
15529	3244.3361282348633
15530	4059.6017837524414
15530	4059.6017837524414
15531	3078.857421875
15531	3078.857421875
15532	3177.983283996582
15532	3177.983283996582
15533	3579.7972679138184
15533	3579.7972679138184
15534	3263.64803314209
15534	3263.64803314209
15535	2497.8997707366943
15535	2497.8997707366943
15536	3704.768657684326
15536	3704.768657684326
15537	3041.3904190063477
15537	3041.3904190063477
15538	2928.210496902466
15538	2928.210496902466
15539	3086.3282680511475
15539	3086.3282680511475
15540	4295.3948974609375
15540	4295.3948974609375
15541	3846.219778060913
15541	3846.219778060913
15542	2747.394561767578
15542	2747.394561767578
15543	2927.0598888397217
15543	2927.0598888397217
15544	3070.0485706329346
15544	3070.0485706329346
15545	3456.054210662842
15545	3456.054210662842
15546	3540.3945446014404
15546	3540.3945446014404
15547	3465.2106761932373
15547	3465.2106761932373
15548	3294.26646232605
15548	3294.26646232605
15549	3444.582462310791
15549	3444.582462310791
15550	4682.758569717407
15550	4682.758569717407
15551	3360.809326171875
15551	3360.809326171875
15552	2803.065299987793
15552	2803.065299987793
15553	5332.90958404541
15553	5332.90958404541
15554	3115.9262657165527
15554	3115.9262657165527
15555	3287.8293991088867
15555	3287.8293991088867
15556	2868.868589401245
15556	2868.868589401245
15557	2812.553882598877
15557	2812.553882598877
15558	3248.873472213745
15558	3248.873472213745
15559	3004.988670349121
15559	3004.988670349121
15560	4077.4834156036377
15560	4077.4834156036377
15561	2813.485622406006
15561	2813.485622406006
15562	3187.4678134918213
15562	3187.4678134918213
15563	2680.9403896331787
15563	2680.9403896331787
15564	2236.7053031921387
15564	2236.7053031921387
15565	2347.794771194458
15565	2347.794771194458
15566	2770.2090740203857
15566	2770.2090740203857
15567	3374.0673065185547
15567	3374.0673065185547
15568	2201.3463973999023
15568	2201.3463973999023
15569	2105.5521965026855
15569	2105.5521965026855
15570	3035.332202911377
15570	3035.332202911377
15571	2555.748224258423
15571	2555.748224258423
15572	1850.0103950500488
15572	1850.0103950500488
15573	1627.3200511932373
15573	1627.3200511932373
15574	1575.5786895751953
15574	1575.5786895751953
15575	1551.7547130584717
15575	1551.7547130584717
15576	1930.349588394165
15576	1930.349588394165
15577	1427.8299808502197
15577	1427.8299808502197
15578	1527.0860195159912
15578	1527.0860195159912
15579	1329.2443752288818
15579	1329.2443752288818
15580	2548.7053394317627
15580	2548.7053394317627
15581	1657.2999954223633
15581	1657.2999954223633
15582	1527.627944946289
15582	1527.627944946289
15583	1440.9077167510986
15583	1440.9077167510986
15584	1397.3143100738525
15584	1397.3143100738525
15585	1784.813404083252
15585	1784.813404083252
15586	1610.9161376953125
15586	1610.9161376953125
15587	1660.4974269866943
15587	1660.4974269866943
15588	1967.0767784118652
15588	1967.0767784118652
15589	2223.332643508911
15589	2223.332643508911
15590	2876.1088848114014
15590	2876.1088848114014
15591	2106.66823387146
15591	2106.66823387146
15592	2065.667152404785
15592	2065.667152404785
15593	1953.6571502685547
15593	1953.6571502685547
15594	1912.961483001709
15594	1912.961483001709
15595	1771.3234424591064
15595	1771.3234424591064
15596	1924.3242740631104
15596	1924.3242740631104
15597	2049.7488975524902
15597	2049.7488975524902
15598	2116.0988807678223
15598	2116.0988807678223
15599	1811.8605613708496
15599	1811.8605613708496
15600	3248.4869956970215
15600	3248.4869956970215
15601	1949.411392211914
15601	1949.411392211914
15602	1945.784330368042
15602	1945.784330368042
15603	1981.0092449188232
15603	1981.0092449188232
15604	1960.8206748962402
15604	1960.8206748962402
15605	1926.8910884857178
15605	1926.8910884857178
15606	1790.5981540679932
15606	1790.5981540679932
15607	1814.4874572753906
15607	1814.4874572753906
15608	1902.5115966796875
15608	1902.5115966796875
15609	1701.324224472046
15609	1701.324224472046
15610	2961.010694503784
15610	2961.010694503784
15611	1685.957908630371
15611	1685.957908630371
15612	2152.8310775756836
15612	2152.8310775756836
15613	1844.8562622070312
15613	1844.8562622070312
15614	1854.2454242706299
15614	1854.2454242706299
15615	2065.4847621917725
15615	2065.4847621917725
15616	2500.5929470062256
15616	2500.5929470062256
15617	1886.8036270141602
15617	1886.8036270141602
15618	1831.9957256317139
15618	1831.9957256317139
15619	2037.9090309143066
15619	2037.9090309143066
15620	3132.0416927337646
15620	3132.0416927337646
15621	2304.340124130249
15621	2304.340124130249
15622	2003.5035610198975
15622	2003.5035610198975
15623	1933.9754581451416
15623	1933.9754581451416
15624	1701.796531677246
15624	1701.796531677246
15625	1825.0210285186768
15625	1825.0210285186768
15626	1861.2382411956787
15626	1861.2382411956787
15627	1568.6767101287842
15627	1568.6767101287842
15628	2214.1056060791016
15628	2214.1056060791016
15629	1867.4273490905762
15629	1867.4273490905762
15630	3293.721914291382
15630	3293.721914291382
15631	1920.8025932312012
15631	1920.8025932312012
15632	1792.1991348266602
15632	1792.1991348266602
15633	2268.348455429077
15633	2268.348455429077
15634	2035.0775718688965
15634	2035.0775718688965
15635	1760.7910633087158
15635	1760.7910633087158
15636	2022.768259048462
15636	2022.768259048462
15637	2118.8395023345947
15637	2118.8395023345947
15638	1790.5514240264893
15638	1790.5514240264893
15639	1768.7265872955322
15639	1768.7265872955322
15640	2615.664482116699
15640	2615.664482116699
15641	1676.47123336792
15641	1676.47123336792
15642	1928.77197265625
15642	1928.77197265625
15643	1809.7658157348633
15643	1809.7658157348633
15644	1531.9743156433105
15644	1531.9743156433105
15645	1647.014856338501
15645	1647.014856338501
15646	1739.8591041564941
15646	1739.8591041564941
15647	1612.6585006713867
15647	1612.6585006713867
15648	1625.6566047668457
15648	1625.6566047668457
15649	1880.6374073028564
15649	1880.6374073028564
15650	3125.1721382141113
15650	3125.1721382141113
15651	1965.5451774597168
15651	1965.5451774597168
15652	2016.0973072052002
15652	2016.0973072052002
15653	1803.729772567749
15653	1803.729772567749
15654	1941.6029453277588
15654	1941.6029453277588
15655	2148.465156555176
15655	2148.465156555176
15656	1849.9600887298584
15656	1849.9600887298584
15657	1804.2986392974854
15657	1804.2986392974854
15658	1904.1924476623535
15658	1904.1924476623535
15659	2026.1321067810059
15659	2026.1321067810059
15660	3009.716272354126
15660	3009.716272354126
15661	1967.4415588378906
15661	1967.4415588378906
15662	1753.1530857086182
15662	1753.1530857086182
15663	1835.3736400604248
15663	1835.3736400604248
15664	2598.792552947998
15664	2598.792552947998
15665	2177.0594120025635
15665	2177.0594120025635
15666	2055.762529373169
15666	2055.762529373169
15667	2246.8488216400146
15667	2246.8488216400146
15668	2495.311975479126
15668	2495.311975479126
15669	1907.9713821411133
15669	1907.9713821411133
15670	4012.3190879821777
15670	4012.3190879821777
15671	2252.314805984497
15671	2252.314805984497
15672	1990.4899597167969
15672	1990.4899597167969
15673	2387.6707553863525
15673	2387.6707553863525
15674	2221.8196392059326
15674	2221.8196392059326
15675	2036.3397598266602
15675	2036.3397598266602
15676	2697.585105895996
15676	2697.585105895996
15677	2748.6095428466797
15677	2748.6095428466797
15678	2372.0922470092773
15678	2372.0922470092773
15679	2065.5739307403564
15679	2065.5739307403564
15680	4199.745178222656
15680	4199.745178222656
15681	3322.8771686553955
15681	3322.8771686553955
15682	3783.644676208496
15682	3783.644676208496
15683	3502.8276443481445
15683	3502.8276443481445
15684	3239.8533821105957
15684	3239.8533821105957
15685	2608.7915897369385
15685	2608.7915897369385
15686	3221.84681892395
15686	3221.84681892395
15687	2990.010976791382
15687	2990.010976791382
15688	3302.943706512451
15688	3302.943706512451
15689	4135.071754455566
15689	4135.071754455566
15690	4784.735441207886
15690	4784.735441207886
15691	3511.640787124634
15691	3511.640787124634
15692	3485.199451446533
15692	3485.199451446533
15693	3701.917886734009
15693	3701.917886734009
15694	3593.435764312744
15694	3593.435764312744
15695	3747.1537590026855
15695	3747.1537590026855
15696	3862.398624420166
15696	3862.398624420166
15697	4186.128377914429
15697	4186.128377914429
15698	3593.3330059051514
15698	3593.3330059051514
15699	3239.384651184082
15699	3239.384651184082
15700	4488.9235496521
15700	4488.9235496521
15701	2747.8106021881104
15701	2747.8106021881104
15702	3228.031873703003
15702	3228.031873703003
15703	4101.8946170806885
15703	4101.8946170806885
15704	3299.1888523101807
15704	3299.1888523101807
15705	2771.2888717651367
15705	2771.2888717651367
15706	3792.130708694458
15706	3792.130708694458
15707	4211.2321853637695
15707	4211.2321853637695
15708	2692.051887512207
15708	2692.051887512207
15709	2663.3102893829346
15709	2663.3102893829346
15710	4607.45644569397
15710	4607.45644569397
15711	3034.322500228882
15711	3034.322500228882
15712	3029.4337272644043
15712	3029.4337272644043
15713	3614.193916320801
15713	3614.193916320801
15714	3514.545202255249
15714	3514.545202255249
15715	2888.7994289398193
15715	2888.7994289398193
15716	2383.345365524292
15716	2383.345365524292
15717	3801.8016815185547
15717	3801.8016815185547
15718	3416.435956954956
15718	3416.435956954956
15719	3005.3231716156006
15719	3005.3231716156006
15720	4191.80965423584
15720	4191.80965423584
15721	2919.574975967407
15721	2919.574975967407
15722	2114.1819953918457
15722	2114.1819953918457
15723	2629.466772079468
15723	2629.466772079468
15724	2595.29447555542
15724	2595.29447555542
15725	2405.289649963379
15725	2405.289649963379
15726	3143.305540084839
15726	3143.305540084839
15727	3521.3961601257324
15727	3521.3961601257324
15728	3441.6213035583496
15728	3441.6213035583496
15729	2208.420515060425
15729	2208.420515060425
15730	4058.9001178741455
15730	4058.9001178741455
15731	3351.6626358032227
15731	3351.6626358032227
15732	2827.0349502563477
15732	2827.0349502563477
15733	3457.1263790130615
15733	3457.1263790130615
15734	3567.2504901885986
15734	3567.2504901885986
15735	2935.586929321289
15735	2935.586929321289
15736	3249.656915664673
15736	3249.656915664673
15737	2610.3515625
15737	2610.3515625
15738	3550.3578186035156
15738	3550.3578186035156
15739	3882.1072578430176
15739	3882.1072578430176
15740	5069.296360015869
15740	5069.296360015869
15741	3454.3299674987793
15741	3454.3299674987793
15742	3521.608829498291
15742	3521.608829498291
15743	3364.2654418945312
15743	3364.2654418945312
15744	3199.6991634368896
15744	3199.6991634368896
15745	3090.395450592041
15745	3090.395450592041
15746	3938.507080078125
15746	3938.507080078125
15747	3434.663772583008
15747	3434.663772583008
15748	3799.3721961975098
15748	3799.3721961975098
15749	3146.4807987213135
15749	3146.4807987213135
15750	4188.352108001709
15750	4188.352108001709
15751	2247.0903396606445
15751	2247.0903396606445
15752	2414.576530456543
15752	2414.576530456543
15753	3305.250883102417
15753	3305.250883102417
15754	3296.005964279175
15754	3296.005964279175
15755	2964.653253555298
15755	2964.653253555298
15756	3394.327402114868
15756	3394.327402114868
15757	2499.1939067840576
15757	2499.1939067840576
15758	3742.8557872772217
15758	3742.8557872772217
15759	2891.1190032958984
15759	2891.1190032958984
15760	3762.911081314087
15760	3762.911081314087
15761	4926.309823989868
15761	4926.309823989868
15762	5647.629976272583
15762	5647.629976272583
15763	3554.5222759246826
15763	3554.5222759246826
15764	3524.219036102295
15764	3524.219036102295
15765	4120.994091033936
15765	4120.994091033936
15766	2395.8117961883545
15766	2395.8117961883545
15767	3002.505302429199
15767	3002.505302429199
15768	3429.239511489868
15768	3429.239511489868
15769	2894.4594860076904
15769	2894.4594860076904
15770	3916.710138320923
15770	3916.710138320923
15771	3179.8932552337646
15771	3179.8932552337646
15772	3156.8870544433594
15772	3156.8870544433594
15773	2320.6098079681396
15773	2320.6098079681396
15774	3174.689769744873
15774	3174.689769744873
15775	2181.580066680908
15775	2181.580066680908
15776	3247.772693634033
15776	3247.772693634033
15777	2958.613157272339
15777	2958.613157272339
15778	4011.4364624023438
15778	4011.4364624023438
15779	3383.6593627929688
15779	3383.6593627929688
15780	4169.387578964233
15780	4169.387578964233
15781	2316.516876220703
15781	2316.516876220703
15782	1964.1082286834717
15782	1964.1082286834717
15783	2672.816753387451
15783	2672.816753387451
15784	2714.613914489746
15784	2714.613914489746
15785	2420.2499389648438
15785	2420.2499389648438
15786	3412.797451019287
15786	3412.797451019287
15787	3225.0046730041504
15787	3225.0046730041504
15788	2765.1243209838867
15788	2765.1243209838867
15789	3710.258960723877
15789	3710.258960723877
15790	4943.608045578003
15790	4943.608045578003
15791	3590.4197692871094
15791	3590.4197692871094
15792	3179.0404319763184
15792	3179.0404319763184
15793	3249.2270469665527
15793	3249.2270469665527
15794	3126.132011413574
15794	3126.132011413574
15795	3474.9019145965576
15795	3474.9019145965576
15796	3114.362955093384
15796	3114.362955093384
15797	2973.536491394043
15797	2973.536491394043
15798	2912.168264389038
15798	2912.168264389038
15799	3003.1116008758545
15799	3003.1116008758545
15800	4463.60445022583
15800	4463.60445022583
15801	3485.393524169922
15801	3485.393524169922
15802	3141.8449878692627
15802	3141.8449878692627
15803	3233.4578037261963
15803	3233.4578037261963
15804	3098.357915878296
15804	3098.357915878296
15805	3701.606512069702
15805	3701.606512069702
15806	2934.312343597412
15806	2934.312343597412
15807	3151.911497116089
15807	3151.911497116089
15808	2489.7964000701904
15808	2489.7964000701904
15809	3216.1784172058105
15809	3216.1784172058105
15810	4281.886577606201
15810	4281.886577606201
15811	3191.42484664917
15811	3191.42484664917
15812	3554.8300743103027
15812	3554.8300743103027
15813	3241.1601543426514
15813	3241.1601543426514
15814	2771.3232040405273
15814	2771.3232040405273
15815	3252.514600753784
15815	3252.514600753784
15816	3122.6117610931396
15816	3122.6117610931396
15817	3022.3257541656494
15817	3022.3257541656494
15818	2539.771795272827
15818	2539.771795272827
15819	3284.348964691162
15819	3284.348964691162
15820	4374.248027801514
15820	4374.248027801514
15821	3174.332857131958
15821	3174.332857131958
15822	2914.4909381866455
15822	2914.4909381866455
15823	2870.015859603882
15823	2870.015859603882
15824	2814.0950202941895
15824	2814.0950202941895
15825	2191.3578510284424
15825	2191.3578510284424
15826	3592.2691822052
15826	3592.2691822052
15827	3278.465509414673
15827	3278.465509414673
15828	2478.3170223236084
15828	2478.3170223236084
15829	2849.8058319091797
15829	2849.8058319091797
15830	3789.7698879241943
15830	3789.7698879241943
15831	3445.608377456665
15831	3445.608377456665
15832	3448.955774307251
15832	3448.955774307251
15833	2195.2762603759766
15833	2195.2762603759766
15834	2360.482692718506
15834	2360.482692718506
15835	2669.879913330078
15835	2669.879913330078
15836	3560.01877784729
15836	3560.01877784729
15837	2799.3083000183105
15837	2799.3083000183105
15838	2871.0644245147705
15838	2871.0644245147705
15839	2115.7665252685547
15839	2115.7665252685547
15840	3307.706117630005
15840	3307.706117630005
15841	3063.8484954833984
15841	3063.8484954833984
15842	2934.0667724609375
15842	2934.0667724609375
15843	2973.498582839966
15843	2973.498582839966
15844	3042.107343673706
15844	3042.107343673706
15845	3269.8280811309814
15845	3269.8280811309814
15846	3019.7582244873047
15846	3019.7582244873047
15847	3274.96337890625
15847	3274.96337890625
15848	2503.286838531494
15848	2503.286838531494
15849	2204.192638397217
15849	2204.192638397217
15850	3785.431385040283
15850	3785.431385040283
15851	2485.161542892456
15851	2485.161542892456
15852	2814.0881061553955
15852	2814.0881061553955
15853	2472.823143005371
15853	2472.823143005371
15854	2853.0967235565186
15854	2853.0967235565186
15855	2765.800714492798
15855	2765.800714492798
15856	2306.4005374908447
15856	2306.4005374908447
15857	2859.1108322143555
15857	2859.1108322143555
15858	3187.0081424713135
15858	3187.0081424713135
15859	3196.3987350463867
15859	3196.3987350463867
15860	4067.5137042999268
15860	4067.5137042999268
15861	2548.863410949707
15861	2548.863410949707
15862	2144.69838142395
15862	2144.69838142395
15863	1866.377353668213
15863	1866.377353668213
15864	2485.197067260742
15864	2485.197067260742
15865	2046.4999675750732
15865	2046.4999675750732
15866	1908.2071781158447
15866	1908.2071781158447
15867	2193.1979656219482
15867	2193.1979656219482
15868	1881.4465999603271
15868	1881.4465999603271
15869	2171.5474128723145
15869	2171.5474128723145
15870	3166.1150455474854
15870	3166.1150455474854
15871	1994.3368434906006
15871	1994.3368434906006
15872	1730.8909893035889
15872	1730.8909893035889
15873	1772.2091674804688
15873	1772.2091674804688
15874	2264.6584510803223
15874	2264.6584510803223
15875	1833.4414958953857
15875	1833.4414958953857
15876	1937.2098445892334
15876	1937.2098445892334
15877	2017.998218536377
15877	2017.998218536377
15878	2147.38130569458
15878	2147.38130569458
15879	2138.166904449463
15879	2138.166904449463
15880	3742.7022457122803
15880	3742.7022457122803
15881	1922.0080375671387
15881	1922.0080375671387
15882	1942.8801536560059
15882	1942.8801536560059
15883	1959.792137145996
15883	1959.792137145996
15884	2211.2486362457275
15884	2211.2486362457275
15885	2027.2486209869385
15885	2027.2486209869385
15886	1901.7176628112793
15886	1901.7176628112793
15887	1892.237901687622
15887	1892.237901687622
15888	1838.169813156128
15888	1838.169813156128
15889	2461.4968299865723
15889	2461.4968299865723
15890	3005.704164505005
15890	3005.704164505005
15891	2124.664068222046
15891	2124.664068222046
15892	1724.5874404907227
15892	1724.5874404907227
15893	1889.5883560180664
15893	1889.5883560180664
15894	1704.91623878479
15894	1704.91623878479
15895	2049.8087406158447
15895	2049.8087406158447
15896	2456.083297729492
15896	2456.083297729492
15897	1812.0839595794678
15897	1812.0839595794678
15898	1948.453426361084
15898	1948.453426361084
15899	1933.8209629058838
15899	1933.8209629058838
15900	2892.5094604492188
15900	2892.5094604492188
15901	2052.677869796753
15901	2052.677869796753
15902	2104.2981147766113
15902	2104.2981147766113
15903	1573.230266571045
15903	1573.230266571045
15904	1482.6018810272217
15904	1482.6018810272217
15905	1759.5458030700684
15905	1759.5458030700684
15906	1903.05757522583
15906	1903.05757522583
15907	1667.311668395996
15907	1667.311668395996
15908	1685.483455657959
15908	1685.483455657959
15909	1493.5266971588135
15909	1493.5266971588135
15910	2257.335662841797
15910	2257.335662841797
15911	1896.4693546295166
15911	1896.4693546295166
15912	1842.0817852020264
15912	1842.0817852020264
15913	1782.3121547698975
15913	1782.3121547698975
15914	2089.458703994751
15914	2089.458703994751
15915	1761.0344886779785
15915	1761.0344886779785
15916	1805.1095008850098
15916	1805.1095008850098
15917	1796.8504428863525
15917	1796.8504428863525
15918	1951.4520168304443
15918	1951.4520168304443
15919	1845.4701900482178
15919	1845.4701900482178
15920	3501.478433609009
15920	3501.478433609009
15921	1814.6531581878662
15921	1814.6531581878662
15922	1980.4115295410156
15922	1980.4115295410156
15923	2199.7716426849365
15923	2199.7716426849365
15924	1906.9628715515137
15924	1906.9628715515137
15925	2239.032506942749
15925	2239.032506942749
15926	1767.61794090271
15926	1767.61794090271
15927	1683.4051609039307
15927	1683.4051609039307
15928	1689.7599697113037
15928	1689.7599697113037
15929	1906.3162803649902
15929	1906.3162803649902
15930	2948.0035305023193
15930	2948.0035305023193
15931	2055.07755279541
15931	2055.07755279541
15932	1955.4696083068848
15932	1955.4696083068848
15933	1745.5081939697266
15933	1745.5081939697266
15934	1834.9084854125977
15934	1834.9084854125977
15935	1791.640043258667
15935	1791.640043258667
15936	1827.1420001983643
15936	1827.1420001983643
15937	2156.5284729003906
15937	2156.5284729003906
15938	1963.7713432312012
15938	1963.7713432312012
15939	1593.3785438537598
15939	1593.3785438537598
15940	2568.7267780303955
15940	2568.7267780303955
15941	1584.4573974609375
15941	1584.4573974609375
15942	1876.999855041504
15942	1876.999855041504
15943	1566.6370391845703
15943	1566.6370391845703
15944	1948.6486911773682
15944	1948.6486911773682
15945	1933.6891174316406
15945	1933.6891174316406
15946	1734.724760055542
15946	1734.724760055542
15947	1759.5653533935547
15947	1759.5653533935547
15948	1725.6121635437012
15948	1725.6121635437012
15949	2193.9148902893066
15949	2193.9148902893066
15950	2842.6475524902344
15950	2842.6475524902344
15951	2121.523857116699
15951	2121.523857116699
15952	2009.009838104248
15952	2009.009838104248
15953	1688.1589889526367
15953	1688.1589889526367
15954	1867.8162097930908
15954	1867.8162097930908
15955	1822.9691982269287
15955	1822.9691982269287
15956	1845.6511497497559
15956	1845.6511497497559
15957	1828.0589580535889
15957	1828.0589580535889
15958	1773.6880779266357
15958	1773.6880779266357
15959	1739.2849922180176
15959	1739.2849922180176
15960	2819.8087215423584
15960	2819.8087215423584
15961	1691.7908191680908
15961	1691.7908191680908
15962	1897.752285003662
15962	1897.752285003662
15963	2183.2010746002197
15963	2183.2010746002197
15964	1905.716896057129
15964	1905.716896057129
15965	1692.5256252288818
15965	1692.5256252288818
15966	1634.8075866699219
15966	1634.8075866699219
15967	1830.385684967041
15967	1830.385684967041
15968	1652.9316902160645
15968	1652.9316902160645
15969	1530.8516025543213
15969	1530.8516025543213
15970	2426.832437515259
15970	2426.832437515259
15971	1854.3636798858643
15971	1854.3636798858643
15972	1990.5309677124023
15972	1990.5309677124023
15973	2104.421377182007
15973	2104.421377182007
15974	2057.51371383667
15974	2057.51371383667
15975	1991.9016361236572
15975	1991.9016361236572
15976	2607.563018798828
15976	2607.563018798828
15977	1931.7052364349365
15977	1931.7052364349365
15978	1825.3586292266846
15978	1825.3586292266846
15979	2579.1845321655273
15979	2579.1845321655273
15980	3551.607847213745
15980	3551.607847213745
15981	2641.7689323425293
15981	2641.7689323425293
15982	2615.022897720337
15982	2615.022897720337
15983	2883.0130100250244
15983	2883.0130100250244
15984	2705.8913707733154
15984	2705.8913707733154
15985	2615.9725189208984
15985	2615.9725189208984
15986	2785.64715385437
15986	2785.64715385437
15987	3088.5236263275146
15987	3088.5236263275146
15988	2605.1602363586426
15988	2605.1602363586426
15989	2685.452938079834
15989	2685.452938079834
15990	3583.383798599243
15990	3583.383798599243
15991	2918.1673526763916
15991	2918.1673526763916
15992	2865.156412124634
15992	2865.156412124634
15993	2936.331272125244
15993	2936.331272125244
15994	2442.370891571045
15994	2442.370891571045
15995	2313.92502784729
15995	2313.92502784729
15996	2493.4287071228027
15996	2493.4287071228027
15997	2513.8697624206543
15997	2513.8697624206543
15998	2665.566921234131
15998	2665.566921234131
15999	2823.18377494812
15999	2823.18377494812
16000	20074.018001556396
16000	20074.018001556396
16001	2572.8108882904053
16001	2572.8108882904053
16002	2621.304750442505
16002	2621.304750442505
16003	2634.328842163086
16003	2634.328842163086
16004	2486.9256019592285
16004	2486.9256019592285
16005	2931.119441986084
16005	2931.119441986084
16006	3169.724464416504
16006	3169.724464416504
16007	2830.618143081665
16007	2830.618143081665
16008	2912.9176139831543
16008	2912.9176139831543
16009	2707.076072692871
16009	2707.076072692871
16010	4024.550676345825
16010	4024.550676345825
16011	2662.9340648651123
16011	2662.9340648651123
16012	2875.4379749298096
16012	2875.4379749298096
16013	2817.913770675659
16013	2817.913770675659
16014	2708.8212966918945
16014	2708.8212966918945
16015	2783.9884757995605
16015	2783.9884757995605
16016	2545.5477237701416
16016	2545.5477237701416
16017	2502.7713775634766
16017	2502.7713775634766
16018	3105.4961681365967
16018	3105.4961681365967
16019	2596.698999404907
16019	2596.698999404907
16020	3785.5541706085205
16020	3785.5541706085205
16021	2590.447425842285
16021	2590.447425842285
16022	3015.4356956481934
16022	3015.4356956481934
16023	2596.9533920288086
16023	2596.9533920288086
16024	3100.152015686035
16024	3100.152015686035
16025	2947.2362995147705
16025	2947.2362995147705
16026	2841.3827419281006
16026	2841.3827419281006
16027	2978.757381439209
16027	2978.757381439209
16028	2231.1437129974365
16028	2231.1437129974365
16029	2632.347583770752
16029	2632.347583770752
16030	3462.999105453491
16030	3462.999105453491
16031	2607.8522205352783
16031	2607.8522205352783
16032	2991.848945617676
16032	2991.848945617676
16033	2816.922187805176
16033	2816.922187805176
16034	2839.445114135742
16034	2839.445114135742
16035	2414.458751678467
16035	2414.458751678467
16036	3078.1142711639404
16036	3078.1142711639404
16037	2867.5904273986816
16037	2867.5904273986816
16038	2886.805772781372
16038	2886.805772781372
16039	2303.826332092285
16039	2303.826332092285
16040	3161.2792015075684
16040	3161.2792015075684
16041	2981.917381286621
16041	2981.917381286621
16042	2989.988327026367
16042	2989.988327026367
16043	2840.674877166748
16043	2840.674877166748
16044	2385.103225708008
16044	2385.103225708008
16045	2983.586549758911
16045	2983.586549758911
16046	2248.584508895874
16046	2248.584508895874
16047	2889.880418777466
16047	2889.880418777466
16048	3064.7666454315186
16048	3064.7666454315186
16049	3081.4990997314453
16049	3081.4990997314453
16050	3810.1162910461426
16050	3810.1162910461426
16051	3192.92950630188
16051	3192.92950630188
16052	2815.2406215667725
16052	2815.2406215667725
16053	2779.742956161499
16053	2779.742956161499
16054	2828.3166885375977
16054	2828.3166885375977
16055	2714.5519256591797
16055	2714.5519256591797
16056	3176.703929901123
16056	3176.703929901123
16057	2390.2132511138916
16057	2390.2132511138916
16058	2618.483543395996
16058	2618.483543395996
16059	2866.1603927612305
16059	2866.1603927612305
16060	3608.032703399658
16060	3608.032703399658
16061	2975.8477210998535
16061	2975.8477210998535
16062	2672.930955886841
16062	2672.930955886841
16063	2918.2310104370117
16063	2918.2310104370117
16064	2805.7100772857666
16064	2805.7100772857666
16065	2596.7109203338623
16065	2596.7109203338623
16066	3167.7212715148926
16066	3167.7212715148926
16067	2918.782949447632
16067	2918.782949447632
16068	2956.4833641052246
16068	2956.4833641052246
16069	2126.819133758545
16069	2126.819133758545
16070	3782.841682434082
16070	3782.841682434082
16071	3024.4407653808594
16071	3024.4407653808594
16072	2359.619379043579
16072	2359.619379043579
16073	2824.03564453125
16073	2824.03564453125
16074	2695.8422660827637
16074	2695.8422660827637
16075	2567.164897918701
16075	2567.164897918701
16076	2802.166223526001
16076	2802.166223526001
16077	3055.4075241088867
16077	3055.4075241088867
16078	2913.4581089019775
16078	2913.4581089019775
16079	3113.821506500244
16079	3113.821506500244
16080	2899.1751670837402
16080	2899.1751670837402
16081	2628.310441970825
16081	2628.310441970825
16082	2882.777214050293
16082	2882.777214050293
16083	2960.798501968384
16083	2960.798501968384
16084	2641.653299331665
16084	2641.653299331665
16085	2762.036085128784
16085	2762.036085128784
16086	2525.308132171631
16086	2525.308132171631
16087	2778.585910797119
16087	2778.585910797119
16088	3107.9444885253906
16088	3107.9444885253906
16089	2979.08091545105
16089	2979.08091545105
16090	3874.5739459991455
16090	3874.5739459991455
16091	3037.8377437591553
16091	3037.8377437591553
16092	3153.7938117980957
16092	3153.7938117980957
16093	2647.624969482422
16093	2647.624969482422
16094	2208.862781524658
16094	2208.862781524658
16095	2608.6337566375732
16095	2608.6337566375732
16096	2995.295524597168
16096	2995.295524597168
16097	2627.8882026672363
16097	2627.8882026672363
16098	2334.981918334961
16098	2334.981918334961
16099	2846.527099609375
16099	2846.527099609375
16100	3923.189401626587
16100	3923.189401626587
16101	2763.2148265838623
16101	2763.2148265838623
16102	3017.6331996917725
16102	3017.6331996917725
16103	2856.520414352417
16103	2856.520414352417
16104	2904.855489730835
16104	2904.855489730835
16105	2872.4260330200195
16105	2872.4260330200195
16106	2407.062292098999
16106	2407.062292098999
16107	2830.4572105407715
16107	2830.4572105407715
16108	2628.1051635742188
16108	2628.1051635742188
16109	2572.446823120117
16109	2572.446823120117
16110	3965.7840728759766
16110	3965.7840728759766
16111	2426.3718128204346
16111	2426.3718128204346
16112	2397.1688747406006
16112	2397.1688747406006
16113	3009.721517562866
16113	3009.721517562866
16114	2991.3835525512695
16114	2991.3835525512695
16115	2627.0642280578613
16115	2627.0642280578613
16116	3339.3800258636475
16116	3339.3800258636475
16117	3037.588596343994
16117	3037.588596343994
16118	3255.314826965332
16118	3255.314826965332
16119	3124.3350505828857
16119	3124.3350505828857
16120	3387.4945640563965
16120	3387.4945640563965
16121	2809.760332107544
16121	2809.760332107544
16122	2297.402858734131
16122	2297.402858734131
16123	2491.7871952056885
16123	2491.7871952056885
16124	2398.366928100586
16124	2398.366928100586
16125	2829.913854598999
16125	2829.913854598999
16126	3272.6542949676514
16126	3272.6542949676514
16127	2888.317823410034
16127	2888.317823410034
16128	3009.6867084503174
16128	3009.6867084503174
16129	3063.6677742004395
16129	3063.6677742004395
16130	4208.170175552368
16130	4208.170175552368
16131	3016.481876373291
16131	3016.481876373291
16132	3027.200937271118
16132	3027.200937271118
16133	3075.826406478882
16133	3075.826406478882
16134	3033.7886810302734
16134	3033.7886810302734
16135	2068.3038234710693
16135	2068.3038234710693
16136	2053.947687149048
16136	2053.947687149048
16137	2393.8279151916504
16137	2393.8279151916504
16138	2954.564094543457
16138	2954.564094543457
16139	3251.4889240264893
16139	3251.4889240264893
16140	3723.7207889556885
16140	3723.7207889556885
16141	2779.0894508361816
16141	2779.0894508361816
16142	3076.60174369812
16142	3076.60174369812
16143	2770.749092102051
16143	2770.749092102051
16144	3272.9082107543945
16144	3272.9082107543945
16145	1728.787899017334
16145	1728.787899017334
16146	1732.999563217163
16146	1732.999563217163
16147	1811.3462924957275
16147	1811.3462924957275
16148	2094.2318439483643
16148	2094.2318439483643
16149	1747.7564811706543
16149	1747.7564811706543
16150	3011.6629600524902
16150	3011.6629600524902
16151	2097.541093826294
16151	2097.541093826294
16152	1789.2558574676514
16152	1789.2558574676514
16153	1896.2202072143555
16153	1896.2202072143555
16154	1679.7895431518555
16154	1679.7895431518555
16155	1859.3456745147705
16155	1859.3456745147705
16156	2155.2109718322754
16156	2155.2109718322754
16157	2048.081874847412
16157	2048.081874847412
16158	1855.3895950317383
16158	1855.3895950317383
16159	1844.1746234893799
16159	1844.1746234893799
16160	2588.560104370117
16160	2588.560104370117
16161	1713.240146636963
16161	1713.240146636963
16162	1753.3929347991943
16162	1753.3929347991943
16163	1798.776388168335
16163	1798.776388168335
16164	1815.5663013458252
16164	1815.5663013458252
16165	2132.8916549682617
16165	2132.8916549682617
16166	1690.6979084014893
16166	1690.6979084014893
16167	1770.918846130371
16167	1770.918846130371
16168	1850.9924411773682
16168	1850.9924411773682
16169	1541.072130203247
16169	1541.072130203247
16170	2255.654811859131
16170	2255.654811859131
16171	1597.475290298462
16171	1597.475290298462
16172	1592.2436714172363
16172	1592.2436714172363
16173	1776.8023014068604
16173	1776.8023014068604
16174	1900.475263595581
16174	1900.475263595581
16175	1933.3858489990234
16175	1933.3858489990234
16176	1893.8724994659424
16176	1893.8724994659424
16177	1783.4546566009521
16177	1783.4546566009521
16178	1672.6710796356201
16178	1672.6710796356201
16179	2072.416305541992
16179	2072.416305541992
16180	2897.914171218872
16180	2897.914171218872
16181	1894.2902088165283
16181	1894.2902088165283
16182	2127.9430389404297
16182	2127.9430389404297
16183	1821.782112121582
16183	1821.782112121582
16184	1814.530611038208
16184	1814.530611038208
16185	1642.1709060668945
16185	1642.1709060668945
16186	2040.6441688537598
16186	2040.6441688537598
16187	2466.7415618896484
16187	2466.7415618896484
16188	1748.5971450805664
16188	1748.5971450805664
16189	1780.5044651031494
16189	1780.5044651031494
16190	2594.529390335083
16190	2594.529390335083
16191	1908.428430557251
16191	1908.428430557251
16192	2078.8073539733887
16192	2078.8073539733887
16193	1943.2971477508545
16193	1943.2971477508545
16194	1782.090425491333
16194	1782.090425491333
16195	1676.6419410705566
16195	1676.6419410705566
16196	1640.1572227478027
16196	1640.1572227478027
16197	1751.6720294952393
16197	1751.6720294952393
16198	1871.5662956237793
16198	1871.5662956237793
16199	2194.755792617798
16199	2194.755792617798
16200	3614.342451095581
16200	3614.342451095581
16201	2448.986291885376
16201	2448.986291885376
16202	2159.2235565185547
16202	2159.2235565185547
16203	2223.8025665283203
16203	2223.8025665283203
16204	2204.8845291137695
16204	2204.8845291137695
16205	2168.3523654937744
16205	2168.3523654937744
16206	2543.2586669921875
16206	2543.2586669921875
16207	2471.8048572540283
16207	2471.8048572540283
16208	2982.7122688293457
16208	2982.7122688293457
16209	1972.412109375
16209	1972.412109375
16210	3119.1487312316895
16210	3119.1487312316895
16211	2200.8285522460938
16211	2200.8285522460938
16212	2103.0731201171875
16212	2103.0731201171875
16213	2107.908248901367
16213	2107.908248901367
16214	2829.6759128570557
16214	2829.6759128570557
16215	2309.4115257263184
16215	2309.4115257263184
16216	2591.2091732025146
16216	2591.2091732025146
16217	2116.4047718048096
16217	2116.4047718048096
16218	2209.5537185668945
16218	2209.5537185668945
16219	2857.203483581543
16219	2857.203483581543
16220	4016.357898712158
16220	4016.357898712158
16221	2202.9240131378174
16221	2202.9240131378174
16222	2561.4466667175293
16222	2561.4466667175293
16223	2040.9352779388428
16223	2040.9352779388428
16224	2083.228826522827
16224	2083.228826522827
16225	2227.159261703491
16225	2227.159261703491
16226	2008.9397430419922
16226	2008.9397430419922
16227	2491.426944732666
16227	2491.426944732666
16228	2557.8956604003906
16228	2557.8956604003906
16229	2198.8625526428223
16229	2198.8625526428223
16230	3680.29522895813
16230	3680.29522895813
16231	2329.814672470093
16231	2329.814672470093
16232	1769.3977355957031
16232	1769.3977355957031
16233	1872.0669746398926
16233	1872.0669746398926
16234	2276.848316192627
16234	2276.848316192627
16235	2275.033473968506
16235	2275.033473968506
16236	1842.3871994018555
16236	1842.3871994018555
16237	2644.5939540863037
16237	2644.5939540863037
16238	2383.7101459503174
16238	2383.7101459503174
16239	1984.5366477966309
16239	1984.5366477966309
16240	3321.643114089966
16240	3321.643114089966
16241	3129.1091442108154
16241	3129.1091442108154
16242	2197.6797580718994
16242	2197.6797580718994
16243	2177.297353744507
16243	2177.297353744507
16244	1934.711217880249
16244	1934.711217880249
16245	3202.605724334717
16245	3202.605724334717
16246	3454.87642288208
16246	3454.87642288208
16247	2253.5316944122314
16247	2253.5316944122314
16248	1963.911533355713
16248	1963.911533355713
16249	2090.9342765808105
16249	2090.9342765808105
16250	4588.659286499023
16250	4588.659286499023
16251	2193.4654712677
16251	2193.4654712677
16252	2997.59840965271
16252	2997.59840965271
16253	3000.269889831543
16253	3000.269889831543
16254	3945.4197883605957
16254	3945.4197883605957
16255	3578.9711475372314
16255	3578.9711475372314
16256	2661.705732345581
16256	2661.705732345581
16257	2390.0976181030273
16257	2390.0976181030273
16258	2826.0090351104736
16258	2826.0090351104736
16259	3695.3518390655518
16259	3695.3518390655518
16260	5432.868003845215
16260	5432.868003845215
16261	4149.620771408081
16261	4149.620771408081
16262	3022.05491065979
16262	3022.05491065979
16263	3146.5585231781006
16263	3146.5585231781006
16264	2771.968126296997
16264	2771.968126296997
16265	3603.1956672668457
16265	3603.1956672668457
16266	3374.671459197998
16266	3374.671459197998
16267	3032.9720973968506
16267	3032.9720973968506
16268	2530.2324295043945
16268	2530.2324295043945
16269	3271.821975708008
16269	3271.821975708008
16270	4745.336294174194
16270	4745.336294174194
16271	2948.2476711273193
16271	2948.2476711273193
16272	3771.9688415527344
16272	3771.9688415527344
16273	3044.3015098571777
16273	3044.3015098571777
16274	3234.9743843078613
16274	3234.9743843078613
16275	3401.287317276001
16275	3401.287317276001
16276	3202.817440032959
16276	3202.817440032959
16277	3488.037586212158
16277	3488.037586212158
16278	3159.970283508301
16278	3159.970283508301
16279	2128.5221576690674
16279	2128.5221576690674
16280	4094.313144683838
16280	4094.313144683838
16281	2548.783302307129
16281	2548.783302307129
16282	2972.414016723633
16282	2972.414016723633
16283	2735.734701156616
16283	2735.734701156616
16284	3444.8742866516113
16284	3444.8742866516113
16285	3766.6501998901367
16285	3766.6501998901367
16286	3090.564489364624
16286	3090.564489364624
16287	3045.67289352417
16287	3045.67289352417
16288	3101.9980907440186
16288	3101.9980907440186
16289	2446.9974040985107
16289	2446.9974040985107
16290	4527.248859405518
16290	4527.248859405518
16291	3327.4474143981934
16291	3327.4474143981934
16292	3328.5391330718994
16292	3328.5391330718994
16293	2727.6253700256348
16293	2727.6253700256348
16294	2889.420509338379
16294	2889.420509338379
16295	2962.385416030884
16295	2962.385416030884
16296	3752.868890762329
16296	3752.868890762329
16297	2889.875650405884
16297	2889.875650405884
16298	3001.185178756714
16298	3001.185178756714
16299	3389.0061378479004
16299	3389.0061378479004
16300	3976.8991470336914
16300	3976.8991470336914
16301	3386.183023452759
16301	3386.183023452759
16302	2767.5063610076904
16302	2767.5063610076904
16303	3204.12015914917
16303	3204.12015914917
16304	2825.1194953918457
16304	2825.1194953918457
16305	3555.307149887085
16305	3555.307149887085
16306	2923.1441020965576
16306	2923.1441020965576
16307	2441.556692123413
16307	2441.556692123413
16308	2168.3778762817383
16308	2168.3778762817383
16309	2745.3720569610596
16309	2745.3720569610596
16310	3873.7030029296875
16310	3873.7030029296875
16311	3045.912265777588
16311	3045.912265777588
16312	2953.8512229919434
16312	2953.8512229919434
16313	2965.6670093536377
16313	2965.6670093536377
16314	3134.248971939087
16314	3134.248971939087
16315	3149.3659019470215
16315	3149.3659019470215
16316	3264.7736072540283
16316	3264.7736072540283
16317	2570.761203765869
16317	2570.761203765869
16318	3244.940996170044
16318	3244.940996170044
16319	3152.1291732788086
16319	3152.1291732788086
16320	4070.8870887756348
16320	4070.8870887756348
16321	3085.7114791870117
16321	3085.7114791870117
16322	3089.2767906188965
16322	3089.2767906188965
16323	3572.4997520446777
16323	3572.4997520446777
16324	2641.756296157837
16324	2641.756296157837
16325	2999.7355937957764
16325	2999.7355937957764
16326	3197.0739364624023
16326	3197.0739364624023
16327	3369.6768283843994
16327	3369.6768283843994
16328	3590.1730060577393
16328	3590.1730060577393
16329	3149.223804473877
16329	3149.223804473877
16330	4253.374814987183
16330	4253.374814987183
16331	3444.6239471435547
16331	3444.6239471435547
16332	3030.59720993042
16332	3030.59720993042
16333	3392.7717208862305
16333	3392.7717208862305
16334	3338.4358882904053
16334	3338.4358882904053
16335	3869.3878650665283
16335	3869.3878650665283
16336	3586.524486541748
16336	3586.524486541748
16337	1954.279899597168
16337	1954.279899597168
16338	2779.7932624816895
16338	2779.7932624816895
16339	2624.4397163391113
16339	2624.4397163391113
16340	4174.8857498168945
16340	4174.8857498168945
16341	2971.505641937256
16341	2971.505641937256
16342	2993.941068649292
16342	2993.941068649292
16343	2928.490400314331
16343	2928.490400314331
16344	3449.7523307800293
16344	3449.7523307800293
16345	3564.122200012207
16345	3564.122200012207
16346	2700.0699043273926
16346	2700.0699043273926
16347	3266.2041187286377
16347	3266.2041187286377
16348	3228.172779083252
16348	3228.172779083252
16349	3160.58611869812
16349	3160.58611869812
16350	4165.083646774292
16350	4165.083646774292
16351	2393.5365676879883
16351	2393.5365676879883
16352	2892.346143722534
16352	2892.346143722534
16353	2974.700927734375
16353	2974.700927734375
16354	3146.3677883148193
16354	3146.3677883148193
16355	2192.640781402588
16355	2192.640781402588
16356	2696.8231201171875
16356	2696.8231201171875
16357	3298.7940311431885
16357	3298.7940311431885
16358	3593.09720993042
16358	3593.09720993042
16359	3569.5807933807373
16359	3569.5807933807373
16360	4258.791446685791
16360	4258.791446685791
16361	2941.6322708129883
16361	2941.6322708129883
16362	2669.0609455108643
16362	2669.0609455108643
16363	2473.541736602783
16363	2473.541736602783
16364	2684.2262744903564
16364	2684.2262744903564
16365	2610.325336456299
16365	2610.325336456299
16366	3007.701635360718
16366	3007.701635360718
16367	2694.7505474090576
16367	2694.7505474090576
16368	3153.3122062683105
16368	3153.3122062683105
16369	3152.20046043396
16369	3152.20046043396
16370	3940.4969215393066
16370	3940.4969215393066
16371	3301.8040657043457
16371	3301.8040657043457
16372	3078.6001682281494
16372	3078.6001682281494
16373	3271.8613147735596
16373	3271.8613147735596
16374	3212.4292850494385
16374	3212.4292850494385
16375	3496.492624282837
16375	3496.492624282837
16376	3078.9804458618164
16376	3078.9804458618164
16377	2323.422431945801
16377	2323.422431945801
16378	2136.7416381835938
16378	2136.7416381835938
16379	3044.4133281707764
16379	3044.4133281707764
16380	3793.724298477173
16380	3793.724298477173
16381	2479.5784950256348
16381	2479.5784950256348
16382	3016.7670249938965
16382	3016.7670249938965
16383	2713.954448699951
16383	2713.954448699951
16384	2743.800640106201
16384	2743.800640106201
16385	2718.348741531372
16385	2718.348741531372
16386	3375.7426738739014
16386	3375.7426738739014
16387	3340.244770050049
16387	3340.244770050049
16388	3321.2008476257324
16388	3321.2008476257324
16389	2251.192569732666
16389	2251.192569732666
16390	4109.88187789917
16390	4109.88187789917
16391	3198.4832286834717
16391	3198.4832286834717
16392	3156.0239791870117
16392	3156.0239791870117
16393	2799.232244491577
16393	2799.232244491577
16394	2576.449155807495
16394	2576.449155807495
16395	3356.6665649414062
16395	3356.6665649414062
16396	2849.553346633911
16396	2849.553346633911
16397	3144.7246074676514
16397	3144.7246074676514
16398	2784.843683242798
16398	2784.843683242798
16399	2839.6155834198
16399	2839.6155834198
16400	3806.8413734436035
16400	3806.8413734436035
16401	2759.021759033203
16401	2759.021759033203
16402	2980.193614959717
16402	2980.193614959717
16403	3502.5343894958496
16403	3502.5343894958496
16404	2474.2565155029297
16404	2474.2565155029297
16405	2807.72066116333
16405	2807.72066116333
16406	2121.616840362549
16406	2121.616840362549
16407	2209.9475860595703
16407	2209.9475860595703
16408	2904.7207832336426
16408	2904.7207832336426
16409	3395.18141746521
16409	3395.18141746521
16410	3882.204532623291
16410	3882.204532623291
16411	3530.8523178100586
16411	3530.8523178100586
16412	3136.0723972320557
16412	3136.0723972320557
16413	3089.9620056152344
16413	3089.9620056152344
16414	2527.3406505584717
16414	2527.3406505584717
16415	3088.9365673065186
16415	3088.9365673065186
16416	3291.595220565796
16416	3291.595220565796
16417	3146.70729637146
16417	3146.70729637146
16418	2491.3976192474365
16418	2491.3976192474365
16419	2559.753179550171
16419	2559.753179550171
16420	6364.636182785034
16420	6364.636182785034
16421	2976.6900539398193
16421	2976.6900539398193
16422	2766.2692070007324
16422	2766.2692070007324
16423	2937.96706199646
16423	2937.96706199646
16424	3717.7164554595947
16424	3717.7164554595947
16425	2188.2402896881104
16425	2188.2402896881104
16426	2412.212610244751
16426	2412.212610244751
16427	1798.267126083374
16427	1798.267126083374
16428	1912.0969772338867
16428	1912.0969772338867
16429	1918.044090270996
16429	1918.044090270996
16430	3005.2757263183594
16430	3005.2757263183594
16431	1601.7436981201172
16431	1601.7436981201172
16432	1700.0653743743896
16432	1700.0653743743896
16433	1993.8619136810303
16433	1993.8619136810303
16434	1524.7697830200195
16434	1524.7697830200195
16435	1709.3307971954346
16435	1709.3307971954346
16436	1986.24849319458
16436	1986.24849319458
16437	1947.2870826721191
16437	1947.2870826721191
16438	1663.917064666748
16438	1663.917064666748
16439	1707.2505950927734
16439	1707.2505950927734
16440	2815.8650398254395
16440	2815.8650398254395
16441	2065.011739730835
16441	2065.011739730835
16442	1895.7724571228027
16442	1895.7724571228027
16443	1633.8660717010498
16443	1633.8660717010498
16444	2229.029655456543
16444	2229.029655456543
16445	1716.611385345459
16445	1716.611385345459
16446	2183.9184761047363
16446	2183.9184761047363
16447	2097.4488258361816
16447	2097.4488258361816
16448	2103.313207626343
16448	2103.313207626343
16449	1805.2151203155518
16449	1805.2151203155518
16450	2792.3424243927
16450	2792.3424243927
16451	1792.0844554901123
16451	1792.0844554901123
16452	1728.6248207092285
16452	1728.6248207092285
16453	1740.4000759124756
16453	1740.4000759124756
16454	2063.1892681121826
16454	2063.1892681121826
16455	2131.2103271484375
16455	2131.2103271484375
16456	2136.43741607666
16456	2136.43741607666
16457	1766.4525508880615
16457	1766.4525508880615
16458	1823.1213092803955
16458	1823.1213092803955
16459	1722.4273681640625
16459	1722.4273681640625
16460	2747.0943927764893
16460	2747.0943927764893
16461	1854.8734188079834
16461	1854.8734188079834
16462	1772.4254131317139
16462	1772.4254131317139
16463	2125.608205795288
16463	2125.608205795288
16464	1714.5633697509766
16464	1714.5633697509766
16465	1972.7811813354492
16465	1972.7811813354492
16466	1926.372766494751
16466	1926.372766494751
16467	1958.0202102661133
16467	1958.0202102661133
16468	2298.764228820801
16468	2298.764228820801
16469	2019.9289321899414
16469	2019.9289321899414
16470	3231.4844131469727
16470	3231.4844131469727
16471	2153.29909324646
16471	2153.29909324646
16472	1850.1651287078857
16472	1850.1651287078857
16473	2104.3953895568848
16473	2104.3953895568848
16474	2021.6059684753418
16474	2021.6059684753418
16475	1815.6967163085938
16475	1815.6967163085938
16476	2160.682439804077
16476	2160.682439804077
16477	1847.6579189300537
16477	1847.6579189300537
16478	1801.0945320129395
16478	1801.0945320129395
16479	1700.7405757904053
16479	1700.7405757904053
16480	2626.164197921753
16480	2626.164197921753
16481	1836.9295597076416
16481	1836.9295597076416
16482	1623.3484745025635
16482	1623.3484745025635
16483	1761.5790367126465
16483	1761.5790367126465
16484	2036.8945598602295
16484	2036.8945598602295
16485	1706.470012664795
16485	1706.470012664795
16486	1843.155860900879
16486	1843.155860900879
16487	1881.0310363769531
16487	1881.0310363769531
16488	1920.4330444335938
16488	1920.4330444335938
16489	1903.2609462738037
16489	1903.2609462738037
16490	2699.922561645508
16490	2699.922561645508
16491	2029.064416885376
16491	2029.064416885376
16492	2123.044013977051
16492	2123.044013977051
16493	2128.1023025512695
16493	2128.1023025512695
16494	1920.7334518432617
16494	1920.7334518432617
16495	1737.647294998169
16495	1737.647294998169
16496	1582.2620391845703
16496	1582.2620391845703
16497	1652.3663997650146
16497	1652.3663997650146
16498	1630.1665306091309
16498	1630.1665306091309
16499	2338.43994140625
16499	2338.43994140625
16500	8666.285276412964
16500	8666.285276412964
16501	1839.097499847412
16501	1839.097499847412
16502	1627.898931503296
16502	1627.898931503296
16503	1885.4851722717285
16503	1885.4851722717285
16504	1713.4079933166504
16504	1713.4079933166504
16505	2041.8319702148438
16505	2041.8319702148438
16506	2054.072380065918
16506	2054.072380065918
16507	1810.3210926055908
16507	1810.3210926055908
16508	1858.0365180969238
16508	1858.0365180969238
16509	1902.0066261291504
16509	1902.0066261291504
16510	3048.9983558654785
16510	3048.9983558654785
16511	1817.0630931854248
16511	1817.0630931854248
16512	1706.8696022033691
16512	1706.8696022033691
16513	2078.8118839263916
16513	2078.8118839263916
16514	1867.9711818695068
16514	1867.9711818695068
16515	1891.9072151184082
16515	1891.9072151184082
16516	1954.3702602386475
16516	1954.3702602386475
16517	1801.1527061462402
16517	1801.1527061462402
16518	1845.2677726745605
16518	1845.2677726745605
16519	1873.8152980804443
16519	1873.8152980804443
16520	3015.5630111694336
16520	3015.5630111694336
16521	2200.561285018921
16521	2200.561285018921
16522	2021.44455909729
16522	2021.44455909729
16523	2273.41628074646
16523	2273.41628074646
16524	2465.496778488159
16524	2465.496778488159
16525	2373.5764026641846
16525	2373.5764026641846
16526	2640.2382850646973
16526	2640.2382850646973
16527	2915.2207374572754
16527	2915.2207374572754
16528	2489.280939102173
16528	2489.280939102173
16529	2535.325288772583
16529	2535.325288772583
16530	3644.150495529175
16530	3644.150495529175
16531	2711.472511291504
16531	2711.472511291504
16532	2592.2691822052
16532	2592.2691822052
16533	3113.7797832489014
16533	3113.7797832489014
16534	3174.5169162750244
16534	3174.5169162750244
16535	2833.6687088012695
16535	2833.6687088012695
16536	3012.169599533081
16536	3012.169599533081
16537	2366.762161254883
16537	2366.762161254883
16538	3347.25284576416
16538	3347.25284576416
16539	2587.9592895507812
16539	2587.9592895507812
16540	3980.5572032928467
16540	3980.5572032928467
16541	2849.5161533355713
16541	2849.5161533355713
16542	2785.3033542633057
16542	2785.3033542633057
16543	2872.028112411499
16543	2872.028112411499
16544	2776.4246463775635
16544	2776.4246463775635
16545	2650.722026824951
16545	2650.722026824951
16546	3110.274314880371
16546	3110.274314880371
16547	2898.315668106079
16547	2898.315668106079
16548	2989.712953567505
16548	2989.712953567505
16549	2882.786750793457
16549	2882.786750793457
16550	3502.556324005127
16550	3502.556324005127
16551	2868.7450885772705
16551	2868.7450885772705
16552	3126.805305480957
16552	3126.805305480957
16553	2884.904384613037
16553	2884.904384613037
16554	2579.0023803710938
16554	2579.0023803710938
16555	2481.6462993621826
16555	2481.6462993621826
16556	2859.6673011779785
16556	2859.6673011779785
16557	2584.437847137451
16557	2584.437847137451
16558	2827.6405334472656
16558	2827.6405334472656
16559	2943.226099014282
16559	2943.226099014282
16560	3603.1925678253174
16560	3603.1925678253174
16561	2876.1887550354004
16561	2876.1887550354004
16562	3275.458574295044
16562	3275.458574295044
16563	3474.9550819396973
16563	3474.9550819396973
16564	2775.3419876098633
16564	2775.3419876098633
16565	3066.1041736602783
16565	3066.1041736602783
16566	3194.056749343872
16566	3194.056749343872
16567	2410.719156265259
16567	2410.719156265259
16568	3131.119966506958
16568	3131.119966506958
16569	2954.896926879883
16569	2954.896926879883
16570	3140.317916870117
16570	3140.317916870117
16571	4535.932302474976
16571	4535.932302474976
16572	4092.61417388916
16572	4092.61417388916
16573	2234.131097793579
16573	2234.131097793579
16574	2854.2542457580566
16574	2854.2542457580566
16575	2413.353443145752
16575	2413.353443145752
16576	3221.076726913452
16576	3221.076726913452
16577	3229.2935848236084
16577	3229.2935848236084
16578	3922.8014945983887
16578	3922.8014945983887
16579	3788.815975189209
16579	3788.815975189209
16580	6047.950744628906
16580	6047.950744628906
16581	2834.178924560547
16581	2834.178924560547
16582	5091.4952754974365
16582	5091.4952754974365
16583	3608.0784797668457
16583	3608.0784797668457
16584	2693.7975883483887
16584	2693.7975883483887
16585	2611.6628646850586
16585	2611.6628646850586
16586	2900.738477706909
16586	2900.738477706909
16587	4224.854230880737
16587	4224.854230880737
16588	4581.771373748779
16588	4581.771373748779
16589	2298.8805770874023
16589	2298.8805770874023
16590	3343.346357345581
16590	3343.346357345581
16591	3187.8390312194824
16591	3187.8390312194824
16592	2928.7710189819336
16592	2928.7710189819336
16593	3413.4764671325684
16593	3413.4764671325684
16594	3063.2646083831787
16594	3063.2646083831787
16595	2914.0641689300537
16595	2914.0641689300537
16596	2905.1876068115234
16596	2905.1876068115234
16597	2840.651750564575
16597	2840.651750564575
16598	2694.687604904175
16598	2694.687604904175
16599	2491.76025390625
16599	2491.76025390625
16600	3214.700937271118
16600	3214.700937271118
16601	2775.4831314086914
16601	2775.4831314086914
16602	2604.9845218658447
16602	2604.9845218658447
16603	3527.231216430664
16603	3527.231216430664
16604	2915.910005569458
16604	2915.910005569458
16605	2866.903781890869
16605	2866.903781890869
16606	2744.9517250061035
16606	2744.9517250061035
16607	4169.217109680176
16607	4169.217109680176
16608	2978.5845279693604
16608	2978.5845279693604
16609	4842.098236083984
16609	4842.098236083984
16610	4193.273067474365
16610	4193.273067474365
16611	3354.1393280029297
16611	3354.1393280029297
16612	4050.184488296509
16612	4050.184488296509
16613	2988.574743270874
16613	2988.574743270874
16614	2060.858726501465
16614	2060.858726501465
16615	2918.761968612671
16615	2918.761968612671
16616	2534.5687866210938
16616	2534.5687866210938
16617	2683.863401412964
16617	2683.863401412964
16618	2207.01003074646
16618	2207.01003074646
16619	2884.296655654907
16619	2884.296655654907
16620	3639.1682624816895
16620	3639.1682624816895
16621	3061.8550777435303
16621	3061.8550777435303
16622	2879.0206909179688
16622	2879.0206909179688
16623	3052.8457164764404
16623	3052.8457164764404
16624	4453.912734985352
16624	4453.912734985352
16625	4787.841081619263
16625	4787.841081619263
16626	2868.7567710876465
16626	2868.7567710876465
16627	2937.45756149292
16627	2937.45756149292
16628	3064.067602157593
16628	3064.067602157593
16629	2518.0933475494385
16629	2518.0933475494385
16630	3147.174596786499
16630	3147.174596786499
16631	2359.6255779266357
16631	2359.6255779266357
16632	2169.2309379577637
16632	2169.2309379577637
16633	2058.995008468628
16633	2058.995008468628
16634	2863.520622253418
16634	2863.520622253418
16635	2684.7872734069824
16635	2684.7872734069824
16636	2685.455799102783
16636	2685.455799102783
16637	3143.4929370880127
16637	3143.4929370880127
16638	2427.5290966033936
16638	2427.5290966033936
16639	2818.0861473083496
16639	2818.0861473083496
16640	3804.2116165161133
16640	3804.2116165161133
16641	2203.062057495117
16641	2203.062057495117
16642	2395.343780517578
16642	2395.343780517578
16643	2616.8744564056396
16643	2616.8744564056396
16644	2428.086996078491
16644	2428.086996078491
16645	3121.3648319244385
16645	3121.3648319244385
16646	2738.638162612915
16646	2738.638162612915
16647	3087.599754333496
16647	3087.599754333496
16648	3073.6448764801025
16648	3073.6448764801025
16649	2906.5630435943604
16649	2906.5630435943604
16650	4016.624689102173
16650	4016.624689102173
16651	2604.4864654541016
16651	2604.4864654541016
16652	2857.391119003296
16652	2857.391119003296
16653	2656.352996826172
16653	2656.352996826172
16654	2671.2827682495117
16654	2671.2827682495117
16655	3091.5935039520264
16655	3091.5935039520264
16656	2620.8105087280273
16656	2620.8105087280273
16657	2419.013261795044
16657	2419.013261795044
16658	2642.361640930176
16658	2642.361640930176
16659	2590.08526802063
16659	2590.08526802063
16660	3674.0670204162598
16660	3674.0670204162598
16661	2788.4225845336914
16661	2788.4225845336914
16662	2822.91579246521
16662	2822.91579246521
16663	3033.3657264709473
16663	3033.3657264709473
16664	2961.7691040039062
16664	2961.7691040039062
16665	2928.109884262085
16665	2928.109884262085
16666	2838.282823562622
16666	2838.282823562622
16667	2791.741132736206
16667	2791.741132736206
16668	2933.818578720093
16668	2933.818578720093
16669	2860.585927963257
16669	2860.585927963257
16670	3610.297679901123
16670	3610.297679901123
16671	2885.679006576538
16671	2885.679006576538
16672	2522.7909088134766
16672	2522.7909088134766
16673	2607.9604625701904
16673	2607.9604625701904
16674	2777.400016784668
16674	2777.400016784668
16675	2777.515411376953
16675	2777.515411376953
16676	2645.916700363159
16676	2645.916700363159
16677	2792.5586700439453
16677	2792.5586700439453
16678	2851.635217666626
16678	2851.635217666626
16679	2745.678186416626
16679	2745.678186416626
16680	3370.365619659424
16680	3370.365619659424
16681	2840.7435417175293
16681	2840.7435417175293
16682	2819.6239471435547
16682	2819.6239471435547
16683	2705.9268951416016
16683	2705.9268951416016
16684	3083.9192867279053
16684	3083.9192867279053
16685	2977.764129638672
16685	2977.764129638672
16686	2838.0649089813232
16686	2838.0649089813232
16687	2669.4109439849854
16687	2669.4109439849854
16688	2894.0892219543457
16688	2894.0892219543457
16689	2077.756881713867
16689	2077.756881713867
16690	3433.647394180298
16690	3433.647394180298
16691	2390.373468399048
16691	2390.373468399048
16692	2561.0573291778564
16692	2561.0573291778564
16693	2989.0406131744385
16693	2989.0406131744385
16694	2969.541549682617
16694	2969.541549682617
16695	2652.5497436523438
16695	2652.5497436523438
16696	2796.607732772827
16696	2796.607732772827
16697	2958.1291675567627
16697	2958.1291675567627
16698	2892.139673233032
16698	2892.139673233032
16699	3189.201831817627
16699	3189.201831817627
16700	4235.462188720703
16700	4235.462188720703
16701	2778.529644012451
16701	2778.529644012451
16702	3389.1420364379883
16702	3389.1420364379883
16703	2810.0340366363525
16703	2810.0340366363525
16704	2591.2485122680664
16704	2591.2485122680664
16705	3309.5386028289795
16705	3309.5386028289795
16706	3612.3173236846924
16706	3612.3173236846924
16707	3122.6561069488525
16707	3122.6561069488525
16708	3163.1500720977783
16708	3163.1500720977783
16709	3003.283977508545
16709	3003.283977508545
16710	4802.509069442749
16710	4802.509069442749
16711	3500.4963874816895
16711	3500.4963874816895
16712	4727.46729850769
16712	4727.46729850769
16713	3406.797409057617
16713	3406.797409057617
16714	3517.9989337921143
16714	3517.9989337921143
16715	2822.2591876983643
16715	2822.2591876983643
16716	2339.2388820648193
16716	2339.2388820648193
16717	2212.8870487213135
16717	2212.8870487213135
16718	2498.831272125244
16718	2498.831272125244
16719	2037.06693649292
16719	2037.06693649292
16720	3507.8887939453125
16720	3507.8887939453125
16721	2605.3466796875
16721	2605.3466796875
16722	2212.165117263794
16722	2212.165117263794
16723	2494.4002628326416
16723	2494.4002628326416
16724	1992.8746223449707
16724	1992.8746223449707
16725	2313.4379386901855
16725	2313.4379386901855
16726	2175.4581928253174
16726	2175.4581928253174
16727	2533.844232559204
16727	2533.844232559204
16728	2258.3019733428955
16728	2258.3019733428955
16729	2084.110975265503
16729	2084.110975265503
16730	3735.7699871063232
16730	3735.7699871063232
16731	2292.25492477417
16731	2292.25492477417
16732	2313.075065612793
16732	2313.075065612793
16733	2279.480218887329
16733	2279.480218887329
16734	2380.006790161133
16734	2380.006790161133
16735	2034.656286239624
16735	2034.656286239624
16736	2308.9754581451416
16736	2308.9754581451416
16737	2437.5832080841064
16737	2437.5832080841064
16738	2867.96236038208
16738	2867.96236038208
16739	2447.981834411621
16739	2447.981834411621
16740	3697.587013244629
16740	3697.587013244629
16741	2210.1497650146484
16741	2210.1497650146484
16742	2904.4246673583984
16742	2904.4246673583984
16743	2210.3729248046875
16743	2210.3729248046875
16744	2410.050392150879
16744	2410.050392150879
16745	2055.3343296051025
16745	2055.3343296051025
16746	2548.1414794921875
16746	2548.1414794921875
16747	2500.009775161743
16747	2500.009775161743
16748	2224.5824337005615
16748	2224.5824337005615
16749	2158.435344696045
16749	2158.435344696045
16750	3080.7056427001953
16750	3080.7056427001953
16751	2192.3794746398926
16751	2192.3794746398926
16752	2700.5796432495117
16752	2700.5796432495117
16753	2872.976303100586
16753	2872.976303100586
16754	3064.6743774414062
16754	3064.6743774414062
16755	2625.8795261383057
16755	2625.8795261383057
16756	2543.154001235962
16756	2543.154001235962
16757	2084.6893787384033
16757	2084.6893787384033
16758	1881.8964958190918
16758	1881.8964958190918
16759	1985.2676391601562
16759	1985.2676391601562
16760	3173.5966205596924
16760	3173.5966205596924
16761	2105.5057048797607
16761	2105.5057048797607
16762	2400.4199504852295
16762	2400.4199504852295
16763	2965.569496154785
16763	2965.569496154785
16764	2494.1327571868896
16764	2494.1327571868896
16765	2493.854284286499
16765	2493.854284286499
16766	2712.277889251709
16766	2712.277889251709
16767	2236.049175262451
16767	2236.049175262451
16768	2382.7781677246094
16768	2382.7781677246094
16769	1909.1787338256836
16769	1909.1787338256836
16770	2963.233232498169
16770	2963.233232498169
16771	2497.1539974212646
16771	2497.1539974212646
16772	2632.4422359466553
16772	2632.4422359466553
16773	1935.563325881958
16773	1935.563325881958
16774	2302.6282787323
16774	2302.6282787323
16775	2090.11173248291
16775	2090.11173248291
16776	1862.2877597808838
16776	1862.2877597808838
16777	2288.1126403808594
16777	2288.1126403808594
16778	2503.57723236084
16778	2503.57723236084
16779	2590.035915374756
16779	2590.035915374756
16780	3364.0902042388916
16780	3364.0902042388916
16781	2076.8566131591797
16781	2076.8566131591797
16782	2743.173837661743
16782	2743.173837661743
16783	2130.530834197998
16783	2130.530834197998
16784	2320.929765701294
16784	2320.929765701294
16785	2777.4362564086914
16785	2777.4362564086914
16786	2524.15132522583
16786	2524.15132522583
16787	2400.388240814209
16787	2400.388240814209
16788	1938.5788440704346
16788	1938.5788440704346
16789	2119.5085048675537
16789	2119.5085048675537
16790	3195.828437805176
16790	3195.828437805176
16791	2125.1609325408936
16791	2125.1609325408936
16792	1943.5012340545654
16792	1943.5012340545654
16793	2636.1641883850098
16793	2636.1641883850098
16794	2487.955093383789
16794	2487.955093383789
16795	2988.7351989746094
16795	2988.7351989746094
16796	3254.418134689331
16796	3254.418134689331
16797	2138.0701065063477
16797	2138.0701065063477
16798	2391.8747901916504
16798	2391.8747901916504
16799	2819.4894790649414
16799	2819.4894790649414
16800	2962.6762866973877
16800	2962.6762866973877
16801	2133.5043907165527
16801	2133.5043907165527
16802	2335.253953933716
16802	2335.253953933716
16803	2553.1129837036133
16803	2553.1129837036133
16804	2437.9613399505615
16804	2437.9613399505615
16805	3445.2521800994873
16805	3445.2521800994873
16806	3616.2362098693848
16806	3616.2362098693848
16807	2899.458408355713
16807	2899.458408355713
16808	3590.2974605560303
16808	3590.2974605560303
16809	2929.4378757476807
16809	2929.4378757476807
16810	4705.217361450195
16810	4705.217361450195
16811	2932.356119155884
16811	2932.356119155884
16812	3161.626100540161
16812	3161.626100540161
16813	3640.852689743042
16813	3640.852689743042
16814	3534.3406200408936
16814	3534.3406200408936
16815	3768.353223800659
16815	3768.353223800659
16816	4102.004766464233
16816	4102.004766464233
16817	3440.8113956451416
16817	3440.8113956451416
16818	2873.7151622772217
16818	2873.7151622772217
16819	3262.1891498565674
16819	3262.1891498565674
16820	4404.264211654663
16820	4404.264211654663
16821	2625.833511352539
16821	2625.833511352539
16822	2667.893409729004
16822	2667.893409729004
16823	3228.5361289978027
16823	3228.5361289978027
16824	2626.8832683563232
16824	2626.8832683563232
16825	3348.153591156006
16825	3348.153591156006
16826	3627.5501251220703
16826	3627.5501251220703
16827	2795.0708866119385
16827	2795.0708866119385
16828	3880.377769470215
16828	3880.377769470215
16829	3260.427951812744
16829	3260.427951812744
16830	4265.810489654541
16830	4265.810489654541
16831	3369.5499897003174
16831	3369.5499897003174
16832	3637.2313499450684
16832	3637.2313499450684
16833	3229.0756702423096
16833	3229.0756702423096
16834	2751.300573348999
16834	2751.300573348999
16835	2883.9735984802246
16835	2883.9735984802246
16836	3553.9538860321045
16836	3553.9538860321045
16837	3452.83842086792
16837	3452.83842086792
16838	3252.239942550659
16838	3252.239942550659
16839	2468.968629837036
16839	2468.968629837036
16840	4864.952087402344
16840	4864.952087402344
16841	3466.6495323181152
16841	3466.6495323181152
16842	2483.368158340454
16842	2483.368158340454
16843	3150.0978469848633
16843	3150.0978469848633
16844	3254.2128562927246
16844	3254.2128562927246
16845	4049.849510192871
16845	4049.849510192871
16846	3614.9985790252686
16846	3614.9985790252686
16847	3234.1365814208984
16847	3234.1365814208984
16848	2960.8185291290283
16848	2960.8185291290283
16849	2897.9108333587646
16849	2897.9108333587646
16850	5019.032716751099
16850	5019.032716751099
16851	3028.350591659546
16851	3028.350591659546
16852	3495.887041091919
16852	3495.887041091919
16853	2620.1651096343994
16853	2620.1651096343994
16854	3749.5665550231934
16854	3749.5665550231934
16855	3571.888208389282
16855	3571.888208389282
16856	4241.966247558594
16856	4241.966247558594
16857	3567.9006576538086
16857	3567.9006576538086
16858	3361.360788345337
16858	3361.360788345337
16859	3029.6871662139893
16859	3029.6871662139893
16860	4741.155624389648
16860	4741.155624389648
16861	3616.407632827759
16861	3616.407632827759
16862	3198.753595352173
16862	3198.753595352173
16863	2685.34255027771
16863	2685.34255027771
16864	2632.072687149048
16864	2632.072687149048
16865	2946.1071491241455
16865	2946.1071491241455
16866	3540.2181148529053
16866	3540.2181148529053
16867	3372.1964359283447
16867	3372.1964359283447
16868	3242.9609298706055
16868	3242.9609298706055
16869	2873.95977973938
16869	2873.95977973938
16870	4018.7366008758545
16870	4018.7366008758545
16871	3131.8459510803223
16871	3131.8459510803223
16872	3089.2486572265625
16872	3089.2486572265625
16873	3476.233720779419
16873	3476.233720779419
16874	3617.2099113464355
16874	3617.2099113464355
16875	3272.830009460449
16875	3272.830009460449
16876	2894.8276042938232
16876	2894.8276042938232
16877	3753.786563873291
16877	3753.786563873291
16878	3212.1737003326416
16878	3212.1737003326416
16879	2577.7175426483154
16879	2577.7175426483154
16880	4106.23025894165
16880	4106.23025894165
16881	3251.2292861938477
16881	3251.2292861938477
16882	3386.693000793457
16882	3386.693000793457
16883	3450.373649597168
16883	3450.373649597168
16884	3005.154609680176
16884	3005.154609680176
16885	3151.8726348876953
16885	3151.8726348876953
16886	3330.0862312316895
16886	3330.0862312316895
16887	3027.9507637023926
16887	3027.9507637023926
16888	3562.0369911193848
16888	3562.0369911193848
16889	3663.331985473633
16889	3663.331985473633
16890	3943.216323852539
16890	3943.216323852539
16891	3466.838836669922
16891	3466.838836669922
16892	3495.5649375915527
16892	3495.5649375915527
16893	3758.119821548462
16893	3758.119821548462
16894	2823.4570026397705
16894	2823.4570026397705
16895	2731.1489582061768
16895	2731.1489582061768
16896	3764.542818069458
16896	3764.542818069458
16897	3376.007556915283
16897	3376.007556915283
16898	3061.9304180145264
16898	3061.9304180145264
16899	2763.0515098571777
16899	2763.0515098571777
16900	4070.2006816864014
16900	4070.2006816864014
16901	2620.8624839782715
16901	2620.8624839782715
16902	2871.6835975646973
16902	2871.6835975646973
16903	3318.9752101898193
16903	3318.9752101898193
16904	3428.3015727996826
16904	3428.3015727996826
16905	2984.7006797790527
16905	2984.7006797790527
16906	3506.972312927246
16906	3506.972312927246
16907	3470.891237258911
16907	3470.891237258911
16908	3481.4937114715576
16908	3481.4937114715576
16909	3522.979974746704
16909	3522.979974746704
16910	3420.32790184021
16910	3420.32790184021
16911	2626.3935565948486
16911	2626.3935565948486
16912	2574.3672847747803
16912	2574.3672847747803
16913	3153.3777713775635
16913	3153.3777713775635
16914	2544.6388721466064
16914	2544.6388721466064
16915	2733.0892086029053
16915	2733.0892086029053
16916	2257.1887969970703
16916	2257.1887969970703
16917	3208.120822906494
16917	3208.120822906494
16918	2775.7606506347656
16918	2775.7606506347656
16919	3308.7639808654785
16919	3308.7639808654785
16920	4346.3075160980225
16920	4346.3075160980225
16921	3228.8970947265625
16921	3228.8970947265625
16922	3476.9537448883057
16922	3476.9537448883057
16923	3015.43927192688
16923	3015.43927192688
16924	3534.3925952911377
16924	3534.3925952911377
16925	3109.1134548187256
16925	3109.1134548187256
16926	2854.105234146118
16926	2854.105234146118
16927	2827.6777267456055
16927	2827.6777267456055
16928	2809.717893600464
16928	2809.717893600464
16929	3062.851667404175
16929	3062.851667404175
16930	4567.660808563232
16930	4567.660808563232
16931	3106.6181659698486
16931	3106.6181659698486
16932	3488.267421722412
16932	3488.267421722412
16933	3353.0173301696777
16933	3353.0173301696777
16934	3031.169652938843
16934	3031.169652938843
16935	3165.558099746704
16935	3165.558099746704
16936	3598.660707473755
16936	3598.660707473755
16937	3056.5195083618164
16937	3056.5195083618164
16938	3152.0917415618896
16938	3152.0917415618896
16939	2915.411949157715
16939	2915.411949157715
16940	3274.2040157318115
16940	3274.2040157318115
16941	2732.450485229492
16941	2732.450485229492
16942	2459.9554538726807
16942	2459.9554538726807
16943	3013.927936553955
16943	3013.927936553955
16944	3850.827932357788
16944	3850.827932357788
16945	3672.0688343048096
16945	3672.0688343048096
16946	3201.3111114501953
16946	3201.3111114501953
16947	3388.857841491699
16947	3388.857841491699
16948	2456.000328063965
16948	2456.000328063965
16949	3088.8607501983643
16949	3088.8607501983643
16950	4135.668516159058
16950	4135.668516159058
16951	3377.232551574707
16951	3377.232551574707
16952	3384.15789604187
16952	3384.15789604187
16953	3250.2191066741943
16953	3250.2191066741943
16954	2536.9863510131836
16954	2536.9863510131836
16955	2658.3824157714844
16955	2658.3824157714844
16956	2934.518575668335
16956	2934.518575668335
16957	3316.161632537842
16957	3316.161632537842
16958	3678.955078125
16958	3678.955078125
16959	3761.772871017456
16959	3761.772871017456
16960	4377.770900726318
16960	4377.770900726318
16961	3101.8526554107666
16961	3101.8526554107666
16962	3836.7855548858643
16962	3836.7855548858643
16963	3361.7053031921387
16963	3361.7053031921387
16964	3545.0260639190674
16964	3545.0260639190674
16965	2434.877395629883
16965	2434.877395629883
16966	3226.257085800171
16966	3226.257085800171
16967	3371.279001235962
16967	3371.279001235962
16968	2570.936679840088
16968	2570.936679840088
16969	2936.9328022003174
16969	2936.9328022003174
16970	3660.7446670532227
16970	3660.7446670532227
16971	2944.8940753936768
16971	2944.8940753936768
16972	2693.3298110961914
16972	2693.3298110961914
16973	3039.340019226074
16973	3039.340019226074
16974	2884.8700523376465
16974	2884.8700523376465
16975	3253.5433769226074
16975	3253.5433769226074
16976	3362.5853061676025
16976	3362.5853061676025
16977	3943.4657096862793
16977	3943.4657096862793
16978	3250.3139972686768
16978	3250.3139972686768
16979	3054.339647293091
16979	3054.339647293091
16980	4107.290267944336
16980	4107.290267944336
16981	3242.588520050049
16981	3242.588520050049
16982	2980.6063175201416
16982	2980.6063175201416
16983	2777.7254581451416
16983	2777.7254581451416
16984	2453.5930156707764
16984	2453.5930156707764
16985	2618.704319000244
16985	2618.704319000244
16986	2786.9794368743896
16986	2786.9794368743896
16987	2572.152853012085
16987	2572.152853012085
16988	3310.4021549224854
16988	3310.4021549224854
16989	3496.464490890503
16989	3496.464490890503
16990	3951.7831802368164
16990	3951.7831802368164
16991	2817.48104095459
16991	2817.48104095459
16992	3116.78147315979
16992	3116.78147315979
16993	3186.3481998443604
16993	3186.3481998443604
16994	3325.3588676452637
16994	3325.3588676452637
16995	3103.879690170288
16995	3103.879690170288
16996	3160.3164672851562
16996	3160.3164672851562
16997	1755.7382583618164
16997	1755.7382583618164
16998	1979.3362617492676
16998	1979.3362617492676
16999	1869.7478771209717
16999	1869.7478771209717
17000	16608.12497138977
17000	16608.12497138977
17001	1834.3868255615234
17001	1834.3868255615234
17002	1777.601957321167
17002	1777.601957321167
17003	1574.8569965362549
17003	1574.8569965362549
17004	2046.9677448272705
17004	2046.9677448272705
17005	2024.1038799285889
17005	2024.1038799285889
17006	2033.736228942871
17006	2033.736228942871
17007	1883.617639541626
17007	1883.617639541626
17008	1684.79323387146
17008	1684.79323387146
17009	1686.7623329162598
17009	1686.7623329162598
17010	2597.7399349212646
17010	2597.7399349212646
17011	1822.3092555999756
17011	1822.3092555999756
17012	1463.2415771484375
17012	1463.2415771484375
17013	1590.3301239013672
17013	1590.3301239013672
17014	1615.2822971343994
17014	1615.2822971343994
17015	1631.3350200653076
17015	1631.3350200653076
17016	1682.408332824707
17016	1682.408332824707
17017	1884.1307163238525
17017	1884.1307163238525
17018	1696.9244480133057
17018	1696.9244480133057
17019	2167.135000228882
17019	2167.135000228882
17020	3070.934295654297
17020	3070.934295654297
17021	1916.3408279418945
17021	1916.3408279418945
17022	1820.02854347229
17022	1820.02854347229
17023	1762.7484798431396
17023	1762.7484798431396
17024	2053.032636642456
17024	2053.032636642456
17025	1970.2539443969727
17025	1970.2539443969727
17026	2096.189260482788
17026	2096.189260482788
17027	1793.1017875671387
17027	1793.1017875671387
17028	1632.5092315673828
17028	1632.5092315673828
17029	1654.7095775604248
17029	1654.7095775604248
17030	2543.7917709350586
17030	2543.7917709350586
17031	1786.057710647583
17031	1786.057710647583
17032	1719.0520763397217
17032	1719.0520763397217
17033	1724.9064445495605
17033	1724.9064445495605
17034	1717.6687717437744
17034	1717.6687717437744
17035	2070.2998638153076
17035	2070.2998638153076
17036	2011.1665725708008
17036	2011.1665725708008
17037	2012.195110321045
17037	2012.195110321045
17038	2003.7271976470947
17038	2003.7271976470947
17039	1887.0265483856201
17039	1887.0265483856201
17040	3023.543357849121
17040	3023.543357849121
17041	1955.8331966400146
17041	1955.8331966400146
17042	1965.2347564697266
17042	1965.2347564697266
17043	1758.1846714019775
17043	1758.1846714019775
17044	1788.4793281555176
17044	1788.4793281555176
17045	3203.5112380981445
17045	3203.5112380981445
17046	1622.6727962493896
17046	1622.6727962493896
17047	1630.1612854003906
17047	1630.1612854003906
17048	1740.0562763214111
17048	1740.0562763214111
17049	1971.7848300933838
17049	1971.7848300933838
17050	2710.0095748901367
17050	2710.0095748901367
17051	1754.056453704834
17051	1754.056453704834
17052	1673.182725906372
17052	1673.182725906372
17053	1809.8905086517334
17053	1809.8905086517334
17054	1921.250820159912
17054	1921.250820159912
17055	1938.2052421569824
17055	1938.2052421569824
17056	2002.840518951416
17056	2002.840518951416
17057	2104.9113273620605
17057	2104.9113273620605
17058	1721.0280895233154
17058	1721.0280895233154
17059	1666.4361953735352
17059	1666.4361953735352
17060	2811.898946762085
17060	2811.898946762085
17061	2030.5840969085693
17061	2030.5840969085693
17062	1987.6885414123535
17062	1987.6885414123535
17063	1838.696002960205
17063	1838.696002960205
17064	1840.8191204071045
17064	1840.8191204071045
17065	1721.3082313537598
17065	1721.3082313537598
17066	1851.0215282440186
17066	1851.0215282440186
17067	1770.359754562378
17067	1770.359754562378
17068	1832.7796459197998
17068	1832.7796459197998
17069	1933.2828521728516
17069	1933.2828521728516
17070	3078.9928436279297
17070	3078.9928436279297
17071	1884.0720653533936
17071	1884.0720653533936
17072	1855.771541595459
17072	1855.771541595459
17073	1889.1041278839111
17073	1889.1041278839111
17074	1913.2099151611328
17074	1913.2099151611328
17075	1789.7028923034668
17075	1789.7028923034668
17076	1689.0454292297363
17076	1689.0454292297363
17077	1575.8271217346191
17077	1575.8271217346191
17078	1500.5106925964355
17078	1500.5106925964355
17079	1575.286626815796
17079	1575.286626815796
17080	2772.5043296813965
17080	2772.5043296813965
17081	1408.1964492797852
17081	1408.1964492797852
17082	1638.2591724395752
17082	1638.2591724395752
17083	1634.0322494506836
17083	1634.0322494506836
17084	1825.554370880127
17084	1825.554370880127
17085	1782.9856872558594
17085	1782.9856872558594
17086	2145.6713676452637
17086	2145.6713676452637
17087	1804.624319076538
17087	1804.624319076538
17088	1840.9087657928467
17088	1840.9087657928467
17089	2287.877082824707
17089	2287.877082824707
17090	2922.440528869629
17090	2922.440528869629
17091	1781.8400859832764
17091	1781.8400859832764
17092	1907.381534576416
17092	1907.381534576416
17093	1838.700771331787
17093	1838.700771331787
17094	2120.7425594329834
17094	2120.7425594329834
17095	1883.181095123291
17095	1883.181095123291
17096	3506.183862686157
17096	3506.183862686157
17097	3382.0488452911377
17097	3382.0488452911377
17098	1933.1624507904053
17098	1933.1624507904053
17099	2030.404806137085
17099	2030.404806137085
17100	2767.204761505127
17100	2767.204761505127
17101	2185.6279373168945
17101	2185.6279373168945
17102	3105.410575866699
17102	3105.410575866699
17103	2407.972574234009
17103	2407.972574234009
17104	1444.472074508667
17104	1444.472074508667
17105	2865.4983043670654
17105	2865.4983043670654
17106	3699.5954513549805
17106	3699.5954513549805
17107	3123.1956481933594
17107	3123.1956481933594
17108	2858.6955070495605
17108	2858.6955070495605
17109	4344.008684158325
17109	4344.008684158325
17110	5457.296371459961
17110	5457.296371459961
17111	3751.4448165893555
17111	3751.4448165893555
17112	3247.8785514831543
17112	3247.8785514831543
17113	3989.03751373291
17113	3989.03751373291
17114	2785.372018814087
17114	2785.372018814087
17115	2839.4930362701416
17115	2839.4930362701416
17116	2851.2914180755615
17116	2851.2914180755615
17117	3365.9019470214844
17117	3365.9019470214844
17118	3035.6462001800537
17118	3035.6462001800537
17119	3214.3750190734863
17119	3214.3750190734863
17120	4496.551752090454
17120	4496.551752090454
17121	3596.921443939209
17121	3596.921443939209
17122	2932.488441467285
17122	2932.488441467285
17123	2755.857229232788
17123	2755.857229232788
17124	3591.4013385772705
17124	3591.4013385772705
17125	2819.784641265869
17125	2819.784641265869
17126	2707.961082458496
17126	2707.961082458496
17127	2509.540319442749
17127	2509.540319442749
17128	2440.81711769104
17128	2440.81711769104
17129	2562.6814365386963
17129	2562.6814365386963
17130	3694.3209171295166
17130	3694.3209171295166
17131	2568.463087081909
17131	2568.463087081909
17132	2615.870237350464
17132	2615.870237350464
17133	3109.365463256836
17133	3109.365463256836
17134	3718.740224838257
17134	3718.740224838257
17135	3240.6997680664062
17135	3240.6997680664062
17136	2436.305284500122
17136	2436.305284500122
17137	2699.1817951202393
17137	2699.1817951202393
17138	2960.9899520874023
17138	2960.9899520874023
17139	2737.5946044921875
17139	2737.5946044921875
17140	3195.0902938842773
17140	3195.0902938842773
17141	3144.3300247192383
17141	3144.3300247192383
17142	3057.7282905578613
17142	3057.7282905578613
17143	2636.021852493286
17143	2636.021852493286
17144	2639.404535293579
17144	2639.404535293579
17145	3270.4172134399414
17145	3270.4172134399414
17146	2733.933210372925
17146	2733.933210372925
17147	3104.3548583984375
17147	3104.3548583984375
17148	2954.1237354278564
17148	2954.1237354278564
17149	2934.746742248535
17149	2934.746742248535
17150	3469.096899032593
17150	3469.096899032593
17151	2466.291904449463
17151	2466.291904449463
17152	2554.2688369750977
17152	2554.2688369750977
17153	2576.6537189483643
17153	2576.6537189483643
17154	2554.3558597564697
17154	2554.3558597564697
17155	2631.3982009887695
17155	2631.3982009887695
17156	3362.5640869140625
17156	3362.5640869140625
17157	2743.614435195923
17157	2743.614435195923
17158	3163.3729934692383
17158	3163.3729934692383
17159	3694.7875022888184
17159	3694.7875022888184
17160	3975.1784801483154
17160	3975.1784801483154
17161	2795.851945877075
17161	2795.851945877075
17162	3200.148820877075
17162	3200.148820877075
17163	3254.826307296753
17163	3254.826307296753
17164	3478.893280029297
17164	3478.893280029297
17165	3226.180076599121
17165	3226.180076599121
17166	2918.240547180176
17166	2918.240547180176
17167	2232.579469680786
17167	2232.579469680786
17168	2290.5023097991943
17168	2290.5023097991943
17169	2813.5039806365967
17169	2813.5039806365967
17170	3710.9949588775635
17170	3710.9949588775635
17171	2534.3425273895264
17171	2534.3425273895264
17172	3072.5743770599365
17172	3072.5743770599365
17173	2843.886375427246
17173	2843.886375427246
17174	3199.1918087005615
17174	3199.1918087005615
17175	3470.918655395508
17175	3470.918655395508
17176	2987.867832183838
17176	2987.867832183838
17177	3301.2216091156006
17177	3301.2216091156006
17178	3717.810869216919
17178	3717.810869216919
17179	3395.4765796661377
17179	3395.4765796661377
17180	4363.184452056885
17180	4363.184452056885
17181	2607.499599456787
17181	2607.499599456787
17182	2789.0403270721436
17182	2789.0403270721436
17183	2687.696933746338
17183	2687.696933746338
17184	2111.1698150634766
17184	2111.1698150634766
17185	3155.0698280334473
17185	3155.0698280334473
17186	3086.4734649658203
17186	3086.4734649658203
17187	2752.1259784698486
17187	2752.1259784698486
17188	2320.035219192505
17188	2320.035219192505
17189	3074.6192932128906
17189	3074.6192932128906
17190	3718.785047531128
17190	3718.785047531128
17191	3091.359853744507
17191	3091.359853744507
17192	3114.4402027130127
17192	3114.4402027130127
17193	3266.709804534912
17193	3266.709804534912
17194	2902.1241664886475
17194	2902.1241664886475
17195	3404.571771621704
17195	3404.571771621704
17196	2773.338794708252
17196	2773.338794708252
17197	3171.806573867798
17197	3171.806573867798
17198	2882.7755451202393
17198	2882.7755451202393
17199	2731.053590774536
17199	2731.053590774536
17200	3799.680233001709
17200	3799.680233001709
17201	2663.8896465301514
17201	2663.8896465301514
17202	3240.198850631714
17202	3240.198850631714
17203	3454.9760818481445
17203	3454.9760818481445
17204	2713.951349258423
17204	2713.951349258423
17205	3145.4484462738037
17205	3145.4484462738037
17206	3340.823173522949
17206	3340.823173522949
17207	3436.890125274658
17207	3436.890125274658
17208	4317.614316940308
17208	4317.614316940308
17209	3828.3729553222656
17209	3828.3729553222656
17210	5271.813869476318
17210	5271.813869476318
17211	3435.774326324463
17211	3435.774326324463
17212	2681.2117099761963
17212	2681.2117099761963
17213	3161.9045734405518
17213	3161.9045734405518
17214	2993.4000968933105
17214	2993.4000968933105
17215	3704.373598098755
17215	3704.373598098755
17216	3799.927234649658
17216	3799.927234649658
17217	3409.886121749878
17217	3409.886121749878
17218	3617.258071899414
17218	3617.258071899414
17219	2724.680185317993
17219	2724.680185317993
17220	4730.161666870117
17220	4730.161666870117
17221	3056.224584579468
17221	3056.224584579468
17222	3733.8690757751465
17222	3733.8690757751465
17223	2535.982608795166
17223	2535.982608795166
17224	3552.582263946533
17224	3552.582263946533
17225	2566.0009384155273
17225	2566.0009384155273
17226	2811.6912841796875
17226	2811.6912841796875
17227	3375.4358291625977
17227	3375.4358291625977
17228	2616.8084144592285
17228	2616.8084144592285
17229	3896.418809890747
17229	3896.418809890747
17230	5312.762260437012
17230	5312.762260437012
17231	3387.1381282806396
17231	3387.1381282806396
17232	3306.711435317993
17232	3306.711435317993
17233	3259.6638202667236
17233	3259.6638202667236
17234	3777.686595916748
17234	3777.686595916748
17235	3084.1333866119385
17235	3084.1333866119385
17236	2885.5972290039062
17236	2885.5972290039062
17237	2908.0333709716797
17237	2908.0333709716797
17238	3554.9142360687256
17238	3554.9142360687256
17239	4063.904285430908
17239	4063.904285430908
17240	5236.944198608398
17240	5236.944198608398
17241	3004.0671825408936
17241	3004.0671825408936
17242	3509.4027519226074
17242	3509.4027519226074
17243	3073.0323791503906
17243	3073.0323791503906
17244	4245.8391189575195
17244	4245.8391189575195
17245	3362.4613285064697
17245	3362.4613285064697
17246	3666.0566329956055
17246	3666.0566329956055
17247	2634.246587753296
17247	2634.246587753296
17248	2861.578941345215
17248	2861.578941345215
17249	2913.193464279175
17249	2913.193464279175
17250	4298.844337463379
17250	4298.844337463379
17251	3289.504289627075
17251	3289.504289627075
17252	3174.220323562622
17252	3174.220323562622
17253	3458.066463470459
17253	3458.066463470459
17254	3508.127212524414
17254	3508.127212524414
17255	2974.9207496643066
17255	2974.9207496643066
17256	4988.112449645996
17256	4988.112449645996
17257	3737.0474338531494
17257	3737.0474338531494
17258	3854.4225692749023
17258	3854.4225692749023
17259	4103.69873046875
17259	4103.69873046875
17260	5197.253465652466
17260	5197.253465652466
17261	3628.110647201538
17261	3628.110647201538
17262	2354.524612426758
17262	2354.524612426758
17263	2505.610227584839
17263	2505.610227584839
17264	4336.968898773193
17264	4336.968898773193
17265	3423.302173614502
17265	3423.302173614502
17266	4113.904237747192
17266	4113.904237747192
17267	3551.516532897949
17267	3551.516532897949
17268	4649.424076080322
17268	4649.424076080322
17269	4167.7398681640625
17269	4167.7398681640625
17270	5037.0965003967285
17270	5037.0965003967285
17271	3572.1240043640137
17271	3572.1240043640137
17272	3438.9679431915283
17272	3438.9679431915283
17273	3901.690721511841
17273	3901.690721511841
17274	2771.0635662078857
17274	2771.0635662078857
17275	2884.791612625122
17275	2884.791612625122
17276	3610.1841926574707
17276	3610.1841926574707
17277	3158.5638523101807
17277	3158.5638523101807
17278	3370.5697059631348
17278	3370.5697059631348
17279	3217.646360397339
17279	3217.646360397339
17280	3863.633155822754
17280	3863.633155822754
17281	3864.970922470093
17281	3864.970922470093
17282	3988.494396209717
17282	3988.494396209717
17283	4312.588691711426
17283	4312.588691711426
17284	2709.1567516326904
17284	2709.1567516326904
17285	2333.841562271118
17285	2333.841562271118
17286	2534.4221591949463
17286	2534.4221591949463
17287	2442.1613216400146
17287	2442.1613216400146
17288	2175.544500350952
17288	2175.544500350952
17289	2151.4763832092285
17289	2151.4763832092285
17290	3027.48966217041
17290	3027.48966217041
17291	2202.2790908813477
17291	2202.2790908813477
17292	2385.409355163574
17292	2385.409355163574
17293	2177.781820297241
17293	2177.781820297241
17294	2551.8226623535156
17294	2551.8226623535156
17295	2373.0409145355225
17295	2373.0409145355225
17296	2174.690008163452
17296	2174.690008163452
17297	2168.6389446258545
17297	2168.6389446258545
17298	2225.7320880889893
17298	2225.7320880889893
17299	2292.910575866699
17299	2292.910575866699
17300	3111.463785171509
17300	3111.463785171509
17301	2461.2669944763184
17301	2461.2669944763184
17302	2604.945659637451
17302	2604.945659637451
17303	2149.0166187286377
17303	2149.0166187286377
17304	2711.317777633667
17304	2711.317777633667
17305	2653.7423133850098
17305	2653.7423133850098
17306	2756.7129135131836
17306	2756.7129135131836
17307	2615.156888961792
17307	2615.156888961792
17308	2647.568941116333
17308	2647.568941116333
17309	3241.6155338287354
17309	3241.6155338287354
17310	4050.9729385375977
17310	4050.9729385375977
17311	1998.4350204467773
17311	1998.4350204467773
17312	2401.2510776519775
17312	2401.2510776519775
17313	2092.2205448150635
17313	2092.2205448150635
17314	2313.6463165283203
17314	2313.6463165283203
17315	2075.331926345825
17315	2075.331926345825
17316	2104.3875217437744
17316	2104.3875217437744
17317	2129.185676574707
17317	2129.185676574707
17318	2492.3670291900635
17318	2492.3670291900635
17319	2420.8908081054688
17319	2420.8908081054688
17320	3623.868942260742
17320	3623.868942260742
17321	2126.300096511841
17321	2126.300096511841
17322	2160.4247093200684
17322	2160.4247093200684
17323	2035.2137088775635
17323	2035.2137088775635
17324	2216.2423133850098
17324	2216.2423133850098
17325	2120.706558227539
17325	2120.706558227539
17326	2305.3641319274902
17326	2305.3641319274902
17327	2442.7685737609863
17327	2442.7685737609863
17328	2186.86842918396
17328	2186.86842918396
17329	2567.0483112335205
17329	2567.0483112335205
17330	3567.4901008605957
17330	3567.4901008605957
17331	2305.631160736084
17331	2305.631160736084
17332	2084.1152667999268
17332	2084.1152667999268
17333	2024.8913764953613
17333	2024.8913764953613
17334	1939.0814304351807
17334	1939.0814304351807
17335	2035.3586673736572
17335	2035.3586673736572
17336	2034.5120429992676
17336	2034.5120429992676
17337	2001.0275840759277
17337	2001.0275840759277
17338	1765.4774188995361
17338	1765.4774188995361
17339	2164.3457412719727
17339	2164.3457412719727
17340	3494.077205657959
17340	3494.077205657959
17341	2024.7108936309814
17341	2024.7108936309814
17342	2083.885669708252
17342	2083.885669708252
17343	2149.0426063537598
17343	2149.0426063537598
17344	2380.481243133545
17344	2380.481243133545
17345	2484.8344326019287
17345	2484.8344326019287
17346	2519.69051361084
17346	2519.69051361084
17347	2380.514621734619
17347	2380.514621734619
17348	3384.7672939300537
17348	3384.7672939300537
17349	2653.7907123565674
17349	2653.7907123565674
17350	3720.818519592285
17350	3720.818519592285
17351	2306.758165359497
17351	2306.758165359497
17352	2947.7128982543945
17352	2947.7128982543945
17353	2525.444984436035
17353	2525.444984436035
17354	2548.2068061828613
17354	2548.2068061828613
17355	2213.5443687438965
17355	2213.5443687438965
17356	4420.922756195068
17356	4420.922756195068
17357	3022.160053253174
17357	3022.160053253174
17358	2378.390073776245
17358	2378.390073776245
17359	2539.3805503845215
17359	2539.3805503845215
17360	5065.821886062622
17360	5065.821886062622
17361	2073.2948780059814
17361	2073.2948780059814
17362	2685.4958534240723
17362	2685.4958534240723
17363	2532.4630737304688
17363	2532.4630737304688
17364	1954.0154933929443
17364	1954.0154933929443
17365	2333.702325820923
17365	2333.702325820923
17366	2708.7526321411133
17366	2708.7526321411133
17367	3998.060941696167
17367	3998.060941696167
17368	2015.1760578155518
17368	2015.1760578155518
17369	2396.801233291626
17369	2396.801233291626
17370	3599.65443611145
17370	3599.65443611145
17371	1896.4896202087402
17371	1896.4896202087402
17372	2033.2164764404297
17372	2033.2164764404297
17373	2748.5389709472656
17373	2748.5389709472656
17374	2316.565990447998
17374	2316.565990447998
17375	2961.4930152893066
17375	2961.4930152893066
17376	2804.2850494384766
17376	2804.2850494384766
17377	2474.565267562866
17377	2474.565267562866
17378	3626.0924339294434
17378	3626.0924339294434
17379	2539.787530899048
17379	2539.787530899048
17380	3728.0449867248535
17380	3728.0449867248535
17381	3180.1581382751465
17381	3180.1581382751465
17382	3231.7733764648438
17382	3231.7733764648438
17383	3623.547077178955
17383	3623.547077178955
17384	3409.8126888275146
17384	3409.8126888275146
17385	3218.5606956481934
17385	3218.5606956481934
17386	3329.475164413452
17386	3329.475164413452
17387	3378.8046836853027
17387	3378.8046836853027
17388	2751.1119842529297
17388	2751.1119842529297
17389	2700.3350257873535
17389	2700.3350257873535
17390	4079.218626022339
17390	4079.218626022339
17391	3206.590175628662
17391	3206.590175628662
17392	2583.8465690612793
17392	2583.8465690612793
17393	2300.292491912842
17393	2300.292491912842
17394	3249.676465988159
17394	3249.676465988159
17395	2974.1714000701904
17395	2974.1714000701904
17396	3152.3876190185547
17396	3152.3876190185547
17397	3341.9125080108643
17397	3341.9125080108643
17398	2941.9033527374268
17398	2941.9033527374268
17399	3163.52915763855
17399	3163.52915763855
17400	3437.880039215088
17400	3437.880039215088
17401	3076.5011310577393
17401	3076.5011310577393
17402	3249.5057582855225
17402	3249.5057582855225
17403	3374.3600845336914
17403	3374.3600845336914
17404	2598.4182357788086
17404	2598.4182357788086
17405	2974.231719970703
17405	2974.231719970703
17406	2647.3145484924316
17406	2647.3145484924316
17407	3367.351293563843
17407	3367.351293563843
17408	3580.986499786377
17408	3580.986499786377
17409	3310.591220855713
17409	3310.591220855713
17410	3943.664312362671
17410	3943.664312362671
17411	2837.1434211730957
17411	2837.1434211730957
17412	3556.924343109131
17412	3556.924343109131
17413	3071.504831314087
17413	3071.504831314087
17414	2379.7194957733154
17414	2379.7194957733154
17415	3107.1014404296875
17415	3107.1014404296875
17416	2275.272846221924
17416	2275.272846221924
17417	2242.436647415161
17417	2242.436647415161
17418	3385.96510887146
17418	3385.96510887146
17419	3181.687831878662
17419	3181.687831878662
17420	4032.5095653533936
17420	4032.5095653533936
17421	2848.757266998291
17421	2848.757266998291
17422	3319.056987762451
17422	3319.056987762451
17423	3107.2919368743896
17423	3107.2919368743896
17424	3350.627660751343
17424	3350.627660751343
17425	3730.3104400634766
17425	3730.3104400634766
17426	3590.602397918701
17426	3590.602397918701
17427	2385.05220413208
17427	2385.05220413208
17428	2963.1528854370117
17428	2963.1528854370117
17429	2787.339448928833
17429	2787.339448928833
17430	4127.30073928833
17430	4127.30073928833
17431	2751.8017292022705
17431	2751.8017292022705
17432	3109.4629764556885
17432	3109.4629764556885
17433	3374.396800994873
17433	3374.396800994873
17434	3504.565477371216
17434	3504.565477371216
17435	3279.1152000427246
17435	3279.1152000427246
17436	3211.5280628204346
17436	3211.5280628204346
17437	3813.2946491241455
17437	3813.2946491241455
17438	2891.19553565979
17438	2891.19553565979
17439	3012.7203464508057
17439	3012.7203464508057
17440	4515.537261962891
17440	4515.537261962891
17441	5454.430341720581
17441	5454.430341720581
17442	4037.2369289398193
17442	4037.2369289398193
17443	3118.7164783477783
17443	3118.7164783477783
17444	3596.827745437622
17444	3596.827745437622
17445	3641.2353515625
17445	3641.2353515625
17446	3748.655080795288
17446	3748.655080795288
17447	3158.527612686157
17447	3158.527612686157
17448	3049.802780151367
17448	3049.802780151367
17449	2905.4112434387207
17449	2905.4112434387207
17450	4923.387289047241
17450	4923.387289047241
17451	4143.596887588501
17451	4143.596887588501
17452	4578.045129776001
17452	4578.045129776001
17453	3711.5280628204346
17453	3711.5280628204346
17454	3553.4660816192627
17454	3553.4660816192627
17455	3864.751100540161
17455	3864.751100540161
17456	3261.8701457977295
17456	3261.8701457977295
17457	3446.9144344329834
17457	3446.9144344329834
17458	2692.8327083587646
17458	2692.8327083587646
17459	2182.2099685668945
17459	2182.2099685668945
17460	3817.8553581237793
17460	3817.8553581237793
17461	3034.9035263061523
17461	3034.9035263061523
17462	2905.424118041992
17462	2905.424118041992
17463	3179.309368133545
17463	3179.309368133545
17464	3489.737033843994
17464	3489.737033843994
17465	3337.6171588897705
17465	3337.6171588897705
17466	3609.262704849243
17466	3609.262704849243
17467	2913.248300552368
17467	2913.248300552368
17468	3426.2161254882812
17468	3426.2161254882812
17469	3258.662223815918
17469	3258.662223815918
17470	4292.364597320557
17470	4292.364597320557
17471	3600.8830070495605
17471	3600.8830070495605
17472	2871.086597442627
17472	2871.086597442627
17473	2910.405158996582
17473	2910.405158996582
17474	2720.3054428100586
17474	2720.3054428100586
17475	2642.1594619750977
17475	2642.1594619750977
17476	2606.5783500671387
17476	2606.5783500671387
17477	2203.294515609741
17477	2203.294515609741
17478	2828.747272491455
17478	2828.747272491455
17479	3197.126865386963
17479	3197.126865386963
17480	4656.187295913696
17480	4656.187295913696
17481	2834.9740505218506
17481	2834.9740505218506
17482	3520.5230712890625
17482	3520.5230712890625
17483	2797.337055206299
17483	2797.337055206299
17484	3329.3542861938477
17484	3329.3542861938477
17485	3233.4086894989014
17485	3233.4086894989014
17486	3344.9976444244385
17486	3344.9976444244385
17487	2682.4073791503906
17487	2682.4073791503906
17488	2584.7222805023193
17488	2584.7222805023193
17489	3169.186592102051
17489	3169.186592102051
17490	3039.669990539551
17490	3039.669990539551
17491	2976.626396179199
17491	2976.626396179199
17492	3272.6657390594482
17492	3272.6657390594482
17493	2773.996114730835
17493	2773.996114730835
17494	3007.690906524658
17494	3007.690906524658
17495	3043.562889099121
17495	3043.562889099121
17496	3033.52427482605
17496	3033.52427482605
17497	2945.580005645752
17497	2945.580005645752
17498	3125.676155090332
17498	3125.676155090332
17499	3105.3054332733154
17499	3105.3054332733154
17500	12203.949451446533
17500	12203.949451446533
17501	2569.0810680389404
17501	2569.0810680389404
17502	2852.2820472717285
17502	2852.2820472717285
17503	2985.3029251098633
17503	2985.3029251098633
17504	3147.9580402374268
17504	3147.9580402374268
17505	2010.9925270080566
17505	2010.9925270080566
17506	3438.3978843688965
17506	3438.3978843688965
17507	3163.886785507202
17507	3163.886785507202
17508	3016.875743865967
17508	3016.875743865967
17509	2704.9241065979004
17509	2704.9241065979004
17510	3889.4894123077393
17510	3889.4894123077393
17511	2676.348924636841
17511	2676.348924636841
17512	3037.186861038208
17512	3037.186861038208
17513	3049.4942665100098
17513	3049.4942665100098
17514	2448.9846229553223
17514	2448.9846229553223
17515	3317.216157913208
17515	3317.216157913208
17516	3378.6473274230957
17516	3378.6473274230957
17517	3278.7303924560547
17517	3278.7303924560547
17518	4074.735641479492
17518	4074.735641479492
17519	2636.3725662231445
17519	2636.3725662231445
17520	4310.261011123657
17520	4310.261011123657
17521	2455.5985927581787
17521	2455.5985927581787
17522	2832.8983783721924
17522	2832.8983783721924
17523	3632.2455406188965
17523	3632.2455406188965
17524	3383.96954536438
17524	3383.96954536438
17525	3211.751699447632
17525	3211.751699447632
17526	2709.204912185669
17526	2709.204912185669
17527	3144.284725189209
17527	3144.284725189209
17528	3327.413558959961
17528	3327.413558959961
17529	3199.733257293701
17529	3199.733257293701
17530	4266.286611557007
17530	4266.286611557007
17531	2861.614942550659
17531	2861.614942550659
17532	3303.662061691284
17532	3303.662061691284
17533	3101.0496616363525
17533	3101.0496616363525
17534	2390.1073932647705
17534	2390.1073932647705
17535	2533.1833362579346
17535	2533.1833362579346
17536	2621.300458908081
17536	2621.300458908081
17537	2501.0805130004883
17537	2501.0805130004883
17538	2553.8759231567383
17538	2553.8759231567383
17539	2535.933256149292
17539	2535.933256149292
17540	3192.3768520355225
17540	3192.3768520355225
17541	2611.088275909424
17541	2611.088275909424
17542	3026.7422199249268
17542	3026.7422199249268
17543	2448.721408843994
17543	2448.721408843994
17544	2990.194320678711
17544	2990.194320678711
17545	3176.530122756958
17545	3176.530122756958
17546	2736.744165420532
17546	2736.744165420532
17547	3259.0510845184326
17547	3259.0510845184326
17548	2054.3735027313232
17548	2054.3735027313232
17549	1981.5762042999268
17549	1981.5762042999268
17550	2810.458183288574
17550	2810.458183288574
17551	2160.6955528259277
17551	2160.6955528259277
17552	2577.7127742767334
17552	2577.7127742767334
17553	2376.1932849884033
17553	2376.1932849884033
17554	2118.5643672943115
17554	2118.5643672943115
17555	2109.79962348938
17555	2109.79962348938
17556	2321.5084075927734
17556	2321.5084075927734
17557	2097.4721908569336
17557	2097.4721908569336
17558	2187.9615783691406
17558	2187.9615783691406
17559	2108.954668045044
17559	2108.954668045044
17560	3163.346529006958
17560	3163.346529006958
17561	1873.713493347168
17561	1873.713493347168
17562	1753.7384033203125
17562	1753.7384033203125
17563	1912.5840663909912
17563	1912.5840663909912
17564	1702.2974491119385
17564	1702.2974491119385
17565	2352.0398139953613
17565	2352.0398139953613
17566	2323.9402770996094
17566	2323.9402770996094
17567	1932.1141242980957
17567	1932.1141242980957
17568	2245.5403804779053
17568	2245.5403804779053
17569	1784.8286628723145
17569	1784.8286628723145
17570	2924.0002632141113
17570	2924.0002632141113
17571	2084.1541290283203
17571	2084.1541290283203
17572	1853.6431789398193
17572	1853.6431789398193
17573	1798.0055809020996
17573	1798.0055809020996
17574	1939.4793510437012
17574	1939.4793510437012
17575	2050.7261753082275
17575	2050.7261753082275
17576	1923.0263233184814
17576	1923.0263233184814
17577	1701.4288902282715
17577	1701.4288902282715
17578	2392.5304412841797
17578	2392.5304412841797
17579	2143.3708667755127
17579	2143.3708667755127
17580	3228.1312942504883
17580	3228.1312942504883
17581	2400.348901748657
17581	2400.348901748657
17582	2569.1821575164795
17582	2569.1821575164795
17583	2146.6689109802246
17583	2146.6689109802246
17584	2561.218738555908
17584	2561.218738555908
17585	2371.15740776062
17585	2371.15740776062
17586	2838.2647037506104
17586	2838.2647037506104
17587	2096.754312515259
17587	2096.754312515259
17588	2188.544511795044
17588	2188.544511795044
17589	2327.5845050811768
17589	2327.5845050811768
17590	2533.001184463501
17590	2533.001184463501
17591	2055.09352684021
17591	2055.09352684021
17592	1879.4875144958496
17592	1879.4875144958496
17593	1742.0482635498047
17593	1742.0482635498047
17594	1942.0764446258545
17594	1942.0764446258545
17595	2291.757583618164
17595	2291.757583618164
17596	2141.951322555542
17596	2141.951322555542
17597	2091.6149616241455
17597	2091.6149616241455
17598	2132.1494579315186
17598	2132.1494579315186
17599	1956.181526184082
17599	1956.181526184082
17600	2844.217538833618
17600	2844.217538833618
17601	2198.4219551086426
17601	2198.4219551086426
17602	1791.5410995483398
17602	1791.5410995483398
17603	2316.425323486328
17603	2316.425323486328
17604	1903.815507888794
17604	1903.815507888794
17605	2102.351665496826
17605	2102.351665496826
17606	1828.4411430358887
17606	1828.4411430358887
17607	1735.262155532837
17607	1735.262155532837
17608	2029.3846130371094
17608	2029.3846130371094
17609	2469.7835445404053
17609	2469.7835445404053
17610	2882.767915725708
17610	2882.767915725708
17611	2011.8772983551025
17611	2011.8772983551025
17612	1840.8875465393066
17612	1840.8875465393066
17613	1840.7886028289795
17613	1840.7886028289795
17614	1800.3616333007812
17614	1800.3616333007812
17615	1853.9376258850098
17615	1853.9376258850098
17616	2126.7952919006348
17616	2126.7952919006348
17617	1865.9381866455078
17617	1865.9381866455078
17618	2211.1096382141113
17618	2211.1096382141113
17619	2009.5815658569336
17619	2009.5815658569336
17620	2890.2628421783447
17620	2890.2628421783447
17621	2243.2708740234375
17621	2243.2708740234375
17622	2264.209508895874
17622	2264.209508895874
17623	2367.743492126465
17623	2367.743492126465
17624	1998.7688064575195
17624	1998.7688064575195
17625	2100.4254817962646
17625	2100.4254817962646
17626	2375.523328781128
17626	2375.523328781128
17627	2419.915199279785
17627	2419.915199279785
17628	2140.3002738952637
17628	2140.3002738952637
17629	2142.6637172698975
17629	2142.6637172698975
17630	3456.1238288879395
17630	3456.1238288879395
17631	2070.615291595459
17631	2070.615291595459
17632	1940.7472610473633
17632	1940.7472610473633
17633	2047.8317737579346
17633	2047.8317737579346
17634	2057.284355163574
17634	2057.284355163574
17635	1899.1594314575195
17635	1899.1594314575195
17636	1830.3115367889404
17636	1830.3115367889404
17637	1741.476058959961
17637	1741.476058959961
17638	2061.3973140716553
17638	2061.3973140716553
17639	2134.037971496582
17639	2134.037971496582
17640	2798.8719940185547
17640	2798.8719940185547
17641	1953.0580043792725
17641	1953.0580043792725
17642	2144.9902057647705
17642	2144.9902057647705
17643	1635.439395904541
17643	1635.439395904541
17644	1658.3659648895264
17644	1658.3659648895264
17645	1667.4869060516357
17645	1667.4869060516357
17646	3165.0264263153076
17646	3165.0264263153076
17647	1424.1619110107422
17647	1424.1619110107422
17648	2311.511754989624
17648	2311.511754989624
17649	1969.2578315734863
17649	1969.2578315734863
17650	3269.218683242798
17650	3269.218683242798
17651	1540.855884552002
17651	1540.855884552002
17652	1941.7688846588135
17652	1941.7688846588135
17653	1853.1031608581543
17653	1853.1031608581543
17654	2041.4342880249023
17654	2041.4342880249023
17655	2425.9090423583984
17655	2425.9090423583984
17656	1728.06715965271
17656	1728.06715965271
17657	1725.4014015197754
17657	1725.4014015197754
17658	2500.464916229248
17658	2500.464916229248
17659	2567.962169647217
17659	2567.962169647217
17660	3316.333293914795
17660	3316.333293914795
17661	2042.6383018493652
17661	2042.6383018493652
17662	3849.6570587158203
17662	3849.6570587158203
17663	3233.9093685150146
17663	3233.9093685150146
17664	2688.5173320770264
17664	2688.5173320770264
17665	2808.743476867676
17665	2808.743476867676
17666	2910.8242988586426
17666	2910.8242988586426
17667	2674.077272415161
17667	2674.077272415161
17668	2767.019510269165
17668	2767.019510269165
17669	3052.77681350708
17669	3052.77681350708
17670	3878.109931945801
17670	3878.109931945801
17671	3107.5150966644287
17671	3107.5150966644287
17672	2987.7424240112305
17672	2987.7424240112305
17673	2487.1716499328613
17673	2487.1716499328613
17674	2128.1630992889404
17674	2128.1630992889404
17675	2134.3696117401123
17675	2134.3696117401123
17676	2646.2976932525635
17676	2646.2976932525635
17677	2459.5694541931152
17677	2459.5694541931152
17678	2634.6826553344727
17678	2634.6826553344727
17679	2607.0291996002197
17679	2607.0291996002197
17680	3980.8902740478516
17680	3980.8902740478516
17681	3005.3560733795166
17681	3005.3560733795166
17682	3301.215887069702
17682	3301.215887069702
17683	3097.931385040283
17683	3097.931385040283
17684	2753.718852996826
17684	2753.718852996826
17685	2641.9107913970947
17685	2641.9107913970947
17686	2816.620349884033
17686	2816.620349884033
17687	2801.4156818389893
17687	2801.4156818389893
17688	2865.102767944336
17688	2865.102767944336
17689	2800.2853393554688
17689	2800.2853393554688
17690	3903.303384780884
17690	3903.303384780884
17691	2870.44358253479
17691	2870.44358253479
17692	2941.5910243988037
17692	2941.5910243988037
17693	3019.047260284424
17693	3019.047260284424
17694	3721.097469329834
17694	3721.097469329834
17695	2587.218761444092
17695	2587.218761444092
17696	3155.1544666290283
17696	3155.1544666290283
17697	3572.204113006592
17697	3572.204113006592
17698	3188.854694366455
17698	3188.854694366455
17699	2214.5919799804688
17699	2214.5919799804688
17700	3695.5726146698
17700	3695.5726146698
17701	3179.547071456909
17701	3179.547071456909
17702	3008.505344390869
17702	3008.505344390869
17703	2700.1311779022217
17703	2700.1311779022217
17704	2834.24973487854
17704	2834.24973487854
17705	4822.573900222778
17705	4822.573900222778
17706	2463.733911514282
17706	2463.733911514282
17707	3124.0694522857666
17707	3124.0694522857666
17708	3365.2994632720947
17708	3365.2994632720947
17709	3474.4155406951904
17709	3474.4155406951904
17710	5386.879444122314
17710	5386.879444122314
17711	3236.747980117798
17711	3236.747980117798
17712	4075.200080871582
17712	4075.200080871582
17713	3597.8636741638184
17713	3597.8636741638184
17714	3324.03564453125
17714	3324.03564453125
17715	2329.2224407196045
17715	2329.2224407196045
17716	3813.2197856903076
17716	3813.2197856903076
17717	3688.884496688843
17717	3688.884496688843
17718	3694.2102909088135
17718	3694.2102909088135
17719	4113.199710845947
17719	4113.199710845947
17720	5858.729839324951
17720	5858.729839324951
17721	3367.176055908203
17721	3367.176055908203
17722	3011.9566917419434
17722	3011.9566917419434
17723	4107.500314712524
17723	4107.500314712524
17724	3726.1533737182617
17724	3726.1533737182617
17725	2895.2043056488037
17725	2895.2043056488037
17726	3038.0144119262695
17726	3038.0144119262695
17727	3771.922826766968
17727	3771.922826766968
17728	2648.808717727661
17728	2648.808717727661
17729	3290.724039077759
17729	3290.724039077759
17730	5191.1420822143555
17730	5191.1420822143555
17731	3628.469467163086
17731	3628.469467163086
17732	3057.0452213287354
17732	3057.0452213287354
17733	4565.640211105347
17733	4565.640211105347
17734	4480.136394500732
17734	4480.136394500732
17735	3875.393867492676
17735	3875.393867492676
17736	3815.5059814453125
17736	3815.5059814453125
17737	4094.4857597351074
17737	4094.4857597351074
17738	4177.880525588989
17738	4177.880525588989
17739	4161.040306091309
17739	4161.040306091309
17740	5486.147403717041
17740	5486.147403717041
17741	3431.80513381958
17741	3431.80513381958
17742	2772.2461223602295
17742	2772.2461223602295
17743	2341.614246368408
17743	2341.614246368408
17744	2728.8784980773926
17744	2728.8784980773926
17745	2902.5659561157227
17745	2902.5659561157227
17746	3016.768217086792
17746	3016.768217086792
17747	3878.4728050231934
17747	3878.4728050231934
17748	2535.6013774871826
17748	2535.6013774871826
17749	3856.785774230957
17749	3856.785774230957
17750	4682.8107833862305
17750	4682.8107833862305
17751	3874.92299079895
17751	3874.92299079895
17752	3449.5344161987305
17752	3449.5344161987305
17753	3954.7131061553955
17753	3954.7131061553955
17754	3804.189682006836
17754	3804.189682006836
17755	3375.5767345428467
17755	3375.5767345428467
17756	3398.2272148132324
17756	3398.2272148132324
17757	2579.181671142578
17757	2579.181671142578
17758	3681.86354637146
17758	3681.86354637146
17759	3034.6007347106934
17759	3034.6007347106934
17760	4060.1532459259033
17760	4060.1532459259033
17761	3758.5175037384033
17761	3758.5175037384033
17762	3326.817750930786
17762	3326.817750930786
17763	3656.229257583618
17763	3656.229257583618
17764	3258.6493492126465
17764	3258.6493492126465
17765	3813.0199909210205
17765	3813.0199909210205
17766	3104.2022705078125
17766	3104.2022705078125
17767	4814.051628112793
17767	4814.051628112793
17768	2813.5011196136475
17768	2813.5011196136475
17769	2276.203393936157
17769	2276.203393936157
17770	3703.9031982421875
17770	3703.9031982421875
17771	3884.751319885254
17771	3884.751319885254
17772	2798.4461784362793
17772	2798.4461784362793
17773	3895.3704833984375
17773	3895.3704833984375
17774	4046.750545501709
17774	4046.750545501709
17775	4994.368553161621
17775	4994.368553161621
17776	3796.9367504119873
17776	3796.9367504119873
17777	2712.514638900757
17777	2712.514638900757
17778	3141.0698890686035
17778	3141.0698890686035
17779	3284.820318222046
17779	3284.820318222046
17780	4593.11580657959
17780	4593.11580657959
17781	3231.6439151763916
17781	3231.6439151763916
17782	3568.678379058838
17782	3568.678379058838
17783	3536.116123199463
17783	3536.116123199463
17784	3413.0868911743164
17784	3413.0868911743164
17785	3287.4248027801514
17785	3287.4248027801514
17786	3251.6095638275146
17786	3251.6095638275146
17787	2528.193950653076
17787	2528.193950653076
17788	3349.015951156616
17788	3349.015951156616
17789	2838.1545543670654
17789	2838.1545543670654
17790	3492.4330711364746
17790	3492.4330711364746
17791	3858.689546585083
17791	3858.689546585083
17792	3723.536968231201
17792	3723.536968231201
17793	2679.8906326293945
17793	2679.8906326293945
17794	2888.2079124450684
17794	2888.2079124450684
17795	3226.964235305786
17795	3226.964235305786
17796	3285.806894302368
17796	3285.806894302368
17797	3412.4510288238525
17797	3412.4510288238525
17798	3402.029514312744
17798	3402.029514312744
17799	3447.951555252075
17799	3447.951555252075
17800	5464.27321434021
17800	5464.27321434021
17801	3625.9748935699463
17801	3625.9748935699463
17802	3380.9409141540527
17802	3380.9409141540527
17803	3677.046060562134
17803	3677.046060562134
17804	3394.5212364196777
17804	3394.5212364196777
17805	2861.093044281006
17805	2861.093044281006
17806	3921.1349487304688
17806	3921.1349487304688
17807	3944.6182250976562
17807	3944.6182250976562
17808	3837.712526321411
17808	3837.712526321411
17809	3409.961938858032
17809	3409.961938858032
17810	3997.187376022339
17810	3997.187376022339
17811	3871.9427585601807
17811	3871.9427585601807
17812	3893.8729763031006
17812	3893.8729763031006
17813	3383.3847045898438
17813	3383.3847045898438
17814	3489.741802215576
17814	3489.741802215576
17815	3495.572805404663
17815	3495.572805404663
17816	3635.218620300293
17816	3635.218620300293
17817	2979.5360565185547
17817	2979.5360565185547
17818	3144.489526748657
17818	3144.489526748657
17819	3389.852285385132
17819	3389.852285385132
17820	4856.3783168792725
17820	4856.3783168792725
17821	2395.8799839019775
17821	2395.8799839019775
17822	2920.064687728882
17822	2920.064687728882
17823	3550.9071350097656
17823	3550.9071350097656
17824	2432.889938354492
17824	2432.889938354492
17825	3174.9162673950195
17825	3174.9162673950195
17826	2380.511522293091
17826	2380.511522293091
17827	3887.463092803955
17827	3887.463092803955
17828	3756.7102909088135
17828	3756.7102909088135
17829	2500.187873840332
17829	2500.187873840332
17830	3529.6757221221924
17830	3529.6757221221924
17831	2097.3920822143555
17831	2097.3920822143555
17832	2427.49285697937
17832	2427.49285697937
17833	2433.797597885132
17833	2433.797597885132
17834	2258.4471702575684
17834	2258.4471702575684
17835	2288.022756576538
17835	2288.022756576538
17836	2513.061285018921
17836	2513.061285018921
17837	2217.13924407959
17837	2217.13924407959
17838	2962.1808528900146
17838	2962.1808528900146
17839	2022.533893585205
17839	2022.533893585205
17840	3077.6240825653076
17840	3077.6240825653076
17841	1968.846082687378
17841	1968.846082687378
17842	2173.6433506011963
17842	2173.6433506011963
17843	2174.445390701294
17843	2174.445390701294
17844	2237.8692626953125
17844	2237.8692626953125
17845	2144.0792083740234
17845	2144.0792083740234
17846	2413.4347438812256
17846	2413.4347438812256
17847	3257.0254802703857
17847	3257.0254802703857
17848	2064.241409301758
17848	2064.241409301758
17849	2235.685348510742
17849	2235.685348510742
17850	3117.596387863159
17850	3117.596387863159
17851	2269.362211227417
17851	2269.362211227417
17852	3479.7451496124268
17852	3479.7451496124268
17853	2519.9215412139893
17853	2519.9215412139893
17854	2268.545389175415
17854	2268.545389175415
17855	2502.6462078094482
17855	2502.6462078094482
17856	2388.1685733795166
17856	2388.1685733795166
17857	2561.721086502075
17857	2561.721086502075
17858	2352.968454360962
17858	2352.968454360962
17859	2760.5624198913574
17859	2760.5624198913574
17860	3185.9757900238037
17860	3185.9757900238037
17861	2277.8403759002686
17861	2277.8403759002686
17862	2288.0125045776367
17862	2288.0125045776367
